,equity
2010-01-04,1000078.5849419846
2010-01-05,1000157.1760595624
2010-01-06,1000235.7733532186
2010-01-07,1000314.3768234384
2010-01-08,1000392.9864707076
2010-01-11,1000471.6022955112
2010-01-12,1000550.2242983348
2010-01-13,1000628.852479664
2010-01-14,1000707.4868399843
2010-01-15,1000786.1273797812
2010-01-19,1000864.7740995404
2010-01-20,1000943.4269997475
2010-01-21,1001022.0860808882
2010-01-22,1001100.7513434482
2010-01-25,1001179.4227879132
2010-01-26,1001258.1004147693
2010-01-27,1001336.784224502
2010-01-28,1001415.4742175974
2010-01-29,1001494.1703945413
2010-02-01,1001572.8727558198
2010-02-02,1001651.5813019187
2010-02-03,1001730.2960333242
2010-02-04,1001809.0169505222
2010-02-05,1001887.744053999
2010-02-08,1001966.4773442405
2010-02-09,1002045.2168217332
2010-02-10,1002123.9624869631
2010-02-11,1002202.7143404166
2010-02-12,1002281.4723825799
2010-02-16,1002360.2366139394
2010-02-17,1002439.0070349814
2010-02-18,1002517.7836461924
2010-02-19,1002596.5664480588
2010-02-22,1002675.3554410671
2010-02-23,1002754.1506257039
2010-02-24,1002832.9520024556
2010-02-25,1002911.759571809
2010-02-26,1002990.5733342506
2010-03-01,1003069.3932902672
2010-03-02,1003148.2194403455
2010-03-03,1003227.0517849723
2010-03-04,1003305.8903246343
2010-03-05,1003384.7350598183
2010-03-07,1003463.5859910112
2010-03-08,1003542.4431187001
2010-03-09,1003621.3064433717
2010-03-10,1003700.1759655131
2010-03-11,1003779.0516856114
2010-03-12,1003857.9336041535
2010-03-14,1003936.8217216266
2010-03-15,1004015.7160385178
2010-03-16,1004094.6165553143
2010-03-17,1004173.5232725034
2010-03-18,1004252.4361905723
2010-03-19,1004331.3553100083
2010-03-21,1004410.2806312987
2010-03-22,1004489.2121549308
2010-03-23,1004568.1498813923
2010-03-24,1004647.0938111703
2010-03-25,1004726.0439447525
2010-03-26,1004805.0002826264
2010-03-28,1004883.9628252795
2010-03-29,1004962.9315731993
2010-03-30,1005041.9065268737
2010-03-31,1005120.8876867903
2010-04-01,1005199.8750534367
2010-04-04,1005278.8686273008
2010-04-05,1005357.8684088703
2010-04-06,1005436.874398633
2010-04-07,1005515.8865970769
2010-04-08,1005594.9050046898
2010-04-09,1005673.9296219597
2010-04-11,1005752.9604493745
2010-04-12,1005831.9974874223
2010-04-13,1005911.0407365912
2010-04-14,1005990.0901973692
2010-04-15,1006069.1458702445
2010-04-16,1006148.2077557052
2010-04-18,1006227.2758542397
2010-04-19,1006306.350166336
2010-04-20,1006385.4306924826
2010-04-21,1006464.5174331678
2010-04-22,1006543.6103888799
2010-04-23,1006622.7095601073
2010-04-25,1006701.8149473385
2010-04-26,1006780.926551062
2010-04-27,1006860.0443717663
2010-04-28,1006939.1684099399
2010-04-29,1007018.2986660714
2010-04-30,1007097.4351406496
2010-05-02,1007176.577834163
2010-05-03,1007255.7267471004
2010-05-04,1007334.8818799505
2010-05-05,1007414.0432332022
2010-05-06,1007493.2108073442
2010-05-07,1007572.3846028654
2010-05-09,1007651.5646202548
2010-05-10,1007730.7508600012
2010-05-11,1007809.9433225937
2010-05-12,1007889.1420085212
2010-05-13,1007968.3469182729
2010-05-14,1008047.5580523378
2010-05-16,1008126.7754112051
2010-05-17,1008205.998995364
2010-05-18,1008285.2288053036
2010-05-19,1008364.4648415132
2010-05-20,1008443.7071044821
2010-05-21,1008522.9555946997
2010-05-23,1008602.2103126553
2010-05-24,1008681.4712588383
2010-05-25,1008760.7384337381
2010-05-26,1008840.0118378444
2010-05-27,1008919.2914716464
2010-05-28,1008998.5773356339
2010-05-30,1009077.8694302965
2010-05-31,1009157.1677561237
2010-06-01,1009236.4723136052
2010-06-02,1009315.7831032308
2010-06-03,1009395.1001254901
2010-06-04,1009474.423380873
2010-06-06,1009553.7528698695
2010-06-07,1009633.0885929691
2010-06-08,1009712.430550662
2010-06-09,1009791.778743438
2010-06-10,1009871.1331717871
2010-06-11,1009950.4938361994
2010-06-13,1010029.8607371649
2010-06-14,1010109.2338751736
2010-06-15,1010188.6132507159
2010-06-16,1010267.9988642818
2010-06-17,1010347.3907163615
2010-06-18,1010426.7888074452
2010-06-20,1010506.1931380234
2010-06-21,1010585.6037085863
2010-06-22,1010665.0205196242
2010-06-23,1010744.4435716277
2010-06-24,1010823.8728650871
2010-06-25,1010903.3084004929
2010-06-27,1010982.7501783356
2010-06-28,1011062.1981991058
2010-06-29,1011141.6524632941
2010-06-30,1011221.1129713912
2010-07-01,1011300.5797238877
2010-07-02,1011380.0527212743
2010-07-04,1011459.5319640419
2010-07-05,1011539.0174526811
2010-07-06,1011618.5091876828
2010-07-07,1011698.0071695378
2010-07-08,1011777.5113987372
2010-07-09,1011857.0218757718
2010-07-11,1011936.5386011327
2010-07-12,1012016.0615753108
2010-07-13,1012095.5907987972
2010-07-14,1012175.126272083
2010-07-15,1012254.6679956594
2010-07-16,1012334.2159700175
2010-07-18,1012413.7701956485
2010-07-19,1012493.3306730438
2010-07-20,1012572.8974026947
2010-07-21,1012652.4703850923
2010-07-22,1012732.0496207281
2010-07-23,1012811.6351100935
2010-07-25,1012891.22685368
2010-07-26,1012970.824851979
2010-07-27,1013050.4291054822
2010-07-28,1013130.0396146809
2010-07-29,1013209.656380067
2010-07-30,1013289.2794021319
2010-08-01,1013368.9086813674
2010-08-02,1013448.5442182652
2010-08-03,1013528.1860133171
2010-08-04,1013607.8340670147
2010-08-05,1013687.48837985
2010-08-06,1013767.148952315
2010-08-08,1013846.8157849014
2010-08-09,1013926.4888781011
2010-08-10,1014006.1682324063
2010-08-11,1014085.8538483089
2010-08-12,1014165.545726301
2010-08-13,1014245.2438668747
2010-08-15,1014324.9482705222
2010-08-16,1014404.6589377356
2010-08-17,1014484.3758690072
2010-08-18,1014564.0990648292
2010-08-19,1014643.8285256939
2010-08-20,1014723.5642520937
2010-08-22,1014803.3062445208
2010-08-23,1014883.0545034679
2010-08-24,1014962.8090294272
2010-08-25,1015042.5698228914
2010-08-26,1015122.3368843528
2010-08-27,1015202.1102143042
2010-08-29,1015281.889813238
2010-08-30,1015361.6756816471
2010-08-31,1015441.467820024
2010-09-01,1015521.2662288614
2010-09-02,1015601.0709086522
2010-09-03,1015680.881859889
2010-09-05,1015760.6990830649
2010-09-06,1015840.5225786726
2010-09-07,1015920.3523472052
2010-09-08,1016000.1883891554
2010-09-09,1016080.0307050163
2010-09-10,1016159.879295281
2010-09-12,1016239.7341604426
2010-09-13,1016319.5953009941
2010-09-14,1016399.4627174287
2010-09-15,1016479.3364102396
2010-09-16,1016559.21637992
2010-09-17,1016639.1026269632
2010-09-19,1016718.9951518624
2010-09-20,1016798.893955111
2010-09-21,1016878.7990372026
2010-09-22,1016958.7103986304
2010-09-23,1017038.6280398879
2010-09-24,1017118.5519614685
2010-09-26,1017198.4821638659
2010-09-27,1017278.4186475737
2010-09-28,1017358.3614130854
2010-09-29,1017438.3104608946
2010-09-30,1016806.5012406267
2010-10-01,1021667.8374810284
2010-10-03,1021667.8374810284
2010-10-04,1010577.5400675148
2010-10-05,1035792.8694744736
2010-10-06,1034355.877126266
2010-10-07,1034431.6577614374
2010-10-08,1041873.6469873711
2010-10-10,1041873.6469873711
2010-10-11,1041409.503579702
2010-10-12,1044151.3763935446
2010-10-13,1054557.1851358344
2010-10-14,1055198.8108807574
2010-10-15,1064949.483880701
2010-10-17,1064949.483880701
2010-10-18,1063986.8329097992
2010-10-19,1046140.9776149312
2010-10-20,1059377.2343910797
2010-10-21,1057952.4969474098
2010-10-22,1062923.554055566
2010-10-24,1062923.554055566
2010-10-25,1067306.2106441776
2010-10-26,1066407.7386340345
2010-10-27,1062583.4243991994
2010-10-28,1068871.558741157
2010-10-29,1067291.4136993662
2010-10-31,1066456.4215480806
2010-11-01,1068230.6174151525
2010-11-02,1076989.847539056
2010-11-03,1075235.5471643987
2010-11-04,1083805.3988259668
2010-11-05,1082665.200538656
2010-11-07,1087108.4394478307
2010-11-08,1087169.2120562624
2010-11-09,1088470.062402146
2010-11-10,1090752.2145954543
2010-11-11,1087214.697856654
2010-11-12,1080438.5569425272
2010-11-14,1080438.5569425272
2010-11-15,1079320.5415908226
2010-11-16,1069766.0487239223
2010-11-17,1071505.1717691722
2010-11-18,1080638.894912445
2010-11-19,1080926.395046365
2010-11-21,1072480.0556445115
2010-11-22,1074574.5236874842
2010-11-23,1059163.6341035466
2010-11-24,1067917.2466144687
2010-11-26,1062597.7167123305
2010-11-28,1065039.4928109199
2010-11-29,1066379.3971146445
2010-11-30,1061369.7534771091
2010-12-01,1070799.4916418726
2010-12-02,1077805.9708319115
2010-12-03,1080102.1354274699
2010-12-05,1083528.3136719733
2010-12-06,1081339.0041383207
2010-12-07,1081530.808942494
2010-12-08,1085840.8438819377
2010-12-09,1086314.4040806757
2010-12-10,1088750.8301452994
2010-12-12,1088751.064668377
2010-12-13,1101404.39096632
2010-12-14,1102302.7997162095
2010-12-15,1100844.792916247
2010-12-16,1104172.753236805
2010-12-17,1103666.115869881
2010-12-19,1108622.2701613498
2010-12-20,1116973.66452521
2010-12-21,1125209.265204492
2010-12-22,1127760.9025974702
2010-12-23,1126751.335983259
2010-12-26,1119263.8072797633
2010-12-27,1122496.50480013
2010-12-28,1125868.6173823373
2010-12-29,1129453.414702655
2010-12-30,1128917.5899499848
2010-12-31,1129165.2715293234
2011-01-02,1135260.0157998055
2011-01-03,1142266.0044853052
2011-01-04,1140921.2495329394
2011-01-05,1142391.4965316274
2011-01-06,1141417.4598254173
2011-01-07,1139640.3418177208
2011-01-09,1134264.6331636566
2011-01-10,1128584.7496967902
2011-01-11,1133569.1379660151
2011-01-12,1139645.178357713
2011-01-13,1139465.1697139486
2011-01-14,1142825.694778787
2011-01-16,1146988.0307509352
2011-01-17,1134787.1162950264
2011-01-18,1130542.6412083805
2011-01-19,1123868.5610693255
2011-01-20,1119863.75742427
2011-01-21,1118311.9085627263
2011-01-23,1120021.4996447065
2011-01-24,1129511.5122506935
2011-01-25,1127452.14229013
2011-01-26,1128124.6803521772
2011-01-27,1130306.0549209262
2011-01-28,1117760.8754178481
2011-01-30,1102153.36622965
2011-01-31,1099686.627871533
2011-02-01,1109124.1069048322
2011-02-02,1121266.893107695
2011-02-03,1121741.2162260995
2011-02-04,1123077.0433393777
2011-02-06,1128350.340166109
2011-02-07,1131616.3915224967
2011-02-08,1131396.3970167264
2011-02-09,1130322.5218760055
2011-02-10,1129248.7833803196
2011-02-11,1132059.523592927
2011-02-13,1128316.9099155127
2011-02-14,1127223.5553130065
2011-02-15,1123010.3622000068
2011-02-16,1119063.1331957285
2011-02-17,1120150.6457892733
2011-02-18,1120397.9693622002
2011-02-20,1104351.2487969454
2011-02-21,1102820.546391088
2011-02-22,1085776.6772141499
2011-02-23,1087698.8057477865
2011-02-24,1089167.1558806635
2011-02-25,1095915.7438093603
2011-02-27,1069322.5652874173
2011-02-28,1074489.1688126049
2011-03-01,1043021.5317302344
2011-03-02,1018788.286599993
2011-03-03,1026710.1035340826
2011-03-04,1024258.668059156
2011-03-06,1059089.665518395
2011-03-07,1060055.14085786
2011-03-08,1086616.7079210982
2011-03-09,1082569.054096017
2011-03-10,1072896.5232738461
2011-03-11,1075310.295799848
2011-03-13,1091143.5949248576
2011-03-14,1077086.752839847
2011-03-15,1059254.9959596626
2011-03-16,1047520.935910854
2011-03-17,1055041.7580177628
2011-03-18,1057062.3735169186
2011-03-20,1079641.9574267864
2011-03-21,1089343.6420007625
2011-03-22,1083809.4470976861
2011-03-23,1088515.7036229097
2011-03-24,1095665.7182766935
2011-03-25,1094481.9347714786
2011-03-27,1104615.4221842252
2011-03-28,1102394.325360268
2011-03-29,1105895.8271060642
2011-03-30,1113303.6964176893
2011-03-31,1113494.7085972272
2011-04-01,1116136.1746283649
2011-04-03,1119067.6966716717
2011-04-04,1119113.3253648304
2011-04-05,1113792.574845861
2011-04-06,1116837.0694962838
2011-04-07,1115586.9849225078
2011-04-08,1115909.0473632219
2011-04-10,1115913.9678101626
2011-04-11,1109682.9037722037
2011-04-12,1106492.7644445952
2011-04-13,1110089.9476252126
2011-04-14,1110347.875621744
2011-04-15,1109757.9854311785
2011-04-17,1103230.5611501934
2011-04-18,1096154.55470229
2011-04-19,1097545.840064189
2011-04-20,1097060.2741735615
2011-04-21,1100434.3670035168
2011-04-24,1091938.5725345423
2011-04-25,1100252.93800561
2011-04-26,1107548.9183933926
2011-04-27,1116190.825663214
2011-04-28,1116405.4447860518
2011-04-29,1117296.1509372115
2011-05-02,1110352.8955020767
2011-05-03,1104463.1103507462
2011-05-04,1101174.7417809952
2011-05-05,1095226.6101538166
2011-05-06,1097250.9245702347
2011-05-08,1092928.3520032316
2011-05-09,1095971.5391206688
2011-05-10,1102311.6905028631
2011-05-11,1095562.3468566164
2011-05-12,1098115.5751360406
2011-05-13,1090803.668041842
2011-05-15,1087394.658528881
2011-05-16,1080994.2149862433
2011-05-17,1082386.065875019
2011-05-18,1087712.9916097617
2011-05-19,1089443.5968574446
2011-05-20,1084081.5465840695
2011-05-22,1090801.6728234794
2011-05-23,1079076.7730629514
2011-05-24,1079544.5590361312
2011-05-25,1081146.458288927
2011-05-26,1084994.2942398528
2011-05-27,1088248.1820261055
2011-05-29,1089879.1371453092
2011-05-30,1087383.6675127049
2011-05-31,1106169.5674957905
2011-06-01,1100896.3712503188
2011-06-02,1102564.5096516449
2011-06-03,1098229.4887281093
2011-06-05,1081883.5453434396
2011-06-06,1078888.083591701
2011-06-07,1076105.4956417738
2011-06-08,1066460.9790675265
2011-06-09,1069324.0185023777
2011-06-10,1059709.6729829765
2011-06-12,1057143.8558448285
2011-06-13,1063206.1338047301
2011-06-14,1068242.1664638617
2011-06-15,1056215.8838084876
2011-06-16,1053609.2125477432
2011-06-17,1054570.9072385042
2011-06-19,1045775.8083819976
2011-06-20,1043573.7587859149
2011-06-21,1059529.7442940003
2011-06-22,1054339.9001000521
2011-06-23,1055264.582358487
2011-06-24,1048536.2975895479
2011-06-26,1051102.4581776592
2011-06-27,1056633.3291893925
2011-06-28,1067439.936600869
2011-06-29,1072818.4051210964
2011-06-30,1079954.1132551762
2011-07-01,1086774.2220731727
2011-07-03,1094695.3371129
2011-07-04,1092090.100008842
2011-07-05,1093057.053993678
2011-07-06,1092020.0711037107
2011-07-07,1098346.5796886394
2011-07-08,1094669.7555603038
2011-07-10,1097486.6760672394
2011-07-11,1084610.6983144502
2011-07-12,1074306.9071838341
2011-07-13,1081248.1742697498
2011-07-14,1075863.6754086614
2011-07-15,1080935.96906867
2011-07-17,1079340.294811679
2011-07-18,1071814.419743374
2011-07-19,1083722.521532981
2011-07-20,1088075.865247484
2011-07-21,1094394.3456325927
2011-07-22,1097945.644269648
2011-07-24,1095309.5568561566
2011-07-25,1089379.384306671
2011-07-26,1094254.2400228637
2011-07-27,1078891.0199664077
2011-07-28,1078964.1940684193
2011-07-29,1077815.6876379857
2011-07-31,1070377.1332009225
2011-08-01,1070840.723761485
2011-08-02,1055688.9114560965
2011-08-03,1057257.6924680106
2011-08-04,1029512.4036521546
2011-08-05,1030030.6730699488
2011-08-07,1010883.0949245851
2011-08-08,974203.3901554341
2011-08-09,993071.4193686572
2011-08-10,975570.0709353554
2011-08-11,995725.7523434806
2011-08-12,1000471.9189826307
2011-08-14,1007582.9929457328
2011-08-15,1017927.4135068619
2011-08-16,1010333.0151253279
2011-08-17,1012011.4366527918
2011-08-18,988946.768287315
2011-08-19,981337.4720994254
2011-08-21,972313.5101458804
2011-08-22,975831.2796754697
2011-08-23,994860.7733643708
2011-08-24,1001128.4104966074
2011-08-25,992556.4926529555
2011-08-26,1001627.7789298419
2011-08-28,1001627.9544946761
2011-08-29,1014179.8896909407
2011-08-30,1015206.6889426948
2011-08-31,1018930.7403343744
2011-09-01,1015115.8287734615
2011-09-02,1004329.3381271577
2011-09-04,1007110.7114844674
2011-09-05,1003446.0699360033
2011-09-06,996993.6812333469
2011-09-07,1011153.1243193734
2011-09-08,1006458.40635459
2011-09-09,994033.6237003477
2011-09-11,997829.662779279
2011-09-12,993475.841499245
2011-09-13,999084.135908873
2011-09-14,1003202.031553226
2011-09-15,1010816.8844504643
2011-09-16,1012794.0728685331
2011-09-18,1017407.5817188717
2011-09-19,1009540.0581578786
2011-09-20,1011089.3618335401
2011-09-21,1000009.5303491213
2011-09-22,983770.6879499466
2011-09-23,988089.247005933
2011-09-25,984424.6054574691
2011-09-26,990126.1027511181
2011-09-27,999064.2320438931
2011-09-28,990539.8825795858
2011-09-29,990880.2500040771
2011-09-30,978186.7009716202
2011-10-02,980794.2621936293
2011-10-03,964502.7758104914
2011-10-04,967019.0117008322
2011-10-05,979903.1403708616
2011-10-06,988881.4006359559
2011-10-07,985780.0546473062
2011-10-09,996513.9625369033
2011-10-10,1021260.4739847523
2011-10-11,1016610.6357116324
2011-10-12,1023602.0442019543
2011-10-13,1025393.6703580967
2011-10-14,1033342.8692709472
2011-10-16,1038679.7150807129
2011-10-17,1029749.9379446723
2011-10-18,1037756.6778534057
2011-10-19,1026249.5401514232
2011-10-20,1024678.6046089284
2011-10-21,1032719.5744277496
2011-10-23,1018009.2747372322
2011-10-24,1023454.312100963
2011-10-25,1017141.4191248169
2011-10-26,1019159.190573569
2011-10-27,1037125.5558743541
2011-10-28,1035786.4395576762
2011-10-30,1034171.8175426533
2011-10-31,1018912.8343822284
2011-11-01,997982.5381671514
2011-11-02,1011447.4812466172
2011-11-03,1020868.7663836482
2011-11-04,1017499.5040388324
2011-11-06,1015482.3163640822
2011-11-07,1018360.9132768025
2011-11-08,1022998.1326445289
2011-11-09,1004368.2788985799
2011-11-10,1008111.6388800943
2011-11-11,1016894.810887889
2011-11-13,1014877.6232131388
2011-11-14,1008395.6110446258
2011-11-15,1012836.8428621792
2011-11-16,1003318.044557228
2011-11-17,995172.6063138861
2011-11-18,993474.7855308345
2011-11-20,992466.1916934594
2011-11-21,982174.3907312063
2011-11-22,978629.1597728995
2011-11-23,967494.8458144099
2011-11-24,969512.0334891602
2011-11-25,967220.1939101527
2011-11-27,963389.3978301871
2011-11-28,982049.4212348526
2011-11-29,981087.0746230797
2011-11-30,998729.4692439743
2011-12-01,998682.1943118111
2011-12-02,998297.9135183903
2011-12-04,1003243.7778275164
2011-12-05,1008471.5569333192
2011-12-06,1007508.1338814464
2011-12-07,1007339.8045408691
2011-12-08,997779.223578956
2011-12-09,1005513.9026602281
2011-12-11,1006429.7519535022
2011-12-12,998648.8411709336
2011-12-13,991633.4916499975
2011-12-14,986870.9222086897
2011-12-15,986747.1095179672
2011-12-16,988020.5062209859
2011-12-19,983584.4219661154
2011-12-20,995762.7000313259
2011-12-21,993227.9934379599
2011-12-22,999261.066952743
2011-12-23,1002257.6467856154
2011-12-25,1007752.9459618496
2011-12-26,1008791.0942576444
2011-12-27,1005451.2042399849
2011-12-28,1002063.2074322202
2011-12-29,1006283.3687676892
2011-12-30,1006490.5156376273
2012-01-01,1003657.9190989877
2012-01-02,1005490.6191808593
2012-01-03,1014574.4557561076
2012-01-04,1015135.955908088
2012-01-05,1014954.2841264685
2012-01-06,1013447.345200218
2012-01-08,1026382.0843188858
2012-01-09,1025382.5466172476
2012-01-10,1037838.7779349529
2012-01-11,1037917.8339881031
2012-01-12,1039718.4812502342
2012-01-13,1036999.6169231271
2012-01-15,1036829.3161483924
2012-01-16,1034082.4766928595
2012-01-17,1032378.5314714214
2012-01-18,1039322.4474386206
2012-01-19,1043330.5424103368
2012-01-20,1043192.8983907852
2012-01-22,1045110.9900720714
2012-01-23,1045602.4522741599
2012-01-24,1044388.2540584906
2012-01-25,1052632.3283953262
2012-01-26,1052097.8605201535
2012-01-27,1053194.6015554254
2012-01-29,1053195.401077897
2012-01-30,1048341.8954140056
2012-01-31,1052635.1273006117
2012-02-01,1058419.4438133591
2012-02-02,1059664.7410052652
2012-02-03,1065871.178108323
2012-02-05,1084939.1859335387
2012-02-06,1091124.9822034505
2012-02-07,1089741.6039668138
2012-02-08,1091722.139221332
2012-02-09,1093685.210735218
2012-02-10,1088505.7779425974
2012-02-12,1089521.7221200168
2012-02-13,1097825.4786274778
2012-02-14,1094224.38709877
2012-02-15,1088925.7106215537
2012-02-16,1094635.8441611556
2012-02-17,1094584.6936428265
2012-02-20,1103667.9376880396
2012-02-21,1111619.7835240262
2012-02-22,1114033.7585292102
2012-02-23,1116631.3177945702
2012-02-24,1118781.6091430264
2012-02-26,1131727.7391312064
2012-02-27,1136813.182296027
2012-02-28,1141057.7859770064
2012-02-29,1141458.759375523
2012-03-01,1147285.358359194
2012-03-02,1145686.9053054443
2012-03-04,1159488.5875470026
2012-03-05,1149887.1109403577
2012-03-06,1139460.8208958856
2012-03-07,1152260.8220412747
2012-03-08,1159177.7120758146
2012-03-09,1159643.6422225072
2012-03-11,1169627.7777062925
2012-03-12,1169084.2629553336
2012-03-13,1172185.2623619786
2012-03-14,1171163.7315662606
2012-03-15,1173345.6878418399
2012-03-16,1174001.5950654845
2012-03-18,1172989.5137858447
2012-03-19,1175120.4809286038
2012-03-20,1170315.6634675516
2012-03-21,1170458.9007735914
2012-03-22,1168162.0178482651
2012-03-23,1169284.6378457178
2012-03-25,1185347.5053205728
2012-03-26,1197788.74145256
2012-03-27,1198866.693242572
2012-03-28,1199225.8029837164
2012-03-29,1196863.104811273
2012-03-30,1197926.1702036085
2012-04-01,1204751.2952437215
2012-04-02,1208885.3347421756
2012-04-03,1199395.6321562673
2012-04-04,1190449.7303163426
2012-04-05,1192085.763313124
2012-04-08,1180375.1123265042
2012-04-09,1173788.204861701
2012-04-10,1159093.4981027201
2012-04-11,1175164.4160970505
2012-04-12,1181887.3390997876
2012-04-13,1174349.921396535
2012-04-15,1150894.2514975206
2012-04-16,1139648.842431251
2012-04-17,1177327.661056731
2012-04-18,1184648.8318115203
2012-04-19,1180631.4296680484
2012-04-20,1181200.3255069177
2012-04-22,1190022.5191025583
2012-04-23,1187342.5605103292
2012-04-24,1189163.5898721437
2012-04-25,1198315.8834080207
2012-04-26,1201074.5490809474
2012-04-27,1203385.1501186888
2012-04-29,1199460.4380213046
2012-04-30,1199316.3420692058
2012-05-01,1198935.7536366577
2012-05-02,1197445.6896194187
2012-05-03,1193794.3208003438
2012-05-04,1183881.000998788
2012-05-06,1173203.408801711
2012-05-07,1173352.6007127867
2012-05-08,1169376.3437427983
2012-05-09,1158606.0964054803
2012-05-10,1159032.3910236263
2012-05-11,1157427.7569568914
2012-05-13,1152806.216484433
2012-05-14,1141250.1742323828
2012-05-15,1133992.3492653915
2012-05-16,1131204.8317979851
2012-05-17,1123315.698210549
2012-05-18,1118786.1878544455
2012-05-20,1108002.9636387397
2012-05-21,1119062.215452987
2012-05-22,1126586.0224990912
2012-05-23,1120872.5849852718
2012-05-24,1118382.9043373947
2012-05-25,1117452.9873790625
2012-05-27,1115330.4500045232
2012-05-28,1121070.7133617431
2012-05-29,1124983.6638680983
2012-05-30,1116048.3203018317
2012-05-31,1114995.9580217076
2012-06-01,1103868.718640885
2012-06-03,1095076.2963032448
2012-06-04,1098876.9144497532
2012-06-05,1101001.1112497912
2012-06-06,1107295.826055189
2012-06-07,1106669.005732172
2012-06-08,1108445.0879995637
2012-06-10,1118571.8481776207
2012-06-11,1114142.3401438734
2012-06-12,1112801.7338185147
2012-06-13,1112971.088025377
2012-06-14,1114811.3864187517
2012-06-15,1120840.1940107096
2012-06-17,1116834.57070186
2012-06-18,1124152.4043312431
2012-06-19,1130790.5130443748
2012-06-20,1136142.598131664
2012-06-21,1123550.229278245
2012-06-22,1127863.1510312962
2012-06-25,1114510.750254674
2012-06-26,1121390.555836835
2012-06-27,1124740.8474761199
2012-06-28,1121713.0710748662
2012-06-29,1137134.9918913753
2012-07-01,1137135.187131499
2012-07-02,1135313.540699064
2012-07-03,1152908.4717927892
2012-07-04,1139490.56506019
2012-07-05,1136432.8080529687
2012-07-06,1130808.6233617603
2012-07-08,1126782.0540556873
2012-07-09,1103972.9976039468
2012-07-10,1095981.2142819213
2012-07-11,1090583.8479754548
2012-07-12,1085797.641187474
2012-07-13,1092550.1918637678
2012-07-15,1100225.5396056594
2012-07-16,1100542.5890645161
2012-07-17,1102092.614160578
2012-07-18,1099701.1169186237
2012-07-19,1103950.3804726473
2012-07-20,1096693.1583838062
2012-07-22,1130644.2412899488
2012-07-23,1127650.663775212
2012-07-24,1126556.5481832533
2012-07-25,1128188.77000326
2012-07-26,1136704.9428334972
2012-07-27,1147928.7249738034
2012-07-29,1146989.8095463605
2012-07-30,1146336.9541489624
2012-07-31,1143500.929309117
2012-08-01,1139342.3828737307
2012-08-02,1135492.4290973265
2012-08-03,1146859.0727574755
2012-08-05,1152446.014336158
2012-08-06,1155148.2893547781
2012-08-07,1159206.74973265
2012-08-08,1160135.0292369397
2012-08-09,1161309.8466968874
2012-08-10,1162087.4443746149
2012-08-12,1158602.1931196311
2012-08-13,1153773.7435911396
2012-08-14,1153746.0195909657
2012-08-15,1153440.5328445355
2012-08-16,1159260.676592238
2012-08-17,1160230.3188566223
2012-08-19,1161280.9949596138
2012-08-20,1161741.1352872113
2012-08-21,1161407.3949950822
2012-08-22,1162346.571379811
2012-08-23,1159579.738982826
2012-08-24,1160885.346597037
2012-08-26,1160708.689313639
2012-08-27,1170873.6346230472
2012-08-28,1172209.1523878668
2012-08-29,1175828.5518210325
2012-08-30,1169846.2708841125
2012-08-31,1173970.453979549
2012-09-02,1168515.9882110097
2012-09-03,1170466.6137530787
2012-09-04,1166496.7025567633
2012-09-05,1165577.880069085
2012-09-06,1177422.3187839456
2012-09-07,1180242.2094210428
2012-09-09,1182192.9417256648
2012-09-10,1174670.760897667
2012-09-11,1175833.6221838577
2012-09-12,1179508.3890935807
2012-09-13,1187569.1862977387
2012-09-14,1192625.8913546859
2012-09-16,1195253.8302439426
2012-09-17,1190909.6271245785
2012-09-18,1190213.859577966
2012-09-19,1189690.2320052905
2012-09-20,1187131.7308484018
2012-09-21,1188006.521666298
2012-09-24,1182804.2630482581
2012-09-25,1174563.0339774562
2012-09-26,1163722.7521361774
2012-09-27,1170728.6031297622
2012-09-28,1164906.7209577002
2012-09-30,1164679.244407917
2012-10-01,1171905.3635343604
2012-10-02,1173971.8218299001
2012-10-03,1173691.1378185079
2012-10-04,1177344.9038381064
2012-10-05,1175729.2531539612
2012-10-07,1200245.4272838072
2012-10-08,1187259.9875779347
2012-10-09,1173208.0811474752
2012-10-10,1181684.6496292136
2012-10-11,1182538.926853571
2012-10-12,1181807.8865304207
2012-10-14,1166641.3037337502
2012-10-15,1186227.479588098
2012-10-16,1202041.4521066893
2012-10-17,1204720.2778309523
2012-10-18,1201086.8422930592
2012-10-19,1191303.069802059
2012-10-21,1172949.635484635
2012-10-22,1169337.1800403197
2012-10-23,1159591.170733722
2012-10-24,1165618.0392946624
2012-10-25,1167251.246096171
2012-10-26,1167287.77142441
2012-10-28,1165085.1730966247
2012-10-31,1163536.102307809
2012-11-01,1170678.5116625289
2012-11-02,1166054.4322294425
2012-11-04,1166874.7496465913
2012-11-05,1167444.0292325479
2012-11-06,1177556.5564760526
2012-11-07,1171350.6976522794
2012-11-08,1165277.4398941733
2012-11-09,1166522.9247803413
2012-11-11,1157611.2457244017
2012-11-12,1156433.03472269
2012-11-13,1152746.394473001
2012-11-14,1148306.6035489626
2012-11-15,1147861.1533812697
2012-11-16,1149106.5606094457
2012-11-18,1144010.5441612664
2012-11-19,1142487.9864342522
2012-11-20,1144445.0630004022
2012-11-21,1140434.1478115274
2012-11-23,1148564.3379693325
2012-11-25,1140037.862703588
2012-11-26,1138687.3752649904
2012-11-27,1122884.9220975777
2012-11-28,1130835.0422926678
2012-11-29,1133821.823631729
2012-11-30,1133444.9463882647
2012-12-02,1141802.3013354323
2012-12-03,1145739.712763919
2012-12-04,1144929.520818708
2012-12-05,1142645.0241548712
2012-12-06,1144416.345830008
2012-12-07,1143423.3034175406
2012-12-09,1140637.485561429
2012-12-10,1143943.9663319434
2012-12-11,1150109.0903716509
2012-12-12,1151393.008582125
2012-12-13,1154023.3958538107
2012-12-14,1152760.7870210672
2012-12-16,1152760.7870210672
2012-12-17,1169254.1661693237
2012-12-18,1174410.4302349505
2012-12-19,1176661.0189462733
2012-12-20,1177814.256628948
2012-12-21,1173667.851107766
2012-12-23,1172275.024364016
2012-12-24,1183460.6736254406
2012-12-25,1186246.5243552746
2012-12-26,1182440.2374320624
2012-12-27,1178656.5948786538
2012-12-28,1174825.8580148641
2012-12-30,1170647.147667558
2012-12-31,1172967.7547443735
2013-01-01,1176607.214691653
2013-01-02,1197092.402166823
2013-01-03,1196655.8838674617
2013-01-04,1197046.7693844484
2013-01-06,1197047.3848990914
2013-01-07,1212634.9216135994
2013-01-08,1221084.671135631
2013-01-09,1235891.6956417526
2013-01-10,1235860.964989498
2013-01-11,1236105.9488260131
2013-01-13,1238932.9079358056
2013-01-14,1219823.275200666
2013-01-15,1200124.4212911038
2013-01-16,1207119.7043399303
2013-01-17,1210093.6089885565
2013-01-18,1209627.3709937467
2013-01-20,1209627.9870890826
2013-01-21,1182035.8004997415
2013-01-22,1188744.270059564
2013-01-23,1188693.2012687053
2013-01-24,1187417.8578275214
2013-01-25,1190108.6530880756
2013-01-27,1190109.2694739639
2013-01-28,1193266.3243888698
2013-01-29,1194565.787359331
2013-01-30,1190229.8881202792
2013-01-31,1188892.8124629753
2013-02-01,1193748.1185631352
2013-02-03,1191095.157025854
2013-02-04,1179720.7399076098
2013-02-05,1178578.8767411918
2013-02-06,1170991.416176762
2013-02-07,1169302.056592968
2013-02-08,1173194.1709381794
2013-02-10,1174523.4023836565
2013-02-11,1175795.2011721935
2013-02-12,1176208.7425897568
2013-02-13,1180281.2049251888
2013-02-14,1179357.8649546136
2013-02-15,1178013.9644658691
2013-02-17,1179343.1341351378
2013-02-18,1179642.9123163153
2013-02-19,1179293.8328314489
2013-02-20,1174417.6371926523
2013-02-21,1168985.2268538098
2013-02-22,1173783.4274766634
2013-02-24,1177767.4867456122
2013-02-25,1170820.8080516022
2013-02-26,1170032.585988297
2013-02-27,1176419.8342633261
2013-02-28,1175597.8288970457
2013-03-01,1176611.6405017136
2013-03-03,1177949.5128107434
2013-03-04,1171976.9171277988
2013-03-05,1179363.7387119853
2013-03-06,1184547.951176549
2013-03-07,1185921.5124389187
2013-03-08,1186777.8735024268
2013-03-10,1181264.4427688213
2013-03-11,1184384.2103422903
2013-03-12,1179196.753212796
2013-03-13,1180635.0806977884
2013-03-14,1183120.7792610344
2013-03-15,1182211.584885473
2013-03-17,1174328.1608731893
2013-03-18,1166140.5997192708
2013-03-19,1168381.7477019895
2013-03-20,1170779.147428357
2013-03-21,1165789.0226544335
2013-03-22,1169853.0799558503
2013-03-24,1172609.779535804
2013-03-25,1175468.5565891373
2013-03-26,1178584.9915782767
2013-03-27,1178417.3810561867
2013-03-28,1179895.5359005434
2013-03-31,1173714.6260203717
2013-04-01,1173540.1997843343
2013-04-02,1177024.6721188026
2013-04-03,1171687.361436663
2013-04-04,1172828.3834703811
2013-04-05,1169879.5476626619
2013-04-07,1166287.953245637
2013-04-08,1171802.2860594857
2013-04-09,1179142.5723232767
2013-04-10,1190689.7877203552
2013-04-11,1191733.7141650154
2013-04-12,1190480.4251371357
2013-04-14,1186573.2469597417
2013-04-15,1170435.67268885
2013-04-16,1174268.8514365621
2013-04-17,1162539.8760472746
2013-04-18,1158788.5140157363
2013-04-19,1164362.977148492
2013-04-21,1169329.8926594409
2013-04-22,1170898.9407084857
2013-04-23,1176785.8561292142
2013-04-24,1177586.8397921275
2013-04-25,1180241.142739674
2013-04-26,1179129.2284439781
2013-04-28,1180819.2021399124
2013-04-29,1188680.4286173692
2013-04-30,1191441.7103630803
2013-05-01,1186844.3638380733
2013-05-02,1191403.0818879502
2013-05-03,1197014.7109032744
2013-05-05,1202190.1893462793
2013-05-06,1203151.7673589166
2013-05-07,1205141.9029228003
2013-05-08,1212136.7341199284
2013-05-09,1209801.679016269
2013-05-10,1211622.2742204568
2013-05-12,1212178.340159295
2013-05-13,1206664.001350454
2013-05-14,1213299.2442766426
2013-05-15,1213718.0398373553
2013-05-16,1212016.8652788051
2013-05-17,1216470.67331462
2013-05-19,1224920.5251137752
2013-05-20,1231223.4315657902
2013-05-21,1235894.95952413
2013-05-22,1232358.4605267441
2013-05-23,1228823.0506653578
2013-05-24,1227047.3951657035
2013-05-26,1225425.469472738
2013-05-27,1227881.9421276355
2013-05-28,1235866.7782843714
2013-05-29,1237401.3005841002
2013-05-30,1239627.1774861866
2013-05-31,1232435.9968055247
2013-06-02,1241176.5175340604
2013-06-03,1248261.4548266819
2013-06-04,1252942.0842666505
2013-06-05,1249730.153925319
2013-06-06,1252518.960048585
2013-06-07,1258435.9138274158
2013-06-09,1247753.738551333
2013-06-10,1248961.0768738505
2013-06-11,1236353.2756937884
2013-06-12,1234537.201168572
2013-06-13,1241530.9160575345
2013-06-14,1236953.6783814062
2013-06-16,1206872.2930003516
2013-06-17,1223077.6953019039
2013-06-18,1234713.4898170256
2013-06-19,1226604.4847628276
2013-06-20,1211589.537467465
2013-06-21,1211034.470401771
2013-06-23,1214985.5575014604
2013-06-24,1202733.0438358604
2013-06-25,1208891.935519612
2013-06-26,1213977.58554757
2013-06-27,1220402.5318123167
2013-06-28,1220435.5066476555
2013-06-30,1220385.2745136367
2013-07-01,1232558.0068938101
2013-07-02,1241059.1457970762
2013-07-03,1240348.040933154
2013-07-04,1245052.4297843915
2013-07-05,1248135.962004417
2013-07-07,1251955.3181803671
2013-07-08,1252636.1510600855
2013-07-09,1261140.5591896046
2013-07-10,1263301.2291627275
2013-07-11,1270559.46546415
2013-07-12,1270436.1769906906
2013-07-14,1275079.6433484275
2013-07-15,1274060.0710152118
2013-07-16,1275877.1365298943
2013-07-17,1274533.8469091286
2013-07-18,1273532.499061197
2013-07-19,1270057.1082286744
2013-07-21,1271803.6157818518
2013-07-22,1279559.2617064512
2013-07-23,1280078.3281448311
2013-07-24,1278739.7604597078
2013-07-25,1279031.7673315643
2013-07-26,1279470.3402775968
2013-07-28,1275956.5424772624
2013-07-29,1272240.6874110312
2013-07-30,1278693.811911636
2013-07-31,1284303.6879158155
2013-08-01,1293564.512272795
2013-08-02,1296821.1434217622
2013-08-04,1305206.2035233395
2013-08-05,1317209.1708925255
2013-08-06,1314298.6704029997
2013-08-07,1311968.8919065073
2013-08-08,1316780.1648021066
2013-08-09,1315890.7586066609
2013-08-11,1315893.125953085
2013-08-12,1316510.4884927892
2013-08-13,1329362.2598281484
2013-08-14,1320747.7097606556
2013-08-15,1318843.4803761654
2013-08-16,1318891.1624919388
2013-08-18,1322195.2387167672
2013-08-19,1320835.964806624
2013-08-20,1322379.9540480068
2013-08-21,1318014.2342832505
2013-08-22,1323342.2982351424
2013-08-23,1327779.3832420853
2013-08-25,1322606.6878466252
2013-08-26,1312300.0049981452
2013-08-27,1274850.70911764
2013-08-28,1273516.1276294198
2013-08-29,1278230.9609974436
2013-08-30,1274152.3485133415
2013-09-01,1278579.2188040982
2013-09-02,1284020.9993590438
2013-09-03,1286175.8530452112
2013-09-04,1280954.519993885
2013-09-05,1283400.9430534355
2013-09-06,1285421.6134280437
2013-09-08,1285084.4888800983
2013-09-09,1296589.2484694782
2013-09-10,1313662.8151564193
2013-09-11,1311569.442695351
2013-09-12,1312268.288990619
2013-09-13,1313915.4489293748
2013-09-15,1331354.6780615905
2013-09-16,1336832.5489280927
2013-09-17,1336952.483445025
2013-09-18,1349317.2179678117
2013-09-19,1349563.0145032834
2013-09-20,1345563.2799959294
2013-09-23,1344983.0071795112
2013-09-24,1343454.5201853693
2013-09-25,1340068.2945757397
2013-09-26,1353175.6322592592
2013-09-27,1351363.7889127608
2013-09-29,1344689.5952062476
2013-09-30,1342544.3467953452
2013-10-01,1347530.7267191368
2013-10-02,1347489.326825378
2013-10-03,1343648.3495822607
2013-10-04,1347804.4787029673
2013-10-06,1348224.8872016245
2013-10-07,1342434.0595649495
2013-10-08,1334550.9941234034
2013-10-09,1337780.9137989643
2013-10-10,1352979.2984592668
2013-10-11,1357596.2786677273
2013-10-13,1356460.5703645805
2013-10-14,1359804.5673688261
2013-10-15,1356462.9964101864
2013-10-16,1363351.984658817
2013-10-17,1369175.512301899
2013-10-18,1377127.4379781005
2013-10-20,1377170.8893073017
2013-10-21,1378711.7954794713
2013-10-22,1382846.8286636746
2013-10-23,1374016.3751783408
2013-10-24,1376623.6649736913
2013-10-25,1379037.6954354413
2013-10-27,1376176.536530843
2013-10-28,1371067.4702879922
2013-10-29,1363609.64372464
2013-10-30,1385718.9015852835
2013-10-31,1391790.988994106
2013-11-01,1390507.9622238083
2013-11-03,1397549.328511565
2013-11-04,1397670.847590474
2013-11-05,1407657.4975860415
2013-11-06,1416950.8319888467
2013-11-07,1432234.1500070589
2013-11-08,1438500.1391458334
2013-11-10,1431792.6669367496
2013-11-11,1437008.3121781973
2013-11-12,1447467.4129748123
2013-11-13,1434287.460873079
2013-11-14,1439309.308216902
2013-11-15,1443164.1237213593
2013-11-17,1459931.5968247764
2013-11-18,1455331.7689925726
2013-11-19,1446984.5970881684
2013-11-20,1441022.494674358
2013-11-21,1446079.2505542217
2013-11-22,1449081.9011366703
2013-11-24,1453591.8266717838
2013-11-25,1443320.8805123293
2013-11-26,1440951.217358242
2013-11-27,1443292.0599837275
2013-11-28,1443292.0599837275
2013-11-29,1446719.2627264927
2013-12-01,1442484.1289622425
2013-12-02,1442082.1702285728
2013-12-03,1434195.4375657619
2013-12-04,1434384.2606638856
2013-12-05,1427960.346181761
2013-12-06,1435069.3521882272
2013-12-08,1439156.7402160335
2013-12-09,1445137.341968104
2013-12-10,1447289.3900849381
2013-12-11,1435490.3323628502
2013-12-12,1432333.7437716848
2013-12-13,1431715.8963268488
2013-12-15,1431717.836894476
2013-12-16,1434844.6002453181
2013-12-17,1431097.4173030215
2013-12-18,1440241.4431336394
2013-12-19,1445346.6155947398
2013-12-20,1450547.82780996
2013-12-22,1463033.6950947347
2013-12-23,1467835.6199386124
2013-12-24,1460388.1042663949
2013-12-25,1451033.3706285292
2013-12-26,1456435.9803499554
2013-12-27,1456851.3344556123
2013-12-29,1459677.9918559033
2013-12-30,1460903.749773111
2013-12-31,1454883.469022162
2014-01-01,1466093.544567683
2014-01-02,1457197.3070826286
2014-01-03,1454454.0898104995
2014-01-05,1453053.3570195031
2014-01-06,1449471.0412070458
2014-01-07,1451795.5179382355
2014-01-08,1456467.9510439583
2014-01-09,1456034.484176816
2014-01-10,1460899.6983244186
2014-01-12,1470710.2225759719
2014-01-13,1459216.369141317
2014-01-14,1469145.8520539543
2014-01-15,1480002.934289739
2014-01-16,1479903.2344965073
2014-01-17,1476724.9787349133
2014-01-19,1479527.1240328217
2014-01-20,1471118.8224971516
2014-01-21,1494941.4842764067
2014-01-22,1486562.6094815654
2014-01-23,1478879.1183102347
2014-01-24,1462079.5322336354
2014-01-26,1460678.1359531572
2014-01-27,1446537.4387451857
2014-01-28,1446376.2585821073
2014-01-29,1444401.8588714278
2014-01-30,1466825.8502019295
2014-01-31,1461479.4841192109
2014-02-02,1472826.0081502981
2014-02-03,1451581.2330630976
2014-02-04,1452466.279273669
2014-02-05,1449413.180183448
2014-02-06,1457428.6462896487
2014-02-07,1468097.694385469
2014-02-09,1474194.8315018674
2014-02-10,1473431.670009391
2014-02-11,1476764.7965364014
2014-02-12,1478950.4292607133
2014-02-13,1485070.073982545
2014-02-14,1487501.3529322199
2014-02-16,1488128.7664425964
2014-02-17,1486663.5084203347
2014-02-18,1492338.8063658483
2014-02-19,1486854.1300295314
2014-02-20,1486094.4757736516
2014-02-21,1486361.1900645467
2014-02-23,1491613.9668451583
2014-02-24,1499893.2101362473
2014-02-25,1500727.6549137097
2014-02-26,1498082.0853105048
2014-02-27,1504247.6853410797
2014-02-28,1504419.8008048607
2014-03-02,1501339.7145453058
2014-03-03,1484386.3352061475
2014-03-04,1501447.7115354356
2014-03-05,1504120.682489092
2014-03-06,1532060.497728301
2014-03-07,1527490.0677944822
2014-03-09,1535814.3185187022
2014-03-10,1526360.9243592203
2014-03-11,1523700.8637766251
2014-03-12,1522104.2517074912
2014-03-13,1511838.4682771638
2014-03-14,1508841.7746589268
2014-03-16,1514495.350705458
2014-03-17,1519400.6251476873
2014-03-18,1527063.7101700574
2014-03-19,1516721.2041376801
2014-03-20,1522232.8527374663
2014-03-21,1517132.896297424
2014-03-23,1531617.4368296976
2014-03-24,1526969.161907482
2014-03-25,1531135.939344775
2014-03-26,1529790.449452893
2014-03-27,1528687.1638151617
2014-03-28,1532044.2454871102
2014-03-30,1530192.4542330252
2014-03-31,1532276.5127111427
2014-04-01,1547812.6132854056
2014-04-02,1550263.4201107123
2014-04-03,1544856.2642019754
2014-04-04,1533268.5149850966
2014-04-06,1531101.4652255564
2014-04-07,1525155.3841543323
2014-04-08,1540700.6944090398
2014-04-09,1550804.9681703458
2014-04-10,1530655.2166421148
2014-04-11,1524822.2182751715
2014-04-13,1508460.6649837992
2014-04-14,1519843.951681605
2014-04-15,1527855.311077233
2014-04-16,1540509.606102256
2014-04-17,1541861.2032345147
2014-04-20,1552813.9177417392
2014-04-21,1550326.416271747
2014-04-22,1537452.080487132
2014-04-23,1520352.704717792
2014-04-24,1521930.0177314281
2014-04-25,1513517.2204305602
2014-04-27,1513018.83458116
2014-04-28,1504127.4369225425
2014-04-29,1504252.1278034062
2014-04-30,1512951.8561138182
2014-05-01,1536014.3781612068
2014-05-02,1535358.929999508
2014-05-04,1543689.2537379928
2014-05-05,1542876.1162539185
2014-05-06,1536028.148668564
2014-05-07,1536218.2713223023
2014-05-08,1534863.7165262622
2014-05-09,1535778.6568742322
2014-05-11,1534244.9373469101
2014-05-12,1541327.768714277
2014-05-13,1547544.0457282523
2014-05-14,1540724.0884878547
2014-05-15,1531775.2887770368
2014-05-16,1535977.528216333
2014-05-18,1535977.528216333
2014-05-19,1534971.4022641974
2014-05-20,1527837.8211934716
2014-05-21,1538347.0895119566
2014-05-22,1535869.1941687088
2014-05-23,1539884.378894125
2014-05-25,1540483.8819247573
2014-05-26,1541550.4095842014
2014-05-27,1548120.2621569894
2014-05-28,1544579.2763202703
2014-05-29,1554380.15932655
2014-05-30,1553700.037813957
2014-06-01,1564732.2802248227
2014-06-02,1564039.9721593
2014-06-03,1560216.1892749015
2014-06-04,1572195.0958698173
2014-06-05,1575942.796008668
2014-06-06,1580830.1460758615
2014-06-08,1579761.063339728
2014-06-09,1580011.6184194498
2014-06-10,1585357.222009023
2014-06-11,1581319.3485284336
2014-06-12,1573581.40946262
2014-06-13,1575280.530114391
2014-06-15,1568160.7991154494
2014-06-16,1564001.49208294
2014-06-17,1562665.739388872
2014-06-18,1573513.9299525125
2014-06-19,1582725.7507980384
2014-06-20,1582571.0136233815
2014-06-22,1586483.2635091546
2014-06-23,1576394.5082256028
2014-06-24,1569147.1884960425
2014-06-25,1583135.2240729087
2014-06-26,1583850.9367060845
2014-06-27,1586353.8885649606
2014-06-29,1586945.315083648
2014-06-30,1586013.388280322
2014-07-01,1602338.612916035
2014-07-02,1618304.5522685398
2014-07-03,1622817.649098165
2014-07-06,1626584.6728839427
2014-07-07,1626366.6223495195
2014-07-08,1614944.2235798219
2014-07-09,1620399.1643171813
2014-07-10,1615539.8863540036
2014-07-11,1618382.5723273861
2014-07-13,1611700.8115319873
2014-07-14,1620650.5441071836
2014-07-15,1612276.4054041556
2014-07-16,1607842.7451939406
2014-07-17,1595315.7010956118
2014-07-18,1606270.9687514305
2014-07-20,1606854.5337709028
2014-07-21,1607000.8221974766
2014-07-22,1630716.468122984
2014-07-23,1643591.5007570523
2014-07-24,1643748.1110723983
2014-07-25,1640476.3113018726
2014-07-28,1641674.8305663443
2014-07-29,1638945.0434871318
2014-07-30,1640992.2048262705
2014-07-31,1624661.8373663637
2014-08-01,1621173.661912001
2014-08-03,1624832.0581926499
2014-08-04,1631873.2188160764
2014-08-05,1625302.9020218323
2014-08-06,1629224.1328420057
2014-08-07,1636905.35634257
2014-08-08,1642642.5779077471
2014-08-10,1646019.013795606
2014-08-11,1648780.7959480886
2014-08-12,1652209.208120552
2014-08-13,1659486.4867614256
2014-08-14,1661610.496519343
2014-08-15,1663838.1007765154
2014-08-17,1663136.8593613347
2014-08-18,1666686.1449949143
2014-08-19,1672656.8151304722
2014-08-20,1671670.6204860802
2014-08-21,1674357.1926937117
2014-08-22,1673149.7171362694
2014-08-24,1685244.9065069896
2014-08-25,1689524.980175221
2014-08-26,1697225.809566901
2014-08-27,1709159.0486564557
2014-08-28,1708522.7628324535
2014-08-29,1710458.9092586166
2014-08-31,1726873.0152227366
2014-09-01,1725891.4008510704
2014-09-02,1720105.655395408
2014-09-03,1720846.525944959
2014-09-04,1719722.4827288403
2014-09-05,1722994.7134506474
2014-09-07,1718880.0478915418
2014-09-08,1713531.6021093058
2014-09-09,1703844.6697144655
2014-09-10,1707555.8163698683
2014-09-11,1701543.5215595416
2014-09-12,1697561.7082082862
2014-09-14,1694431.696935424
2014-09-15,1676650.4714819945
2014-09-16,1684837.3321749608
2014-09-17,1691840.980138114
2014-09-18,1692206.8651888196
2014-09-19,1689077.3362358199
2014-09-21,1685544.6990577723
2014-09-22,1668857.4018955021
2014-09-23,1664497.2324912588
2014-09-24,1665245.1392292178
2014-09-25,1654468.7732567415
2014-09-26,1661387.779454854
2014-09-28,1654722.1415277768
2014-09-29,1654030.9645681279
2014-09-30,1655516.3840029212
2014-10-01,1643801.3351717202
2014-10-02,1641197.3697650852
2014-10-03,1645975.9468414886
2014-10-06,1648552.1475367998
2014-10-07,1635964.18327554
2014-10-08,1651302.5166403814
2014-10-09,1633025.9076215625
2014-10-10,1615434.3188011055
2014-10-12,1571124.6610092437
2014-10-13,1579130.0593832515
2014-10-14,1572883.5996971475
2014-10-15,1546393.9610287023
2014-10-16,1518122.6080917974
2014-10-17,1529357.0727613764
2014-10-19,1537034.4392018493
2014-10-20,1552571.4455301634
2014-10-21,1580657.261528534
2014-10-22,1580797.8416126329
2014-10-23,1588031.7251431372
2014-10-24,1594527.9967177846
2014-10-26,1606738.8752424563
2014-10-27,1603569.2338422276
2014-10-28,1628402.49453787
2014-10-29,1618541.8884210181
2014-10-30,1618098.7014777034
2014-10-31,1631523.1017059132
2014-11-02,1631214.11829298
2014-11-03,1633208.1644503444
2014-11-04,1612515.1795751657
2014-11-05,1608597.9219627106
2014-11-06,1607515.3865006992
2014-11-07,1608130.1439720083
2014-11-09,1608793.8890791708
2014-11-10,1615459.3058382182
2014-11-11,1612984.9300385371
2014-11-12,1611203.7116319675
2014-11-13,1606979.6109295506
2014-11-14,1610047.888061998
2014-11-16,1603390.406584254
2014-11-17,1588879.3335112953
2014-11-18,1599326.9640361383
2014-11-19,1598364.6347313584
2014-11-20,1596166.3548783544
2014-11-21,1602660.5951485573
2014-11-23,1605325.2747872276
2014-11-24,1603214.48202887
2014-11-25,1593720.9858042253
2014-11-26,1594601.1378550967
2014-11-27,1594601.1378550967
2014-11-28,1591888.5377237832
2014-11-30,1575187.9910422303
2014-12-01,1576830.64346252
2014-12-02,1575613.3713567946
2014-12-03,1586119.7886840655
2014-12-04,1596177.4519362254
2014-12-05,1596580.0340820374
2014-12-07,1586867.002558126
2014-12-08,1561911.8045878955
2014-12-09,1548194.3177086464
2014-12-10,1521878.0974109324
2014-12-11,1510657.0004698792
2014-12-12,1498721.480967534
2014-12-14,1479117.151377518
2014-12-15,1459073.6058177543
2014-12-16,1412332.4011042984
2014-12-17,1458722.287467838
2014-12-18,1539453.8283703588
2014-12-19,1542000.9699627976
2014-12-21,1540451.4617666374
2014-12-22,1538530.367487912
2014-12-23,1535266.880984061
2014-12-24,1551155.556114145
2014-12-25,1546209.8012078754
2014-12-26,1551312.2196653578
2014-12-28,1558224.4639768368
2014-12-29,1551156.728590736
2014-12-30,1524454.0188537335
2014-12-31,1495187.1791262561
2015-01-01,1500177.562157249
2015-01-02,1497247.0478507394
2015-01-04,1504083.8879997977
2015-01-05,1479347.365423177
2015-01-06,1471493.6359159248
2015-01-07,1485422.8605961765
2015-01-08,1512487.848768577
2015-01-09,1507279.1501814176
2015-01-11,1522330.798795709
2015-01-12,1525261.636571942
2015-01-13,1535538.197732383
2015-01-14,1533591.4758637813
2015-01-15,1516251.3960350219
2015-01-16,1525799.086551185
2015-01-18,1521743.0281298412
2015-01-19,1520825.5740417526
2015-01-20,1512360.860926391
2015-01-21,1507559.0552653954
2015-01-22,1522085.8721096946
2015-01-23,1520509.4591582543
2015-01-26,1526041.5388933227
2015-01-27,1525809.637689189
2015-01-28,1529818.4025310795
2015-01-29,1532811.255631694
2015-01-30,1522517.1603673624
2015-02-01,1534185.9170177372
2015-02-02,1542560.4380622495
2015-02-03,1563609.6544453711
2015-02-04,1551909.9842437776
2015-02-05,1566452.9590340368
2015-02-06,1557274.0112345405
2015-02-08,1564718.4098523026
2015-02-09,1573605.1388160833
2015-02-10,1573594.394935745
2015-02-11,1566612.3022158933
2015-02-12,1587873.886523446
2015-02-13,1595366.2791994791
2015-02-15,1603258.351158755
2015-02-16,1598617.627512619
2015-02-17,1604079.3200845176
2015-02-18,1609032.752939986
2015-02-19,1603128.9536794608
2015-02-20,1610747.0415012047
2015-02-22,1609351.3858666064
2015-02-23,1596780.8192123033
2015-02-24,1607381.7582588003
2015-02-25,1607349.0575049086
2015-02-26,1612797.5016709226
2015-02-27,1610769.981810411
2015-03-01,1613710.5678066225
2015-03-02,1621612.5357951466
2015-03-03,1626144.7752554645
2015-03-04,1621488.837205721
2015-03-05,1625198.4861214552
2015-03-06,1612573.711953794
2015-03-08,1612343.1702098507
2015-03-09,1615962.094714558
2015-03-10,1599243.1385683583
2015-03-11,1595211.9277433618
2015-03-12,1602273.2725583022
2015-03-13,1596658.7590798493
2015-03-15,1587186.8046333748
2015-03-16,1590423.222861506
2015-03-17,1586323.4227975504
2015-03-18,1593169.7132300318
2015-03-19,1589470.4570960558
2015-03-20,1603153.4265139583
2015-03-22,1610412.867705186
2015-03-23,1607237.1726971108
2015-03-24,1609141.5061959187
2015-03-25,1574982.6119871591
2015-03-26,1569553.3746861855
2015-03-27,1572311.2060743826
2015-03-29,1578647.3268065606
2015-03-30,1579130.8362071866
2015-03-31,1560557.230016491
2015-04-01,1566100.5938653843
2015-04-02,1565378.6671010328
2015-04-05,1557101.068728236
2015-04-06,1569748.9539131955
2015-04-07,1576280.4845857015
2015-04-08,1588323.5089462216
2015-04-09,1592397.2063915788
2015-04-10,1595307.8721658704
2015-04-12,1596336.2079730341
2015-04-13,1601718.1277474486
2015-04-14,1590300.919017469
2015-04-15,1615170.6177651987
2015-04-16,1621370.057331709
2015-04-17,1606571.0925343155
2015-04-19,1633100.2347926707
2015-04-20,1646636.724149357
2015-04-21,1652119.0842358228
2015-04-22,1656440.3334633047
2015-04-23,1661345.7994529603
2015-04-24,1670469.2949336919
2015-04-26,1677054.1835392686
2015-04-27,1675618.054570199
2015-04-28,1671811.1959939017
2015-04-29,1663227.110594849
2015-04-30,1651706.455078579
2015-05-01,1661842.7745867702
2015-05-03,1668387.4708873157
2015-05-04,1671994.6540655782
2015-05-05,1655863.2469079252
2015-05-06,1652169.2312680609
2015-05-07,1646368.8453612
2015-05-08,1662533.9972611142
2015-05-10,1662800.7602362921
2015-05-11,1655258.55131531
2015-05-12,1663398.1950772307
2015-05-13,1677751.2419870775
2015-05-14,1700782.8011882016
2015-05-15,1702275.099890381
2015-05-17,1708907.29245758
2015-05-18,1706992.2105906745
2015-05-19,1704117.512863603
2015-05-20,1696597.0788439552
2015-05-21,1704329.8093899284
2015-05-22,1701396.8281910957
2015-05-24,1698516.7006936953
2015-05-25,1702963.547974903
2015-05-26,1689458.8303614208
2015-05-27,1698517.4047295405
2015-05-28,1694328.0730789332
2015-05-29,1685655.8560420126
2015-05-31,1682384.7391131765
2015-06-01,1685425.1989025786
2015-06-02,1684830.560893305
2015-06-03,1684953.5015594978
2015-06-04,1674534.8878496732
2015-06-05,1668517.6841835557
2015-06-07,1659067.1492481995
2015-06-08,1647397.1057977516
2015-06-09,1648460.765621433
2015-06-10,1668877.7378495454
2015-06-11,1667283.0158979648
2015-06-12,1659642.1419139164
2015-06-14,1669000.0753365457
2015-06-15,1658312.2633833727
2015-06-16,1664339.763528309
2015-06-17,1671147.6889970368
2015-06-18,1677460.4310349966
2015-06-19,1672426.8535188676
2015-06-21,1662063.2180429806
2015-06-22,1663809.3445486783
2015-06-23,1661702.6589634977
2015-06-24,1652680.9879243518
2015-06-25,1658894.7860368008
2015-06-26,1654504.8288041882
2015-06-28,1650495.7742724796
2015-06-29,1617057.6952953755
2015-06-30,1619843.4330585538
2015-07-01,1631138.9078736398
2015-07-02,1631475.0691522816
2015-07-05,1630399.61377439
2015-07-06,1613672.510413334
2015-07-07,1606984.2996444912
2015-07-08,1588208.4726249916
2015-07-09,1609478.9049729733
2015-07-10,1631684.2686726132
2015-07-12,1625984.662172921
2015-07-13,1647073.936587514
2015-07-14,1664734.7259866237
2015-07-15,1677573.0846485244
2015-07-16,1689667.4510745336
2015-07-17,1695684.304196022
2015-07-19,1695684.304196022
2015-07-20,1697337.9434735742
2015-07-21,1696238.7322550472
2015-07-22,1693509.798983051
2015-07-23,1692300.9118923577
2015-07-24,1680388.8754811862
2015-07-26,1671963.1217323046
2015-07-27,1648395.1651852953
2015-07-28,1664536.5465953513
2015-07-29,1677610.7712239684
2015-07-30,1667711.3045377096
2015-07-31,1670126.4963603062
2015-08-02,1658005.9274246749
2015-08-03,1655261.792597637
2015-08-04,1652445.492744371
2015-08-05,1664972.245189555
2015-08-06,1644765.6058173925
2015-08-07,1643349.5422686448
2015-08-09,1648273.4777251198
2015-08-10,1665472.2100915085
2015-08-11,1645672.2858616463
2015-08-12,1644157.3962748938
2015-08-13,1642431.025793246
2015-08-14,1643758.7781846186
2015-08-16,1635471.023325663
2015-08-17,1638954.7785879984
2015-08-18,1614147.493810515
2015-08-19,1592708.8668309604
2015-08-20,1564090.6784437955
2015-08-21,1530343.3965013197
2015-08-23,1495597.2872982111
2015-08-24,1434754.889169927
2015-08-25,1479725.9418182597
2015-08-26,1494707.6830008258
2015-08-27,1522300.7733170441
2015-08-28,1520635.2722327798
2015-08-30,1523579.3674947668
2015-08-31,1503712.327709213
2015-09-01,1467503.3015498652
2015-09-02,1484951.7483818193
2015-09-03,1487033.3991296978
2015-09-04,1470585.7247026481
2015-09-06,1479709.022067912
2015-09-07,1487457.2051622958
2015-09-08,1515070.008518638
2015-09-09,1517041.780248228
2015-09-10,1523179.7642231968
2015-09-11,1525793.1028719288
2015-09-13,1521377.5399351225
2015-09-14,1512184.8528221676
2015-09-15,1528043.787766038
2015-09-16,1538140.8728176677
2015-09-17,1539732.8089959556
2015-09-18,1521906.6050897501
2015-09-20,1521845.1503840755
2015-09-21,1529887.6840207158
2015-09-22,1511239.319538226
2015-09-23,1508770.841800788
2015-09-24,1504989.918195972
2015-09-25,1504558.8861989672
2015-09-27,1504558.8861989672
2015-09-28,1481709.5672771118
2015-09-29,1466530.249822624
2015-09-30,1486306.1969615053
2015-10-01,1477679.421917641
2015-10-02,1493678.020387792
2015-10-04,1496777.5296099426
2015-10-05,1521114.2129976049
2015-10-06,1524107.2059597387
2015-10-07,1539843.8127309657
2015-10-08,1550723.2682159941
2015-10-09,1553817.0293740863
2015-10-11,1558934.4462952327
2015-10-12,1561816.6827304673
2015-10-13,1562704.1796248956
2015-10-14,1564944.9884664386
2015-10-15,1578797.6209245059
2015-10-16,1580856.2862872719
2015-10-18,1593575.1625516715
2015-10-19,1592881.4474765828
2015-10-20,1585185.1790520477
2015-10-21,1551257.702248914
2015-10-22,1568199.9600446438
2015-10-23,1586222.7581020833
2015-10-25,1580363.6869028867
2015-10-26,1579607.4404293266
2015-10-27,1565284.502769456
2015-10-28,1570324.4721563323
2015-10-29,1565286.9506833928
2015-10-30,1562697.223577451
2015-11-01,1554558.9533963038
2015-11-02,1562060.792992754
2015-11-03,1554213.2410375986
2015-11-04,1559955.101141727
2015-11-05,1550827.4386314647
2015-11-06,1547769.3311455855
2015-11-08,1540385.353567807
2015-11-09,1534737.2251881987
2015-11-10,1528333.0956928087
2015-11-11,1563442.5061486291
2015-11-12,1559654.2638904238
2015-11-13,1546517.246546161
2015-11-15,1531567.6036611826
2015-11-16,1547669.9759728333
2015-11-17,1543543.8213275254
2015-11-18,1558156.3230267179
2015-11-19,1570189.8243731915
2015-11-20,1573101.406357325
2015-11-22,1577734.2942472352
2015-11-23,1569721.52518435
2015-11-24,1571188.2497004292
2015-11-25,1572497.8358950939
2015-11-26,1574060.4789011378
2015-11-27,1572907.2403620814
2015-11-29,1572602.991850351
2015-11-30,1568117.491970263
2015-12-01,1583803.2893298117
2015-12-02,1577691.7736797207
2015-12-03,1562952.4094838537
2015-12-04,1577391.6997788376
2015-12-06,1573682.2465941282
2015-12-07,1560445.9493162744
2015-12-08,1544635.0705825046
2015-12-09,1540220.628831019
2015-12-10,1540693.206291919
2015-12-11,1520360.1711766357
2015-12-13,1509135.1693848795
2015-12-14,1514724.3712895548
2015-12-15,1526175.970837153
2015-12-16,1558610.3309299357
2015-12-17,1567324.978812636
2015-12-18,1554487.8525728197
2015-12-20,1540833.8263255951
2015-12-21,1546833.5162818949
2015-12-22,1554850.8029094536
2015-12-23,1556595.1242348219
2015-12-24,1562505.4266469646
2015-12-27,1567426.2082974454
2015-12-28,1571721.7203395888
2015-12-29,1581141.8116818785
2015-12-30,1575690.2940859383
2015-12-31,1565041.5338002676
2016-01-03,1567123.2128405361
2016-01-04,1543443.2987422645
2016-01-05,1550744.3482130277
2016-01-06,1527699.3437494612
2016-01-07,1479777.931591021
2016-01-08,1470495.12570047
2016-01-10,1463840.0513976775
2016-01-11,1471982.3962771138
2016-01-12,1470153.8863041496
2016-01-13,1444400.3984382863
2016-01-14,1451162.8717564181
2016-01-15,1420450.9995241682
2016-01-17,1399402.7397564547
2016-01-18,1409518.2765053618
2016-01-19,1417266.1978075586
2016-01-20,1392126.8079475996
2016-01-21,1390992.4761194983
2016-01-22,1416707.0181773393
2016-01-24,1438033.855915939
2016-01-25,1417908.1749085747
2016-01-26,1426071.7289878402
2016-01-27,1415885.3427235195
2016-01-28,1428628.5194424195
2016-01-29,1447661.1958868518
2016-01-31,1459026.8988029403
2016-02-01,1463607.0909582796
2016-02-02,1439911.7986953373
2016-02-03,1446629.51922889
2016-02-04,1458177.3251318655
2016-02-05,1436880.2885303812
2016-02-07,1437711.5741949764
2016-02-08,1429599.8730577738
2016-02-09,1422159.079915701
2016-02-10,1422213.0595568763
2016-02-11,1415135.6347050802
2016-02-12,1428380.3512025503
2016-02-14,1429553.1426308835
2016-02-15,1438342.6384013696
2016-02-16,1460674.331904565
2016-02-17,1479488.0879328507
2016-02-18,1477452.3666859192
2016-02-19,1477450.4395294657
2016-02-21,1480446.0363669577
2016-02-22,1497165.343152001
2016-02-23,1482644.8734982442
2016-02-24,1485318.8110066075
2016-02-25,1498782.1223275182
2016-02-26,1496637.2202673662
2016-02-28,1499858.7896579306
2016-02-29,1489595.1468447081
2016-03-01,1518069.1532617575
2016-03-02,1515755.0436202295
2016-03-03,1518835.641787921
2016-03-04,1524152.1999698314
2016-03-06,1533466.1896354826
2016-03-07,1528959.1566847097
2016-03-08,1521004.0969817087
2016-03-09,1523633.885959664
2016-03-10,1521863.4106871367
2016-03-11,1541712.572989511
2016-03-13,1543460.7354307286
2016-03-14,1542089.7091789134
2016-03-15,1535913.1883982462
2016-03-16,1550566.4756174549
2016-03-17,1560336.7300832272
2016-03-18,1560820.2240405409
2016-03-20,1563504.4940371758
2016-03-21,1565421.4205930934
2016-03-22,1567297.1232531946
2016-03-23,1558785.411427868
2016-03-24,1536009.4011868504
2016-03-27,1535479.6611321212
2016-03-28,1537175.1979411722
2016-03-29,1534140.3282151837
2016-03-30,1549786.7052760515
2016-03-31,1542537.5236976293
2016-04-01,1543579.9377912306
2016-04-03,1528801.351843562
2016-04-04,1535993.3074103696
2016-04-05,1520676.9723306347
2016-04-06,1533079.6933679127
2016-04-07,1524068.2007812578
2016-04-08,1532371.9153478192
2016-04-10,1539686.2205176922
2016-04-11,1537054.0230813746
2016-04-12,1553981.996500253
2016-04-13,1572317.8352568743
2016-04-14,1585655.2041979115
2016-04-15,1582912.3334954698
2016-04-17,1580433.757289411
2016-04-18,1585320.9568652418
2016-04-19,1595735.330214442
2016-04-20,1593946.9374289822
2016-04-21,1596715.551844999
2016-04-22,1589386.9896240025
2016-04-24,1595573.943031054
2016-04-25,1620209.2001543595
2016-04-26,1602581.652571517
2016-04-27,1606126.0470079863
2016-04-28,1593228.9636396416
2016-04-29,1589285.1048705743
2016-05-01,1585229.1138724177
2016-05-02,1592629.4439934
2016-05-03,1581220.5663952122
2016-05-04,1564957.5191176378
2016-05-05,1570525.8721586652
2016-05-06,1573995.592447647
2016-05-08,1574799.3351598163
2016-05-09,1578201.7373108831
2016-05-10,1588253.4588242676
2016-05-11,1584877.0494484024
2016-05-12,1582935.6140211776
2016-05-13,1574911.1854622255
2016-05-15,1574914.3909208172
2016-05-16,1587430.4382165635
2016-05-17,1579467.2216400243
2016-05-18,1580061.9704863287
2016-05-19,1571388.531035796
2016-05-20,1580062.8313144017
2016-05-22,1575986.8309787838
2016-05-23,1568142.841520135
2016-05-24,1583346.3960399097
2016-05-25,1595667.9122587387
2016-05-26,1594027.6982023197
2016-05-27,1595744.3653007403
2016-05-29,1593671.9154605821
2016-05-30,1592973.5380293264
2016-05-31,1594852.557341468
2016-06-01,1593562.1783207692
2016-06-02,1593236.1434443188
2016-06-03,1595425.1976809213
2016-06-05,1592022.9012127956
2016-06-06,1600996.8808086298
2016-06-07,1605695.9140806072
2016-06-08,1612726.8564617322
2016-06-09,1603776.6943980898
2016-06-10,1585321.6451033633
2016-06-12,1583991.9832442608
2016-06-13,1576716.0823589757
2016-06-14,1574284.1693702028
2016-06-15,1581089.4250601993
2016-06-16,1576679.8590536262
2016-06-17,1575131.5513792117
2016-06-19,1572335.852604709
2016-06-20,1591268.2559170166
2016-06-21,1598433.1296328907
2016-06-22,1598351.2924507791
2016-06-23,1619699.7957743849
2016-06-24,1560986.8645539493
2016-06-26,1552015.4436724335
2016-06-27,1528623.1000976483
2016-06-28,1552031.6684306837
2016-06-29,1574609.2593342534
2016-06-30,1587430.1625329354
2016-07-01,1591176.435903469
2016-07-03,1591177.4226494115
2016-07-04,1591178.4094728972
2016-07-05,1579317.5681467773
2016-07-06,1582362.9443709436
2016-07-07,1582227.8153006868
2016-07-08,1596871.9066575381
2016-07-10,1604865.996471135
2016-07-11,1609864.572616346
2016-07-12,1619966.4362604085
2016-07-13,1618148.8642883247
2016-07-14,1628630.2644976224
2016-07-15,1625465.31259035
2016-07-17,1624190.1232187594
2016-07-18,1630703.8487442578
2016-07-19,1621846.2066833908
2016-07-20,1629948.771744905
2016-07-21,1626464.1620740623
2016-07-22,1628931.007398791
2016-07-24,1622467.1282016924
2016-07-25,1619192.6561363772
2016-07-26,1621600.5318234772
2016-07-27,1620298.6239629614
2016-07-28,1616076.5794527694
2016-07-29,1622042.5103797605
2016-07-31,1626134.7000513244
2016-08-01,1630733.6714071361
2016-08-02,1615825.895724182
2016-08-03,1618003.439610749
2016-08-04,1620620.2479903153
2016-08-05,1627206.6919448534
2016-08-07,1631417.1473268569
2016-08-08,1633371.2302560522
2016-08-09,1641365.9004505803
2016-08-10,1638291.3111495757
2016-08-11,1641640.6085406817
2016-08-12,1640493.6266087191
2016-08-14,1640557.631686415
2016-08-15,1642698.9132796067
2016-08-16,1631564.8848702477
2016-08-17,1623965.0220683694
2016-08-18,1624871.4069791962
2016-08-19,1621670.9059643913
2016-08-21,1617460.545529293
2016-08-22,1607018.6721391222
2016-08-23,1614874.432562883
2016-08-24,1610101.3662966886
2016-08-25,1601009.7426673665
2016-08-26,1598546.0997109523
2016-08-28,1605712.7703543215
2016-08-29,1608699.3731131596
2016-08-30,1613479.9913317205
2016-08-31,1614960.93107223
2016-09-01,1619402.625514065
2016-09-02,1625930.7859900864
2016-09-04,1628913.046574873
2016-09-05,1631945.1638389926
2016-09-06,1637971.7453288983
2016-09-07,1637471.9597525955
2016-09-08,1634793.2280584748
2016-09-09,1612639.9594057926
2016-09-11,1612639.9594057926
2016-09-12,1624704.2567677076
2016-09-13,1610121.0639844115
2016-09-14,1612528.9831518463
2016-09-15,1624004.1957436376
2016-09-16,1618552.4396801773
2016-09-18,1607592.3195252393
2016-09-19,1591521.4596210404
2016-09-20,1594874.4686251876
2016-09-21,1604958.1581804077
2016-09-22,1613084.5444382913
2016-09-23,1605289.1067586183
2016-09-25,1611403.0254075679
2016-09-26,1606008.332315344
2016-09-27,1590502.675665691
2016-09-28,1571608.162905711
2016-09-29,1581619.521365719
2016-09-30,1587781.9157179133
2016-10-02,1582805.1327307764
2016-10-03,1559875.4422559328
2016-10-04,1577053.7355689795
2016-10-05,1573928.2594256818
2016-10-06,1578125.3881437306
2016-10-07,1574634.0284407523
2016-10-09,1552970.016846007
2016-10-10,1566760.7203695779
2016-10-11,1569185.561961053
2016-10-12,1568745.8236527052
2016-10-13,1558424.9836362153
2016-10-14,1559826.9116621166
2016-10-16,1556509.1092169406
2016-10-17,1552925.7808184794
2016-10-18,1563847.5455144
2016-10-19,1570159.871926212
2016-10-20,1587572.6179481754
2016-10-21,1588413.6270701261
2016-10-23,1601217.487376951
2016-10-24,1606995.3267422896
2016-10-25,1627684.5969207445
2016-10-26,1630018.0634992032
2016-10-27,1627648.704773222
2016-10-28,1624022.495496084
2016-10-30,1625732.015387554
2016-10-31,1629113.054179174
2016-11-01,1630136.9426602623
2016-11-02,1627766.4760444672
2016-11-03,1633444.1731915358
2016-11-04,1628076.4106457373
2016-11-06,1637237.1443955703
2016-11-07,1669152.1875407067
2016-11-08,1690076.3996158638
2016-11-09,1691293.9058425296
2016-11-10,1696192.1905193315
2016-11-11,1692564.4386904775
2016-11-13,1706353.0248468118
2016-11-14,1697371.8007640732
2016-11-15,1696233.7921033062
2016-11-16,1713378.4470501659
2016-11-17,1714108.25877821
2016-11-18,1708968.2881966059
2016-11-20,1695147.906165016
2016-11-21,1691501.8991523841
2016-11-22,1709939.4140584178
2016-11-23,1726314.8122068977
2016-11-24,1735534.7478169417
2016-11-25,1738442.377730703
2016-11-27,1746126.367358997
2016-11-28,1752772.074144561
2016-11-29,1754757.7222539347
2016-11-30,1752042.1317580394
2016-12-01,1743306.9769416994
2016-12-02,1745445.88023918
2016-12-04,1743048.5163093777
2016-12-05,1749493.857262658
2016-12-06,1754674.367093427
2016-12-07,1764166.3583497312
2016-12-08,1766942.8432704844
2016-12-09,1771986.294190654
2016-12-11,1773480.542013226
2016-12-12,1767580.5768672316
2016-12-13,1779901.6123119076
2016-12-14,1771569.0897444608
2016-12-15,1773303.8043362426
2016-12-16,1770727.636255331
2016-12-18,1769054.3828429156
2016-12-19,1770688.3157738512
2016-12-20,1772485.2984370594
2016-12-21,1774216.590900938
2016-12-22,1768527.4742389084
2016-12-23,1769841.5670573455
2016-12-25,1771144.781879391
2016-12-26,1771150.7889020503
2016-12-27,1772526.233715308
2016-12-28,1767720.595730424
2016-12-29,1768109.4883168484
2016-12-30,1762968.2387429853
2017-01-01,1761457.9807327546
2017-01-02,1771109.330577644
2017-01-03,1775232.119328193
2017-01-04,1779295.0770560615
2017-01-05,1785521.522119866
2017-01-06,1788248.0482257393
2017-01-08,1785595.6265307805
2017-01-09,1791126.019950739
2017-01-10,1780211.5031135723
2017-01-11,1771885.5370422788
2017-01-12,1771833.5749243165
2017-01-13,1775298.327227613
2017-01-15,1769993.5257911247
2017-01-16,1764504.8924394073
2017-01-17,1763166.9762320728
2017-01-18,1764966.3445124764
2017-01-19,1762467.4900796376
2017-01-20,1766050.0891724145
2017-01-22,1771354.7857253281
2017-01-23,1780764.6459136307
2017-01-24,1796643.9992469228
2017-01-25,1813589.9449139228
2017-01-26,1811365.5024108475
2017-01-27,1811527.4672281425
2017-01-29,1816425.9862559661
2017-01-30,1806531.5403256873
2017-01-31,1801346.3860195396
2017-02-01,1807571.745174476
2017-02-02,1806403.8287574647
2017-02-03,1810409.206351493
2017-02-05,1804680.192499117
2017-02-06,1800722.223517009
2017-02-07,1797260.284533136
2017-02-08,1795658.2560103415
2017-02-09,1794897.2433450476
2017-02-10,1798831.723132868
2017-02-12,1797426.919077165
2017-02-13,1805708.5951701617
2017-02-14,1804066.2758957737
2017-02-15,1809921.0155117607
2017-02-16,1825812.1782326116
2017-02-17,1826880.4408386154
2017-02-19,1826934.74524999
2017-02-20,1816934.6753127845
2017-02-21,1823419.7951780157
2017-02-22,1823793.010574426
2017-02-23,1819617.1243312184
2017-02-24,1816243.962674545
2017-02-26,1816245.0313254148
2017-02-27,1812326.0845693685
2017-02-28,1809034.1910160542
2017-03-01,1815806.7027640075
2017-03-02,1813390.316343481
2017-03-03,1817068.3831073612
2017-03-05,1815530.4829108377
2017-03-06,1813163.5758932924
2017-03-07,1811107.7130075393
2017-03-08,1804911.3392723103
2017-03-09,1805858.0049773331
2017-03-10,1812200.561460933
2017-03-12,1812200.561460933
2017-03-13,1814826.9187184172
2017-03-14,1814249.8343073165
2017-03-15,1833368.962968796
2017-03-16,1845236.512668676
2017-03-17,1845373.8958035568
2017-03-19,1851392.639494548
2017-03-20,1849173.6903219612
2017-03-21,1833000.073369815
2017-03-22,1834882.7047504298
2017-03-23,1841971.435568154
2017-03-24,1844480.171013458
2017-03-26,1841324.634574756
2017-03-27,1841608.6437644768
2017-03-28,1842098.4634560207
2017-03-29,1845447.3083907394
2017-03-30,1850343.2770254891
2017-03-31,1848229.797663614
2017-04-03,1847849.320570747
2017-04-04,1849130.5842518136
2017-04-05,1856501.8691069724
2017-04-06,1867520.1625724663
2017-04-07,1866595.0790392663
2017-04-09,1869546.480708258
2017-04-10,1872170.1856477058
2017-04-11,1865421.3948942209
2017-04-12,1876197.7932667565
2017-04-13,1872009.7487126922
2017-04-16,1859621.1134376982
2017-04-17,1866759.733296736
2017-04-18,1853073.7994685133
2017-04-19,1854446.764373412
2017-04-20,1861922.3039801258
2017-04-21,1862013.666148788
2017-04-23,1861981.373393235
2017-04-24,1877640.2666185356
2017-04-25,1871506.2920235638
2017-04-26,1872138.9123271108
2017-04-27,1873696.0383195295
2017-04-28,1874672.059074042
2017-04-30,1879250.9319102697
2017-05-01,1888466.5761970372
2017-05-02,1892600.3026601041
2017-05-03,1892020.648547492
2017-05-04,1888072.1985478066
2017-05-05,1895056.170430808
2017-05-07,1896390.5360682935
2017-05-08,1899611.3695180812
2017-05-09,1901766.643808636
2017-05-10,1911162.1895026362
2017-05-11,1905414.9962054105
2017-05-12,1909253.9769055191
2017-05-14,1902820.2532387183
2017-05-15,1914192.9126751784
2017-05-16,1923343.403734308
2017-05-17,1905842.1340501874
2017-05-18,1907394.725473461
2017-05-19,1916767.7808295677
2017-05-21,1923126.2065220731
2017-05-22,1928840.0188621304
2017-05-23,1926050.6860000042
2017-05-24,1923576.0263771575
2017-05-25,1925331.3030572454
2017-05-26,1925623.6241596243
2017-05-28,1919415.5165543368
2017-05-29,1923996.3231360242
2017-05-30,1925209.9580726984
2017-05-31,1924954.5641681217
2017-06-01,1929012.6485475753
2017-06-02,1939988.9163623962
2017-06-04,1945935.708367155
2017-06-05,1951110.0421445519
2017-06-06,1951405.866950137
2017-06-07,1957642.6325741585
2017-06-08,1944603.6258516947
2017-06-09,1928204.8897817244
2017-06-11,1925719.2939009166
2017-06-12,1919988.893910808
2017-06-13,1928927.2358503153
2017-06-14,1925095.5865410436
2017-06-15,1915869.9046796833
2017-06-16,1917391.5570542861
2017-06-18,1920967.0966458423
2017-06-19,1964879.6475624805
2017-06-20,1940354.2777714618
2017-06-21,2016418.4111895435
2017-06-22,2022085.5482087575
2017-06-23,2025521.28439574
2017-06-25,2025521.28439574
2017-06-26,2024227.2212399046
2017-06-27,2013322.7564718593
2017-06-28,2025961.225458414
2017-06-29,2010605.1474689173
2017-06-30,2011708.0575741017
2017-07-02,2014666.3632111177
2017-07-03,2005809.8722179797
2017-07-04,1973160.966418101
2017-07-05,1975572.048184894
2017-07-06,1960006.2700310426
2017-07-07,1966458.9711866083
2017-07-09,1958739.7972624083
2017-07-10,1964133.5099129218
2017-07-11,1973559.2301842105
2017-07-12,1989119.391730198
2017-07-13,1997198.7813900872
2017-07-14,2005981.519514788
2017-07-16,2007773.4375712574
2017-07-17,2006022.321067058
2017-07-18,2006747.2078129235
2017-07-19,2014587.9084247395
2017-07-20,2022988.9811904589
2017-07-21,2020967.1225219453
2017-07-23,2014372.6376554398
2017-07-24,2014249.4325713678
2017-07-25,2013861.1729844585
2017-07-26,2013055.672992718
2017-07-27,2005623.1070684965
2017-07-28,2005459.3291939448
2017-07-30,2000653.2912106232
2017-07-31,2000772.694663196
2017-08-01,2003607.3472766853
2017-08-02,2005723.8930613096
2017-08-03,1998623.024025836
2017-08-04,2000659.4725169304
2017-08-06,2001279.3248689529
2017-08-07,2021225.3011157762
2017-08-08,2021504.4668738693
2017-08-09,2010719.8702739938
2017-08-10,1989969.1742585266
2017-08-11,1994251.527233719
2017-08-13,1994643.1698312724
2017-08-14,2006028.19943495
2017-08-15,2004307.8700823952
2017-08-16,2014719.5530645056
2017-08-17,1999340.9766789982
2017-08-18,2000547.177282145
2017-08-20,2006269.0277974687
2017-08-21,2012569.6518143576
2017-08-22,2034618.084303345
2017-08-23,2040628.5546459923
2017-08-24,2033128.20310246
2017-08-25,2035668.937761294
2017-08-27,2035611.887078837
2017-08-28,2041604.6886208793
2017-08-29,2041421.8088209983
2017-08-30,2047236.562100979
2017-08-31,2058111.1993379563
2017-09-01,2058908.04484115
2017-09-03,2058909.204944947
2017-09-04,2058910.3651399103
2017-09-05,2049011.252788006
2017-09-06,2054589.607748035
2017-09-07,2067665.8345265929
2017-09-08,2062282.18719139
2017-09-10,2060959.6681345263
2017-09-11,2074677.957250681
2017-09-12,2080795.5596927851
2017-09-13,2079585.5015936242
2017-09-14,2061682.004116389
2017-09-15,2064704.091997195
2017-09-17,2060021.0472624484
2017-09-18,2062682.0580167475
2017-09-19,2064938.219074329
2017-09-20,2062308.9170779693
2017-09-21,2057675.6330877636
2017-09-22,2057859.4585911578
2017-09-24,2057860.6203370516
2017-09-25,2018461.1141728307
2017-09-26,2011828.825572846
2017-09-27,2021060.5605010581
2017-09-28,2029264.1195742819
2017-09-29,2037212.277090025
2017-10-01,2032861.821241287
2017-10-02,2029705.110686223
2017-10-03,2034052.3845215125
2017-10-04,2044905.213868727
2017-10-05,2048211.7108439463
2017-10-06,2048616.7343676505
2017-10-08,2039229.94304586
2017-10-09,2022122.465067643
2017-10-10,2025913.721862907
2017-10-11,2027393.090897805
2017-10-12,2038826.1016945802
2017-10-13,2044699.8276431095
2017-10-15,2034183.9390939754
2017-10-16,2036129.783256871
2017-10-17,2037240.6791057694
2017-10-18,2035557.0347485235
2017-10-19,2036543.968961672
2017-10-20,2037897.820680363
2017-10-22,2036694.8128179128
2017-10-23,2018315.7219808504
2017-10-24,2028780.0316421508
2017-10-25,2022489.9380243346
2017-10-26,2005451.415743039
2017-10-27,2026251.7986695077
2017-10-29,2042173.9277810596
2017-10-30,2045094.8668369213
2017-10-31,2049934.2001514211
2017-11-01,2056799.3185092078
2017-11-02,2054391.1472649288
2017-11-03,2059114.858081956
2017-11-05,2060978.1945659763
2017-11-06,2066528.1235859827
2017-11-07,2070678.246350036
2017-11-08,2073303.5614831895
2017-11-09,2065997.8674827986
2017-11-10,2064401.7184383422
2017-11-12,2063748.4307852616
2017-11-13,2063380.7873015362
2017-11-14,2058940.487977622
2017-11-15,2045763.7004328596
2017-11-16,2065341.2545712958
2017-11-17,2062005.3582911184
2017-11-19,2061487.1661611518
2017-11-20,2057100.6474338712
2017-11-21,2067872.638323589
2017-11-22,2072488.810155307
2017-11-23,2075063.4785578777
2017-11-24,2080315.374692299
2017-11-26,2083446.9959657271
2017-11-27,2076198.3655249868
2017-11-28,2083013.3694379586
2017-11-29,2066142.4089606586
2017-11-30,2073431.1578262462
2017-12-01,2069104.264978802
2017-12-03,2077897.3118721168
2017-12-04,2068979.120507907
2017-12-05,2065391.9240037112
2017-12-06,2062147.614510309
2017-12-07,2066134.38738461
2017-12-08,2073060.8585740493
2017-12-10,2068664.2445066376
2017-12-11,2071323.808308571
2017-12-12,2072875.006630043
2017-12-13,2074734.6720117321
2017-12-14,2072524.5502600397
2017-12-15,2079289.938278312
2017-12-17,2079315.2706073183
2017-12-18,2100005.3025737223
2017-12-19,2093118.3256488447
2017-12-20,2093343.1123727362
2017-12-21,2094938.0354547126
2017-12-22,2096073.857094736
2017-12-24,2092842.8356249072
2017-12-25,2092171.3571744224
2017-12-26,2089618.1325286457
2017-12-27,2091058.3268609196
2017-12-28,2096129.1078864185
2017-12-29,2093096.5914440274
2017-12-31,2092461.786891027
2018-01-01,2092537.2038779259
2018-01-02,2100507.7803257448
2018-01-03,2122217.432539872
2018-01-04,2136098.036304109
2018-01-05,2146225.6827473873
2018-01-07,2152673.3670411333
2018-01-08,2159183.3146410957
2018-01-09,2156216.993836839
2018-01-10,2153486.214805121
2018-01-11,2166301.2369452603
2018-01-12,2177080.4111838685
2018-01-14,2186685.5627843314
2018-01-15,2188561.360062333
2018-01-16,2197670.036642196
2018-01-17,2205817.0855690585
2018-01-18,2211012.5804214356
2018-01-19,2215914.9456216954
2018-01-21,2218516.4982285704
2018-01-22,2228053.7575923568
2018-01-23,2241205.9489713833
2018-01-24,2236461.5821313355
2018-01-25,2242733.646030434
2018-01-26,2259203.3503550417
2018-01-28,2273248.1232278207
2018-01-29,2266085.8308316884
2018-01-30,2263658.2579900012
2018-01-31,2278510.011736854
2018-02-01,2280907.4064766658
2018-02-02,2252632.695574052
2018-02-04,2245825.9468705817
2018-02-05,2192189.8116935496
2018-02-06,2206744.4039980243
2018-02-07,2178807.1851057573
2018-02-08,2131082.726384584
2018-02-09,2146922.2323511303
2018-02-11,2148156.0890687024
2018-02-12,2179315.8149116756
2018-02-13,2179812.908780508
2018-02-14,2206896.4698419366
2018-02-15,2244850.1673123795
2018-02-16,2242719.414211523
2018-02-18,2252668.3868476534
2018-02-19,2256376.039801048
2018-02-20,2254277.180314765
2018-02-21,2247137.4319264106
2018-02-22,2246633.7407415197
2018-02-23,2267029.7912333226
2018-02-25,2262691.4530785605
2018-02-26,2271584.312766149
2018-02-27,2256041.1617843895
2018-02-28,2240534.7203713153
2018-03-01,2226963.5140995234
2018-03-02,2235143.965469388
2018-03-04,2240444.616347652
2018-03-05,2245846.7312608594
2018-03-06,2267999.622728273
2018-03-07,2272655.96046769
2018-03-08,2290061.386353081
2018-03-09,2308986.814644234
2018-03-11,2339293.4505488924
2018-03-12,2339492.656147786
2018-03-13,2325111.501358259
2018-03-14,2316984.6407047086
2018-03-15,2310280.6680224626
2018-03-16,2307015.2552950853
2018-03-18,2296900.087395257
2018-03-19,2268894.01726078
2018-03-20,2267189.7852895237
2018-03-21,2266755.3233831176
2018-03-22,2266584.5219102674
2018-03-23,2242896.621320683
2018-03-25,2256551.7631374802
2018-03-26,2308559.0574661037
2018-03-27,2289272.6057095774
2018-03-28,2261596.621269595
2018-03-29,2282660.0317162517
2018-04-01,2271139.912544172
2018-04-02,2241498.3217637558
2018-04-03,2260269.4180824696
2018-04-04,2283591.440787163
2018-04-05,2300635.882323372
2018-04-06,2278492.041230658
2018-04-08,2280332.23008305
2018-04-09,2296922.369570876
2018-04-10,2311560.542178441
2018-04-11,2291189.212796851
2018-04-12,2305091.115488887
2018-04-13,2300397.201979858
2018-04-15,2315226.297996483
2018-04-16,2334145.6989575773
2018-04-17,2360113.959868418
2018-04-18,2373660.2473009564
2018-04-19,2376085.2621073034
2018-04-20,2362761.662518886
2018-04-22,2355096.7342445776
2018-04-23,2361524.243875494
2018-04-24,2345027.1289046565
2018-04-25,2327925.662474317
2018-04-26,2345710.8729167683
2018-04-27,2347715.8019824848
2018-04-29,2350459.2928187354
2018-04-30,2347606.2197387978
2018-05-01,2342791.9277568483
2018-05-02,2336588.8773039686
2018-05-03,2343887.9390197475
2018-05-04,2357821.993693262
2018-05-06,2357833.859663682
2018-05-07,2364549.977697527
2018-05-08,2359418.547861533
2018-05-09,2339214.705373717
2018-05-10,2361489.454739356
2018-05-11,2362510.854237702
2018-05-13,2382905.399558729
2018-05-14,2394894.185809886
2018-05-15,2375494.9652108
2018-05-16,2375606.4305796744
2018-05-17,2373660.8179650186
2018-05-18,2366481.0177777275
2018-05-20,2367623.713858006
2018-05-21,2383576.0902461098
2018-05-22,2392270.2790070954
2018-05-23,2395095.719691482
2018-05-24,2398373.3167287307
2018-05-25,2396089.910468419
2018-05-27,2396079.654974545
2018-05-28,2400045.630412084
2018-05-29,2388514.7859130083
2018-05-30,2399868.6413129624
2018-05-31,2411520.028982444
2018-06-01,2428310.758163058
2018-06-03,2470315.3551594242
2018-06-04,2478947.7889358923
2018-06-05,2471878.5489625437
2018-06-06,2478492.617627561
2018-06-07,2452974.6230931976
2018-06-08,2453470.392196115
2018-06-10,2444412.052276874
2018-06-11,2443718.3812937597
2018-06-12,2446547.0227617305
2018-06-13,2445126.8032589317
2018-06-14,2449031.245599502
2018-06-15,2441838.525585153
2018-06-17,2441838.525585153
2018-06-18,2435484.584592729
2018-06-19,2425308.5822132346
2018-06-20,2413317.505248575
2018-06-21,2409981.3599108746
2018-06-22,2417890.5166701353
2018-06-24,2443279.5365354265
2018-06-25,2416408.9480588753
2018-06-26,2414912.2140960023
2018-06-27,2394870.234941181
2018-06-28,2402985.548976437
2018-06-29,2411550.6997103696
2018-07-01,2416197.289061108
2018-07-02,2405316.567303215
2018-07-03,2396708.9955075816
2018-07-04,2397265.979191061
2018-07-05,2397993.373512022
2018-07-06,2412548.101199407
2018-07-08,2401456.858556377
2018-07-09,2426578.151981806
2018-07-10,2439724.9425737946
2018-07-11,2419744.924298027
2018-07-12,2435821.6654443024
2018-07-13,2439004.0091205095
2018-07-15,2442498.743539339
2018-07-16,2456750.035499702
2018-07-17,2463055.1415363317
2018-07-18,2463614.658066298
2018-07-19,2455885.6695764777
2018-07-20,2462051.159891806
2018-07-22,2464539.2378648124
2018-07-23,2468775.4547259393
2018-07-24,2475926.3420564644
2018-07-25,2494569.9113538684
2018-07-26,2474991.0530822165
2018-07-27,2468870.8876765827
2018-07-29,2467601.1135454704
2018-07-30,2456844.4525108393
2018-07-31,2457896.113062435
2018-08-01,2456602.1493699914
2018-08-02,2454969.4779146733
2018-08-03,2459746.6029571258
2018-08-05,2457925.796112563
2018-08-06,2457919.9661859972
2018-08-07,2469247.7719987347
2018-08-08,2464409.421223077
2018-08-09,2458608.917898386
2018-08-10,2437977.299040971
2018-08-12,2422746.6483722767
2018-08-13,2391657.2366585853
2018-08-14,2389244.0338816857
2018-08-15,2355893.774118523
2018-08-16,2363578.9439471452
2018-08-17,2369010.7829300687
2018-08-19,2369012.995468884
2018-08-20,2373161.458212197
2018-08-21,2380638.8878599545
2018-08-22,2387001.2624253323
2018-08-23,2378822.8561974354
2018-08-24,2391222.5745516364
2018-08-26,2413566.131288861
2018-08-27,2434883.4851242644
2018-08-28,2446831.476941874
2018-08-29,2452735.995064827
2018-08-30,2437638.274185784
2018-08-31,2435251.0215496044
2018-09-02,2429489.2976982924
2018-09-03,2440865.5922898958
2018-09-04,2442173.534365677
2018-09-05,2393114.854916218
2018-09-06,2375201.479490754
2018-09-07,2367891.419246644
2018-09-09,2379513.5739484094
2018-09-10,2389346.0310004065
2018-09-11,2398233.088542607
2018-09-12,2400973.5023418753
2018-09-13,2399761.164852141
2018-09-14,2399287.416883073
2018-09-16,2382141.843675548
2018-09-17,2384591.4681168864
2018-09-18,2396678.9503717995
2018-09-19,2407562.8959833668
2018-09-20,2431907.587974376
2018-09-21,2429328.4619738082
2018-09-23,2429328.4619738082
2018-09-24,2426468.402988598
2018-09-25,2457158.403320574
2018-09-26,2462029.1730605466
2018-09-27,2461067.184721314
2018-09-28,2455353.2050609672
2018-09-30,2473219.6426827144
2018-10-01,2480583.2747149053
2018-10-02,2467808.178653064
2018-10-03,2463811.1266937875
2018-10-04,2435832.873493289
2018-10-05,2424730.404734396
2018-10-07,2411754.1323153055
2018-10-08,2422017.8030048744
2018-10-09,2415620.6340479692
2018-10-10,2357597.605110536
2018-10-11,2309748.5204463806
2018-10-12,2331544.1844241973
2018-10-14,2303612.690395906
2018-10-15,2323859.5818049363
2018-10-16,2389305.340284369
2018-10-17,2369715.966849532
2018-10-18,2350143.431682214
2018-10-19,2354139.730629063
2018-10-21,2373204.4604462776
2018-10-22,2391852.323551834
2018-10-23,2346610.1528470493
2018-10-24,2277225.58365239
2018-10-25,2367296.8991275257
2018-10-26,2347297.035126122
2018-10-28,2331952.838829446
2018-10-29,2318788.4140808703
2018-10-30,2335566.9218043475
2018-10-31,2358923.443413696
2018-11-01,2377649.518602546
2018-11-02,2370091.7010511174
2018-11-04,2362078.895166798
2018-11-05,2353849.8089001677
2018-11-06,2363042.620937577
2018-11-07,2387253.728402901
2018-11-08,2366402.177644423
2018-11-09,2349627.2434929083
2018-11-11,2348513.281775764
2018-11-12,2327811.9716592743
2018-11-13,2328282.714072409
2018-11-14,2319170.270030715
2018-11-15,2335046.2142455466
2018-11-16,2334369.850354035
2018-11-18,2305801.0553904185
2018-11-19,2292458.5370536135
2018-11-20,2267183.37363191
2018-11-21,2281458.0828655004
2018-11-22,2295003.290004253
2018-11-23,2285509.5345322946
2018-11-25,2271833.4553517993
2018-11-26,2299431.456819513
2018-11-27,2298757.3820001036
2018-11-28,2336583.500718691
2018-11-29,2342496.9808816887
2018-11-30,2343929.608223417
2018-12-02,2365972.221210593
2018-12-03,2392536.9779732414
2018-12-04,2343949.359128976
2018-12-05,2344054.48851493
2018-12-06,2337991.647413156
2018-12-07,2310692.431872934
2018-12-09,2305265.4181645606
2018-12-10,2306699.805578145
2018-12-11,2312515.9109587627
2018-12-12,2333446.5658086813
2018-12-13,2341025.54786949
2018-12-14,2317826.7464286946
2018-12-16,2321577.97608509
2018-12-17,2325638.5519062737
2018-12-18,2334348.753730137
2018-12-19,2306663.3489413275
2018-12-20,2290103.4115905073
2018-12-21,2263024.542358759
2018-12-23,2266460.6076699523
2018-12-24,2254815.4520929917
2018-12-25,2244171.3794684126
2018-12-26,2289724.938250999
2018-12-27,2302586.536484921
2018-12-28,2306483.050792341
2018-12-30,2311825.987351693
2018-12-31,2322290.3924129056
2019-01-01,2315371.9943401
2019-01-02,2326143.2050037924
2019-01-03,2317802.942132542
2019-01-04,2361423.977957966
2019-01-06,2387587.4134554346
2019-01-07,2413299.2621379266
2019-01-08,2416466.9336236524
2019-01-09,2452739.502526868
2019-01-10,2470663.878670217
2019-01-11,2464957.442158636
2019-01-13,2474897.47913268
2019-01-14,2464077.5766648464
2019-01-15,2486415.6549692242
2019-01-16,2492017.455603929
2019-01-17,2505935.304028102
2019-01-18,2519100.4532206696
2019-01-20,2508202.7587248813
2019-01-21,2519017.544752076
2019-01-22,2503824.2954102093
2019-01-23,2511975.006205932
2019-01-24,2520121.892032932
2019-01-25,2536171.0097783753
2019-01-27,2544349.2734340765
2019-01-28,2545921.704759524
2019-01-29,2533367.209857872
2019-01-30,2550960.3213866614
2019-01-31,2552253.996808376
2019-02-01,2548194.4991993494
2019-02-03,2544815.8859977033
2019-02-04,2556801.947967965
2019-02-05,2577035.2806280935
2019-02-06,2567811.2177194627
2019-02-07,2545257.302580655
2019-02-08,2543416.7356708683
2019-02-10,2537223.043917117
2019-02-11,2529389.3412334756
2019-02-12,2557421.544330965
2019-02-13,2565062.9975440376
2019-02-14,2568526.4612247157
2019-02-15,2579511.8208917635
2019-02-17,2571627.3150815563
2019-02-18,2569375.093927566
2019-02-19,2566180.8919935133
2019-02-20,2576758.524764438
2019-02-21,2572273.6537515856
2019-02-22,2581108.6531495666
2019-02-24,2573224.5693337247
2019-02-25,2571032.1854455294
2019-02-26,2586211.944185175
2019-02-27,2582624.178418709
2019-02-28,2572387.7739572437
2019-03-01,2580258.314367652
2019-03-03,2583915.609735528
2019-03-04,2580727.0616716985
2019-03-05,2580821.677545768
2019-03-06,2574654.9139126353
2019-03-07,2545509.878796708
2019-03-08,2542889.3831988024
2019-03-10,2541081.462291844
2019-03-11,2561925.9969408317
2019-03-12,2569645.2631698614
2019-03-13,2597858.598895038
2019-03-14,2606945.8370434083
2019-03-15,2620789.463480524
2019-03-17,2616639.9430563496
2019-03-18,2647216.6747104004
2019-03-19,2650498.3817424253
2019-03-20,2653394.5616857186
2019-03-21,2676298.3978085956
2019-03-22,2645637.087482352
2019-03-24,2643171.340253189
2019-03-25,2654618.250869148
2019-03-26,2658222.859285966
2019-03-27,2669475.9503924614
2019-03-28,2678616.551531688
2019-03-29,2686652.372145442
2019-03-31,2685918.5549740028
2019-04-01,2726434.7908931463
2019-04-02,2728527.072420473
2019-04-03,2745597.214070602
2019-04-04,2778060.0488545084
2019-04-05,2783147.573700355
2019-04-07,2762820.4316229187
2019-04-08,2761040.824778478
2019-04-09,2754668.130914768
2019-04-10,2766161.8889336213
2019-04-11,2764510.112971349
2019-04-12,2771153.2725174474
2019-04-14,2767107.17909586
2019-04-15,2767608.5771557223
2019-04-16,2779159.659994712
2019-04-17,2793266.086326292
2019-04-18,2792571.5961970207
2019-04-21,2804846.863791266
2019-04-22,2804003.220118261
2019-04-23,2821930.699161455
2019-04-24,2815829.3470459427
2019-04-25,2832296.962516238
2019-04-26,2836427.6184260934
2019-04-28,2836979.48593922
2019-04-29,2841100.8070443785
2019-04-30,2845364.3592293453
2019-05-01,2840422.7621539566
2019-05-02,2853932.176292773
2019-05-03,2868741.0330392807
2019-05-05,2850494.4292967045
2019-05-06,2816581.1456982857
2019-05-07,2786440.88813821
2019-05-08,2784719.595052748
2019-05-09,2760728.364133519
2019-05-10,2765972.027420343
2019-05-12,2739382.3589115087
2019-05-13,2651318.9389096294
2019-05-14,2655856.3042604397
2019-05-15,2684768.907862336
2019-05-16,2728429.656132467
2019-05-17,2717594.9482194535
2019-05-19,2705309.476626887
2019-05-20,2689704.0199536094
2019-05-21,2720858.5914544594
2019-05-22,2728337.906896613
2019-05-23,2692588.667992576
2019-05-24,2698144.78454338
2019-05-26,2675983.881436644
2019-05-27,2668239.3470893744
2019-05-28,2664265.900794239
2019-05-29,2638472.4811578374
2019-05-30,2654663.3875244553
2019-05-31,2643542.8011254673
2019-06-02,2643543.782001444
2019-06-03,2638452.3495599353
2019-06-04,2656814.462845184
2019-06-05,2659365.9131874503
2019-06-06,2665533.6833134224
2019-06-07,2681747.992809904
2019-06-09,2712975.851222364
2019-06-10,2754626.5525438534
2019-06-11,2788369.5766085917
2019-06-12,2804928.0514182583
2019-06-13,2769860.6584803304
2019-06-14,2762934.523434791
2019-06-16,2761459.106824306
2019-06-17,2765021.146119627
2019-06-18,2783327.267282808
2019-06-19,2786891.484134406
2019-06-20,2797741.472990655
2019-06-21,2794041.7361866604
2019-06-23,2764072.0581858535
2019-06-24,2736085.3725679973
2019-06-25,2736507.4903724818
2019-06-26,2735951.5757784657
2019-06-27,2766997.99352258
2019-06-28,2769747.8130999557
2019-06-30,2763284.1390812667
2019-07-01,2782975.349453318
2019-07-02,2780801.401165424
2019-07-03,2793121.807891879
2019-07-04,2793787.9631705936
2019-07-05,2788004.1316253003
2019-07-07,2790535.4101822833
2019-07-08,2775087.5903331735
2019-07-09,2781881.3143938086
2019-07-10,2799531.1944120186
2019-07-11,2798102.320099534
2019-07-12,2801270.3169521904
2019-07-14,2814874.359915459
2019-07-15,2821796.392695506
2019-07-16,2824462.0757293473
2019-07-17,2817615.8567078128
2019-07-18,2809614.323085078
2019-07-19,2803933.6593068726
2019-07-21,2792682.6991381077
2019-07-22,2803663.475761624
2019-07-23,2798189.81260062
2019-07-24,2797248.790669379
2019-07-25,2792805.3268345688
2019-07-26,2799556.470434083
2019-07-28,2816471.1765851565
2019-07-29,2793317.996254605
2019-07-30,2795461.268489075
2019-07-31,2780531.555399495
2019-08-01,2769579.634610271
2019-08-02,2756253.211392085
2019-08-04,2754588.544873614
2019-08-05,2712972.1449384475
2019-08-06,2721163.8080830593
2019-08-07,2745123.9614484077
2019-08-08,2765948.979276472
2019-08-09,2756427.05991531
2019-08-11,2756428.142252396
2019-08-12,2744488.6036092956
2019-08-13,2762009.364755646
2019-08-14,2727906.9985584095
2019-08-15,2729879.2032308523
2019-08-16,2745455.7901395634
2019-08-18,2738181.2605544366
2019-08-19,2762911.3754443876
2019-08-20,2760212.2908392046
2019-08-21,2761580.1886794902
2019-08-22,2738215.9688037825
2019-08-23,2714208.0688583916
2019-08-25,2690312.006753876
2019-08-26,2701938.8003275674
2019-08-27,2681855.601526719
2019-08-28,2660427.122934946
2019-08-29,2659401.391331537
2019-08-30,2661719.4850403396
2019-09-01,2644412.5809664205
2019-09-02,2656678.8757616337
2019-09-03,2648623.2343673916
2019-09-04,2698401.2771077207
2019-09-05,2707888.3365912493
2019-09-06,2709295.5947387675
2019-09-08,2711730.8772031283
2019-09-09,2722153.246029282
2019-09-10,2693529.6980260583
2019-09-11,2684932.4533020156
2019-09-12,2686933.147616608
2019-09-13,2689567.59888838
2019-09-15,2688514.700689213
2019-09-16,2693535.748306838
2019-09-17,2701095.599185462
2019-09-18,2710524.404373469
2019-09-19,2738505.7348503866
2019-09-20,2731962.317829117
2019-09-22,2726476.4250288783
2019-09-23,2725963.5831193253
2019-09-24,2735490.615789
2019-09-25,2734277.3761059158
2019-09-26,2742470.9076483445
2019-09-27,2731968.8922726978
2019-09-29,2732937.667789721
2019-09-30,2749654.4784931345
2019-10-01,2734991.322933124
2019-10-02,2704098.465484822
2019-10-03,2702595.530805202
2019-10-04,2714823.675028036
2019-10-06,2720308.877971797
2019-10-07,2703151.2975861453
2019-10-08,2684751.9938198444
2019-10-09,2687084.68761733
2019-10-10,2679286.3746726452
2019-10-11,2697391.7622244074
2019-10-13,2696064.513967312
2019-10-14,2688472.6591797294
2019-10-15,2694189.97178046
2019-10-16,2693796.661664647
2019-10-17,2714722.212468749
2019-10-18,2708899.2769875117
2019-10-20,2725181.8183854157
2019-10-21,2736305.4248805093
2019-10-22,2744746.8949050223
2019-10-23,2748418.1392925195
2019-10-24,2759256.429274654
2019-10-25,2765171.515596855
2019-10-27,2762590.3682412636
2019-10-28,2754083.0501655224
2019-10-29,2729322.6624842687
2019-10-30,2748564.2092383523
2019-10-31,2744498.0905248267
2019-11-01,2755899.995073567
2019-11-03,2730835.7783564804
2019-11-04,2742631.349747485
2019-11-05,2760253.791964982
2019-11-06,2753413.867042136
2019-11-07,2758059.0534816207
2019-11-08,2757884.920170684
2019-11-10,2774964.7702224078
2019-11-11,2776247.4220259306
2019-11-12,2781165.0922380034
2019-11-13,2769705.4165325426
2019-11-14,2776640.7578438204
2019-11-15,2785596.8105071457
2019-11-17,2805321.8687167848
2019-11-18,2813347.0364134037
2019-11-19,2834453.404510662
2019-11-20,2824571.158291044
2019-11-21,2825357.8952738405
2019-11-22,2826803.508575923
2019-11-24,2813311.936961602
2019-11-25,2822226.5303721456
2019-11-26,2797136.3465374266
2019-11-27,2793726.1510713715
2019-11-28,2793597.503561157
2019-11-29,2784518.934556788
2019-12-01,2793335.9387613637
2019-12-02,2773109.1643018816
2019-12-03,2779149.2773939995
2019-12-04,2784038.8239263454
2019-12-05,2798302.141906214
2019-12-06,2808922.452134313
2019-12-08,2830363.035139081
2019-12-09,2825305.2076401804
2019-12-10,2825128.7510936004
2019-12-11,2836219.8399685808
2019-12-12,2833379.941719023
2019-12-13,2838147.7501934567
2019-12-15,2868488.9334008163
2019-12-16,2879256.8947011353
2019-12-17,2892162.06200512
2019-12-18,2903500.2453257125
2019-12-19,2914000.561040768
2019-12-20,2916466.0451291758
2019-12-22,2919619.9519175645
2019-12-23,2941161.0581592442
2019-12-24,2950636.9339449983
2019-12-25,2935822.2081297156
2019-12-26,2957709.8053958854
2019-12-27,2959152.045282794
2019-12-29,2967457.0490722284
2019-12-30,2959517.3518661307
2019-12-31,2960182.844725693
2020-01-01,2949865.84616078
2020-01-02,2990021.806537702
2020-01-03,2975244.0531985955
2020-01-05,2937282.136461995
2020-01-06,2953385.541627178
2020-01-07,2948071.542851301
2020-01-08,2945522.7840536376
2020-01-09,2983489.813075072
2020-01-10,2980395.273785727
2020-01-12,2978956.5675261337
2020-01-13,2988653.7258068128
2020-01-14,2983141.878038546
2020-01-15,2974189.95074864
2020-01-16,2985952.1299413843
2020-01-17,2990946.149156606
2020-01-19,3001023.72284236
2020-01-20,3003043.335861506
2020-01-21,2990137.9370360114
2020-01-22,2986839.926671569
2020-01-23,2963374.9813086824
2020-01-24,2954583.111113424
2020-01-26,2947353.884486801
2020-01-27,2909202.4595659235
2020-01-28,2925730.901493449
2020-01-29,2929880.5191239733
2020-01-30,2939610.047619494
2020-01-31,2917675.275796608
2020-02-02,2905454.2318119616
2020-02-03,2914773.023020625
2020-02-04,2945643.057634841
2020-02-05,2947524.066137269
2020-02-06,2949299.5045329146
2020-02-07,2939289.19900262
2020-02-09,2922435.7880205587
2020-02-10,2937678.7383514177
2020-02-11,2921202.31180567
2020-02-12,2938099.0852733674
2020-02-13,2930337.7710319757
2020-02-14,2931491.096801799
2020-02-16,2931493.4811366964
2020-02-17,2940261.9932245086
2020-02-18,2937182.4163933643
2020-02-19,2956564.5195942316
2020-02-20,2953577.573368469
2020-02-21,2938755.6814223104
2020-02-23,2929932.3526777024
2020-02-24,2843555.808579339
2020-02-25,2817996.289990411
2020-02-26,2817213.3529360313
2020-02-27,2762930.401540352
2020-02-28,2759211.599492789
2020-03-01,2713631.20557875
2020-03-02,2755722.371045219
2020-03-03,2779473.669071242
2020-03-04,2808866.837468487
2020-03-05,2781104.4311587913
2020-03-06,2761780.681293241
2020-03-08,2687355.9605417065
2020-03-09,2519250.5668140473
2020-03-10,2643885.0976007353
2020-03-11,2555514.210585219
2020-03-12,2432088.7745244345
2020-03-13,2506262.0578755774
2020-03-15,2496079.575598388
2020-03-16,2324068.8198998887
2020-03-17,2396512.628348115
2020-03-18,2351125.279914089
2020-03-19,2371569.206798204
2020-03-20,2352522.1334866765
2020-03-22,2347004.7175767315
2020-03-23,2313295.4441929795
2020-03-24,2406796.1956951204
2020-03-25,2418546.630262305
2020-03-26,2473125.880815045
2020-03-27,2435349.952026378
2020-03-29,2448353.7483359044
2020-03-30,2478695.3785022767
2020-03-31,2497199.781626315
2020-04-01,2495905.267805145
2020-04-02,2511155.925534776
2020-04-03,2496675.095244291
2020-04-05,2492758.427415241
2020-04-06,2551097.1285761874
2020-04-07,2567443.7688846895
2020-04-08,2575185.8773829984
2020-04-09,2579798.083724838
2020-04-12,2573119.6006773654
2020-04-13,2547959.595869029
2020-04-14,2590669.077724199
2020-04-15,2569068.0034441305
2020-04-16,2541993.178562524
2020-04-17,2558539.6284719063
2020-04-19,2565685.482911663
2020-04-20,2552621.282139191
2020-04-21,2500045.7756387894
2020-04-22,2518806.060888025
2020-04-23,2519625.8158376724
2020-04-24,2530267.1128902105
2020-04-26,2577119.1547633726
2020-04-27,2588195.627549816
2020-04-28,2594857.684287153
2020-04-29,2646351.551823171
2020-04-30,2660324.0947372904
2020-05-01,2636791.967449305
2020-05-03,2566914.4564273977
2020-05-04,2574412.9599194177
2020-05-05,2603746.0854226556
2020-05-06,2567007.399710902
2020-05-07,2568070.3073818567
2020-05-08,2581824.376541719
2020-05-10,2587150.6832411224
2020-05-11,2583369.8757715896
2020-05-12,2580534.3231375823
2020-05-13,2592850.028393003
2020-05-14,2599487.3380278586
2020-05-15,2600822.8479557447
2020-05-17,2628483.164688695
2020-05-18,2677029.9861988
2020-05-19,2696267.7981410054
2020-05-20,2703715.915005387
2020-05-21,2676650.9072230016
2020-05-22,2674504.6131969867
2020-05-26,2686662.6671352102
2020-05-27,2693316.534113767
2020-05-28,2695490.4767765016
2020-05-29,2702439.271050905
2020-05-31,2719288.4358617133
2020-06-01,2728268.235722462
2020-06-02,2740083.6107562054
2020-06-03,2747000.896639637
2020-06-04,2748273.2388263703
2020-06-05,2767056.99814569
2020-06-07,2769783.489280204
2020-06-08,2777582.3807720244
2020-06-09,2779687.6651143422
2020-06-10,2789006.4271768164
2020-06-11,2734737.7380037736
2020-06-12,2747374.6769570475
2020-06-14,2749539.1983712567
2020-06-15,2751924.089524027
2020-06-16,2758521.4400604973
2020-06-17,2764090.1319087716
2020-06-18,2766237.9348173356
2020-06-19,2764258.798620005
2020-06-21,2773042.574893494
2020-06-22,2785478.6399557763
2020-06-23,2780751.5353486887
2020-06-24,2751177.762464251
2020-06-25,2762654.612518137
2020-06-26,2745161.567732201
2020-06-28,2758467.341715368
2020-06-29,2757394.931860983
2020-06-30,2764799.0921173217
2020-07-01,2777877.1637429283
2020-07-02,2792062.0584191857
2020-07-05,2805127.2939662505
2020-07-06,2905756.881922962
2020-07-07,2879083.9765189984
2020-07-08,2879115.8492445354
2020-07-09,2850714.1140874657
2020-07-10,2856269.091468912
2020-07-12,2852128.6548880436
2020-07-13,2826563.475005729
2020-07-14,2823199.1735317097
2020-07-15,2837368.6756413486
2020-07-16,2825764.439357765
2020-07-17,2828478.236536405
2020-07-19,2826063.5845296322
2020-07-20,2830654.0972609967
2020-07-21,2839651.0258326726
2020-07-22,2846700.8171959263
2020-07-23,2809639.212578519
2020-07-24,2803559.8666146654
2020-07-26,2812922.885443295
2020-07-27,2828356.4389296127
2020-07-28,2819333.9553443613
2020-07-29,2830286.8674955354
2020-07-30,2826102.2734213313
2020-07-31,2825700.234767255
2020-08-03,2839032.794101247
2020-08-04,2844478.765238922
2020-08-05,2847773.5175040504
2020-08-06,2865867.2173994556
2020-08-07,2855924.163498665
2020-08-09,2858374.861863637
2020-08-10,2853725.6414684043
2020-08-11,2865598.5903604203
2020-08-12,2892649.866242124
2020-08-13,2890994.8650875743
2020-08-14,2888375.1960924263
2020-08-16,2897635.0529051786
2020-08-17,2911827.205232854
2020-08-18,2920339.1993913148
2020-08-19,2913043.039705722
2020-08-20,2920922.680006498
2020-08-21,2922755.041214719
2020-08-23,2925061.9546641675
2020-08-24,2940217.1278212005
2020-08-25,2946113.721949099
2020-08-26,2959038.500202685
2020-08-27,2950745.4231563876
2020-08-28,2957685.676805432
2020-08-30,2959743.7106908257
2020-08-31,2945569.4334493596
2020-09-01,2941032.9944677497
2020-09-02,2973419.617435904
2020-09-03,2950465.4498362965
2020-09-04,2944990.8528025053
2020-09-06,2943691.6237458605
2020-09-07,2943214.806003009
2020-09-08,2921724.454040364
2020-09-09,2942139.4001293182
2020-09-10,2936098.9163735374
2020-09-11,2937750.937151221
2020-09-13,2942036.1281548752
2020-09-14,2961175.9729895447
2020-09-15,2995355.5159513233
2020-09-16,2991445.007681506
2020-09-17,2973842.143322812
2020-09-18,2964521.2017402747
2020-09-20,2963698.6206257916
2020-09-21,2942096.930516917
2020-09-22,2943317.566312865
2020-09-23,2924762.882198735
2020-09-24,2923363.7874044585
2020-09-25,2934929.7436538273
2020-09-27,2935406.816363918
2020-09-28,2961157.8154682643
2020-09-29,2948992.9182636333
2020-09-30,2945067.947069844
2020-10-01,2959842.418218485
2020-10-02,2944976.8957600445
2020-10-04,2935136.3967301
2020-10-05,2970129.649764359
2020-10-06,2976906.3761337986
2020-10-07,2988491.6398694795
2020-10-08,2992489.3683568453
2020-10-09,3002786.616099649
2020-10-11,3017152.7567777364
2020-10-12,3045292.696190832
2020-10-13,3043360.0660507903
2020-10-14,3028745.3467551274
2020-10-15,3005691.531263655
2020-10-16,3005065.457515698
2020-10-18,3002191.122439909
2020-10-19,2997560.5629574535
2020-10-20,2994932.575522856
2020-10-21,2990420.382106132
2020-10-22,3011955.3547418453
2020-10-23,3015929.817425277
2020-10-25,2990890.961053393
2020-10-26,2973731.4080437394
2020-10-27,2981467.872844749
2020-10-28,2942279.4813999897
2020-10-29,2938511.954689348
2020-10-30,2923840.4712418774
2020-11-01,2926041.417276378
2020-11-02,2951434.7512023295
2020-11-03,2966909.414357856
2020-11-04,3003690.152034877
2020-11-05,3033471.7819877295
2020-11-06,3035323.11472289
2020-11-08,3079054.4134123037
2020-11-09,3103240.228818174
2020-11-10,3092815.078239945
2020-11-11,3123043.160139161
2020-11-12,3111371.104587172
2020-11-13,3123357.077343559
2020-11-15,3135999.4436443937
2020-11-16,3156551.5178836994
2020-11-17,3160827.7696891045
2020-11-18,3162533.3307394665
2020-11-19,3160210.7020533723
2020-11-20,3159139.006235067
2020-11-22,3164326.5964692775
2020-11-23,3159992.5788425296
2020-11-24,3173468.7184131434
2020-11-25,3183747.9991494156
2020-11-26,3179755.0786889205
2020-11-27,3188485.1084664864
2020-11-29,3188107.1462265807
2020-11-30,3184874.282266384
2020-12-01,3201442.971700024
2020-12-02,3198291.863496169
2020-12-03,3195287.174375294
2020-12-04,3202132.413948258
2020-12-06,3199747.316793425
2020-12-07,3203636.1635472937
2020-12-08,3196970.812111756
2020-12-09,3188195.599298662
2020-12-10,3188344.37454696
2020-12-11,3185272.9629636994
2020-12-13,3184167.165494049
2020-12-14,3189366.7023410546
2020-12-15,3195429.3823865284
2020-12-16,3205866.451473385
2020-12-17,3217432.7306957594
2020-12-18,3213071.9935165737
2020-12-20,3216309.970351861
2020-12-21,3200582.6772862887
2020-12-22,3209184.990037272
2020-12-23,3213026.360744775
2020-12-24,3207875.651994991
2020-12-27,3212985.904013264
2020-12-28,3211139.0104470714
2020-12-29,3221311.3560595703
2020-12-30,3229278.465677442
2020-12-31,3218545.199195942
2021-01-03,3289230.7850393513
2021-01-04,3300166.8171226345
2021-01-05,3313771.0197948674
2021-01-06,3304126.1642911914
2021-01-07,3335742.9908843515
2021-01-08,3349595.3700535125
2021-01-10,3362104.382213322
2021-01-11,3361692.4311159924
2021-01-12,3359663.670499114
2021-01-13,3360034.6912635863
2021-01-14,3364440.8798251143
2021-01-15,3352775.4321585167
2021-01-17,3344599.0614954517
2021-01-18,3391390.3638199344
2021-01-19,3377509.519595279
2021-01-20,3385106.404750363
2021-01-21,3386538.5773079693
2021-01-22,3381395.599197319
2021-01-24,3370692.647316836
2021-01-25,3387972.2564314455
2021-01-26,3381281.4189754706
2021-01-27,3355310.178190384
2021-01-28,3382398.9649084797
2021-01-29,3360172.4051391175
2021-01-31,3336757.606318727
2021-02-01,3346228.949580823
2021-02-02,3360401.0013851
2021-02-03,3352291.1060051033
2021-02-04,3391168.5697391443
2021-02-05,3396772.9054319216
2021-02-07,3409155.6938147936
2021-02-08,3427415.222561028
2021-02-09,3465720.9287485303
2021-02-10,3467024.685465225
2021-02-11,3485517.55816454
2021-02-12,3490991.916663386
2021-02-14,3529905.691332106
2021-02-15,3562409.980971611
2021-02-16,3548225.635741842
2021-02-17,3530858.614136732
2021-02-18,3507609.727877696
2021-02-19,3507952.8886339543
2021-02-21,3518218.710025368
2021-02-22,3492142.4136059056
2021-02-23,3536915.120753282
2021-02-24,3533120.131124297
2021-02-25,3547870.238554755
2021-02-26,3542162.427826908
2021-02-28,3511960.063135469
2021-03-01,3514541.2822453026
2021-03-02,3541314.6196570555
2021-03-03,3520515.273555759
2021-03-04,3484515.4337636805
2021-03-05,3497405.4745938345
2021-03-07,3504904.0095541985
2021-03-08,3498075.4403447807
2021-03-09,3563588.7459288165
2021-03-10,3591104.926014006
2021-03-11,3607379.471525486
2021-03-12,3601221.7172662793
2021-03-14,3595446.9234411684
2021-03-15,3601859.8929246664
2021-03-16,3605321.220723276
2021-03-17,3582146.6773791993
2021-03-18,3524603.1980872327
2021-03-19,3529088.700684556
2021-03-21,3529917.5088567524
2021-03-22,3567055.007408525
2021-03-23,3555591.7004971895
2021-03-24,3538819.9235380027
2021-03-25,3525397.649518755
2021-03-26,3542576.1496000416
2021-03-28,3562888.832382334
2021-03-29,3582857.432723374
2021-03-30,3588129.3901595827
2021-03-31,3665179.3465821072
2021-04-01,3663052.670466246
2021-04-04,3680145.63188684
2021-04-05,3692750.691153315
2021-04-06,3676382.4377997257
2021-04-07,3676096.7925217235
2021-04-08,3691242.645328755
2021-04-09,3694262.087924302
2021-04-11,3694263.987697153
2021-04-12,3646354.251363432
2021-04-13,3635334.8346464764
2021-04-14,3640540.450949123
2021-04-15,3674346.1194410403
2021-04-16,3678177.386571554
2021-04-18,3696201.8645171067
2021-04-19,3698639.179239698
2021-04-20,3696903.5492277765
2021-04-21,3713312.1020020377
2021-04-22,3720856.919282686
2021-04-23,3734342.080115103
2021-04-25,3737294.8909230144
2021-04-26,3756952.5366974236
2021-04-27,3758999.4777259836
2021-04-28,3793922.8403525036
2021-04-29,3773091.290499535
2021-04-30,3760793.5604660236
2021-05-02,3761671.770733592
2021-05-03,3755432.3122828025
2021-05-04,3742662.133225918
2021-05-05,3751298.3438359546
2021-05-06,3751119.3733182754
2021-05-07,3762398.1534742974
2021-05-09,3783902.8492563167
2021-05-10,3784231.391230601
2021-05-11,3777188.8520882307
2021-05-12,3751463.4340728316
2021-05-13,3758505.819759696
2021-05-14,3780426.0722379806
2021-05-17,3815652.4157617735
2021-05-18,3819537.7431815825
2021-05-19,3799229.4400237715
2021-05-20,3822539.684730785
2021-05-21,3817903.2763186786
2021-05-23,3828640.4869598593
2021-05-24,3841484.718946277
2021-05-25,3894250.634703516
2021-05-26,3882127.530233301
2021-05-27,3879605.068823807
2021-05-28,3884173.0998043623
2021-05-30,3904851.207676284
2021-05-31,3903456.948639161
2021-06-01,3955022.579590764
2021-06-02,3956850.551172368
2021-06-03,3980099.9523506975
2021-06-04,3995524.642441204
2021-06-06,3973259.8696666975
2021-06-07,3970276.038495477
2021-06-08,3979311.9060306363
2021-06-09,3991242.3170975517
2021-06-10,3999675.7648615693
2021-06-11,4001540.390016389
2021-06-13,4059879.130029951
2021-06-14,4067457.5396409426
2021-06-15,4026603.877661302
2021-06-16,4013334.2869087798
2021-06-17,4006022.991468643
2021-06-18,3991123.1223259745
2021-06-20,3988801.2453965023
2021-06-21,4022834.6230556383
2021-06-22,4017259.408852446
2021-06-23,3998736.824489361
2021-06-24,4012762.3333024094
2021-06-25,4014447.8316376796
2021-06-27,4014455.237084941
2021-06-28,4022338.7868053094
2021-06-29,4029486.7895525573
2021-06-30,4040407.0475458885
2021-07-01,4055658.9847337566
2021-07-02,4063806.437668374
2021-07-04,4075406.3984760037
2021-07-05,4042089.365133879
2021-07-06,4016421.2373616863
2021-07-07,4019481.515943134
2021-07-08,3988605.0386851253
2021-07-09,4004130.710071274
2021-07-11,3981528.3019738207
2021-07-12,3998498.0309021166
2021-07-13,4010596.1566034947
2021-07-14,4003922.6422987916
2021-07-15,3992742.417409941
2021-07-16,3982693.831081867
2021-07-19,3966634.8253418077
2021-07-20,3977345.94860963
2021-07-21,3990140.609913761
2021-07-22,3994962.481161721
2021-07-23,4002480.6847210783
2021-07-25,4023638.6830863683
2021-07-26,4032810.5857638502
2021-07-27,4041244.3421662236
2021-07-28,4071514.6164907636
2021-07-29,4113727.6156164985
2021-07-30,4106065.492437975
2021-08-01,4135863.498978709
2021-08-02,4178142.968997661
2021-08-03,4191385.159748292
2021-08-04,4179090.829409989
2021-08-05,4194327.369743484
2021-08-06,4188306.542147846
2021-08-08,4184321.6190163856
2021-08-09,4187992.1026929244
2021-08-10,4192880.998734312
2021-08-11,4188836.561957225
2021-08-12,4194431.068516046
2021-08-13,4198966.479326441
2021-08-15,4208428.267002662
2021-08-16,4200441.660997469
2021-08-17,4214851.50998217
2021-08-18,4185107.684699404
2021-08-19,4148458.50620764
2021-08-20,4156024.695470242
2021-08-22,4140990.1090657767
2021-08-23,4145879.8597237878
2021-08-24,4173425.15507948
2021-08-25,4169163.369873842
2021-08-26,4151380.828272504
2021-08-27,4164364.5994739057
2021-08-29,4162915.6846304014
2021-08-30,4184857.7676257202
2021-08-31,4214465.708894884
2021-09-01,4222885.219330904
2021-09-02,4215060.036892113
2021-09-03,4220514.808138444
2021-09-05,4228856.2231082525
2021-09-06,4257056.708747147
2021-09-07,4251211.390321541
2021-09-08,4246062.82863103
2021-09-09,4245947.0630882345
2021-09-10,4239751.40228911
2021-09-12,4212638.902024596
2021-09-13,4227344.725496111
2021-09-14,4219147.2538287705
2021-09-15,4220647.79050449
2021-09-16,4215347.844906559
2021-09-17,4201008.5689080795
2021-09-19,4179283.6224800544
2021-09-20,4152840.4835444978
2021-09-21,4155502.5344176856
2021-09-22,4153307.545285447
2021-09-23,4165238.7316797995
2021-09-24,4159447.5349331093
2021-09-26,4156096.429488865
2021-09-27,4136868.075892525
2021-09-28,4106165.996091579
2021-09-29,4097739.437216198
2021-09-30,4126120.0238738125
2021-10-01,4131381.6454903283
2021-10-03,4107788.2512636157
2021-10-04,4091637.132944421
2021-10-05,4090064.8857544386
2021-10-06,4101977.0043557603
2021-10-07,4131176.4371265983
2021-10-08,4128805.9355467986
2021-10-10,4137842.161371895
2021-10-11,4131389.783518429
2021-10-12,4117573.93305264
2021-10-13,4131917.831603135
2021-10-14,4146788.1585093215
2021-10-15,4156111.961654784
2021-10-17,4159786.0548099987
2021-10-18,4169897.310287268
2021-10-19,4197824.961428205
2021-10-20,4225149.168742025
2021-10-21,4226595.373412
2021-10-22,4223736.444554273
2021-10-24,4204676.280743685
2021-10-25,4220322.013772055
2021-10-26,4208846.416668933
2021-10-27,4195481.619672855
2021-10-28,4208450.635665127
2021-10-29,4205664.917092881
2021-10-31,4199921.362761755
2021-11-01,4210309.509172533
2021-11-02,4229659.727479966
2021-11-03,4225646.240313276
2021-11-04,4247883.776108123
2021-11-05,4249592.420779316
2021-11-07,4275670.725073618
2021-11-08,4282272.848299138
2021-11-09,4255193.951558346
2021-11-10,4253644.896538149
2021-11-11,4266466.255855675
2021-11-12,4276174.4559748685
2021-11-14,4296579.475564167
2021-11-15,4281776.577846753
2021-11-16,4285999.165383744
2021-11-17,4281111.4052112475
2021-11-18,4285885.034959522
2021-11-19,4285140.945801498
2021-11-21,4231507.351045363
2021-11-22,4173505.0736402394
2021-11-23,4189046.681807517
2021-11-24,4231942.440671599
2021-11-25,4210609.186970622
2021-11-26,4180848.8449337725
2021-11-28,4180849.921403913
2021-11-29,4142578.564142845
2021-11-30,4095103.192593049
2021-12-01,4099041.313323942
2021-12-02,4106499.649877089
2021-12-03,4091931.810478377
2021-12-05,4155191.8264335953
2021-12-06,4114736.1695137173
2021-12-07,4156534.776461523
2021-12-08,4162587.669126004
2021-12-09,4125014.312482156
2021-12-10,4132570.989140683
2021-12-12,4115534.4197694287
2021-12-13,4138593.4851125204
2021-12-14,4142438.0402439567
2021-12-15,4177064.891750136
2021-12-16,4177162.5640665954
2021-12-17,4167297.0056810062
2021-12-19,4146954.322212164
2021-12-20,4147892.896681215
2021-12-21,4185988.313748778
2021-12-22,4183790.305442037
2021-12-23,4197222.210942758
2021-12-26,4178659.791467049
2021-12-27,4179736.469105753
2021-12-28,4211589.874861603
2021-12-29,4189143.322573269
2021-12-30,4205822.712793414
2021-12-31,4200541.855353469
2022-01-02,4205869.118445175
2022-01-03,4220141.751944082
2022-01-04,4207882.763106897
2022-01-05,4186882.020396743
2022-01-06,4179555.2273831377
2022-01-07,4176161.7443406973
2022-01-09,4187168.3682940127
2022-01-10,4190637.274502664
2022-01-11,4232179.500280652
2022-01-12,4255826.870631896
2022-01-13,4242013.513814814
2022-01-14,4245614.548325715
2022-01-16,4255864.751057074
2022-01-17,4265851.545033585
2022-01-18,4261063.0953537375
2022-01-19,4273991.098070757
2022-01-20,4267801.934019223
2022-01-21,4238714.747380253
2022-01-23,4214997.621164283
2022-01-24,4192941.444710654
2022-01-25,4183183.2345307614
2022-01-26,4184403.976681334
2022-01-27,4173942.2956993626
2022-01-28,4194277.326487027
2022-01-30,4182191.1724227816
2022-01-31,4216626.267146371
2022-02-01,4225195.569483807
2022-02-02,4221983.762120888
2022-02-03,4193414.635882525
2022-02-04,4202552.015345248
2022-02-06,4201391.980149087
2022-02-07,4200484.897709852
2022-02-08,4217556.378072528
2022-02-09,4235351.465597249
2022-02-10,4221780.955511692
2022-02-11,4191376.314841292
2022-02-13,4173702.9510653485
2022-02-14,4186365.214575129
2022-02-15,4245240.699169682
2022-02-16,4285177.742895222
2022-02-17,4233035.435062613
2022-02-18,4221229.677452785
2022-02-20,4260222.010865932
2022-02-21,4246657.899427758
2022-02-22,4230637.975491978
2022-02-23,4169725.6281990726
2022-02-24,4140704.1249037934
2022-02-25,4167872.617548976
2022-02-27,4184054.7288415004
2022-02-28,4209668.492090496
2022-03-01,4186603.958156192
2022-03-02,4183985.401333164
2022-03-03,4157499.7834993023
2022-03-04,4130701.1948085064
2022-03-06,4122482.1964097507
2022-03-07,4069606.498625538
2022-03-08,4084402.83434078
2022-03-09,4119031.7767650746
2022-03-10,4097635.602080999
2022-03-11,4075673.7965838946
2022-03-13,4080784.9255005796
2022-03-14,4047817.01573837
2022-03-15,4064921.6539464295
2022-03-16,4143707.5591135584
2022-03-17,4100191.801488803
2022-03-18,4121738.307613035
2022-03-20,4174759.961343568
2022-03-21,4172238.316567485
2022-03-22,4170302.977834505
2022-03-23,4168339.7120674737
2022-03-24,4182847.3176939934
2022-03-25,4182180.255661253
2022-03-27,4190331.670719951
2022-03-28,4205032.184805453
2022-03-29,4238018.413075546
2022-03-30,4219961.959752348
2022-03-31,4200593.255220303
2022-04-01,4207869.866118111
2022-04-03,4212846.812389421
2022-04-04,4231656.76504003
2022-04-05,4212558.9167378135
2022-04-06,4217556.242871104
2022-04-07,4255768.031644266
2022-04-08,4248121.927920981
2022-04-10,4239354.695372343
2022-04-11,4223386.009455508
2022-04-12,4231130.965719028
2022-04-13,4231997.0732131135
2022-04-14,4229342.319199976
2022-04-17,4261153.334419973
2022-04-18,4275336.810493665
2022-04-19,4252069.42371608
2022-04-20,4269815.388861096
2022-04-21,4247815.631099753
2022-04-22,4221659.454451693
2022-04-24,4215970.33497162
2022-04-25,4232638.30721006
2022-04-26,4187361.5563624464
2022-04-27,4198659.416050585
2022-04-28,4232932.519305736
2022-04-29,4201625.509470077
2022-05-02,4208818.300259722
2022-05-03,4215158.22166176
2022-05-04,4245652.9619302
2022-05-05,4192260.055689691
2022-05-06,4178053.7041790304
2022-05-08,4181365.3606519205
2022-05-09,4167633.5282917833
2022-05-10,4120812.3205991467
2022-05-11,4098472.0457979944
2022-05-12,4023324.0452632504
2022-05-13,4060992.615252378
2022-05-15,4084694.568768122
2022-05-16,4045850.6019649846
2022-05-17,4046242.9768219986
2022-05-18,4003370.1008105204
2022-05-19,3977056.091583055
2022-05-20,3979750.066743175
2022-05-22,3979909.854356676
2022-05-23,3979252.191837563
2022-05-24,3960709.247900579
2022-05-25,3996096.0218553627
2022-05-26,4012636.6490734345
2022-05-27,4038472.173291555
2022-05-29,4057549.1855070023
2022-05-30,4082027.574770015
2022-05-31,4084578.256043298
2022-06-01,4051642.4347088803
2022-06-02,4088050.864237986
2022-06-03,4060253.8491948294
2022-06-05,4055212.4956709146
2022-06-06,4060353.96487331
2022-06-07,4062573.6115797786
2022-06-08,4034877.6710650185
2022-06-09,4008014.5372118773
2022-06-10,3972974.509712337
2022-06-12,4002520.641737327
2022-06-13,3908254.476373378
2022-06-14,3900708.7316126768
2022-06-15,3938343.4203044977
2022-06-16,3867799.157370992
2022-06-17,3871742.3737011217
2022-06-19,3830232.9451757316
2022-06-20,3837627.943981584
2022-06-21,3874654.917349086
2022-06-22,3813190.125073827
2022-06-23,3837826.7742336704
2022-06-24,3875930.9805418984
2022-06-26,3900561.5948367584
2022-06-27,3885199.070382099
2022-06-28,3857618.003601528
2022-06-29,3827152.736520488
2022-06-30,3751751.0216571717
2022-07-01,3755075.845879196
2022-07-03,3725831.0435272753
2022-07-04,3717976.690574495
2022-07-05,3733802.9913060702
2022-07-06,3775744.319357332
2022-07-07,3799816.3076542686
2022-07-08,3801414.214520649
2022-07-11,3775149.9414793807
2022-07-12,3768843.628507758
2022-07-13,3767831.2771077035
2022-07-14,3754112.493639108
2022-07-15,3772438.794725732
2022-07-17,3791174.700306303
2022-07-18,3794069.841424858
2022-07-19,3861996.3197316388
2022-07-20,3871236.95876489
2022-07-21,3910731.9233330823
2022-07-22,3896859.7315829573
2022-07-24,3906703.3266626066
2022-07-25,3871119.3163382057
2022-07-26,3832570.118122545
2022-07-27,3909598.197916995
2022-07-28,3939229.596099893
2022-07-29,3955847.468073482
2022-07-31,3961119.7277924847
2022-08-01,3967673.8433473
2022-08-02,3969221.6992852497
2022-08-03,3984583.0960162748
2022-08-04,4008013.8871522015
2022-08-05,3998717.601073608
2022-08-07,3985261.543325864
2022-08-08,3993224.9712884594
2022-08-09,3985326.562265365
2022-08-10,4035559.3364518387
2022-08-11,4040806.258223106
2022-08-12,4058681.2365001696
2022-08-14,4064852.2335063047
2022-08-15,4064398.5534699615
2022-08-16,4064135.0521047516
2022-08-17,4061541.0011518393
2022-08-18,4073161.4769809414
2022-08-19,4051520.831597453
2022-08-21,4060443.8918058285
2022-08-22,4051748.5639218427
2022-08-23,4014139.0890217144
2022-08-24,4020411.221868079
2022-08-25,4066550.5989220757
2022-08-26,4025386.8198159463
2022-08-28,4031360.6066775145
2022-08-29,4017515.327872712
2022-08-30,3983643.0519309468
2022-08-31,3992174.4092670013
2022-09-01,3943038.001418657
2022-09-02,3930732.260036139
2022-09-04,3934958.489751409
2022-09-05,3928656.991312985
2022-09-06,3905165.3681646585
2022-09-07,3908598.438180291
2022-09-08,3905657.918777467
2022-09-09,3934384.0224893824
2022-09-11,3949798.5344984923
2022-09-12,3977247.516758799
2022-09-13,3944506.686880492
2022-09-14,3924716.300693375
2022-09-15,3906595.65958044
2022-09-16,3897292.4912660685
2022-09-18,3861808.5404241253
2022-09-19,3864987.0287542655
2022-09-20,3844007.202881133
2022-09-21,3813550.9310737164
2022-09-22,3804742.7706672796
2022-09-23,3774499.1460080375
2022-09-25,3740962.8009716915
2022-09-26,3707206.1541668824
2022-09-27,3718520.654883323
2022-09-28,3752174.6242370903
2022-09-29,3747335.0045565576
2022-09-30,3735971.514523466
2022-10-02,3750791.1809816025
2022-10-03,3782146.118541131
2022-10-04,3824631.128833289
2022-10-05,3841925.9393722564
2022-10-06,3817272.982651147
2022-10-07,3784454.694343731
2022-10-09,3765733.9009682336
2022-10-10,3749264.3091554707
2022-10-11,3723596.4260694897
2022-10-12,3719499.9179484183
2022-10-13,3738772.067456604
2022-10-14,3712247.297682097
2022-10-16,3719990.4394678418
2022-10-17,3765812.8947972907
2022-10-18,3791544.0150820273
2022-10-19,3771438.0679282136
2022-10-20,3784026.3709470313
2022-10-21,3807863.370574304
2022-10-23,3818952.2674302133
2022-10-24,3816082.0186647126
2022-10-25,3862692.055780135
2022-10-26,3852944.19012843
2022-10-27,3830572.771956959
2022-10-28,3849970.831494076
2022-10-30,3840789.2979461686
2022-10-31,3828834.922579632
2022-11-01,3811581.1537706945
2022-11-02,3794943.227388005
2022-11-03,3783940.8001133353
2022-11-04,3819763.321913003
2022-11-06,3834843.173398694
2022-11-07,3848213.169369923
2022-11-08,3848284.993744323
2022-11-09,3840609.5004589995
2022-11-10,3889186.240528888
2022-11-11,3914704.3229179275
2022-11-13,3913188.9817382153
2022-11-14,3896396.1036632215
2022-11-15,3899354.084170649
2022-11-16,3910982.7124157296
2022-11-17,3908597.8182238415
2022-11-18,3908456.093984372
2022-11-20,3880472.995021086
2022-11-21,3853827.7087054146
2022-11-22,3896473.1602071747
2022-11-23,3909715.8104937873
2022-11-24,3902753.158533901
2022-11-25,3901526.453108333
2022-11-27,3905048.175019323
2022-11-28,3856015.9610269703
2022-11-29,3838177.2450242736
2022-11-30,3878431.5824578935
2022-12-01,3882728.370805273
2022-12-02,3881275.9473131998
2022-12-04,3849560.212623621
2022-12-05,3794705.853810641
2022-12-06,3787854.770013743
2022-12-07,3735392.1424295
2022-12-08,3769279.857113024
2022-12-09,3764961.29047917
2022-12-11,3771033.2065785206
2022-12-12,3758696.360716035
2022-12-13,3809992.4787670393
2022-12-14,3804783.712775021
2022-12-15,3750323.5346212313
2022-12-16,3741859.972303114
2022-12-18,3732082.8720467645
2022-12-19,3709313.7125935387
2022-12-20,3720428.703583983
2022-12-21,3733079.8534679646
2022-12-22,3692973.256670921
2022-12-23,3695795.1868410427
2022-12-25,3696587.7802288067
2022-12-26,3691634.412804381
2022-12-27,3690972.1124844537
2022-12-28,3690145.7531359727
2022-12-29,3703672.6863414273
2022-12-30,3696065.5600757315
2023-01-01,3722392.5322676944
2023-01-02,3726109.960796059
2023-01-03,3732710.0642298115
2023-01-04,3756466.905930032
2023-01-05,3755386.6604910297
2023-01-06,3784793.9271919224
2023-01-08,3780603.486493064
2023-01-09,3792154.7697586296
2023-01-10,3796802.018495803
2023-01-11,3803033.619024219
2023-01-12,3830481.3901511235
2023-01-13,3838542.6737921713
2023-01-15,3844269.01725337
2023-01-16,3838358.2711769235
2023-01-17,3827868.2383534582
2023-01-18,3818195.2292226106
2023-01-19,3816042.122086471
2023-01-20,3836570.891705105
2023-01-22,3834664.338335877
2023-01-23,3856794.2295921138
2023-01-24,3863993.791426468
2023-01-25,3865834.8641757076
2023-01-26,3886107.197362723
2023-01-27,3888925.8679979383
2023-01-29,3899760.4360582414
2023-01-30,3877846.759330295
2023-01-31,3875708.267734084
2023-02-01,3881493.097649164
2023-02-02,3880687.7058211984
2023-02-03,3863244.812999688
2023-02-05,3837432.230439109
2023-02-06,3840368.2347276164
2023-02-07,3850261.3319708267
2023-02-08,3849557.2510355804
2023-02-09,3830062.6186686046
2023-02-10,3823423.9760374846
2023-02-12,3818285.2969571054
2023-02-13,3837060.6203295076
2023-02-14,3838655.354076651
2023-02-15,3834365.381838492
2023-02-16,3821097.1146180565
2023-02-17,3816523.7457724884
2023-02-19,3801714.548663157
2023-02-20,3760205.9650950003
2023-02-21,3738169.3165710308
2023-02-22,3734908.9533294574
2023-02-23,3711365.450260506
2023-02-24,3691758.764407944
2023-02-26,3678203.57745535
2023-02-27,3684147.757709287
2023-02-28,3697812.746885284
2023-03-01,3735869.654277744
2023-03-02,3761244.168558841
2023-03-03,3779482.911248851
2023-03-05,3796973.7090217043
2023-03-06,3799915.9383956776
2023-03-07,3804470.179286919
2023-03-08,3804674.546902554
2023-03-09,3794280.4351914506
2023-03-10,3781851.605007576
2023-03-12,3773645.150793135
2023-03-13,3765150.819695807
2023-03-14,3783834.3967357203
2023-03-15,3748799.4050901476
2023-03-16,3789198.3635277674
2023-03-17,3780017.242487986
2023-03-19,3782071.40980113
2023-03-20,3796576.9477546965
2023-03-21,3836815.3222909546
2023-03-22,3840414.6664972585
2023-03-23,3850213.700414031
2023-03-24,3850040.1972020497
2023-03-26,3870563.2107231147
2023-03-27,3875888.8411208265
2023-03-28,3875433.8080306984
2023-03-29,3885081.6185756987
2023-03-30,3909664.952551467
2023-03-31,3919871.7891588807
2023-04-02,3926601.4585763174
2023-04-03,3960727.7270052424
2023-04-04,4004706.790829382
2023-04-05,3988947.7684106836
2023-04-06,4001097.242418492
2023-04-09,4015258.7850429295
2023-04-10,3988918.934886381
2023-04-11,4002305.1764701214
2023-04-12,4018475.6124768658
2023-04-13,4048538.1511710985
2023-04-14,4044556.3019802077
2023-04-16,4039990.1687489613
2023-04-17,4069778.1710922467
2023-04-18,4072346.2448315797
2023-04-19,4067711.1032788865
2023-04-20,4064292.799303596
2023-04-21,4064926.8037567753
2023-04-24,4064727.3249888597
2023-04-25,4077871.895993913
2023-04-26,4104514.2312813746
2023-04-27,4132666.869620509
2023-04-28,4137354.2205985887
2023-04-30,4125782.879543393
2023-05-01,4124539.221194729
2023-05-02,4101116.357277153
2023-05-03,4059073.486658605
2023-05-04,4079781.942541263
2023-05-05,4100528.8967308355
2023-05-07,4117168.6946807923
2023-05-08,4124427.6615001895
2023-05-09,4099815.000664286
2023-05-10,4128423.069950207
2023-05-11,4130425.6894407673
2023-05-12,4125315.713429762
2023-05-14,4110784.180423582
2023-05-15,4118787.351505859
2023-05-16,4096048.9180766307
2023-05-17,4102580.74457946
2023-05-18,4106510.811759535
2023-05-19,4107899.663629664
2023-05-21,4101880.70036282
2023-05-22,4117506.911360479
2023-05-23,4112457.988602897
2023-05-24,4083707.3154636356
2023-05-25,4084987.3206568733
2023-05-26,4106703.462382855
2023-05-28,4093720.1739422847
2023-05-29,4088808.9610323077
2023-05-30,4080298.746344217
2023-05-31,4083506.602754185
2023-06-01,4097060.8579795193
2023-06-02,4111693.8351983046
2023-06-04,4139237.634313603
2023-06-05,4122117.864531565
2023-06-06,4120189.0503340634
2023-06-07,4104766.490778176
2023-06-08,4116686.4905008296
2023-06-09,4119225.004616133
2023-06-11,4125263.1556294397
2023-06-12,4148009.4829673553
2023-06-13,4157905.9378308114
2023-06-14,4171823.0634289775
2023-06-15,4200550.42784801
2023-06-16,4194599.626881757
2023-06-18,4188674.9452456525
2023-06-19,4184028.2521409607
2023-06-20,4153881.9711310975
2023-06-21,4160895.6472834153
2023-06-22,4162096.822018898
2023-06-23,4144607.023262011
2023-06-26,4139516.1921388237
2023-06-27,4155528.663553451
2023-06-28,4155563.686833959
2023-06-29,4152491.270780146
2023-06-30,4169642.7184938258
2023-07-02,4182895.6998572843
2023-07-03,4175484.331377223
2023-07-04,4192402.166627854
2023-07-05,4177795.306679003
2023-07-06,4149524.118973289
2023-07-07,4154615.6764232805
2023-07-09,4157197.9322969927
2023-07-10,4161734.0228712885
2023-07-11,4183755.864057444
2023-07-12,4186075.4971072474
2023-07-13,4200720.212830283
2023-07-14,4196026.884930007
2023-07-16,4194670.457792027
2023-07-17,4206782.941917634
2023-07-18,4217283.564269794
2023-07-19,4216962.411981539
2023-07-20,4198393.092856789
2023-07-21,4197225.091412503
2023-07-23,4205124.559123276
2023-07-24,4242545.351968302
2023-07-25,4251808.4137139
2023-07-26,4254095.326526467
2023-07-27,4241809.869688708
2023-07-28,4260590.989796789
2023-07-30,4244676.635824518
2023-07-31,4212218.432191433
2023-08-01,4188931.0240681563
2023-08-02,4136566.9745931234
2023-08-03,4135106.6269002846
2023-08-04,4134478.3754954906
2023-08-06,4125502.829007918
2023-08-07,4110226.7415664615
2023-08-08,4100716.5260042828
2023-08-09,4115205.454423258
2023-08-10,4131179.110886709
2023-08-11,4121800.3435586886
2023-08-13,4138676.072257336
2023-08-14,4125242.8880858757
2023-08-15,4095722.9988184385
2023-08-16,4081911.1595795285
2023-08-17,4083188.218004214
2023-08-18,4081127.49633461
2023-08-20,4080869.0689671906
2023-08-21,4069748.0684878714
2023-08-22,4073282.368899257
2023-08-23,4067297.4106276426
2023-08-24,4047249.981818931
2023-08-25,4054055.030781336
2023-08-27,4062766.271821837
2023-08-28,4060371.8036580114
2023-08-29,4076417.588481621
2023-08-30,4091647.401948387
2023-08-31,4065722.9542886307
2023-09-01,4068239.974595652
2023-09-03,4070255.397264993
2023-09-04,4054750.1391698928
2023-09-05,4069361.56142693
2023-09-06,4060622.1635480383
2023-09-07,4039418.9308717684
2023-09-08,4039575.3555586347
2023-09-10,4039575.4663252137
2023-09-11,4085418.2390691033
2023-09-12,4057910.109053432
2023-09-13,4049110.9062052807
2023-09-14,4072574.1663151444
2023-09-15,4062069.2945323708
2023-09-17,4049586.607807034
2023-09-18,4023286.159002793
2023-09-19,4020208.0351259224
2023-09-20,3995098.9764152663
2023-09-21,3966253.8480785363
2023-09-22,3968849.1765423235
2023-09-25,3948409.923556728
2023-09-26,3927710.6871418497
2023-09-27,3947296.5399760036
2023-09-28,3953493.8799278336
2023-09-29,3950417.249909486
2023-10-01,3950417.249909486
2023-10-02,3940244.591903175
2023-10-03,3917415.7926648576
2023-10-04,3912307.406891052
2023-10-05,3918675.5466270866
2023-10-06,3932553.9870154923
2023-10-08,3908871.1009555617
2023-10-09,3917797.7297130916
2023-10-10,3913634.2982124453
2023-10-11,3921564.291993597
2023-10-12,3914517.3074040487
2023-10-13,3904465.998218598
2023-10-15,3910817.2270757463
2023-10-16,3931828.5394865572
2023-10-17,3939197.590746379
2023-10-18,3908028.7228852967
2023-10-19,3895623.036855533
2023-10-20,3883102.03520032
2023-10-22,3871111.2493538447
2023-10-23,3863104.191513199
2023-10-24,3889296.8593364363
2023-10-25,3876227.541325936
2023-10-26,3855902.7903143596
2023-10-27,3856488.646544437
2023-10-29,3875154.2493254794
2023-10-30,3901000.9224234503
2023-10-31,3921688.3284793617
2023-11-01,3959535.9509577416
2023-11-02,3974497.547836066
2023-11-03,3987383.56292249
2023-11-05,3994897.2785267793
2023-11-06,4003804.8979353784
2023-11-07,4000976.2707713083
2023-11-08,4014544.2673715223
2023-11-09,4000553.32209762
2023-11-10,4013770.084409169
2023-11-12,4017934.4906012476
2023-11-13,3991444.5533620566
2023-11-14,4024183.0418246817
2023-11-15,4071346.2442419715
2023-11-16,4089056.2517229454
2023-11-17,4094819.98574544
2023-11-19,4094761.0602979446
2023-11-20,4111602.692377343
2023-11-21,4098340.3803685084
2023-11-22,4100770.340433062
2023-11-23,4100770.340433062
2023-11-24,4103134.2807529457
2023-11-26,4147226.978356258
2023-11-27,4183652.5659071333
2023-11-28,4180469.041807737
2023-11-29,4168497.5651694066
2023-11-30,4179633.403862841
2023-12-01,4185903.7663161163
2023-12-03,4189186.482691161
2023-12-04,4171338.850297178
2023-12-05,4159658.7533000605
2023-12-06,4156086.0324741984
2023-12-07,4172717.949452749
2023-12-08,4175418.636125529
2023-12-10,4187455.028930824
2023-12-11,4224923.915880984
2023-12-12,4237609.774154771
2023-12-13,4269717.007847179
2023-12-14,4310422.422538878
2023-12-15,4307403.947510032
2023-12-17,4314057.373672033
2023-12-18,4334198.603527826
2023-12-19,4349014.258764365
2023-12-20,4329706.872705817
2023-12-21,4344025.5483446615
2023-12-22,4345118.897439088
2023-12-24,4378572.672891072
2023-12-25,4395167.361029461
2023-12-26,4412160.673969239
2023-12-27,4430628.9295244515
2023-12-28,4427958.544394441
2023-12-29,4426091.401164749
2023-12-31,4416777.56588355
2024-01-01,4422413.147209739
2024-01-02,4425586.526294434
2024-01-03,4379235.102947654
2024-01-04,4403098.98120557
2024-01-05,4404636.6342831375
2024-01-07,4415137.04663727
2024-01-08,4445913.590929082
2024-01-09,4437543.50604992
2024-01-10,4460489.549917891
2024-01-11,4437198.832989915
2024-01-12,4439894.277545606
2024-01-14,4410030.294846969
2024-01-15,4408689.747902676
2024-01-16,4371880.164343511
2024-01-17,4375165.017257643
2024-01-18,4368477.631241529
2024-01-19,4382511.593881068
2024-01-21,4369486.903988112
2024-01-22,4369747.2047185805
2024-01-23,4371245.71329299
2024-01-24,4388366.788029725
2024-01-25,4425369.57470819
2024-01-26,4424014.333305808
2024-01-28,4441385.467294266
2024-01-29,4461114.885389077
2024-01-30,4426284.566696446
2024-01-31,4355729.00678368
2024-02-01,4409819.6721885335
2024-02-02,4414591.830974936
2024-02-04,4412966.781478689
2024-02-05,4404621.139385007
2024-02-06,4407746.558123708
2024-02-07,4394805.534836024
2024-02-08,4394406.645231319
2024-02-09,4403043.835459646
2024-02-11,4417101.795431179
2024-02-12,4426202.185208695
2024-02-13,4399708.803334011
2024-02-14,4406990.273568709
2024-02-15,4420173.025593222
2024-02-16,4416208.816791945
2024-02-18,4402946.690794811
2024-02-19,4402614.220722783
2024-02-20,4418211.195090358
2024-02-21,4411647.024674085
2024-02-22,4435432.121905167
2024-02-23,4434467.499744232
2024-02-25,4411915.067516607
2024-02-26,4415413.460332587
2024-02-27,4430577.651443857
2024-02-28,4408693.089064331
2024-02-29,4440192.41533656
2024-03-01,4456565.047386075
2024-03-03,4433822.279037627
2024-03-04,4407215.407436831
2024-03-05,4394246.162527755
2024-03-06,4413771.290802259
2024-03-07,4431573.260991719
2024-03-08,4421560.346376909
2024-03-10,4413315.11325195
2024-03-11,4398751.116114264
2024-03-12,4402446.505377717
2024-03-13,4388977.061439896
2024-03-14,4365917.715913574
2024-03-15,4358129.481740709
2024-03-17,4353826.613459315
2024-03-18,4356923.407020625
2024-03-19,4369112.442837153
2024-03-20,4383432.729475993
2024-03-21,4404004.121726698
2024-03-22,4402254.45722197
2024-03-24,4404003.539219532
2024-03-25,4382073.422072172
2024-03-26,4372502.902639243
2024-03-27,4382423.055296184
2024-03-28,4372316.831620438
2024-03-31,4367222.53386425
2024-04-01,4352556.07065985
2024-04-02,4326507.7893090155
2024-04-03,4357834.18577512
2024-04-04,4377431.025576565
2024-04-05,4385893.957236283
2024-04-08,4389561.017405733
2024-04-09,4392750.736414128
2024-04-10,4378619.120189136
2024-04-11,4389633.871845769
2024-04-12,4368681.850192002
2024-04-14,4368682.512104603
2024-04-15,4316103.009746831
2024-04-16,4280520.803478848
2024-04-17,4268045.713893805
2024-04-18,4279094.500298094
2024-04-19,4267885.6531296605
2024-04-21,4261772.149296633
2024-04-22,4250577.843489252
2024-04-23,4263645.046396699
2024-04-24,4258306.742169335
2024-04-25,4226289.413231494
2024-04-26,4239667.330424592
2024-04-28,4253037.064078707
2024-04-29,4270676.559737015
2024-04-30,4237063.998649675
2024-05-01,4218779.464411523
2024-05-02,4256527.2138568545
2024-05-03,4273257.547396754
2024-05-05,4280121.3999219695
2024-05-06,4292865.798570576
2024-05-07,4287010.83444152
2024-05-08,4298448.335748853
2024-05-09,4290274.648848525
2024-05-10,4292752.9605275765
2024-05-12,4287483.714846662
2024-05-13,4291188.124959869
2024-05-14,4290723.834716927
2024-05-15,4326097.671291526
2024-05-16,4324451.848058048
2024-05-17,4327231.613314194
2024-05-19,4327233.894575066
2024-05-20,4324517.83285005
2024-05-21,4300133.5076609915
2024-05-22,4302408.777794041
2024-05-23,4263717.962977938
2024-05-24,4273434.524294853
2024-05-26,4279282.135420933
2024-05-27,4271301.06000271
2024-05-28,4253808.9984054
2024-05-29,4242624.564906571
2024-05-30,4242345.655129641
2024-05-31,4243777.619956155
2024-06-02,4243781.257599037
2024-06-03,4277258.418653271
2024-06-04,4270131.166198824
2024-06-05,4304600.64262164
2024-06-06,4324410.059370487
2024-06-07,4316149.408749668
2024-06-09,4372115.249916501
2024-06-10,4387859.59771467
2024-06-11,4388683.876613926
2024-06-12,4397951.77843998
2024-06-13,4378235.614002481
2024-06-14,4376657.076491193
2024-06-17,4386442.309545761
2024-06-18,4390106.353686169
2024-06-20,4385188.17087293
2024-06-21,4379782.916852849
2024-06-23,4411214.920332713
2024-06-24,4390392.6642906545
2024-06-25,4427549.467129136
2024-06-26,4388471.3107708935
2024-06-27,4404414.272693001
2024-06-28,4402135.236489415
2024-06-30,4402079.732485964
2024-07-01,4400728.844494893
2024-07-02,4396855.063823867
2024-07-03,4403017.226674173
2024-07-04,4401330.297687888
2024-07-05,4410955.220406722
2024-07-07,4431514.202043611
2024-07-08,4435896.431982188
2024-07-09,4436896.607175194
2024-07-10,4481575.42431717
2024-07-11,4458501.214466328
2024-07-12,4468562.583095885
2024-07-14,4458597.466429908
2024-07-15,4488341.512246756
2024-07-16,4498868.416502018
2024-07-17,4467835.584268199
2024-07-18,4466698.496012963
2024-07-19,4456253.3065476185
2024-07-21,4464373.7528495435
2024-07-22,4484908.291759157
2024-07-23,4456757.970450567
2024-07-24,4430867.817822166
2024-07-25,4420804.939487913
2024-07-26,4435525.374802752
2024-07-28,4469616.065022392
2024-07-29,4479288.0359765105
2024-07-30,4485900.611956727
2024-07-31,4520154.964437189
2024-08-01,4480613.035819601
2024-08-02,4455218.097441468
2024-08-04,4416997.235884227
2024-08-05,4373868.218032716
2024-08-06,4407923.169577131
2024-08-07,4409915.938127378
2024-08-08,4440369.483195308
2024-08-09,4446121.986336464
2024-08-11,4437256.598399055
2024-08-12,4440742.709564985
2024-08-13,4468813.061500922
2024-08-14,4458787.530973255
2024-08-15,4494930.601077059
2024-08-16,4500707.33481244
2024-08-18,4496429.520110631
2024-08-19,4514014.473501883
2024-08-20,4539184.850767767
2024-08-21,4589882.781105642
2024-08-22,4577348.753746861
2024-08-23,4597095.203131234
2024-08-25,4664397.56102027
2024-08-26,4678966.637013538
2024-08-27,4668004.819367921
2024-08-28,4636844.259154569
2024-08-29,4628764.014013176
2024-08-30,4637631.755887585
2024-09-01,4658900.59193035
2024-09-02,4657528.615607711
2024-09-03,4615773.97303248
2024-09-04,4610609.588717223
2024-09-05,4609076.975793159
2024-09-06,4580788.047997132
2024-09-08,4565338.865888427
2024-09-09,4589116.06220501
2024-09-10,4593754.223664293
2024-09-11,4594567.992831627
2024-09-12,4596827.236741398
2024-09-13,4601782.420770066
2024-09-15,4592974.4151269
2024-09-16,4633695.058121196
2024-09-17,4631433.027650375
2024-09-18,4639243.315165186
2024-09-19,4663971.517041557
2024-09-20,4657973.342878702
2024-09-22,4676885.213220326
2024-09-23,4682050.71983327
2024-09-24,4700324.708169501
2024-09-25,4711756.649330273
2024-09-26,4725528.286374018
2024-09-27,4718334.298303274
2024-09-29,4686495.518934016
2024-09-30,4671828.253058961
2024-10-01,4667935.505008642
2024-10-02,4672156.112563436
2024-10-03,4617904.093028093
2024-10-04,4630916.014614145
2024-10-06,4589135.737337015
2024-10-07,4603051.525466663
2024-10-08,4616754.621425014
2024-10-09,4603690.91956533
2024-10-10,4623964.30043597
2024-10-11,4629178.699777897
2024-10-13,4629577.739430041
2024-10-14,4634946.746212043
2024-10-15,4614764.960787068
2024-10-16,4598891.360769958
2024-10-17,4553275.740661257
2024-10-18,4562735.183777953
2024-10-20,4542716.324999598
2024-10-21,4573702.429123145
2024-10-22,4570773.815882437
2024-10-23,4552374.067456994
2024-10-24,4552467.791044474
2024-10-25,4553922.908252303
2024-10-27,4601190.495535987
2024-10-28,4601324.767390078
2024-10-29,4594984.833638649
2024-10-30,4578172.087933632
2024-10-31,4585147.780654885
2024-11-01,4590760.621932131
2024-11-03,4590718.564947815
2024-11-04,4598193.480734423
2024-11-05,4609966.801557822
2024-11-06,4619766.855261661
2024-11-07,4667211.932222288
2024-11-08,4654597.997832704
2024-11-10,4664053.455941902
2024-11-11,4637936.678885612
2024-11-12,4622955.297509549
2024-11-13,4587128.887046577
2024-11-14,4556876.188374504
2024-11-15,4540323.395288089
2024-11-17,4540325.229772783
2024-11-18,4560885.922636011
2024-11-19,4557401.625500904
2024-11-20,4563719.501587631
2024-11-21,4579123.664793678
2024-11-22,4582109.2593680415
2024-11-24,4562296.897199631
2024-11-25,4565901.862690263
2024-11-26,4561729.608491166
2024-11-27,4553190.995942641
2024-11-28,4567840.935407258
2024-11-29,4580734.009678494
2024-12-01,4580735.051477408
2024-12-02,4616019.202888003
2024-12-03,4664469.93902121
2024-12-04,4659026.21101338
2024-12-05,4666678.576911162
2024-12-06,4671301.436363506
2024-12-08,4673618.292609777
2024-12-09,4702580.07317372
2024-12-10,4702671.662486065
2024-12-11,4717132.1370240655
2024-12-12,4703655.181154407
2024-12-13,4706889.634280938
2024-12-15,4700249.093716801
2024-12-16,4699424.034108786
2024-12-17,4683313.714197338
2024-12-18,4636066.871741341
2024-12-19,4644528.1459343005
2024-12-20,4650511.301392438
2024-12-22,4644758.551463233
2024-12-23,4646140.286707229
2024-12-24,4669559.563848564
2024-12-25,4650251.473752608
2024-12-26,4678838.470724152
2024-12-27,4668709.6597297825
2024-12-29,4682687.526162178
2024-12-30,4668630.204744579
2024-12-31,4684112.850709928
2025-01-01,4697987.781650796
2025-01-02,4726192.213662378
2025-01-03,4740962.905434362
2025-01-05,4739690.917659166
2025-01-06,4751774.086207928
2025-01-07,4740907.839458472
2025-01-08,4733008.62134527
2025-01-09,4733016.397489738
2025-01-10,4710542.3361350335
2025-01-12,4694526.245268409
2025-01-13,4680479.176184764
2025-01-14,4697651.294904765
2025-01-15,4730136.8322131755
2025-01-16,4729264.609780431
2025-01-17,4743348.012061667
2025-01-19,4751311.310482008
2025-01-20,4744992.921972232
2025-01-21,4769282.576138015
2025-01-22,4764885.902943699
2025-01-23,4765890.701505434
2025-01-24,4766815.027946443
2025-01-26,4765682.036868669
2025-01-27,4741612.765620596
2025-01-28,4752091.561323064
2025-01-29,4745031.284842703
2025-01-30,4797020.152120549
2025-01-31,4788636.149333448
2025-02-02,4792206.1544608325
2025-02-03,4784052.632561446
2025-02-04,4820174.101322984
2025-02-05,4820371.621237077
2025-02-06,4815031.509865967
2025-02-07,4801946.995000656
2025-02-09,4800043.339911973
2025-02-10,4812496.329086253
2025-02-11,4797879.689438769
2025-02-12,4803808.516656687
2025-02-13,4840941.550911494
2025-02-14,4845375.965033995
2025-02-16,4840939.539620043
2025-02-17,4820400.96700749
2025-02-18,4840694.666849338
2025-02-19,4834674.0033038445
2025-02-20,4858861.481511164
2025-02-21,4840987.359300038
2025-02-24,4823494.626350334
2025-02-25,4818451.072814655
2025-02-26,4841849.745918472
2025-02-27,4807982.55716704
2025-02-28,4815138.177837273
2025-03-02,4803433.068246333
2025-03-03,4811359.874169737
2025-03-04,4797164.536426388
2025-03-05,4830395.398365779
2025-03-06,4790242.661752736
2025-03-07,4801804.074238746
2025-03-09,4818983.060458151
2025-03-10,4790137.660739195
2025-03-11,4767775.061984822
2025-03-12,4756344.469027663
2025-03-13,4753507.21284448
2025-03-14,4782235.186295893
2025-03-16,4788893.056469252
2025-03-17,4820328.086349545
2025-03-18,4797657.621774318
2025-03-19,4800379.652449668
2025-03-20,4788388.472096842
2025-03-21,4786504.259466228
2025-03-23,4761709.1548532825
2025-03-24,4793536.652833406
2025-03-25,4797624.168298241
2025-03-26,4807485.919134258
2025-03-27,4824931.160031161
2025-03-28,4799252.495328301
2025-03-31,4794253.640984051
2025-04-01,4801515.723935311
2025-04-02,4807953.274064001
2025-04-03,4750501.226454057
2025-04-04,4665684.123092291
2025-04-06,4564562.290239292
2025-04-07,4583673.634923915
2025-04-08,4580997.2410104135
2025-04-09,4668723.912281185
2025-04-10,4634269.250876677
2025-04-11,4664849.192290638
2025-04-13,4705505.368002709
2025-04-14,4723202.179286251
2025-04-15,4729550.499014189
2025-04-16,4725509.130223572
2025-04-17,4733409.907212596
2025-04-20,4720689.37800483
2025-04-21,4698697.0845946865
2025-04-22,4736244.597619293
2025-04-23,4796333.825543945
2025-04-24,4827892.741368124
2025-04-25,4835659.91688163
2025-04-27,4832159.151626002
2025-04-28,4834652.9911742145
2025-04-29,4824546.892932684
2025-04-30,4824262.1766871065
2025-05-01,4805336.420811986
2025-05-02,4828519.401883954
2025-05-04,4811187.94010163
2025-05-05,4806938.713492384
2025-05-06,4797870.108147455
2025-05-07,4795270.240149144
2025-05-08,4806342.884665523
2025-05-09,4810417.659206219
2025-05-11,4812988.758619218
2025-05-12,4850988.060899474
2025-05-13,4873956.905085775
2025-05-14,4865704.685963519
2025-05-15,4863782.901572083
2025-05-16,4867328.7512738705
2025-05-18,4862084.180341676
2025-05-19,4876716.9249731945
2025-05-20,4873392.14680841
2025-05-21,4855550.31618385
2025-05-22,4820526.954165073
2025-05-23,4817241.82069907
2025-05-25,4799735.50335412
2025-05-26,4791211.69395924
2025-05-27,4814905.797870025
2025-05-28,4832575.299347287
2025-05-29,4852602.107226986
2025-05-30,4849847.317321061
2025-06-01,4832568.445771681
2025-06-02,4832463.357062705
2025-06-03,4845152.43296388
2025-06-04,4897382.987680759
2025-06-05,4893685.107696958
2025-06-06,4901867.700737784
2025-06-09,4904558.763618469
2025-06-10,4910927.8563783625
2025-06-11,4900711.020056351
2025-06-12,4883532.2197013125
2025-06-13,4865871.129378436
2025-06-15,4834506.605027629
2025-06-16,4869036.18770029
2025-06-17,4829021.010357712
2025-06-18,4825591.496028697
2025-06-19,4811993.142382153
2025-06-20,4803829.860370959
2025-06-22,4804167.754176529
2025-06-23,4837156.640018588
2025-06-24,4889204.755741503
2025-06-25,4889508.520848177
2025-06-26,4929993.725360123
2025-06-27,4935727.418736389
2025-06-29,4961195.4364376785
2025-06-30,4947890.079014422
2025-07-01,4950512.860042216
2025-07-02,4952846.264083115
2025-07-03,4976801.917103366
2025-07-06,4986802.553557932
2025-07-07,4972175.869095882
2025-07-08,4963949.949709931
2025-07-09,4976047.884191165
2025-07-10,4970173.116940615
2025-07-11,4963134.538290842
2025-07-13,4968279.657371893
2025-07-14,4966766.975217539
2025-07-15,4940430.77713585
2025-07-16,4941850.9396373695
2025-07-17,4947341.957437067
2025-07-18,4945026.806546829
2025-07-20,4945554.573492013
2025-07-21,4980430.998503889
2025-07-22,4971559.301454397
2025-07-23,5017510.508172008
2025-07-24,5021442.29054157
2025-07-25,5021072.867356511
2025-07-27,5017333.145759146
2025-07-28,4995787.36994447
2025-07-29,4974926.1818297515
2025-07-30,4980632.887984867
2025-07-31,4988090.423014003
2025-08-01,4974343.035135633
2025-08-03,4963702.84937472
2025-08-04,5042959.949516598
2025-08-05,5022320.771661577
2025-08-06,5038445.60136168
2025-08-07,5035282.231267672
2025-08-08,5043543.047282578
2025-08-10,5030927.709569029
2025-08-11,5014262.883701109
2025-08-12,5029717.497561559
2025-08-13,5017433.357396809
2025-08-14,5030843.491703033
2025-08-15,5031920.69214718
2025-08-17,5033067.031501818
2025-08-18,5047393.028195388
2025-08-19,5024976.337964405
2025-08-20,5030093.34983855
2025-08-21,5025418.53505184
2025-08-22,5047625.015273035
2025-08-24,5052323.327710037
2025-08-25,5042596.347725165
2025-08-26,5040470.67212994
2025-08-27,5044096.197485162
2025-08-28,5033500.505565472
2025-08-29,5023045.860962467
2025-08-31,5019899.941204535
2025-09-01,5012860.184073546
2025-09-02,5013222.5618941
2025-09-03,5013287.759933091
2025-09-04,5023631.889432171
2025-09-05,5029451.739103155
2025-09-07,5023294.694025496
2025-09-08,5005995.025674625
2025-09-09,5010630.268820874
2025-09-10,5001069.617209996
2025-09-11,5016845.443462973
2025-09-12,5016771.766091086
2025-09-14,5026115.868435046
2025-09-15,5024030.680408179
2025-09-16,5034471.361579829
2025-09-17,5042642.761548754
2025-09-18,5077379.681714237
2025-09-19,5078869.67688642
2025-09-21,5084057.347446461
2025-09-22,5100391.100258263
2025-09-23,5095648.106749372
2025-09-24,5202321.64614509
2025-09-25,5194875.592450228
2025-09-26,5200366.367239257
2025-09-28,5152143.655931965
2025-09-29,5187563.023829593
2025-09-30,5220190.326556083
2025-10-01,5229714.629119053
2025-10-02,5222704.584754156
2025-10-03,5226104.5008008005
2025-10-05,5232650.725711664
2025-10-06,5248825.290554571
2025-10-07,5225310.212930458
2025-10-08,5244623.720641874
2025-10-09,5253215.696013928
2025-10-10,5212810.860461997
2025-10-12,5184751.544345582
2025-10-13,5228566.774265658
2025-10-14,5223865.917065449
2025-10-15,5238063.105812162
2025-10-16,5236455.407817498
2025-10-17,5240080.910663521
2025-10-19,5233816.214123154
2025-10-20,5241848.7450380325
2025-10-21,5228596.7169077685
2025-10-22,5233099.7634801995
2025-10-23,5234491.926942937
2025-10-24,5244457.993130723
2025-10-26,5263807.778802188
2025-10-27,5278800.861357614
2025-10-28,5287688.987999612
2025-10-29,5288331.024994734
2025-10-30,5261235.2257056
2025-10-31,5261701.937712689
2025-11-02,5222751.714321007
2025-11-03,5245320.944455094
2025-11-04,5210147.764447225
2025-11-05,5211465.2169209905
2025-11-06,5210006.825806445
2025-11-07,5209685.639947612
2025-11-09,5204420.405847283
2025-11-10,5224855.834024667
2025-11-11,5237271.357398342
2025-11-12,5236215.096876378
2025-11-13,5215716.228038406
2025-11-14,5215349.320031367
2025-11-16,5193415.510654968
2025-11-17,5179706.057047012
2025-11-18,5166450.632945757
2025-11-19,5163641.738938754
2025-11-20,5142771.241001208
2025-11-21,5154829.1290273955
2025-11-23,5147414.789370603
2025-11-24,5129754.020759641
2025-11-25,5175030.627224379
2025-11-26,5183257.063089797
2025-11-27,5189166.132517541
2025-11-28,5196763.149473751
2025-11-30,5222190.795216389
2025-12-01,5194177.061813399
2025-12-02,5200820.512846391
2025-12-03,5201820.741113163
2025-12-04,5214012.546910944
2025-12-05,5218831.025217995
2025-12-07,5215162.568451351
2025-12-08,5213846.248349307
2025-12-09,5224821.402672377
2025-12-10,5235558.561612684
2025-12-11,5254014.727641429
2025-12-12,5237316.0922782095
2025-12-14,5218525.003176646
2025-12-15,5218151.996565141
2025-12-16,5204600.900160078
2025-12-17,5183447.815166831
2025-12-18,5210213.877550745
2025-12-19,5224043.049516492
2025-12-21,5230395.413709424
2025-12-22,5256722.984258456
2025-12-23,5273911.036062678
2025-12-24,5280322.077076596
2025-12-25,5282823.2868753495
2025-12-26,5285505.710804032
2025-12-28,5272775.732645208
2025-12-29,5274982.885678534
2025-12-30,5269051.082819823
2025-12-31,5275993.634435297
2026-01-01,5284400.824435644
2026-01-02,5295724.398280742
2026-01-04,5277402.199111585
2026-01-05,5289998.772365766
2026-01-06,5288539.236001294
2026-01-07,5307404.181100373
2026-01-08,5310219.618030693
2026-01-09,5321923.825026639
2026-01-11,5344106.950385561
2026-01-12,5360282.490941412
2026-01-13,5370041.815371237
2026-01-14,5370914.232677466
2026-01-15,5346025.441491203
2026-01-16,5345532.064288283
2026-01-18,5347019.694897448
2026-01-19,5358296.777891828
2026-01-20,5347502.15407658
2026-01-21,5370892.895041944
2026-01-22,5404837.327764023
2026-01-23,5411435.620174944
2026-01-25,5427050.375754179
2026-01-26,5450604.85966095
2026-01-27,5508160.641641779
2026-01-28,5506681.006309392
2026-01-29,5492675.519275907
2026-01-30,5472129.339894016
2026-02-01,5433970.921876242
2026-02-02,5472115.078306446
2026-02-03,5460166.299026161
2026-02-04,5449495.146511839
2026-02-05,5407102.390710988
2026-02-06,5438246.525229883
2026-02-08,5451380.338411862
2026-02-09,5471504.191062562
2026-02-10,5463654.012612011
2026-02-11,5462939.34088534
2026-02-12,5448452.730862667
2026-02-13,5451984.845043936
2026-02-15,5460304.074708262
2026-02-16,5454095.569544897
2026-02-17,5445833.236902148
2026-02-18,5437011.31693034
2026-02-19,5397897.720167656
2026-02-20,5413708.260595704
2026-02-23,5405012.589429871
2026-02-24,5391141.327233557
2026-02-25,5412265.697670004
2026-02-26,5396823.323836511
2026-02-27,5392861.388666446
2026-03-01,5343592.880074928
2026-03-02,5337184.281471949
2026-03-03,5302544.248403352
2026-03-04,5338508.36138259
2026-03-05,5329125.245196647
2026-03-06,5314451.412162023
2026-03-08,5335367.970103889
2026-03-09,5330809.591645619
2026-03-10,5347954.293086754
2026-03-11,5354025.275019207
2026-03-12,5334002.828898411
2026-03-13,5323531.163402581
2026-03-15,5332050.502424853
2026-03-16,5342308.692843024
2026-03-17,5347402.3030769415
2026-03-18,5327014.957284372
2026-03-19,5323880.951394463
2026-03-20,5291850.557320328
2026-03-23,5315894.614856211
2026-03-24,5309081.240075488
2026-03-25,5352012.535817204
2026-03-26,5309144.398829135
2026-03-27,5293071.958738905
2026-03-29,5298789.182437527
2026-03-30,5294015.3918081
2026-03-31,5356446.119016859
2026-04-01,5388496.598740588
2026-04-02,5384617.716314179
2026-04-05,5398475.615709051
2026-04-06,5411366.526676213
2026-04-07,5383028.259480121
2026-04-08,5471223.477898206
2026-04-09,5478869.606696969
2026-04-10,5481634.245704862
2026-04-12,5477327.685157072
2026-04-13,5505385.784460876
2026-04-14,5550328.935417614
2026-04-15,5577252.095185245
2026-04-16,5564963.924860221
2026-04-17,5583721.6018310785
2026-04-19,5557123.912860033
2026-04-20,5523209.030311159
2026-04-21,5514031.94787308
2026-04-22,5520918.554118502
2026-04-23,5480145.385064675
2026-04-24,5499719.763102371
2026-04-26,5510548.317312238
2026-04-27,5513604.699710931
2026-04-28,5502912.6596369315
2026-04-29,5519471.148515715
2026-04-30,5529467.539344348
2026-05-01,5534102.811948902
2026-05-03,5534357.290521197
2026-05-04,5526852.481955636
2026-05-05,5553433.250495156
2026-05-06,5578391.393096569
2026-05-07,5570927.675514846
2026-05-08,5594839.695231499
2026-05-10,5605615.52749213
2026-05-11,5611363.959682837
2026-05-12,5588808.924126773
2026-05-13,5622150.362375748
2026-05-14,5645562.904405881
2026-05-15,5618945.247472577
2026-05-17,5623223.208860986
2026-05-18,5642455.18131632
2026-05-19,5653210.951964909
2026-05-20,5683617.463682281
2026-05-21,5699502.9638534365
2026-05-22,5700890.980453578
2026-05-24,5700890.980453578
2026-05-25,5700890.980453578
2026-05-26,5727155.0359273795
2026-05-27,5723961.104821974
2026-05-28,5730283.851584287
2026-05-29,5730853.846002147
