,QQQ,VEU,STC,AlRajhi,BonyanREIT,AlinmaHospitalityREIT
2010-01-04,0.0,0.0,0.0,0.0,0.0,0.0
2010-01-05,0.0,0.0,0.0,0.0,0.0,0.0
2010-01-06,0.0,0.0,0.0,0.0,0.0,0.0
2010-01-07,0.0,0.0,0.0,0.0,0.0,0.0
2010-01-08,0.0,0.0,0.0,0.0,0.0,0.0
2010-01-11,0.0,0.0,0.0,0.0,0.0,0.0
2010-01-12,0.0,0.0,0.0,0.0,0.0,0.0
2010-01-13,0.0,0.0,0.0,0.0,0.0,0.0
2010-01-14,0.0,0.0,0.0,0.0,0.0,0.0
2010-01-15,0.0,0.0,0.0,0.0,0.0,0.0
2010-01-19,0.0,0.0,0.0,0.0,0.0,0.0
2010-01-20,0.0,0.0,0.0,0.0,0.0,0.0
2010-01-21,0.0,0.0,0.0,0.0,0.0,0.0
2010-01-22,0.0,0.0,0.0,0.0,0.0,0.0
2010-01-25,0.0,0.0,0.0,0.0,0.0,0.0
2010-01-26,0.0,0.0,0.0,0.0,0.0,0.0
2010-01-27,0.0,0.0,0.0,0.0,0.0,0.0
2010-01-28,0.0,0.0,0.0,0.0,0.0,0.0
2010-01-29,0.0,0.0,0.0,0.0,0.0,0.0
2010-02-01,0.0,0.0,0.0,0.0,0.0,0.0
2010-02-02,0.0,0.0,0.0,0.0,0.0,0.0
2010-02-03,0.0,0.0,0.0,0.0,0.0,0.0
2010-02-04,0.0,0.0,0.0,0.0,0.0,0.0
2010-02-05,0.0,0.0,0.0,0.0,0.0,0.0
2010-02-08,0.0,0.0,0.0,0.0,0.0,0.0
2010-02-09,0.0,0.0,0.0,0.0,0.0,0.0
2010-02-10,0.0,0.0,0.0,0.0,0.0,0.0
2010-02-11,0.0,0.0,0.0,0.0,0.0,0.0
2010-02-12,0.0,0.0,0.0,0.0,0.0,0.0
2010-02-16,0.0,0.0,0.0,0.0,0.0,0.0
2010-02-17,0.0,0.0,0.0,0.0,0.0,0.0
2010-02-18,0.0,0.0,0.0,0.0,0.0,0.0
2010-02-19,0.0,0.0,0.0,0.0,0.0,0.0
2010-02-22,0.0,0.0,0.0,0.0,0.0,0.0
2010-02-23,0.0,0.0,0.0,0.0,0.0,0.0
2010-02-24,0.0,0.0,0.0,0.0,0.0,0.0
2010-02-25,0.0,0.0,0.0,0.0,0.0,0.0
2010-02-26,0.0,0.0,0.0,0.0,0.0,0.0
2010-03-01,0.0,0.0,0.0,0.0,0.0,0.0
2010-03-02,0.0,0.0,0.0,0.0,0.0,0.0
2010-03-03,0.0,0.0,0.0,0.0,0.0,0.0
2010-03-04,0.0,0.0,0.0,0.0,0.0,0.0
2010-03-05,0.0,0.0,0.0,0.0,0.0,0.0
2010-03-07,0.0,0.0,0.0,0.0,0.0,0.0
2010-03-08,0.0,0.0,0.0,0.0,0.0,0.0
2010-03-09,0.0,0.0,0.0,0.0,0.0,0.0
2010-03-10,0.0,0.0,0.0,0.0,0.0,0.0
2010-03-11,0.0,0.0,0.0,0.0,0.0,0.0
2010-03-12,0.0,0.0,0.0,0.0,0.0,0.0
2010-03-14,0.0,0.0,0.0,0.0,0.0,0.0
2010-03-15,0.0,0.0,0.0,0.0,0.0,0.0
2010-03-16,0.0,0.0,0.0,0.0,0.0,0.0
2010-03-17,0.0,0.0,0.0,0.0,0.0,0.0
2010-03-18,0.0,0.0,0.0,0.0,0.0,0.0
2010-03-19,0.0,0.0,0.0,0.0,0.0,0.0
2010-03-21,0.0,0.0,0.0,0.0,0.0,0.0
2010-03-22,0.0,0.0,0.0,0.0,0.0,0.0
2010-03-23,0.0,0.0,0.0,0.0,0.0,0.0
2010-03-24,0.0,0.0,0.0,0.0,0.0,0.0
2010-03-25,0.0,0.0,0.0,0.0,0.0,0.0
2010-03-26,0.0,0.0,0.0,0.0,0.0,0.0
2010-03-28,0.0,0.0,0.0,0.0,0.0,0.0
2010-03-29,0.0,0.0,0.0,0.0,0.0,0.0
2010-03-30,0.0,0.0,0.0,0.0,0.0,0.0
2010-03-31,0.0,0.0,0.0,0.0,0.0,0.0
2010-04-01,0.0,0.0,0.0,0.0,0.0,0.0
2010-04-04,0.0,0.0,0.0,0.0,0.0,0.0
2010-04-05,0.0,0.0,0.0,0.0,0.0,0.0
2010-04-06,0.0,0.0,0.0,0.0,0.0,0.0
2010-04-07,0.0,0.0,0.0,0.0,0.0,0.0
2010-04-08,0.0,0.0,0.0,0.0,0.0,0.0
2010-04-09,0.0,0.0,0.0,0.0,0.0,0.0
2010-04-11,0.0,0.0,0.0,0.0,0.0,0.0
2010-04-12,0.0,0.0,0.0,0.0,0.0,0.0
2010-04-13,0.0,0.0,0.0,0.0,0.0,0.0
2010-04-14,0.0,0.0,0.0,0.0,0.0,0.0
2010-04-15,0.0,0.0,0.0,0.0,0.0,0.0
2010-04-16,0.0,0.0,0.0,0.0,0.0,0.0
2010-04-18,0.0,0.0,0.0,0.0,0.0,0.0
2010-04-19,0.0,0.0,0.0,0.0,0.0,0.0
2010-04-20,0.0,0.0,0.0,0.0,0.0,0.0
2010-04-21,0.0,0.0,0.0,0.0,0.0,0.0
2010-04-22,0.0,0.0,0.0,0.0,0.0,0.0
2010-04-23,0.0,0.0,0.0,0.0,0.0,0.0
2010-04-25,0.0,0.0,0.0,0.0,0.0,0.0
2010-04-26,0.0,0.0,0.0,0.0,0.0,0.0
2010-04-27,0.0,0.0,0.0,0.0,0.0,0.0
2010-04-28,0.0,0.0,0.0,0.0,0.0,0.0
2010-04-29,0.0,0.0,0.0,0.0,0.0,0.0
2010-04-30,0.0,0.0,0.0,0.0,0.0,0.0
2010-05-02,0.0,0.0,0.0,0.0,0.0,0.0
2010-05-03,0.0,0.0,0.0,0.0,0.0,0.0
2010-05-04,0.0,0.0,0.0,0.0,0.0,0.0
2010-05-05,0.0,0.0,0.0,0.0,0.0,0.0
2010-05-06,0.0,0.0,0.0,0.0,0.0,0.0
2010-05-07,0.0,0.0,0.0,0.0,0.0,0.0
2010-05-09,0.0,0.0,0.0,0.0,0.0,0.0
2010-05-10,0.0,0.0,0.0,0.0,0.0,0.0
2010-05-11,0.0,0.0,0.0,0.0,0.0,0.0
2010-05-12,0.0,0.0,0.0,0.0,0.0,0.0
2010-05-13,0.0,0.0,0.0,0.0,0.0,0.0
2010-05-14,0.0,0.0,0.0,0.0,0.0,0.0
2010-05-16,0.0,0.0,0.0,0.0,0.0,0.0
2010-05-17,0.0,0.0,0.0,0.0,0.0,0.0
2010-05-18,0.0,0.0,0.0,0.0,0.0,0.0
2010-05-19,0.0,0.0,0.0,0.0,0.0,0.0
2010-05-20,0.0,0.0,0.0,0.0,0.0,0.0
2010-05-21,0.0,0.0,0.0,0.0,0.0,0.0
2010-05-23,0.0,0.0,0.0,0.0,0.0,0.0
2010-05-24,0.0,0.0,0.0,0.0,0.0,0.0
2010-05-25,0.0,0.0,0.0,0.0,0.0,0.0
2010-05-26,0.0,0.0,0.0,0.0,0.0,0.0
2010-05-27,0.0,0.0,0.0,0.0,0.0,0.0
2010-05-28,0.0,0.0,0.0,0.0,0.0,0.0
2010-05-30,0.0,0.0,0.0,0.0,0.0,0.0
2010-05-31,0.0,0.0,0.0,0.0,0.0,0.0
2010-06-01,0.0,0.0,0.0,0.0,0.0,0.0
2010-06-02,0.0,0.0,0.0,0.0,0.0,0.0
2010-06-03,0.0,0.0,0.0,0.0,0.0,0.0
2010-06-04,0.0,0.0,0.0,0.0,0.0,0.0
2010-06-06,0.0,0.0,0.0,0.0,0.0,0.0
2010-06-07,0.0,0.0,0.0,0.0,0.0,0.0
2010-06-08,0.0,0.0,0.0,0.0,0.0,0.0
2010-06-09,0.0,0.0,0.0,0.0,0.0,0.0
2010-06-10,0.0,0.0,0.0,0.0,0.0,0.0
2010-06-11,0.0,0.0,0.0,0.0,0.0,0.0
2010-06-13,0.0,0.0,0.0,0.0,0.0,0.0
2010-06-14,0.0,0.0,0.0,0.0,0.0,0.0
2010-06-15,0.0,0.0,0.0,0.0,0.0,0.0
2010-06-16,0.0,0.0,0.0,0.0,0.0,0.0
2010-06-17,0.0,0.0,0.0,0.0,0.0,0.0
2010-06-18,0.0,0.0,0.0,0.0,0.0,0.0
2010-06-20,0.0,0.0,0.0,0.0,0.0,0.0
2010-06-21,0.0,0.0,0.0,0.0,0.0,0.0
2010-06-22,0.0,0.0,0.0,0.0,0.0,0.0
2010-06-23,0.0,0.0,0.0,0.0,0.0,0.0
2010-06-24,0.0,0.0,0.0,0.0,0.0,0.0
2010-06-25,0.0,0.0,0.0,0.0,0.0,0.0
2010-06-27,0.0,0.0,0.0,0.0,0.0,0.0
2010-06-28,0.0,0.0,0.0,0.0,0.0,0.0
2010-06-29,0.0,0.0,0.0,0.0,0.0,0.0
2010-06-30,0.0,0.0,0.0,0.0,0.0,0.0
2010-07-01,0.0,0.0,0.0,0.0,0.0,0.0
2010-07-02,0.0,0.0,0.0,0.0,0.0,0.0
2010-07-04,0.0,0.0,0.0,0.0,0.0,0.0
2010-07-05,0.0,0.0,0.0,0.0,0.0,0.0
2010-07-06,0.0,0.0,0.0,0.0,0.0,0.0
2010-07-07,0.0,0.0,0.0,0.0,0.0,0.0
2010-07-08,0.0,0.0,0.0,0.0,0.0,0.0
2010-07-09,0.0,0.0,0.0,0.0,0.0,0.0
2010-07-11,0.0,0.0,0.0,0.0,0.0,0.0
2010-07-12,0.0,0.0,0.0,0.0,0.0,0.0
2010-07-13,0.0,0.0,0.0,0.0,0.0,0.0
2010-07-14,0.0,0.0,0.0,0.0,0.0,0.0
2010-07-15,0.0,0.0,0.0,0.0,0.0,0.0
2010-07-16,0.0,0.0,0.0,0.0,0.0,0.0
2010-07-18,0.0,0.0,0.0,0.0,0.0,0.0
2010-07-19,0.0,0.0,0.0,0.0,0.0,0.0
2010-07-20,0.0,0.0,0.0,0.0,0.0,0.0
2010-07-21,0.0,0.0,0.0,0.0,0.0,0.0
2010-07-22,0.0,0.0,0.0,0.0,0.0,0.0
2010-07-23,0.0,0.0,0.0,0.0,0.0,0.0
2010-07-25,0.0,0.0,0.0,0.0,0.0,0.0
2010-07-26,0.0,0.0,0.0,0.0,0.0,0.0
2010-07-27,0.0,0.0,0.0,0.0,0.0,0.0
2010-07-28,0.0,0.0,0.0,0.0,0.0,0.0
2010-07-29,0.0,0.0,0.0,0.0,0.0,0.0
2010-07-30,0.0,0.0,0.0,0.0,0.0,0.0
2010-08-01,0.0,0.0,0.0,0.0,0.0,0.0
2010-08-02,0.0,0.0,0.0,0.0,0.0,0.0
2010-08-03,0.0,0.0,0.0,0.0,0.0,0.0
2010-08-04,0.0,0.0,0.0,0.0,0.0,0.0
2010-08-05,0.0,0.0,0.0,0.0,0.0,0.0
2010-08-06,0.0,0.0,0.0,0.0,0.0,0.0
2010-08-08,0.0,0.0,0.0,0.0,0.0,0.0
2010-08-09,0.0,0.0,0.0,0.0,0.0,0.0
2010-08-10,0.0,0.0,0.0,0.0,0.0,0.0
2010-08-11,0.0,0.0,0.0,0.0,0.0,0.0
2010-08-12,0.0,0.0,0.0,0.0,0.0,0.0
2010-08-13,0.0,0.0,0.0,0.0,0.0,0.0
2010-08-15,0.0,0.0,0.0,0.0,0.0,0.0
2010-08-16,0.0,0.0,0.0,0.0,0.0,0.0
2010-08-17,0.0,0.0,0.0,0.0,0.0,0.0
2010-08-18,0.0,0.0,0.0,0.0,0.0,0.0
2010-08-19,0.0,0.0,0.0,0.0,0.0,0.0
2010-08-20,0.0,0.0,0.0,0.0,0.0,0.0
2010-08-22,0.0,0.0,0.0,0.0,0.0,0.0
2010-08-23,0.0,0.0,0.0,0.0,0.0,0.0
2010-08-24,0.0,0.0,0.0,0.0,0.0,0.0
2010-08-25,0.0,0.0,0.0,0.0,0.0,0.0
2010-08-26,0.0,0.0,0.0,0.0,0.0,0.0
2010-08-27,0.0,0.0,0.0,0.0,0.0,0.0
2010-08-29,0.0,0.0,0.0,0.0,0.0,0.0
2010-08-30,0.0,0.0,0.0,0.0,0.0,0.0
2010-08-31,0.0,0.0,0.0,0.0,0.0,0.0
2010-09-01,0.0,0.0,0.0,0.0,0.0,0.0
2010-09-02,0.0,0.0,0.0,0.0,0.0,0.0
2010-09-03,0.0,0.0,0.0,0.0,0.0,0.0
2010-09-05,0.0,0.0,0.0,0.0,0.0,0.0
2010-09-06,0.0,0.0,0.0,0.0,0.0,0.0
2010-09-07,0.0,0.0,0.0,0.0,0.0,0.0
2010-09-08,0.0,0.0,0.0,0.0,0.0,0.0
2010-09-09,0.0,0.0,0.0,0.0,0.0,0.0
2010-09-10,0.0,0.0,0.0,0.0,0.0,0.0
2010-09-12,0.0,0.0,0.0,0.0,0.0,0.0
2010-09-13,0.0,0.0,0.0,0.0,0.0,0.0
2010-09-14,0.0,0.0,0.0,0.0,0.0,0.0
2010-09-15,0.0,0.0,0.0,0.0,0.0,0.0
2010-09-16,0.0,0.0,0.0,0.0,0.0,0.0
2010-09-17,0.0,0.0,0.0,0.0,0.0,0.0
2010-09-19,0.0,0.0,0.0,0.0,0.0,0.0
2010-09-20,0.0,0.0,0.0,0.0,0.0,0.0
2010-09-21,0.0,0.0,0.0,0.0,0.0,0.0
2010-09-22,0.0,0.0,0.0,0.0,0.0,0.0
2010-09-23,0.0,0.0,0.0,0.0,0.0,0.0
2010-09-24,0.0,0.0,0.0,0.0,0.0,0.0
2010-09-26,0.0,0.0,0.0,0.0,0.0,0.0
2010-09-27,0.0,0.0,0.0,0.0,0.0,0.0
2010-09-28,0.0,0.0,0.0,0.0,0.0,0.0
2010-09-29,0.0,0.0,0.0,0.0,0.0,0.0
2010-09-30,0.50035,0.49965,0.0,0.0,0.0,0.0
2010-10-01,0.49736025677696144,0.5026397432230385,0.0,0.0,0.0,0.0
2010-10-03,0.49736025677696144,0.5026397432230385,0.0,0.0,0.0,0.0
2010-10-04,0.49738106021038503,0.5026189397896149,0.0,0.0,0.0,0.0
2010-10-05,0.49708442157090543,0.5029155784290945,0.0,0.0,0.0,0.0
2010-10-06,0.49346454888845165,0.5065354511115483,0.0,0.0,0.0,0.0
2010-10-07,0.4952327369031825,0.5047672630968175,0.0,0.0,0.0,0.0
2010-10-08,0.49507873093050125,0.5049212690694987,0.0,0.0,0.0,0.0
2010-10-10,0.49507873093050125,0.5049212690694987,0.0,0.0,0.0,0.0
2010-10-11,0.49549872287963614,0.5045012771203639,0.0,0.0,0.0,0.0
2010-10-12,0.4975735391003588,0.5024264608996412,0.0,0.0,0.0,0.0
2010-10-13,0.4966948168815293,0.5033051831184706,0.0,0.0,0.0,0.0
2010-10-14,0.49541014251328347,0.5045898574867166,0.0,0.0,0.0,0.0
2010-10-15,0.5012911566491001,0.49870884335089993,0.0,0.0,0.0,0.0
2010-10-17,0.5012911566491001,0.49870884335089993,0.0,0.0,0.0,0.0
2010-10-18,0.4998934193309451,0.500106580669055,0.0,0.0,0.0,0.0
2010-10-19,0.5036635642058568,0.4963364357941432,0.0,0.0,0.0,0.0
2010-10-20,0.5009918362342914,0.4990081637657084,0.0,0.0,0.0,0.0
2010-10-21,0.5026467425086724,0.49735325749132764,0.0,0.0,0.0,0.0
2010-10-22,0.5037096503532221,0.496290349646778,0.0,0.0,0.0,0.0
2010-10-24,0.5037096503532221,0.496290349646778,0.0,0.0,0.0,0.0
2010-10-25,0.5040700227272128,0.4959299772727871,0.0,0.0,0.0,0.0
2010-10-26,0.5058557384634059,0.494144261536594,0.0,0.0,0.0,0.0
2010-10-27,0.5092376429523946,0.49076235704760546,0.0,0.0,0.0,0.0
2010-10-28,0.5073087762154951,0.492691223784505,0.0,0.0,0.0,0.0
2010-10-29,0.5068939988100325,0.4931060011899675,0.0,0.0,0.0,0.0
2010-10-31,0.24002814588718235,0.2011065717760516,0.26890233313851747,0.2899629491982486,0.0,0.0
2010-11-01,0.23981321235613304,0.20090067637179945,0.2698047538365755,0.2894813574354921,0.0,0.0
2010-11-02,0.24041363837448093,0.2020613469499558,0.2676104138130573,0.28991460086250587,0.0,0.0
2010-11-03,0.2419008616104703,0.20353618332633727,0.2660368096872935,0.28852614537589877,0.0,0.0
2010-11-04,0.24293026014817484,0.20689181762482325,0.26393320695749845,0.28624471526950335,0.0,0.0
2010-11-05,0.24318609978024125,0.20605656348462703,0.2642111656379729,0.28654617109715874,0.0,0.0
2010-11-07,0.24219214747382475,0.20521436733643894,0.26445682004494736,0.28813666514478903,0.0,0.0
2010-11-08,0.2424945280408661,0.20428018513550725,0.2651047284785258,0.2881205583451009,0.0,0.0
2010-11-09,0.2408976576119393,0.20194117948589405,0.2647878970013462,0.29237326590082036,0.0,0.0
2010-11-10,0.24160796573411814,0.20239660502249593,0.26423388824315425,0.29176154100023166,0.0,0.0
2010-11-11,0.24085998566475414,0.20133551909825043,0.2650936372922254,0.2927108579447701,0.0,0.0
2010-11-12,0.2384204047765869,0.20027674106728077,0.2667562138729926,0.29454664028313976,0.0,0.0
2010-11-14,0.2384204047765869,0.20027674106728077,0.2667562138729926,0.29454664028313976,0.0,0.0
2010-11-15,0.23775829643511043,0.20035742323949599,0.2670325335859789,0.2948517467394147,0.0,0.0
2010-11-16,0.23593796599950526,0.19715934861841025,0.26941750405725245,0.29748518132483204,0.0,0.0
2010-11-17,0.2362418234740417,0.1977756113173808,0.2689802218093973,0.2970023433991801,0.0,0.0
2010-11-18,0.23801295803541947,0.2007882468746544,0.2667067603519303,0.2944920347379958,0.0,0.0
2010-11-19,0.23813123714643855,0.20081923299527693,0.26663582283974635,0.29441370701853814,0.0,0.0
2010-11-21,0.24000664475009173,0.20240078911967374,0.267392030682096,0.29020053544813856,0.0,0.0
2010-11-22,0.2415473867189994,0.20060578929263392,0.2682119224112638,0.28963490157710287,0.0,0.0
2010-11-23,0.2411714344111823,0.19732460436238672,0.27143420684352193,0.290069754382909,0.0,0.0
2010-11-24,0.24401796911007007,0.19908066234144875,0.26920928737860067,0.28769208116988054,0.0,0.0
2010-11-26,0.24362380179269666,0.19668689454853297,0.2705569910595145,0.28913231259925587,0.0,0.0
2010-11-28,0.24306525463995696,0.19623595788256312,0.2712897025895587,0.2894090848879212,0.0,0.0
2010-11-29,0.24257574146885316,0.19487743231002871,0.2716245066096331,0.29092231961148507,0.0,0.0
2010-11-30,0.23759005298830874,0.1964518271201722,0.2727217652918643,0.29042657411358247,0.0,0.0
2010-12-01,0.24047081659119054,0.19990299042342446,0.2689719349486934,0.28786900234467816,0.0,0.0
2010-12-02,0.24133313850590474,0.20267840573207774,0.2672234326060427,0.28599765608294936,0.0,0.0
2010-12-03,0.2414475099346011,0.20374578052134099,0.2666553483805535,0.2853896601622206,0.0,0.0
2010-12-05,0.24068403915558287,0.2031015247581797,0.26714450295693754,0.2863167484420279,0.0,0.0
2010-12-06,0.24108181210605104,0.202743077319772,0.2683529121965999,0.2850632227178076,0.0,0.0
2010-12-07,0.24117336644622753,0.20274994145081923,0.2683053209700277,0.2850126679900474,0.0,0.0
2010-12-08,0.24110772770662686,0.20211540937639544,0.269234688411038,0.2847942055689101,0.0,0.0
2010-12-09,0.2412254708234637,0.20224016776247888,0.2691173201499966,0.2846700544022847,0.0,0.0
2010-12-10,0.2422863441960136,0.2024245015409331,0.26851508460160434,0.28403301466724173,0.0,0.0
2010-12-12,0.24228629200617802,0.2024244579375617,0.2685150267619511,0.28403295348493945,0.0,0.0
2010-12-13,0.23866778113230183,0.2019458863202463,0.2687071616941352,0.28796918078111106,0.0,0.0
2010-12-14,0.23891238014505617,0.20199093188578227,0.27045267761131064,0.2859360162153068,0.0,0.0
2010-12-15,0.238173337670445,0.19944471351124932,0.27605651343534143,0.28361364156559493,0.0,0.0
2010-12-16,0.23929689383725034,0.20001595574294942,0.27522448319346915,0.2827588342514926,0.0,0.0
2010-12-17,0.23961774485982115,0.19943750899218582,0.275350824851941,0.2828886345499704,0.0,0.0
2010-12-19,0.2385465211017721,0.19854591309638298,0.27411985447638576,0.28609430706197925,0.0,0.0
2010-12-20,0.23693674257432953,0.1969372962528715,0.2759479105661524,0.28750457432336385,0.0,0.0
2010-12-21,0.2366251655504687,0.1973037315477776,0.27713580489755707,0.2862811807976742,0.0,0.0
2010-12-22,0.23604672532830623,0.19748136355954976,0.2790690501298866,0.2847545407985743,0.0,0.0
2010-12-23,0.23565547030960446,0.19736485273984614,0.27931909535909855,0.28500968021439266,0.0,0.0
2010-12-26,0.23723193252217906,0.1986851625634456,0.27538328933574463,0.2860307707767003,0.0,0.0
2010-12-27,0.23667841386944274,0.1977342597047239,0.27330398137088086,0.2896219771793238,0.0,0.0
2010-12-28,0.23553864775028036,0.1976874198968144,0.27184439318440223,0.29227593389428613,0.0,0.0
2010-12-29,0.23530646189424165,0.19844008655515957,0.2722597879363281,0.2913482728053218,0.0,0.0
2010-12-30,0.23485960368728348,0.19861797259089062,0.2723890121904559,0.2914865571385686,0.0,0.0
2010-12-31,0.23659346258269268,0.1962644055459519,0.2757220974098198,0.2877293152471795,0.0,0.0
2011-01-02,0.23532328955586101,0.19521074264533608,0.2787481872980861,0.287046586762532,0.0,0.0
2011-01-03,0.23753042493980303,0.19563936137018986,0.27703850965851223,0.2861427405081259,0.0,0.0
2011-01-04,0.23763832898511825,0.19550366627294866,0.2767244485640394,0.2864800046861218,0.0,0.0
2011-01-05,0.23935073941578972,0.19452050996231324,0.27636830682874103,0.2861113076428116,0.0,0.0
2011-01-06,0.24032850699198088,0.19305934537904665,0.2766041476886885,0.28635546276178847,0.0,0.0
2011-01-07,0.24048808767209703,0.1920159207000196,0.2770354751819546,0.28680199613798024,0.0,0.0
2011-01-09,0.24162785158282785,0.19292595669730372,0.27705980794000495,0.2847102354946833,0.0,0.0
2011-01-10,0.24375672021077907,0.19336207749468806,0.2765114550790929,0.2826748074558326,0.0,0.0
2011-01-11,0.2430310729362363,0.19419121351712665,0.27594039525556824,0.28315833636803356,0.0,0.0
2011-01-12,0.2434571349699625,0.19718923837306784,0.27318662238105074,0.2825073493452526,0.0,0.0
2011-01-13,0.24358169934315987,0.19697602166958608,0.27322977942937166,0.28255197884877825,0.0,0.0
2011-01-14,0.24466822727985563,0.1975342695100228,0.27242633623901674,0.2817211233549098,0.0,0.0
2011-01-16,0.24378034411425542,0.19681743204208924,0.27080041852752557,0.284964721644656,0.0,0.0
2011-01-17,0.2464014023566868,0.19893355815710662,0.26727178914082955,0.28371677287198876,0.0,0.0
2011-01-18,0.24802067624293833,0.20083042388019046,0.26181076611154336,0.28564756343568276,0.0,0.0
2011-01-19,0.24665645665869212,0.20045324210834614,0.26531650210264507,0.2838610206469246,0.0,0.0
2011-01-20,0.24578637514003837,0.19934581074792357,0.2662653143913452,0.28487615096312546,0.0,0.0
2011-01-21,0.24424130057138504,0.20012061817175456,0.2666348030124025,0.28527146530000064,0.0,0.0
2011-01-23,0.2438684927731057,0.19981515579959894,0.2668802799613605,0.28570966191165187,0.0,0.0
2011-01-24,0.2451635733951008,0.19973943686072218,0.2672260521379653,0.28417554649355514,0.0,0.0
2011-01-25,0.24595952388605677,0.19944536874034902,0.2670660259570503,0.2838266494817868,0.0,0.0
2011-01-26,0.24711745428326604,0.20056127388223213,0.2649633117632069,0.2836574445808354,0.0,0.0
2011-01-27,0.24815942927257464,0.2005849319635846,0.2644519597913977,0.2831100148531514,0.0,0.0
2011-01-28,0.2445809645084847,0.19797609031686597,0.2674200340714029,0.28628749765252404,0.0,0.0
2011-01-30,0.2480444567662665,0.20077961452986573,0.26059729705132956,0.2867900235946218,0.0,0.0
2011-01-31,0.24154668151004732,0.19894423636244082,0.27072789050211993,0.28878119162539184,0.0,0.0
2011-02-01,0.24398192467155025,0.2016794410221847,0.26980431179323516,0.28453432251302985,0.0,0.0
2011-02-02,0.2409590058794196,0.199252107458757,0.2730254826031799,0.28676340405864353,0.0,0.0
2011-02-03,0.24127996287566808,0.19916785462076603,0.27291003503252903,0.28664214747103683,0.0,0.0
2011-02-04,0.2423444572001003,0.1987689112316994,0.27258542629224336,0.2863012052759568,0.0,0.0
2011-02-06,0.24121187079352285,0.19783997326665512,0.27334642066413345,0.2876017352756885,0.0,0.0
2011-02-07,0.24164743080457535,0.19767081104564352,0.273910093951742,0.28677166419803923,0.0,0.0
2011-02-08,0.24328749628105323,0.19835236234794248,0.27328697352609765,0.28507316784490666,0.0,0.0
2011-02-09,0.2430990355454408,0.19693154836281934,0.2728694870448645,0.2870999290468753,0.0,0.0
2011-02-10,0.2437083141621802,0.19578982665000277,0.27312894313359376,0.28737291605422327,0.0,0.0
2011-02-11,0.24486297059784923,0.19602681533725136,0.27245080343537714,0.2866594106295223,0.0,0.0
2011-02-13,0.24567517813883208,0.19667703393609884,0.2726761560190132,0.28497163190605584,0.0,0.0
2011-02-14,0.2465025101173415,0.19706958370853853,0.2729406392519725,0.28348726692214743,0.0,0.0
2011-02-15,0.2470895141306733,0.19752536172221233,0.27260161163426055,0.28278351251285383,0.0,0.0
2011-02-16,0.24957169934282064,0.20025394679411415,0.2708275839060792,0.27934676995698604,0.0,0.0
2011-02-17,0.24924472504965195,0.20111506490152822,0.27056464747937237,0.2790755625694474,0.0,0.0
2011-02-18,0.24863938772555663,0.20184173320291116,0.2705049213667301,0.2790139577048022,0.0,0.0
2011-02-20,0.25225222990841695,0.2047745844082158,0.2688913075296751,0.274081878153692,0.0,0.0
2011-02-21,0.25260235314149165,0.2050588092080147,0.2678765369596404,0.27446230069085337,0.0,0.0
2011-02-22,0.24914092606204874,0.20233060898523825,0.27067181391856726,0.27785665103414564,0.0,0.0
2011-02-23,0.24665102203594652,0.20214023818657417,0.27019349582716656,0.28101524395031263,0.0,0.0
2011-02-24,0.24762493864586016,0.20190942829074532,0.26982923708748807,0.2806363959759066,0.0,0.0
2011-02-25,0.24951935877592799,0.2034047447781488,0.26816764371910695,0.2789082527268163,0.0,0.0
2011-02-27,0.25572470136198433,0.20846325459145443,0.2648166850321748,0.27099535901438637,0.0,0.0
2011-02-28,0.24743394282476786,0.2052324259337414,0.26939373476076706,0.2779398964807236,0.0,0.0
2011-03-01,0.25079554331211545,0.20885786144217297,0.2618125272449278,0.27853406800078373,0.0,0.0
2011-03-02,0.25811620462179197,0.21544604433278094,0.2642108137423317,0.2622269373030954,0.0,0.0
2011-03-03,0.2611897889412313,0.21643431104278119,0.2621722347011115,0.2602036653148762,0.0,0.0
2011-03-04,0.2604669204084379,0.2159069379593893,0.2627997112719517,0.26082643036022113,0.0,0.0
2011-03-06,0.25190076879886536,0.20880626060190174,0.2659439072717148,0.2733490633275181,0.0,0.0
2011-03-07,0.2482850353511811,0.20642771177024025,0.26643762873411647,0.2788496241444623,0.0,0.0
2011-03-08,0.24318997951006752,0.20240820792346984,0.2642329273529078,0.2901688852135548,0.0,0.0
2011-03-09,0.24244137374706998,0.20300009915850814,0.265220876726729,0.28933765036769266,0.0,0.0
2011-03-10,0.2408094097779817,0.19963252745042712,0.2676119340646674,0.2919461287069236,0.0,0.0
2011-03-11,0.24176674952683358,0.19993123991636078,0.2670112197065899,0.29129079085021575,0.0,0.0
2011-03-13,0.23825853550115966,0.19703009002119246,0.268141979187619,0.2965693952900288,0.0,0.0
2011-03-14,0.2405134822207281,0.19728195746193217,0.26946829003960987,0.2927362702777299,0.0,0.0
2011-03-15,0.24108662110260404,0.1965597262392314,0.26958521712815126,0.29276843553001325,0.0,0.0
2011-03-16,0.23790010110478588,0.1934379779760032,0.27558437087573245,0.2930775500434784,0.0,0.0
2011-03-17,0.23838531354385656,0.1970064488283331,0.273619878936859,0.29098835869095135,0.0,0.0
2011-03-18,0.2373933340970769,0.1990776986989631,0.2730968439844205,0.29043212321953954,0.0,0.0
2011-03-20,0.23242850045939226,0.19491419655694728,0.2738892199198606,0.2987680830637999,0.0,0.0
2011-03-21,0.23480062168244284,0.19764215606905136,0.2714499650167939,0.2961072572317119,0.0,0.0
2011-03-22,0.23557439837664804,0.19828097675705694,0.2713962221048297,0.2947484027614651,0.0,0.0
2011-03-23,0.23586835562925115,0.19828441952724343,0.2723731827450776,0.2934740420984278,0.0,0.0
2011-03-24,0.23849337670306386,0.19935196260136934,0.2705957498881036,0.2915589108074632,0.0,0.0
2011-03-25,0.23934084704573125,0.19789646996653856,0.2708884242348626,0.2918742587528675,0.0,0.0
2011-03-27,0.23714518925190994,0.19608101334049624,0.27476034952559103,0.29201344788200273,0.0,0.0
2011-03-28,0.23632688992841727,0.19599042039339384,0.276021696505527,0.2916609931726619,0.0,0.0
2011-03-29,0.23787071912556354,0.1968222147738901,0.2755073564588375,0.2897997096417089,0.0,0.0
2011-03-30,0.2374056034628298,0.19775658443642186,0.2751032508542809,0.2897345612464675,0.0,0.0
2011-03-31,0.23769601662678333,0.19760243294824983,0.2725397219079608,0.23596158920725357,0.0,0.0
2011-04-01,0.23725737112947326,0.19937310428245497,0.27189472496769473,0.23540315867098704,0.0,0.0
2011-04-03,0.23663584911121494,0.19885082430619896,0.27681737204636264,0.231766804630388,0.0,0.0
2011-04-04,0.23584374266750796,0.19956035316191104,0.275397473150632,0.2332671664578424,0.0,0.0
2011-04-05,0.23634974055158955,0.19999287904161042,0.27459001376202774,0.23286449387452163,0.0,0.0
2011-04-06,0.23628316945728337,0.20088578864941484,0.2745472674019064,0.23222970593164455,0.0,0.0
2011-04-07,0.23638270769636555,0.20015115329430797,0.2748549146839113,0.23248993375509647,0.0,0.0
2011-04-08,0.23519943007292074,0.20149264382955606,0.2747755888240892,0.23242283484978377,0.0,0.0
2011-04-10,0.2351983929980659,0.20149175537946803,0.27477437724439363,0.23242181001788842,0.0,0.0
2011-04-11,0.23572991117670763,0.20149740120404086,0.27489661263556886,0.23144288811085892,0.0,0.0
2011-04-12,0.2347851600752439,0.20010278625164404,0.27640155298121993,0.23211016320129146,0.0,0.0
2011-04-13,0.23601713208853056,0.19993658070117076,0.2755058895085368,0.23211903685662363,0.0,0.0
2011-04-14,0.23554727809918277,0.20053302684968052,0.2754418909332491,0.23206511681998676,0.0,0.0
2011-04-15,0.23525714355660884,0.20051897518100928,0.275588301656727,0.23218847068432624,0.0,0.0
2011-04-17,0.23664907670748675,0.20170537489969562,0.27436084742952804,0.2304991523631234,0.0,0.0
2011-04-18,0.23649499837993657,0.1988968312683553,0.27469374242000727,0.23275782028645017,0.0,0.0
2011-04-19,0.23766487121859542,0.20079899841961407,0.2750637398835259,0.22938375048197546,0.0,0.0
2011-04-20,0.24314717258291793,0.2056864248677622,0.26225243862338715,0.23179556783949484,0.0,0.0
2011-04-21,0.24432817776924015,0.20619090165794862,0.2614483342630272,0.23108484870265772,0.0,0.0
2011-04-24,0.24622916563936217,0.20779516362461986,0.25337643808625976,0.23520390486815473,0.0,0.0
2011-04-25,0.24499678519697415,0.20577893688484017,0.25576025257142154,0.2364979449010877,0.0,0.0
2011-04-26,0.24475602303342245,0.2060748350319963,0.257633864168996,0.23494001428593053,0.0,0.0
2011-04-27,0.24451255674109415,0.20627797529838107,0.2591700449282496,0.233877925128041,0.0,0.0
2011-04-28,0.2440940614622445,0.2067976386650138,0.2591202217677051,0.23383296415496754,0.0,0.0
2011-04-29,0.26984264313476186,0.22319394449635338,0.26787449884138065,0.2390889135275041,0.0,0.0
2011-05-02,0.2710245353789776,0.2240713520713899,0.2658772981796353,0.23902681436999731,0.0,0.0
2011-05-03,0.2711760986767535,0.22274840246980207,0.26655678899646446,0.2395187098569801,0.0,0.0
2011-05-04,0.27156867131812934,0.22084456853518286,0.2673527906969503,0.2402339694497375,0.0,0.0
2011-05-05,0.27155262428152527,0.21810393231229103,0.2688047729399088,0.241538670466275,0.0,0.0
2011-05-06,0.27193521954809774,0.21866286789037578,0.26830885594874526,0.24109305661278124,0.0,0.0
2011-05-08,0.27301073352654476,0.21952768772273967,0.2693700275233341,0.23809155122738138,0.0,0.0
2011-05-09,0.27327716706732114,0.21983688945989005,0.26787787949897107,0.23900806397381769,0.0,0.0
2011-05-10,0.27401998930912247,0.2205298114251046,0.26781683477143553,0.2376333644943375,0.0,0.0
2011-05-11,0.27370518046230535,0.21773073350801747,0.26946675260341363,0.23909733342626355,0.0,0.0
2011-05-12,0.27469524695377107,0.2179231292598267,0.2688402155168903,0.23854140826951198,0.0,0.0
2011-05-13,0.27326182975360047,0.21595545109964734,0.2706423131231191,0.24014040602363307,0.0,0.0
2011-05-15,0.274118512439921,0.2166324768523492,0.2707408372397513,0.23850817346797834,0.0,0.0
2011-05-16,0.2709735323407704,0.21747149094124923,0.270834903380542,0.24072007333743822,0.0,0.0
2011-05-17,0.27137944240455847,0.21772339445382777,0.2704866341142734,0.2404105290273403,0.0,0.0
2011-05-18,0.2723024495679951,0.21855263548518483,0.2699117636320357,0.2392331513147844,0.0,0.0
2011-05-19,0.27266621018003784,0.21899766283075617,0.2694830028261524,0.2388531241630536,0.0,0.0
2011-05-20,0.27194358851130157,0.2172059682312396,0.27081591123468224,0.24003453202277653,0.0,0.0
2011-05-22,0.27026821956905955,0.2158678225693532,0.27213805292996085,0.2417259049316263,0.0,0.0
2011-05-23,0.26918501971241793,0.2137255708099848,0.27433927132745956,0.24275013815013768,0.0,0.0
2011-05-24,0.2674138981932071,0.21496533809373178,0.27497581354119044,0.24264495017187074,0.0,0.0
2011-05-25,0.2680561081841191,0.21584436886392433,0.27381409184560657,0.24228543110635006,0.0,0.0
2011-05-26,0.26875170102655277,0.21697907716612602,0.27284303447501296,0.2414261873323082,0.0,0.0
2011-05-27,0.26930799556751006,0.21796045975371584,0.27202722735297447,0.2407043173257996,0.0,0.0
2011-05-29,0.26890498826234793,0.21763429172691018,0.2731166058718619,0.24034411413887996,0.0,0.0
2011-05-30,0.26952210644456187,0.2181337472385606,0.27224350013057164,0.24010064618630583,0.0,0.0
2011-05-31,0.2689005406878294,0.2186211880242291,0.2665271265161191,0.24295376533150093,0.0,0.0
2011-06-01,0.26430893826144586,0.21504475594916472,0.27351684011101346,0.24411749237850197,0.0,0.0
2011-06-02,0.2644637069750526,0.21567746906642263,0.2731030194770238,0.24374815184567394,0.0,0.0
2011-06-03,0.2615164518616794,0.2165724577817031,0.2741810339684074,0.24471029441165792,0.0,0.0
2011-06-05,0.26546764710324644,0.21984460398340422,0.26814983695456246,0.2434722841614971,0.0,0.0
2011-06-06,0.2640315877081767,0.21747300971472788,0.2696231109389716,0.2457979107459749,0.0,0.0
2011-06-07,0.26424068090213065,0.21986493291189246,0.2688591290559051,0.24395268429515507,0.0,0.0
2011-06-08,0.2647186699544147,0.21924163756532475,0.26760451298445403,0.24532448504624219,0.0,0.0
2011-06-09,0.26448660865364015,0.22085511484814216,0.2668880208264534,0.24466764608735894,0.0,0.0
2011-06-10,0.2627979078715548,0.21787426948783054,0.26930939501283013,0.24688742320827628,0.0,0.0
2011-06-12,0.2634357504623793,0.21840307692640437,0.2692193515438025,0.24580297067111903,0.0,0.0
2011-06-13,0.26193367039239024,0.21729316494151218,0.2699025887038294,0.24774937766666782,0.0,0.0
2011-06-14,0.26403872594043387,0.22004484213986153,0.2678942729145679,0.24491543090618398,0.0,0.0
2011-06-15,0.2619782809275093,0.2162307138437058,0.27094457001501443,0.24770408637320834,0.0,0.0
2011-06-16,0.2616106468850215,0.21530716855274765,0.2716148976996073,0.24831691617331672,0.0,0.0
2011-06-17,0.2605534313450153,0.21684115100567797,0.27136720396630176,0.24809046856484313,0.0,0.0
2011-06-19,0.262744716673777,0.21866481086084738,0.27289765993137527,0.2425183450594927,0.0,0.0
2011-06-20,0.264669688710908,0.21875816619594365,0.2712133457263182,0.24217738344274822,0.0,0.0
2011-06-21,0.26627655895804847,0.22008665636512276,0.2686131134040985,0.24188991962738174,0.0,0.0
2011-06-22,0.2656492536413964,0.21902940076300362,0.269935324777192,0.24223659623058094,0.0,0.0
2011-06-23,0.2678852050002727,0.21724475570900775,0.2696987922431535,0.24202433488245778,0.0,0.0
2011-06-24,0.2649273681892487,0.2168985073699579,0.27142940498419305,0.24357736518750847,0.0,0.0
2011-06-26,0.2642805747528239,0.21636897155077814,0.2715147022061786,0.2446758816982957,0.0,0.0
2011-06-27,0.2671031438715059,0.2170087074925114,0.26934942850742405,0.24339514342895344,0.0,0.0
2011-06-28,0.26832310573270907,0.2178708684747244,0.2680956076955591,0.24259842197607406,0.0,0.0
2011-06-29,0.2680730153934065,0.2198671746298994,0.2667515369940138,0.24221163521523392,0.0,0.0
2011-06-30,0.26610362637315627,0.22067874746255306,0.2688890092884374,0.24432861687585322,0.0,0.0
2011-07-01,0.26841988087150626,0.2215832171833304,0.26720158216138234,0.24279531978378097,0.0,0.0
2011-07-03,0.2664776192364648,0.21997986135027175,0.2667257243988438,0.24681679501441975,0.0,0.0
2011-07-04,0.2671133153031449,0.22050463462395187,0.26663138042400575,0.24575066964889752,0.0,0.0
2011-07-05,0.2682134905845497,0.21912774367748158,0.26712549516117345,0.24553327057679525,0.0,0.0
2011-07-06,0.26934467007496965,0.2182404218901491,0.2666484789225946,0.24576642911228672,0.0,0.0
2011-07-07,0.27146228283771834,0.2190743340601289,0.26511257584586245,0.2443508072562903,0.0,0.0
2011-07-08,0.2716377801987568,0.21718762904949693,0.26600304743388614,0.24517154331786017,0.0,0.0
2011-07-10,0.2709405671480778,0.21663017327398393,0.26459345513946464,0.24783580443847367,0.0,0.0
2011-07-11,0.269187484743113,0.21293783614643683,0.26626353149054244,0.2516111476199077,0.0,0.0
2011-07-12,0.26970618750416847,0.21368847948853475,0.26510439522434587,0.2515009377829508,0.0,0.0
2011-07-13,0.2690928518566908,0.21550275525219648,0.2663537779607603,0.24905061493035235,0.0,0.0
2011-07-14,0.26730265157709426,0.21471345179915896,0.26768682939363037,0.2502970672301165,0.0,0.0
2011-07-15,0.26959003718974456,0.21485670640018842,0.26643070854424183,0.24912254786582527,0.0,0.0
2011-07-17,0.2699885934971044,0.2151743460889804,0.26534621495151517,0.24949084546240008,0.0,0.0
2011-07-18,0.2704274286452151,0.21364974274068085,0.2672093756132749,0.24871345300082914,0.0,0.0
2011-07-19,0.273545042516853,0.2143926221392071,0.26353714829123004,0.2485251870527099,0.0,0.0
2011-07-20,0.2712931056205191,0.21542574009929433,0.26321589424078423,0.2500652600394024,0.0,0.0
2011-07-21,0.2715218726507094,0.21816039929504144,0.261696218566795,0.24862150948745418,0.0,0.0
2011-07-22,0.27344238855522107,0.21789050303783453,0.26084976370887986,0.2478173446980645,0.0,0.0
2011-07-24,0.27410048382543345,0.21841490128578372,0.2607492476223231,0.24673536726645973,0.0,0.0
2011-07-25,0.2750376406773233,0.21797888625740622,0.26143645365160756,0.24554701941366278,0.0,0.0
2011-07-26,0.27450282378862506,0.21836321689547925,0.26100071849647616,0.24613324081941965,0.0,0.0
2011-07-27,0.27122157768878685,0.21623964713229768,0.26545671117167036,0.2470820640072452,0.0,0.0
2011-07-28,0.27167002290773445,0.21582596169947252,0.26543870820496424,0.24706530718782868,0.0,0.0
2011-07-29,0.27107147610042914,0.21587839086899205,0.26572155625287813,0.24732857677770087,0.0,0.0
2011-07-31,0.26346735627894374,0.21921108106697318,0.2699932019994671,0.24524494254541573,0.0,0.0
2011-08-01,0.2621273725426125,0.2175390728363887,0.2714097603699078,0.2468411144451173,0.0,0.0
2011-08-02,0.2591651277010642,0.21467406501938904,0.2745275478791862,0.24952052184276338,0.0,0.0
2011-08-03,0.2612640784109302,0.21499445259219782,0.2733435297740066,0.2482881708063142,0.0,0.0
2011-08-04,0.2558368319227115,0.2063067320729909,0.2807101191930572,0.254979520016041,0.0,0.0
2011-08-05,0.25410311375395384,0.2083109074682435,0.28056887731177466,0.25485122472266464,0.0,0.0
2011-08-07,0.25891619179632336,0.21225661533427262,0.2777616144907919,0.2488585033888009,0.0,0.0
2011-08-08,0.2524937599075368,0.20326031822758464,0.28653411537883317,0.2554214530039762,0.0,0.0
2011-08-09,0.25964315445307695,0.21159372486886277,0.27778312153190043,0.24873298505674182,0.0,0.0
2011-08-10,0.25348572555541166,0.20396470111068102,0.2861327083656962,0.2541293605688675,0.0,0.0
2011-08-11,0.2592928791189307,0.20913976925901653,0.28034075240122547,0.24898522282208177,0.0,0.0
2011-08-12,0.2603469539847738,0.21060723627484895,0.27901083608733834,0.24780405487945606,0.0,0.0
2011-08-14,0.2585095406314166,0.20912086379258174,0.2786713575690771,0.25148288998945484,0.0,0.0
2011-08-15,0.2596560351778727,0.21159345136754376,0.2758394329320304,0.25071807307489113,0.0,0.0
2011-08-16,0.25939403779758036,0.21031856190786571,0.275475082359423,0.2526026526143859,0.0,0.0
2011-08-17,0.25742644424536165,0.21154305911215138,0.27664061171916793,0.2521837109753025,0.0,0.0
2011-08-18,0.25049959105970826,0.2060847990194385,0.2830925504587781,0.2580652547017599,0.0,0.0
2011-08-19,0.24788360263735287,0.20448696099078614,0.2852876516612396,0.2600662941144584,0.0,0.0
2011-08-21,0.25018419002585013,0.20638478770688315,0.28709105004142815,0.2540431825091494,0.0,0.0
2011-08-22,0.2501792216976463,0.20732188307282262,0.28521484845685074,0.2549953568998672,0.0,0.0
2011-08-23,0.2555106039220926,0.2097095771278919,0.2805844939018525,0.25195023635150815,0.0,0.0
2011-08-24,0.255902284802971,0.2082038817942354,0.2796479052707605,0.2540147196506278,0.0,0.0
2011-08-25,0.2538994748610362,0.2055784277692358,0.2820630009221155,0.25620844194657855,0.0,0.0
2011-08-26,0.25791063174446505,0.20646235789949183,0.27950848488002256,0.2538880788612659,0.0,0.0
2011-08-28,0.2579105865380218,0.2064623217108756,0.2795084358879187,0.25388803435989366,0.0,0.0
2011-08-29,0.26181406069316504,0.20918783027835522,0.27604911687584127,0.25074580467580526,0.0,0.0
2011-08-30,0.2632734376774266,0.20826331902736264,0.27576991557649727,0.2504921956251303,0.0,0.0
2011-08-31,0.2416001127357121,0.20293033478122272,0.29561688735546454,0.2598526651276007,0.0,0.0
2011-09-01,0.24030585362006987,0.20213708116438864,0.2967278465674158,0.2608292186481256,0.0,0.0
2011-09-02,0.23718852123178522,0.1992662542503244,0.29991470173532897,0.2636305227825614,0.0,0.0
2011-09-04,0.23653346928358246,0.198715933571314,0.2999635567605651,0.26478704038453843,0.0,0.0
2011-09-05,0.23739730283190086,0.19944165534981848,0.2992984622645905,0.2638625795536902,0.0,0.0
2011-09-06,0.23897851054773975,0.19611947595134563,0.3012354755606522,0.2636665379402623,0.0,0.0
2011-09-07,0.24160129467436584,0.19865657653010807,0.2978907216364477,0.26185140715907834,0.0,0.0
2011-09-08,0.2416177243112324,0.19602917816258078,0.2992802603531785,0.2630728371730083,0.0,0.0
2011-09-09,0.2391953099418756,0.19142253954508512,0.3030210716285064,0.2663610788845329,0.0,0.0
2011-09-11,0.23828534025676182,0.19069431160417838,0.30186828987371517,0.26915205826534466,0.0,0.0
2011-09-12,0.2423899344608049,0.19064158362661807,0.3014130860515286,0.2655553958610485,0.0,0.0
2011-09-13,0.2442513838765868,0.19101290720638572,0.29972112311794274,0.2650145857990847,0.0,0.0
2011-09-14,0.24672507935111188,0.1918032808840098,0.2984908422088251,0.26298079755605325,0.0,0.0
2011-09-15,0.24849338929484796,0.19426474193891027,0.29624220163944176,0.2609996671268,0.0,0.0
2011-09-16,0.2502815459685892,0.19356443934972842,0.29566387415341516,0.2604901405282672,0.0,0.0
2011-09-18,0.24914662605237262,0.1926867072882648,0.296059454736477,0.2621072119228856,0.0,0.0
2011-09-19,0.2511769854909829,0.18912654710266585,0.2983666982349116,0.26132976917143974,0.0,0.0
2011-09-20,0.24968459589537495,0.1887907284927105,0.2996567552767811,0.26186792033513345,0.0,0.0
2011-09-21,0.24806128359652604,0.18507573928067936,0.3020936320107637,0.2647693451120309,0.0,0.0
2011-09-22,0.24396023897038702,0.17981972675907346,0.30708021164777227,0.2691398226227673,0.0,0.0
2011-09-23,0.24547801122113583,0.1808203912333271,0.305738081842247,0.26796351570329013,0.0,0.0
2011-09-25,0.24639183327939007,0.18149351735680022,0.3050816324910196,0.26703301687279,0.0,0.0
2011-09-26,0.2478230421682521,0.18424880199321045,0.30243280979250864,0.26549534604602887,0.0,0.0
2011-09-27,0.24816157449972942,0.18715727891286355,0.30061116799555065,0.2640699785918564,0.0,0.0
2011-09-28,0.24658901473260322,0.18482838916869243,0.303198155853318,0.26538444024538627,0.0,0.0
2011-09-29,0.24356601478076953,0.18804669727592013,0.3030940072688469,0.26529328067446334,0.0,0.0
2011-09-30,0.23816915416882403,0.18607505448779693,0.3020305270314641,0.2633928502628104,0.0,0.0
2011-10-02,0.2375359524111992,0.18558035125066702,0.3038853542277642,0.2626925882313384,0.0,0.0
2011-10-03,0.23533575254230293,0.18369492016954275,0.3072164704870326,0.26327220412863656,0.0,0.0
2011-10-04,0.23954274957374347,0.18574473116087564,0.30551854850298327,0.2587397678379457,0.0,0.0
2011-10-05,0.24246262214798714,0.18670853767749132,0.3032750149081335,0.2572362673249679,0.0,0.0
2011-10-06,0.2443008016417638,0.19005222870989621,0.3005215178618806,0.2549007656599759,0.0,0.0
2011-10-07,0.24344844660838752,0.18912420532666974,0.3014669835360236,0.25570270465575534,0.0,0.0
2011-10-09,0.24082615198934632,0.18708706196893726,0.30432360073199033,0.2576152179701431,0.0,0.0
2011-10-10,0.2431177114533928,0.19014859871345272,0.3054579875916218,0.251372855612023,0.0,0.0
2011-10-11,0.24588878145932855,0.19009353486909755,0.30429095742748197,0.24977780357183288,0.0,0.0
2011-10-12,0.24542345459163098,0.19265279435837512,0.30306157340826073,0.24898043162326647,0.0,0.0
2011-10-13,0.24724543513283234,0.19181186376361115,0.30253204698583774,0.24854539884848045,0.0,0.0
2011-10-14,0.24989637308501553,0.19347532163796155,0.3002047580573343,0.24663341312421233,0.0,0.0
2011-10-16,0.2486123791914111,0.19248122505112641,0.30200860709220395,0.24715719190615612,0.0,0.0
2011-10-17,0.24688910406319028,0.18935700814049883,0.30462756287469445,0.24930048763258925,0.0,0.0
2011-10-18,0.24802083343203246,0.1908404379064221,0.3031145314236688,0.24827340431191702,0.0,0.0
2011-10-19,0.2459580242395733,0.1892699670728112,0.30566660611625546,0.24924450103183457,0.0,0.0
2011-10-20,0.24512225392695022,0.18923910888603393,0.3061352238209113,0.24962661796457927,0.0,0.0
2011-10-21,0.24626513298174135,0.19249964001195716,0.3037515911715679,0.24768297309647475,0.0,0.0
2011-10-23,0.24982368003959757,0.19528127222805217,0.29277632256169944,0.25217566090986643,0.0,0.0
2011-10-24,0.2536552714423677,0.19791678430773937,0.2895206313129628,0.24901637109006486,0.0,0.0
2011-10-25,0.2502113554337792,0.1961872415757245,0.2921718985352143,0.25147639232829494,0.0,0.0
2011-10-26,0.24941116059293592,0.1989353622128593,0.2907407805376165,0.2509785094762651,0.0,0.0
2011-10-27,0.2518522086736904,0.20604996744709006,0.2857042109136326,0.24663075084824088,0.0,0.0
2011-10-28,0.2525634739823187,0.20463708285611226,0.2860735835525922,0.2469496073712095,0.0,0.0
2011-10-30,0.25295779389934325,0.20495657670951725,0.2831593233623558,0.24913402095050227,0.0,0.0
2011-10-31,0.23650725652460555,0.1912654706195819,0.29903453746041236,0.27319273539540023,0.0,0.0
2011-11-01,0.23517552980841527,0.18907976198995619,0.2998541577348971,0.27589055046673144,0.0,0.0
2011-11-02,0.23401811416344342,0.18932980791848256,0.29944858764535603,0.2772034902727179,0.0,0.0
2011-11-03,0.23666510223492762,0.1920045652366364,0.29668506835572006,0.27464526417271595,0.0,0.0
2011-11-04,0.2362226774879286,0.19055513473633723,0.2976674863570185,0.27555470141871563,0.0,0.0
2011-11-06,0.23669191803091638,0.19093365976129956,0.29825878290150504,0.27411563930627897,0.0,0.0
2011-11-07,0.23769706119836606,0.1915464451918612,0.2974156959365023,0.27334079767327046,0.0,0.0
2011-11-08,0.23934318642948438,0.19248754175711197,0.2960675196481475,0.2721017521652561,0.0,0.0
2011-11-09,0.23521210267647363,0.1860797518128831,0.3015592249377844,0.2771489205728588,0.0,0.0
2011-11-10,0.23421503263766635,0.18722474717303303,0.300439463305092,0.2781207568842085,0.0,0.0
2011-11-11,0.23656758518644055,0.18986936235132534,0.2978444933476447,0.2757185591145895,0.0,0.0
2011-11-13,0.2370377908606702,0.19024674985971793,0.2984364940255894,0.27427896525402246,0.0,0.0
2011-11-14,0.23707691571229572,0.18842551711714062,0.29945564715058964,0.27504192001997413,0.0,0.0
2011-11-15,0.23866503379384257,0.18746553384171402,0.2990378182539771,0.2748316141104663,0.0,0.0
2011-11-16,0.23695040925034985,0.18564462087664219,0.30097112468703213,0.27643384518597597,0.0,0.0
2011-11-17,0.23329054979102756,0.18457844940056733,0.30343455836036026,0.278696442448045,0.0,0.0
2011-11-18,0.23188940720031678,0.18498474629813544,0.30395311958303395,0.27917272691851397,0.0,0.0
2011-11-20,0.23212506482675516,0.18517273705962053,0.3042620119622688,0.2784401861513556,0.0,0.0
2011-11-21,0.23006950489349312,0.18214922372707842,0.30745024828469936,0.280331023094729,0.0,0.0
2011-11-22,0.23166780774909698,0.18244001829346032,0.3076372891763472,0.2782548847810956,0.0,0.0
2011-11-23,0.22904727150450815,0.17936030377863366,0.31117770097062886,0.2804147237462293,0.0,0.0
2011-11-24,0.2285707108048423,0.17898712285707288,0.3105302579257024,0.2819119084123824,0.0,0.0
2011-11-25,0.22734946066417097,0.17880457434503244,0.3112660630092547,0.28257990198154176,0.0,0.0
2011-11-27,0.2282534870367428,0.1795155681176685,0.310621244213644,0.2816097006319447,0.0,0.0
2011-11-28,0.2317078220524709,0.18341345698772152,0.30656585637298933,0.2783128645868182,0.0,0.0
2011-11-29,0.23049405721385205,0.18405351530224826,0.3068665662903829,0.2785858611935168,0.0,0.0
2011-11-30,0.22868350706211807,0.18517890320757638,0.3044676734494969,0.28166991628080873,0.0,0.0
2011-12-01,0.23027603762523394,0.18355862646559531,0.304482086131219,0.28168324977795167,0.0,0.0
2011-12-02,0.22971551517304376,0.18389351278521543,0.3045992922437998,0.28179167979794095,0.0,0.0
2011-12-04,0.22858304688083353,0.1829869411406509,0.3049236128529996,0.28350639912551595,0.0,0.0
2011-12-05,0.2298881739925918,0.18461093405003606,0.3024347746025235,0.28306611735484866,0.0,0.0
2011-12-06,0.2294648082727976,0.1835653941603278,0.30363300009194283,0.2833367974749318,0.0,0.0
2011-12-07,0.22950315249357411,0.18433814173859228,0.302774561909819,0.2833841438580145,0.0,0.0
2011-12-08,0.2278052987940382,0.1804195047049153,0.3056757054132521,0.28609949108779437,0.0,0.0
2011-12-09,0.2296782174876631,0.1830986774553597,0.30332436698018034,0.28389873807679683,0.0,0.0
2011-12-11,0.22946921071619372,0.1829320579828914,0.30395834057337345,0.2836403907275413,0.0,0.0
2011-12-12,0.22866137999295927,0.1791616494735623,0.3063266132154825,0.2858503573179959,0.0,0.0
2011-12-13,0.22774679002530687,0.177857292658114,0.30757015629503837,0.28682576102154084,0.0,0.0
2011-12-14,0.22527521995349647,0.17653231645339743,0.30998250168603936,0.28820996190706677,0.0,0.0
2011-12-15,0.22468778557039115,0.17704469227512154,0.31002139692803243,0.2882461252264548,0.0,0.0
2011-12-16,0.22555354113509604,0.1769500056158067,0.30962183009492755,0.28787462315416973,0.0,0.0
2011-12-19,0.22434064097393863,0.17546812478063525,0.31101826185490067,0.28917297239052536,0.0,0.0
2011-12-20,0.22816484959158562,0.17910689299864913,0.3081343372274303,0.28459392018233504,0.0,0.0
2011-12-21,0.2254753228375458,0.17923868601722076,0.30892069256716387,0.2863652985780696,0.0,0.0
2011-12-22,0.22602458635836134,0.18020582945586802,0.3070555731202721,0.28671401106549854,0.0,0.0
2011-12-23,0.22729431431926056,0.18071137152363922,0.30613752920119175,0.28585678495590855,0.0,0.0
2011-12-25,0.22605487337964691,0.17972594840475942,0.3099211766511739,0.2842980015644198,0.0,0.0
2011-12-26,0.22582224000005915,0.17954099218527197,0.30960223634410483,0.2850345314705641,0.0,0.0
2011-12-27,0.22741746712783759,0.17882477626342272,0.30880892229491935,0.28494883431382034,0.0,0.0
2011-12-28,0.22554902459670803,0.17661379174088154,0.3098530117647098,0.28798417189770054,0.0,0.0
2011-12-29,0.22621927293127653,0.17845075901347093,0.3085535470805927,0.28677642097465983,0.0,0.0
2011-12-30,0.22552644704908617,0.1792731778640063,0.30849004335105623,0.276620995698305,0.0,0.0
2012-01-01,0.2261629442271849,0.17977913569428414,0.3075354609620714,0.2764038531117265,0.0,0.0
2012-01-02,0.22575071875387398,0.17945145363497847,0.30879681707466017,0.2759000539170207,0.0,0.0
2012-01-03,0.2280172959290064,0.18250952078657104,0.30603205219678575,0.2734298251559224,0.0,0.0
2012-01-04,0.22885242208901915,0.1819154742897336,0.3049604054429606,0.27426514347777586,0.0,0.0
2012-01-05,0.23077611643770654,0.179885523812432,0.30501499184261105,0.27431423557781526,0.0,0.0
2012-01-06,0.23192162563552318,0.17786291404409185,0.305468531897232,0.2747221253429566,0.0,0.0
2012-01-08,0.2289988878272502,0.17562143845016326,0.30251142098561024,0.28296900701223204,0.0,0.0
2012-01-09,0.2284687647841625,0.17654711110259164,0.3028063075832501,0.2822681423807925,0.0,0.0
2012-01-10,0.22737201662411632,0.17714680470107777,0.300054436309015,0.2856352355834629,0.0,0.0
2012-01-11,0.22782475621455375,0.17673865227311938,0.3000315817836489,0.2856134793387714,0.0,0.0
2012-01-12,0.2283296627653043,0.17726419064013857,0.29951196896918597,0.28511883666493854,0.0,0.0
2012-01-13,0.2281049001051539,0.1759297353916923,0.30029724641257416,0.2858663773788827,0.0,0.0
2012-01-15,0.2281423666781025,0.1759586321153569,0.30211331432283955,0.28398156582560585,0.0,0.0
2012-01-16,0.22874838260854766,0.17642603208018542,0.30025874125096524,0.2847359077540645,0.0,0.0
2012-01-17,0.2312131520060954,0.178965254706965,0.30252854865263074,0.2774451084865938,0.0,0.0
2012-01-18,0.2327196958388726,0.1813162285476334,0.2996260980029493,0.2765550687159279,0.0,0.0
2012-01-19,0.23326755014465772,0.18301866841960993,0.29847504394291374,0.27549264512602495,0.0,0.0
2012-01-20,0.23294747109158337,0.18326096339836176,0.2985144262132949,0.2755289949852797,0.0,0.0
2012-01-22,0.23251994271352408,0.18292462464320747,0.29884288056778097,0.27598153387701263,0.0,0.0
2012-01-23,0.23248850578108893,0.1841878212481591,0.2987024161112919,0.2748940481578262,0.0,0.0
2012-01-24,0.23233061320121978,0.18278974828527744,0.2999267177425869,0.2752136379861054,0.0,0.0
2012-01-25,0.23340776381753317,0.18351971431103323,0.2984477669035836,0.2749609895646656,0.0,0.0
2012-01-26,0.23271484160776618,0.18391567466926,0.2985993789824715,0.2751006703124007,0.0,0.0
2012-01-27,0.2331673726946644,0.18406987456155083,0.2982884334159512,0.2748141950555803,0.0,0.0
2012-01-29,0.23316719568804822,0.1840697348267961,0.2982882069733506,0.2748139864332067,0.0,0.0
2012-01-30,0.234440589502747,0.18288173208728956,0.29879559565343045,0.2741757170315928,0.0,0.0
2012-01-31,0.21708312650440564,0.17704221483835705,0.33091717344506444,0.27099848034462926,0.0,0.0
2012-02-01,0.2176445432692539,0.1788590431214568,0.3291086941300836,0.27045004135830225,0.0,0.0
2012-02-02,0.21806555376125386,0.17914694068355697,0.32872193205640804,0.2701322137813133,0.0,0.0
2012-02-03,0.21977097659432507,0.18095116823899726,0.32680782457549784,0.268559267041803,0.0,0.0
2012-02-05,0.21590846083695558,0.1777709178280083,0.3313607345245489,0.2711175537314982,0.0,0.0
2012-02-06,0.21451142271363807,0.17603752044282134,0.3378588597140266,0.26777134673412345,0.0,0.0
2012-02-07,0.21523411305720339,0.17731038796179155,0.3364239591116118,0.26720553843280626,0.0,0.0
2012-02-08,0.21598481798380637,0.17771385850140606,0.3339530166987835,0.26852894615559025,0.0,0.0
2012-02-09,0.217150425708056,0.1776362102477943,0.33335359956520366,0.26804695963910674,0.0,0.0
2012-02-10,0.2166576714301835,0.17524887908409442,0.33493979469628465,0.26932240644044675,0.0,0.0
2012-02-12,0.21645564507741427,0.17508546510648385,0.3355596412802403,0.2690712719058003,0.0,0.0
2012-02-13,0.21681276497568794,0.1756040990745212,0.3376467907376707,0.2661370241699468,0.0,0.0
2012-02-14,0.21807842158407473,0.17509672477455257,0.33690187007271444,0.266110859412146,0.0,0.0
2012-02-15,0.21761416711722445,0.1763122388186931,0.3357433061553299,0.2664993130489509,0.0,0.0
2012-02-16,0.2194449319769546,0.17764273836187053,0.33399191173187803,0.2651091277431812,0.0,0.0
2012-02-17,0.21876534201121683,0.178293854393383,0.3340075193495453,0.26512151643213017,0.0,0.0
2012-02-20,0.2169648919643622,0.17682648677680687,0.33769974607538045,0.26472818133315124,0.0,0.0
2012-02-21,0.2160242231593608,0.17575951395233208,0.33985200655711517,0.26461031226455006,0.0,0.0
2012-02-22,0.21457340606059325,0.17498375529019308,0.3391155887932822,0.26758114576306036,0.0,0.0
2012-02-23,0.21549423514884217,0.17548267278147398,0.33832672247217827,0.2669586861621732,0.0,0.0
2012-02-24,0.2158223093820712,0.17632484401165255,0.33767646059949635,0.26644559321484684,0.0,0.0
2012-02-26,0.21335346146485534,0.17430781794452374,0.33740308375845524,0.2712472317256857,0.0,0.0
2012-02-27,0.21269805013751117,0.17236732579255512,0.34036030845524406,0.27090212173801403,0.0,0.0
2012-02-28,0.21405723921328115,0.17334512126010823,0.3373142953997692,0.27162452288322636,0.0,0.0
2012-02-29,0.21667820163230897,0.17193555238307076,0.32912950864666,0.2717981010268831,0.0,0.0
2012-03-01,0.21728468090836398,0.17271084235673526,0.3274579927970031,0.27214014509946594,0.0,0.0
2012-03-02,0.2174203218723061,0.17172330918481007,0.32791485952572036,0.272519832816911,0.0,0.0
2012-03-04,0.2148323134800137,0.16967924374743332,0.3299491053443849,0.2752409034090717,0.0,0.0
2012-03-05,0.21438866661247483,0.16933656688518894,0.33099357612051084,0.27489594910259285,0.0,0.0
2012-03-06,0.21422735604288434,0.16563628082354248,0.3340222322745471,0.2756330389934936,0.0,0.0
2012-03-07,0.2134805408952688,0.16566676641103611,0.34055386753952904,0.26993334900826726,0.0,0.0
2012-03-08,0.21449240513235965,0.16835876152250917,0.3385217600998597,0.26832263887099095,0.0,0.0
2012-03-09,0.2153002502446613,0.16779806955688564,0.3383857463387359,0.2682148302288028,0.0,0.0
2012-03-11,0.21346241182366293,0.16636571757935398,0.33970156794686474,0.2702563283360772,0.0,0.0
2012-03-12,0.2136602756067787,0.1658787288894222,0.33985949737843213,0.27038197223159877,0.0,0.0
2012-03-13,0.21705872345732202,0.16836664206097934,0.3364432800484862,0.267938063173299,0.0,0.0
2012-03-14,0.21800217198842656,0.16686114187514753,0.3358969647494397,0.2690367374368253,0.0,0.0
2012-03-15,0.21821860078741426,0.1677878223289712,0.3352723299996149,0.2685364361158298,0.0,0.0
2012-03-16,0.21794269308738226,0.16840596440935474,0.3350850154814241,0.2683864065170622,0.0,0.0
2012-03-18,0.21813073886026912,0.1685512687978043,0.33537413423932505,0.26775435345869164,0.0,0.0
2012-03-19,0.2192736172440964,0.1685450192292843,0.3356029112707808,0.26640662600184484,0.0,0.0
2012-03-20,0.22056822427557768,0.16728263387242154,0.33530003195698754,0.26663471982229986,0.0,0.0
2012-03-21,0.22057408191219932,0.16651064928174672,0.3360992362890581,0.26660208985217554,0.0,0.0
2012-03-22,0.22054677818419396,0.16533201232938582,0.3367600869118762,0.26712629264141335,0.0,0.0
2012-03-23,0.2202035573539775,0.16626404205311437,0.33643676648528814,0.26686982701426104,0.0,0.0
2012-03-25,0.21721953744134273,0.1640109666795676,0.3360261479721659,0.2726553199481873,0.0,0.0
2012-03-26,0.2187204790713399,0.1646575642716897,0.3308937474873749,0.27574417937776036,0.0,0.0
2012-03-27,0.218844604556377,0.16337222463699724,0.3297759196729891,0.2780314145166556,0.0,0.0
2012-03-28,0.21791303486003707,0.16200293185461284,0.3313174124610038,0.2787929877689504,0.0,0.0
2012-03-29,0.21750761873226548,0.16118346993880278,0.3319714580588449,0.27934334618508316,0.0,0.0
2012-03-30,0.225416646170886,0.16382186180002598,0.3283371515712716,0.26698039019099623,0.0,0.0
2012-04-01,0.22413962177397265,0.16289378253959813,0.33374993317957985,0.26385899811056557,0.0,0.0
2012-04-02,0.22568796293521132,0.16424572533991505,0.331803286992138,0.2629566763693193,0.0,0.0
2012-04-03,0.22740700280603174,0.16336218005120612,0.33280513926703126,0.2609970122421652,0.0,0.0
2012-04-04,0.2259928884930923,0.16101092636195152,0.33530611858742276,0.2621442371791181,0.0,0.0
2012-04-05,0.22709118075624826,0.1607526975255703,0.33484594039310633,0.261784467240461,0.0,0.0
2012-04-08,0.22934418112215246,0.16234754539742113,0.3339930575842868,0.25863423704374316,0.0,0.0
2012-04-09,0.22889416849081784,0.16185967034786686,0.3358673150994691,0.25760863158817576,0.0,0.0
2012-04-10,0.2280713605669728,0.16081032106974483,0.3401253596087271,0.2550215583067147,0.0,0.0
2012-04-11,0.22604096722678166,0.1604616812302073,0.33631265594881105,0.2614304735017341,0.0,0.0
2012-04-12,0.2273256225426614,0.16266554839393524,0.3343996105882338,0.25994338003201306,0.0,0.0
2012-04-13,0.22531272455366433,0.16076194220998463,0.33654591255401517,0.26161179401901846,0.0,0.0
2012-04-15,0.22990468500902478,0.16403833275924262,0.3331283478520166,0.25683839303629846,0.0,0.0
2012-04-16,0.22957753454937962,0.1661242085053073,0.3312264969474077,0.2568214723418761,0.0,0.0
2012-04-17,0.22674604739608137,0.1633332590802063,0.33653195818032594,0.2576572805475928,0.0,0.0
2012-04-18,0.22477113918670624,0.16157461294456738,0.34277185895389617,0.2552469264384274,0.0,0.0
2012-04-19,0.22299653322509333,0.16125986957930136,0.34393822837815446,0.25611546976500704,0.0,0.0
2012-04-20,0.22228000348387783,0.16227172455553743,0.3437725790613306,0.2559921181015567,0.0,0.0
2012-04-22,0.2206321378412568,0.16106872835492178,0.3461930930515383,0.2565375122751589,0.0,0.0
2012-04-23,0.2191100180330349,0.15870371431088773,0.34946482838146875,0.2571165447575416,0.0,0.0
2012-04-24,0.21759785646450255,0.15946826902748099,0.3530737918213354,0.25427786034154903,0.0,0.0
2012-04-25,0.2216738549017679,0.1601761613689227,0.3487322545118141,0.2539533029482056,0.0,0.0
2012-04-26,0.22246264609870797,0.16080594395122622,0.3479312753383729,0.25337001504163426,0.0,0.0
2012-04-27,0.2233643235371626,0.16108723261690303,0.3472632179290055,0.2528835232317345,0.0,0.0
2012-04-29,0.2240951860441049,0.16161432045618904,0.34593426426239987,0.2529029168829888,0.0,0.0
2012-04-30,0.23203905969297928,0.16660033586413875,0.32018740078396457,0.26256911959700796,0.0,0.0
2012-05-01,0.2324950525717628,0.16745927185291248,0.31878175423611727,0.26265246915878376,0.0,0.0
2012-05-02,0.23344587333164227,0.1665147976260502,0.31842394726401224,0.26297930568817734,0.0,0.0
2012-05-03,0.23168070307985117,0.16559782176702761,0.319397886620255,0.2646290426853928,0.0,0.0
2012-05-04,0.22781102065673267,0.16441908754662118,0.3220723897091097,0.26684493459235525,0.0,0.0
2012-05-06,0.22988438079046855,0.16591550321765258,0.3219229515027553,0.26325152045937183,0.0,0.0
2012-05-07,0.23006830402737372,0.16675714203604128,0.32265215049697554,0.26149768358354347,0.0,0.0
2012-05-08,0.22999502234867136,0.16468758890819138,0.322976521712167,0.2632499568472277,0.0,0.0
2012-05-09,0.23141349771232703,0.16415325012270127,0.3220797324862732,0.2630836287425567,0.0,0.0
2012-05-10,0.2308609049976746,0.16492664092742082,0.32196127086463416,0.26298686601536814,0.0,0.0
2012-05-11,0.23114488688493817,0.1638034753212979,0.3224076313569356,0.26335146560421996,0.0,0.0
2012-05-13,0.232071534776375,0.16446015497820965,0.32056513705697154,0.26353176737670636,0.0,0.0
2012-05-14,0.23222993433496,0.16294003500440435,0.3190607059356696,0.2662002307051882,0.0,0.0
2012-05-15,0.23294429223064106,0.16191328987340953,0.3211027715272284,0.26434375774138774,0.0,0.0
2012-05-16,0.23193376573581315,0.16072577887636388,0.32349156888088343,0.2641029116126006,0.0,0.0
2012-05-17,0.2286272138754729,0.15976536880887285,0.3257634753497203,0.26595772691862873,0.0,0.0
2012-05-18,0.2265720916180873,0.15934277224006319,0.32708235920014267,0.267034481611743,0.0,0.0
2012-05-20,0.22877711971378462,0.16089351614292605,0.32781922302703304,0.2623459273453146,0.0,0.0
2012-05-21,0.2328486692894386,0.16275763216773972,0.3237720010442142,0.2606551897794141,0.0,0.0
2012-05-22,0.23103463720297462,0.1607312088933819,0.32321374397318486,0.2651856882134635,0.0,0.0
2012-05-23,0.2326585429273527,0.1603189166568406,0.32324906295655903,0.2638360853173642,0.0,0.0
2012-05-24,0.2316483080810978,0.1599762620541961,0.32396866170343375,0.26442342226008636,0.0,0.0
2012-05-25,0.23154266968688741,0.1595740536458206,0.32423826047482623,0.26464346894421276,0.0,0.0
2012-05-27,0.23198330857575578,0.15987773215909767,0.3256655197123225,0.2624322534091943,0.0,0.0
2012-05-28,0.2307954751323944,0.15905910379193938,0.32641582854897694,0.26378945720138947,0.0,0.0
2012-05-29,0.23291998021848234,0.16075562791962664,0.32447733400543965,0.2619747173388119,0.0,0.0
2012-05-30,0.23280518584956855,0.15853792156054142,0.3254560434744157,0.26316783182758663,0.0,0.0
2012-05-31,0.2320158771958614,0.17880926643759965,0.3212476139267265,0.2613925218758532,0.0,0.0
2012-06-01,0.22812373989413967,0.17676187294383988,0.32448586050470896,0.26402741596620355,0.0,0.0
2012-06-03,0.22995535680810478,0.17818110285992983,0.3254637682871299,0.2597451377929747,0.0,0.0
2012-06-04,0.23090503183521294,0.17836662297227715,0.32433810672529567,0.2597580990451115,0.0,0.0
2012-06-05,0.2314060609276423,0.1791050876848825,0.32452161555072134,0.25834737183346385,0.0,0.0
2012-06-06,0.2353609252187873,0.183328914105852,0.3178486836236963,0.2568787281448037,0.0,0.0
2012-06-07,0.23455269016659006,0.18380737591022253,0.3180287139792114,0.2570242249523567,0.0,0.0
2012-06-08,0.23643322894540064,0.18285829285187083,0.3175191306308479,0.2566123902361672,0.0,0.0
2012-06-10,0.23429272933283257,0.18120282290481585,0.31384810031988003,0.2641384210667397,0.0,0.0
2012-06-11,0.2312582824199143,0.18001607449176654,0.3142959747059403,0.2678853143673419,0.0,0.0
2012-06-12,0.23434631886928425,0.18312040862850154,0.3122725231184557,0.2637079963954059,0.0,0.0
2012-06-13,0.23270018161850745,0.18225442374770864,0.31302548952923204,0.26546763434038534,0.0,0.0
2012-06-14,0.23317600710797004,0.18274386021481107,0.31250875610465106,0.2650294080476498,0.0,0.0
2012-06-15,0.23480329393914418,0.18425772912754568,0.3108278249858131,0.2636038602167745,0.0,0.0
2012-06-17,0.2356454361613412,0.184918585331312,0.31194263573170516,0.26096219887383876,0.0,0.0
2012-06-18,0.2363042391846239,0.18357654697310927,0.3099119997597491,0.26371807570367073,0.0,0.0
2012-06-19,0.23735561618405515,0.18602779921900234,0.3088807377664136,0.26128429485307075,0.0,0.0
2012-06-20,0.23642137809846814,0.18556199542531443,0.30977847435033723,0.2618164871980154,0.0,0.0
2012-06-21,0.23312129712251295,0.1823833523315149,0.3132503661360518,0.2647508373434662,0.0,0.0
2012-06-22,0.23467478373992057,0.1830644535845947,0.3120525042172329,0.2637384364644473,0.0,0.0
2012-06-25,0.23291283807593247,0.18144464262509435,0.31579105056925777,0.2633036204841969,0.0,0.0
2012-06-26,0.23293685734784572,0.1814405849980121,0.313853651488095,0.2652607179992517,0.0,0.0
2012-06-27,0.2336546301837625,0.1824667097299955,0.3129187683397688,0.26447057974852684,0.0,0.0
2012-06-28,0.23167795606330818,0.18286684199751874,0.3137634122034448,0.26518445016765385,0.0,0.0
2012-06-29,0.22801837697879776,0.1841751302694074,0.3262200269506104,0.25940163548374656,0.0,0.0
2012-07-01,0.22801833782924316,0.18417509864750736,0.3262199709403496,0.2594015909458517,0.0,0.0
2012-07-02,0.2290605679861266,0.1856409926441007,0.3259163400721456,0.25719341977270566,0.0,0.0
2012-07-03,0.22745766307587606,0.1850242549424236,0.3217568582217497,0.26360577705060284,0.0,0.0
2012-07-04,0.23013605796772482,0.18720298135948257,0.3181281297631652,0.26235183166833065,0.0,0.0
2012-07-05,0.23089752208607026,0.1848736014574604,0.3189841051548332,0.2630577318728624,0.0,0.0
2012-07-06,0.22915113073664561,0.18371410196727508,0.32057060306781976,0.2643660746268335,0.0,0.0
2012-07-08,0.22997000507543633,0.18437060653389611,0.3225496720951984,0.26090359844023125,0.0,0.0
2012-07-09,0.23428208832925648,0.18767066874678698,0.3122001417879487,0.2635952259892796,0.0,0.0
2012-07-10,0.2336674019517794,0.1875470094438783,0.3119060281639881,0.2646110865956694,0.0,0.0
2012-07-11,0.2335268883683689,0.18917804209607447,0.3100051731879241,0.2650100165367093,0.0,0.0
2012-07-12,0.2323602893169062,0.1877997387925604,0.3113716790707316,0.2661781833220449,0.0,0.0
2012-07-13,0.23443817620073545,0.18930539746528854,0.3094472338070306,0.26453305828779833,0.0,0.0
2012-07-15,0.23280269832684386,0.18798477300906669,0.3115563547525065,0.265395740723586,0.0,0.0
2012-07-16,0.2320746590164295,0.1879770474973272,0.3114666001399552,0.2662217337696245,0.0,0.0
2012-07-17,0.23295833358240148,0.18882557147349538,0.31102854163144256,0.26493059488034987,0.0,0.0
2012-07-18,0.23662540042368763,0.19007278973107752,0.3082891556863286,0.2627506098171839,0.0,0.0
2012-07-19,0.23831367248327354,0.19059106159172887,0.30710250645233156,0.26173924498608014,0.0,0.0
2012-07-20,0.23672158786310837,0.18840382047421075,0.3091347167167311,0.26347126986077607,0.0,0.0
2012-07-22,0.22961329158235716,0.18274641428474822,0.32809277591867775,0.25734686207358426,0.0,0.0
2012-07-23,0.22742755362736075,0.17933397725883077,0.3347936305007275,0.2562381669866209,0.0,0.0
2012-07-24,0.22585471910935898,0.1778296673337119,0.3376195988486439,0.2564870263751772,0.0,0.0
2012-07-25,0.22402358253756868,0.17879539979729517,0.3379635492320767,0.2570115026405665,0.0,0.0
2012-07-26,0.22529600539154637,0.18199687424752845,0.33543153244643115,0.25508597712082165,0.0,0.0
2012-07-27,0.2283739777413114,0.18471387840971934,0.33215187721935796,0.25259189419392514,0.0,0.0
2012-07-29,0.22856092260267213,0.18486508351080938,0.33160501227850675,0.2527986636214578,0.0,0.0
2012-07-30,0.2285147182027037,0.18439082402945925,0.3293362028463402,0.2555865302561607,0.0,0.0
2012-07-31,0.23118663754386407,0.18404371424145766,0.30414007697371714,0.2670802647529157,0.0,0.0
2012-08-01,0.23135001736935454,0.18480512368096466,0.3021899342347618,0.26805509523376625,0.0,0.0
2012-08-02,0.23130816018599415,0.18286634821125072,0.30321452695654977,0.2689639517789394,0.0,0.0
2012-08-03,0.23335552787735353,0.18662409817531642,0.30020933515716935,0.2662982211151482,0.0,0.0
2012-08-05,0.23222424390821736,0.18571936344526452,0.3017793947249891,0.26682863226228193,0.0,0.0
2012-08-06,0.23344676284300067,0.186612115105536,0.30031873063094533,0.2662044315827158,0.0,0.0
2012-08-07,0.23456513881162788,0.18736967849279773,0.2985153082553855,0.2661778410194987,0.0,0.0
2012-08-08,0.23427195074378163,0.18721975505467464,0.29827645188488827,0.26686945849959454,0.0,0.0
2012-08-09,0.2347374685421359,0.18733842536906933,0.2979747060721215,0.2665994849862692,0.0,0.0
2012-08-10,0.23472080854960187,0.18774074834431415,0.29777531966571563,0.2664210929544025,0.0,0.0
2012-08-12,0.2354268843687453,0.18830550101150595,0.2956618696036249,0.26722252804065355,0.0,0.0
2012-08-13,0.23697792790662475,0.1881190554313362,0.29312190324368764,0.2683408326447298,0.0,0.0
2012-08-14,0.23708978386254626,0.18830070586424102,0.29463987227686284,0.26652797802973505,0.0,0.0
2012-08-15,0.23775389219808932,0.18808474697397456,0.29320658153046936,0.2675085027384374,0.0,0.0
2012-08-16,0.2393754859311794,0.18934471638731804,0.29173451878674184,0.26616545887340515,0.0,0.0
2012-08-17,0.24023028270176947,0.18896630617570706,0.2914907067480475,0.2659430157308253,0.0,0.0
2012-08-19,0.24001293288002506,0.18879533775115595,0.29122697874323766,0.26660610858411626,0.0,0.0
2012-08-20,0.24026900345983668,0.18876445438607378,0.29111163008824575,0.26650051171884465,0.0,0.0
2012-08-21,0.2393895452703072,0.1894787907275897,0.2911952834909075,0.26657709290733794,0.0,0.0
2012-08-22,0.24017897890668566,0.1891497826596136,0.2909599976128974,0.2663616985348394,0.0,0.0
2012-08-23,0.2387820130769717,0.18827900607512285,0.29165424702115994,0.2679022870916862,0.0,0.0
2012-08-24,0.23998939064824948,0.18771494269143918,0.2913262335728517,0.26760098665153786,0.0,0.0
2012-08-26,0.24002591650024543,0.18774351248861088,0.2921214762964066,0.2667375629124924,0.0,0.0
2012-08-27,0.23832538056385466,0.18607006426016615,0.29702988467372754,0.2653181820416445,0.0,0.0
2012-08-28,0.23805385241642293,0.18550923870191138,0.29817858265191066,0.265015900537764,0.0,0.0
2012-08-29,0.237321082339387,0.1844600919118332,0.3017085139376562,0.26330761109634704,0.0,0.0
2012-08-30,0.23612839755255058,0.18269487743767754,0.30325137058160795,0.2646540957940477,0.0,0.0
2012-08-31,0.23580664700718282,0.1904191605350213,0.30368421254723327,0.2700899799105626,0.0,0.0
2012-09-02,0.23690735876215324,0.19130800998448622,0.3013536989797326,0.2704309322736281,0.0,0.0
2012-09-03,0.23651254395951327,0.1909891881690723,0.3015997624332909,0.27089850543812355,0.0,0.0
2012-09-04,0.23707374590996286,0.19073239016159318,0.300373415884356,0.27182044804408784,0.0,0.0
2012-09-05,0.23701672279394254,0.1903383541090423,0.300610199589619,0.27203472350739616,0.0,0.0
2012-09-06,0.23984119158299239,0.1932744842051944,0.2975861707179914,0.2692981534938217,0.0,0.0
2012-09-07,0.23892394402103245,0.1955461586681768,0.2968751637315959,0.2686547335791948,0.0,0.0
2012-09-09,0.23852969648368108,0.1952234886578129,0.29712623955807665,0.26912057530042927,0.0,0.0
2012-09-10,0.23698001453189466,0.19480778702564322,0.29828323886861163,0.26992895957385044,0.0,0.0
2012-09-11,0.23636559803987373,0.19672906639021032,0.2972433269755138,0.26966200859440215,0.0,0.0
2012-09-12,0.2363179244685128,0.19705770412572132,0.29780249674780285,0.2688218746579631,0.0,0.0
2012-09-13,0.23789443436539373,0.19932723890693993,0.2957811193317555,0.2669972073959109,0.0,0.0
2012-09-14,0.2389972331217277,0.20061060670235795,0.2945270145091816,0.2658651456667327,0.0,0.0
2012-09-16,0.23847176304378018,0.20016953518967107,0.29607809918005284,0.265280602586496,0.0,0.0
2012-09-17,0.23944399240299027,0.19952310617854135,0.29568710114013474,0.2653458002783336,0.0,0.0
2012-09-18,0.23978865962156284,0.19901771487510184,0.2965958174686359,0.2645978080346994,0.0,0.0
2012-09-19,0.240338080737655,0.19986096316450105,0.2959901711311852,0.2638107849666588,0.0,0.0
2012-09-20,0.24061645933803824,0.1983761039717911,0.29662808786408695,0.26437934882608366,0.0,0.0
2012-09-21,0.24050781065125906,0.1988978515308725,0.29640966521836815,0.2641846725995003,0.0,0.0
2012-09-24,0.2401538393422898,0.19917617536034535,0.2962321071297297,0.26443787816763525,0.0,0.0
2012-09-25,0.2384405843985027,0.19878570569870463,0.2983105963911492,0.2644631135116435,0.0,0.0
2012-09-26,0.23870159836240698,0.19906412687151312,0.2980785044797682,0.26415577028631176,0.0,0.0
2012-09-27,0.24054356302418559,0.20058667345680511,0.29629474897811464,0.26257501454089466,0.0,0.0
2012-09-28,0.23975267175579218,0.19858448794557365,0.29777554832944225,0.2638872919691919,0.0,0.0
2012-09-30,0.23272994620027979,0.18826152349171058,0.30950819097537724,0.26950033933263257,0.0,0.0
2012-10-01,0.23095759977796185,0.18862508371946682,0.31069909377402866,0.26971822272854273,0.0,0.0
2012-10-02,0.23122446712035677,0.188771175721178,0.31169907430329474,0.26830528285517036,0.0,0.0
2012-10-03,0.23276173971653724,0.1880335957857223,0.3117736160150822,0.26743104848265825,0.0,0.0
2012-10-04,0.23284518826694253,0.18974764796312907,0.310806059405044,0.2666011043648843,0.0,0.0
2012-10-05,0.23192117222810002,0.18987820898103652,0.31123315945479374,0.2669674593360697,0.0,0.0
2012-10-07,0.22718395789385398,0.18599976284908415,0.32530188857787296,0.261514390679189,0.0,0.0
2012-10-08,0.22757111625743154,0.1866154276505764,0.32885981868966924,0.25695363740232285,0.0,0.0
2012-10-09,0.22662418624914862,0.1864579774383582,0.3297028675764676,0.2572149687360255,0.0,0.0
2012-10-10,0.2238611201920393,0.18460205018827727,0.3296428690998423,0.26189396051984115,0.0,0.0
2012-10-11,0.22299747272127846,0.185893029419065,0.3294047319959813,0.26170476586367525,0.0,0.0
2012-10-12,0.22303510523857742,0.18548974958864714,0.3296084945063437,0.26186665066643167,0.0,0.0
2012-10-14,0.22593460860721265,0.18790115542184224,0.3284454163336225,0.2577188196373227,0.0,0.0
2012-10-15,0.22383694662771267,0.1867778601716498,0.3322078999749581,0.25717729322567945,0.0,0.0
2012-10-16,0.224016282383093,0.1869107506542868,0.33161423088117303,0.25745873608144715,0.0,0.0
2012-10-17,0.22338702686936626,0.18793560147939406,0.3308768508033548,0.2578005208478848,0.0,0.0
2012-10-18,0.22146266198325493,0.18807914485685626,0.3318777940041644,0.2585803991557245,0.0,0.0
2012-10-19,0.2179392227486397,0.1867533490195906,0.3346033949982853,0.26070403323348434,0.0,0.0
2012-10-21,0.22134937190500562,0.18967552506287302,0.32513080519146637,0.2638442978406549,0.0,0.0
2012-10-22,0.22318255347473268,0.19178905869126386,0.3222526205925006,0.2627757672415028,0.0,0.0
2012-10-23,0.22291068797324262,0.18965979481683043,0.3233950089815492,0.26403450822837754,0.0,0.0
2012-10-24,0.22097814327954046,0.18867915225973028,0.32483885796555545,0.2655038464951739,0.0,0.0
2012-10-25,0.22066895277081672,0.18981434464540264,0.3243843465362484,0.26513235604753216,0.0,0.0
2012-10-26,0.22130544260356078,0.18919630124171524,0.32437419630164227,0.2651240598530817,0.0,0.0
2012-10-28,0.2217238214560809,0.18955397762998355,0.32498742705837036,0.2637347738555651,0.0,0.0
2012-10-31,0.21853412784839535,0.17521577843450986,0.2992701692126197,0.30697992450447503,0.0,0.0
2012-11-01,0.22027746972973988,0.17607769858952127,0.2974442964090459,0.3062005352716929,0.0,0.0
2012-11-02,0.2188008288277264,0.17516053901883577,0.2986238348726871,0.30741479728075083,0.0,0.0
2012-11-04,0.21864701100723766,0.17503740048918823,0.3013111807583108,0.3050044077452634,0.0,0.0
2012-11-05,0.21998233649743293,0.1750730211099913,0.298992309003637,0.30595233338893874,0.0,0.0
2012-11-06,0.2184921931550464,0.1749293031310821,0.302166469378241,0.3044120343356306,0.0,0.0
2012-11-07,0.21446927032497315,0.1732025442600764,0.3052104452751218,0.30711774013982873,0.0,0.0
2012-11-08,0.21219382882965887,0.17228661966928832,0.30680115804545616,0.3087183934555967,0.0,0.0
2012-11-09,0.21287342773526272,0.1722642048466118,0.30647358951055026,0.3083887779075753,0.0,0.0
2012-11-11,0.2145121986737113,0.17359035238715248,0.3044523172134615,0.30744513172567467,0.0,0.0
2012-11-12,0.21469688082862018,0.17388926759499052,0.3047625029819989,0.30665134859439025,0.0,0.0
2012-11-13,0.21388930549387833,0.17309720594528663,0.3042708686443632,0.30874261991647184,0.0,0.0
2012-11-14,0.21219332440153715,0.17204406443500883,0.30471134337419536,0.3110512677892586,0.0,0.0
2012-11-15,0.21155944485808822,0.17243898514829445,0.3048295926228995,0.3111719773707178,0.0,0.0
2012-11-16,0.21225006054989448,0.1724159949266892,0.30449921684137654,0.31083472768203985,0.0,0.0
2012-11-18,0.21319553242968584,0.17318402521326295,0.30363925252736484,0.3099811898296863,0.0,0.0
2012-11-19,0.21855104700227965,0.17667140510982515,0.2988654824130769,0.3059120654748183,0.0,0.0
2012-11-20,0.21824573002609715,0.17653386470919058,0.2998314696053818,0.3053889356593305,0.0,0.0
2012-11-21,0.2194595353925499,0.17727850368628,0.2979215448244928,0.3053404160966772,0.0,0.0
2012-11-23,0.22121234235352033,0.17979592721664728,0.29581268706924285,0.3031790433605897,0.0,0.0
2012-11-25,0.22286681509276923,0.18114064178837103,0.29728372486486937,0.29870881825399037,0.0,0.0
2012-11-26,0.22409384093148477,0.18073510497048087,0.3006052325839319,0.2945658215141026,0.0,0.0
2012-11-27,0.2264804494852715,0.18210421318013775,0.3018249650003367,0.2895903723342542,0.0,0.0
2012-11-28,0.22682689769789596,0.1821566719440953,0.30119781405620993,0.2898186163017989,0.0,0.0
2012-11-29,0.2275760472384191,0.18296441327344237,0.3004043807392293,0.28905515874890925,0.0,0.0
2012-11-30,0.21407348688761363,0.17306347085848972,0.29826410429644323,0.31459893795745336,0.0,0.0
2012-12-02,0.21250658856151536,0.17179674293837466,0.2960809776862683,0.3196156908138417,0.0,0.0
2012-12-03,0.21135788076096054,0.17140052074269432,0.29872428845757343,0.31851731003877176,0.0,0.0
2012-12-04,0.21137868943172597,0.1719106115161648,0.30040105870501516,0.3163096403470942,0.0,0.0
2012-12-05,0.20944539658752906,0.17334499659482927,0.30026756681637956,0.3169420400012622,0.0,0.0
2012-12-06,0.21047453039190933,0.17327117661364125,0.2998028142362715,0.316451478758178,0.0,0.0
2012-12-07,0.2093996059217541,0.17381089540101963,0.3000631875459844,0.31672631113124194,0.0,0.0
2012-12-09,0.20991102972521822,0.17423539968228702,0.3007960421088132,0.31505752848368146,0.0,0.0
2012-12-10,0.20991680752614328,0.17380969568968144,0.3021266175020253,0.31414687928214985,0.0,0.0
2012-12-11,0.21151681955428916,0.17380679201388238,0.3034246082931021,0.31125178013872645,0.0,0.0
2012-12-12,0.21083256816167442,0.17469534335171655,0.30235761113767673,0.3121144773489324,0.0,0.0
2012-12-13,0.2086904918304526,0.17341010211625574,0.3016684417372198,0.31623096431607184,0.0,0.0
2012-12-14,0.20693575099897557,0.17448806311915627,0.3019988565495432,0.31657732933232496,0.0,0.0
2012-12-16,0.20693575099897557,0.17448806311915627,0.3019988565495432,0.31657732933232496,0.0,0.0
2012-12-17,0.20672890429705354,0.17290236149395596,0.30706569013863205,0.31330304407035847,0.0,0.0
2012-12-18,0.20896110584894656,0.17339389683104842,0.3057175142853812,0.3119274830346239,0.0,0.0
2012-12-19,0.20765266057542744,0.17351619993819975,0.30513277120693666,0.31369836827943626,0.0,0.0
2012-12-20,0.20744934084845396,0.17432543811560086,0.30483400541428785,0.3133912156216574,0.0,0.0
2012-12-21,0.205992743213384,0.17359793190270553,0.3059109416206437,0.3144983832632667,0.0,0.0
2012-12-23,0.2062374914130837,0.17380419053416016,0.30627440661976035,0.31368391143299573,0.0,0.0
2012-12-24,0.2038809534938545,0.17162864041611375,0.3125944133565306,0.3118959927335011,0.0,0.0
2012-12-25,0.20340214753621527,0.17122557767717464,0.31186029835032253,0.3135119764362875,0.0,0.0
2012-12-26,0.2022693756873138,0.1720053007586104,0.31002625103940756,0.3156990725146683,0.0,0.0
2012-12-27,0.20260406520597352,0.17320721116802665,0.31102147604489544,0.3131672475811043,0.0,0.0
2012-12-28,0.20130781233576367,0.17246818133038372,0.3120356190564637,0.31418838727738885,0.0,0.0
2012-12-30,0.20202639524956234,0.17308381907856626,0.3131494529496887,0.31174033272218254,0.0,0.0
2012-12-31,0.2058944962381321,0.17422660725861733,0.29997453435855653,0.31322897484417245,0.0,0.0
2013-01-01,0.20525762714276427,0.17368769269906797,0.2997374029497001,0.3146620151317395,0.0,0.0
2013-01-02,0.20815710214901473,0.1734768037063135,0.2966445077008207,0.315179698173136,0.0,0.0
2013-01-03,0.2071484738861806,0.17189762027946828,0.29675271822129035,0.31765639869905865,0.0,0.0
2013-01-04,0.20639934997596893,0.17284899729158254,0.2966558161263632,0.3175526706837419,0.0,0.0
2013-01-06,0.20639924384665123,0.17284890841365658,0.2966556635877076,0.317552507400048,0.0,0.0
2013-01-07,0.20380728040096885,0.1695220050146038,0.3055747524625688,0.3146358919334463,0.0,0.0
2013-01-08,0.202002189211851,0.1672149427327231,0.30612210271749063,0.3182448938565212,0.0,0.0
2013-01-09,0.20033204606467442,0.16615131649145148,0.30245450183240685,0.32472263352942826,0.0,0.0
2013-01-10,0.20153725005704248,0.16836022160010064,0.30246202260082816,0.32130034782150685,0.0,0.0
2013-01-11,0.20176729404248256,0.16825455949180104,0.3024020776529317,0.3212366693059575,0.0,0.0
2013-01-13,0.2013069076193776,0.1678706413985187,0.3017120658671721,0.3227849536108545,0.0,0.0
2013-01-14,0.20354861517015338,0.17072019342250833,0.2937815006259858,0.3255246608118927,0.0,0.0
2013-01-15,0.20587005039526163,0.1729641397700581,0.29318664782149056,0.3214481583411809,0.0,0.0
2013-01-16,0.2055064124314389,0.17107375380889106,0.291487625280251,0.32543854184118165,0.0,0.0
2013-01-17,0.2059819716343603,0.172129791111712,0.2907712704483612,0.3246387498372948,0.0,0.0
2013-01-18,0.20560152877861368,0.17227002447929324,0.29088334513957026,0.324763878387947,0.0,0.0
2013-01-20,0.20560142406034965,0.17226993673764066,0.290883196985035,0.32476371297716544,0.0,0.0
2013-01-21,0.2104007650391161,0.1762912229255796,0.2791117998961327,0.32756265904911824,0.0,0.0
2013-01-22,0.209556525749165,0.17548420714810292,0.2802709549847212,0.32809167596451977,0.0,0.0
2013-01-23,0.21084444018332035,0.17485291092394792,0.27959943943368254,0.3281057714814828,0.0,0.0
2013-01-24,0.20816674346334763,0.17568023283304368,0.2798997425737186,0.329648238172985,0.0,0.0
2013-01-25,0.20875543957942766,0.17648411990187216,0.2792668987583296,0.32890291469800287,0.0,0.0
2013-01-27,0.20875533146002184,0.17648402849655012,0.27926675411936247,0.3289027443513629,0.0,0.0
2013-01-28,0.20866921645835554,0.1749688696731101,0.2805709313066387,0.3292167627451814,0.0,0.0
2013-01-29,0.2084731344814516,0.17601254287304224,0.2789051011905383,0.33004163708062617,0.0,0.0
2013-01-30,0.20879647528990122,0.17650363103896446,0.27923845305065387,0.32886941314014984,0.0,0.0
2013-01-31,0.2151587829708377,0.17606342709879053,0.2795524956070924,0.3092702658658936,0.0,0.0
2013-02-01,0.216815203112869,0.17688151400841606,0.27841547774199216,0.3080123775516786,0.0,0.0
2013-02-03,0.21729812203934043,0.17727548744584662,0.2790356007854588,0.3064695276272987,0.0,0.0
2013-02-04,0.21556699378457636,0.17610696511840798,0.2810370674032108,0.30717405778048495,0.0,0.0
2013-02-05,0.21895664295136846,0.17688404552798223,0.27993047078137745,0.3040928542795147,0.0,0.0
2013-02-06,0.21965667418697318,0.1782590811176254,0.27688650490754313,0.3049296891925532,0.0,0.0
2013-02-07,0.2201703674794064,0.17687392617354936,0.277286539157078,0.30537023908290545,0.0,0.0
2013-02-08,0.22168975837352972,0.17735327287396674,0.27636663097519176,0.30435716220477477,0.0,0.0
2013-02-10,0.22143886767405768,0.1771525586550896,0.27605386137381366,0.3051428467874013,0.0,0.0
2013-02-11,0.22126437891586626,0.17684695852707707,0.2757552677359793,0.30594180484396544,0.0,0.0
2013-02-12,0.22027596420252077,0.1773544424384638,0.2763492770781362,0.30583423923670044,0.0,0.0
2013-02-13,0.22029379071432276,0.17734802701413746,0.2774611911844048,0.3047789835781509,0.0,0.0
2013-02-14,0.2204014284610198,0.1767672102647401,0.27767842042051444,0.30501760039336145,0.0,0.0
2013-02-15,0.22000337053172644,0.17647596269829957,0.2779952011855762,0.3053655702091778,0.0,0.0
2013-02-17,0.21975541741377141,0.17627706681279837,0.27768188881793426,0.3061468701576637,0.0,0.0
2013-02-18,0.21969957180265606,0.176232270190091,0.27898904045288025,0.30494389634160396,0.0,0.0
2013-02-19,0.2213540183519103,0.17802678439283656,0.27769349752710276,0.3027829355510266,0.0,0.0
2013-02-20,0.21885302288728778,0.17690217909959,0.2788464841467525,0.30517032720871984,0.0,0.0
2013-02-21,0.21751399478484182,0.17543161433075932,0.280142316197176,0.306588489220141,0.0,0.0
2013-02-22,0.2188083265386047,0.1766172134309525,0.27899714835394396,0.30533521451417733,0.0,0.0
2013-02-24,0.21806815893228193,0.1760197666053742,0.27805337873267416,0.307683486599327,0.0,0.0
2013-02-25,0.216650179244983,0.1734015445516591,0.2790090922490062,0.3106426770074065,0.0,0.0
2013-02-26,0.21761344180645906,0.1745492286414052,0.27780801970836233,0.3097175335669166,0.0,0.0
2013-02-27,0.2186431004369711,0.1756899150447627,0.2762996901622334,0.30916421120770865,0.0,0.0
2013-02-28,0.2160896307323951,0.18137187435260135,0.29073140166340883,0.31180709325159467,0.0,0.0
2013-03-01,0.21680439214753483,0.1811762821326122,0.29048089685901807,0.3115384288608349,0.0,0.0
2013-03-03,0.2165581535867343,0.18097050868622755,0.29015097919787614,0.31232035852916196,0.0,0.0
2013-03-04,0.218630801016429,0.18216847229080857,0.2887131966560077,0.3104875300367547,0.0,0.0
2013-03-05,0.2204716445613077,0.18263153693868553,0.2883539679031194,0.30854285059688746,0.0,0.0
2013-03-06,0.21896349924511552,0.18226075956569557,0.2892560218324611,0.3095197193567279,0.0,0.0
2013-03-07,0.219284540111433,0.18263323437838172,0.2889209989305836,0.3091612265796017,0.0,0.0
2013-03-08,0.21938137963168702,0.1829679619964597,0.2887125178833394,0.30893814048851387,0.0,0.0
2013-03-10,0.22040531973946428,0.18382194620898024,0.290060053974025,0.3057126800775304,0.0,0.0
2013-03-11,0.22046408316945856,0.1836105071906282,0.29218174493933474,0.30374366470057856,0.0,0.0
2013-03-12,0.22063124187685482,0.1834399160309677,0.29201788056451966,0.3039109615276579,0.0,0.0
2013-03-13,0.22007386363412437,0.1825520427130114,0.29383337649292174,0.3035407171599424,0.0,0.0
2013-03-14,0.2203474435636358,0.1835335264695936,0.2932160420545575,0.302902987912213,0.0,0.0
2013-03-15,0.219903895584382,0.18351862176902245,0.2934415434619779,0.3031359391846176,0.0,0.0
2013-03-17,0.22138014022246985,0.18475060713542918,0.29104573659679617,0.3028235160453049,0.0,0.0
2013-03-18,0.22244639269744573,0.18391103732921069,0.2886929071691809,0.30494966280416264,0.0,0.0
2013-03-19,0.22159758309689376,0.1828079529597343,0.2888703818494431,0.3067240820939289,0.0,0.0
2013-03-20,0.22269947642249208,0.1836553937280355,0.28754912541826705,0.3060960044312053,0.0,0.0
2013-03-21,0.22111374005380446,0.18270005001120665,0.28877997078272466,0.3074062391522642,0.0,0.0
2013-03-22,0.22248647285524958,0.18339846183553096,0.2877767522000914,0.3063383131091281,0.0,0.0
2013-03-24,0.22196342727182605,0.18296730863219823,0.2871002150726043,0.3079690490233715,0.0,0.0
2013-03-25,0.22061652557584469,0.18079005847765034,0.28785559618273054,0.3107378197637744,0.0,0.0
2013-03-26,0.22122452347667626,0.1817648717266758,0.2870944433951304,0.30991616140151756,0.0,0.0
2013-03-27,0.221545752572048,0.18135872767606673,0.2871352778654294,0.3099602418864558,0.0,0.0
2013-03-28,0.22181501147635813,0.1818375007866343,0.2867755592386117,0.3095719284983958,0.0,0.0
2013-03-31,0.222983113641578,0.18279507699833122,0.2785522064799447,0.30784203117002595,0.0,0.0
2013-04-01,0.22149642478994652,0.18088993945199827,0.280725822588752,0.3090584628067854,0.0,0.0
2013-04-02,0.22258164510396777,0.18157331954222736,0.27989472570613594,0.3081435239028753,0.0,0.0
2013-04-03,0.22155527223715102,0.1810573898016822,0.28116971181467787,0.30837466237158023,0.0,0.0
2013-04-04,0.22140435843538242,0.18178887444265446,0.2808961672442051,0.30807465063127326,0.0,0.0
2013-04-05,0.22011362230905956,0.18157466300245964,0.2816042031081329,0.30885119344976014,0.0,0.0
2013-04-07,0.22079146422176757,0.1821338238375673,0.2817471890617524,0.307446391855243,0.0,0.0
2013-04-08,0.22091820010658778,0.18175058534911906,0.28114213606792954,0.30834441849666827,0.0,0.0
2013-04-09,0.2210233664271226,0.1816003696364953,0.2808247080956285,0.3087551170581837,0.0,0.0
2013-04-10,0.22315033832769404,0.18224900014940656,0.2788107345294896,0.3080684907166403,0.0,0.0
2013-04-11,0.22285941926543298,0.18306016702390246,0.27856650388016674,0.30779863106560995,0.0,0.0
2013-04-12,0.22293473465882815,0.18235882116227126,0.27885976728498724,0.3081226688565434,0.0,0.0
2013-04-14,0.22366881975005526,0.1829592968668484,0.27764236097194284,0.30797947157676325,0.0,0.0
2013-04-15,0.22227851885411548,0.1811324473072058,0.2800270656897436,0.308704444779967,0.0,0.0
2013-04-16,0.22449362449377033,0.18365472593929566,0.2798322991038604,0.3041868610268374,0.0,0.0
2013-04-17,0.22231929089677446,0.18176553006169816,0.28192896756027647,0.3060740775883479,0.0,0.0
2013-04-18,0.219960830676652,0.18219420206993123,0.28284166009364586,0.3070649354192769,0.0,0.0
2013-04-19,0.22190607771285922,0.18311055566849072,0.2814875373350704,0.30559484216189015,0.0,0.0
2013-04-21,0.2209634961999047,0.18233276433271992,0.28101424117038687,0.30782145361897467,0.0,0.0
2013-04-22,0.22293589844924028,0.18260225092855675,0.2791947704913245,0.30740896144355023,0.0,0.0
2013-04-23,0.22394887920978426,0.18357645505371453,0.2799515273200846,0.30470371582222294,0.0,0.0
2013-04-24,0.22369998661410423,0.1849449973007697,0.2790438389423138,0.30449645917655116,0.0,0.0
2013-04-25,0.22438651247564476,0.1855877863790226,0.2784162833883022,0.303811661960252,0.0,0.0
2013-04-26,0.22389005457078573,0.18552723896880877,0.2786788288652407,0.3040981551808285,0.0,0.0
2013-04-28,0.22356962592064164,0.18526171470127617,0.279710562183115,0.3036629336987367,0.0,0.0
2013-04-29,0.22413417358754054,0.18629466618083682,0.27786072262614014,0.30396621816037783,0.0,0.0
2013-04-30,0.23296050460508178,0.18683393828782655,0.2672353213842381,0.30125036246279435,0.0,0.0
2013-05-01,0.2327716050150468,0.18591995611350368,0.2682704810172602,0.3012717620562131,0.0,0.0
2013-05-02,0.23481293715500828,0.18610198893073068,0.2672439858682594,0.30011899265307584,0.0,0.0
2013-05-03,0.23646619638699748,0.1871625752986456,0.26599114069300045,0.29871202878547976,0.0,0.0
2013-05-05,0.23544819964010524,0.1863568326779026,0.2668884222551414,0.2996878050801303,0.0,0.0
2013-05-06,0.23617337461192445,0.18632332515468406,0.26531459781236233,0.30057833562792996,0.0,0.0
2013-05-07,0.23565314152002442,0.18643804291298896,0.2662347414085322,0.30008196948713334,0.0,0.0
2013-05-08,0.23542641461386915,0.18708031909036604,0.26537364190629903,0.30059350812622054,0.0,0.0
2013-05-09,0.23555652368286903,0.18583467468163617,0.2658858432758771,0.30117368785108894,0.0,0.0
2013-05-10,0.23662781066267605,0.1856319045797813,0.26548632066769384,0.30072114139053296,0.0,0.0
2013-05-12,0.23651926172946044,0.1855467491402897,0.26806549349363096,0.2983400575306613,0.0,0.0
2013-05-13,0.2378928273393349,0.18604954402805737,0.26589891015738754,0.2985766864104992,0.0,0.0
2013-05-14,0.23782102445994927,0.18545160719443854,0.26714333378796384,0.2980644366560639,0.0,0.0
2013-05-15,0.23822409158757873,0.18569256868312947,0.26772543069446014,0.29684138103635044,0.0,0.0
2013-05-16,0.23829940846213887,0.18480776078970776,0.26810120738901094,0.29725802458299594,0.0,0.0
2013-05-17,0.23971763399188406,0.1855007833561216,0.2671196207892886,0.296169687471678,0.0,0.0
2013-05-19,0.23806399325410035,0.18422114594630615,0.26995449220948864,0.29634647430196687,0.0,0.0
2013-05-20,0.23649463377161925,0.18410495161486076,0.2699020068409893,0.2981420513781258,0.0,0.0
2013-05-21,0.23585484174329724,0.18363372069700107,0.2688818111024654,0.3003153066005444,0.0,0.0
2013-05-22,0.23446156805296597,0.18247084628839425,0.2716459973568621,0.3000739080553773,0.0,0.0
2013-05-23,0.2345932041474811,0.18066078964740165,0.27242754189034196,0.30093724167620195,0.0,0.0
2013-05-24,0.23480473004980917,0.17960218439320363,0.27282177072365416,0.30137272678487703,0.0,0.0
2013-05-26,0.2351155084969566,0.17983989888881094,0.27518674819427064,0.2984432726988406,0.0,0.0
2013-05-27,0.23464514176417092,0.1794801152819974,0.27663589786312953,0.2978462138829478,0.0,0.0
2013-05-28,0.23465340824429523,0.17884478995618258,0.27816000337066554,0.2970218845929489,0.0,0.0
2013-05-29,0.23325226403202856,0.1770147978437632,0.27847645378683206,0.299949720046646,0.0,0.0
2013-05-30,0.23406821661065835,0.17725688389714075,0.2779764209402499,0.29941112976259543,0.0,0.0
2013-05-31,0.24271981434150824,0.17654357555921088,0.2607132392515899,0.29153203158729,0.0,0.0
2013-06-02,0.24101055096236115,0.17530033355465632,0.2637964883542449,0.2915997042303436,0.0,0.0
2013-06-03,0.24006794828482944,0.17550463512774936,0.26107646741080665,0.2952164017169364,0.0,0.0
2013-06-04,0.23793258413264348,0.17473694272054208,0.25888283097712755,0.30041599455418627,0.0,0.0
2013-06-05,0.23543969005222665,0.171779679045974,0.26138037768246886,0.30329435296459417,0.0,0.0
2013-06-06,0.23605665420285188,0.17248037157455906,0.2607983991088637,0.3026190504935906,0.0,0.0
2013-06-07,0.2381594728601727,0.1731563186417047,0.2595721689479436,0.3011961866713731,0.0,0.0
2013-06-09,0.24019838579158617,0.17463873146784414,0.2532310614524127,0.3037747647666364,0.0,0.0
2013-06-10,0.24006418897538492,0.17428264952449285,0.25298626954447867,0.3045348435496668,0.0,0.0
2013-06-11,0.2401010254014338,0.17348686620327416,0.25247953958934494,0.30551140851944836,0.0,0.0
2013-06-12,0.23767558819548268,0.17336316233091303,0.25346916871109176,0.30702687456995165,0.0,0.0
2013-06-13,0.23933002303663517,0.17502420310523312,0.25204134192387256,0.3052973498386545,0.0,0.0
2013-06-14,0.23863087430285654,0.1735539887122373,0.25297399861616315,0.30642707567764643,0.0,0.0
2013-06-16,0.2445787673279557,0.1778798353234748,0.24852866825325365,0.2998881551177299,0.0,0.0
2013-06-17,0.2436754541911579,0.1779326629992464,0.24835589224420632,0.30129504978415866,0.0,0.0
2013-06-18,0.24336360478388833,0.17712718015201756,0.24725168841126036,0.30378519979235363,0.0,0.0
2013-06-19,0.24224240693054183,0.1748657028281951,0.24950843965810987,0.30472064267356225,0.0,0.0
2013-06-20,0.23941327382630842,0.1704689119508166,0.252600539709622,0.30849697471346765,0.0,0.0
2013-06-21,0.2382511838473136,0.17135824498313654,0.2527163169593999,0.30863837160572366,0.0,0.0
2013-06-23,0.23747640000468034,0.1708009944487593,0.25189449305074973,0.31088437912101613,0.0,0.0
2013-06-24,0.23751128942180355,0.1692877485798332,0.25319143904992475,0.3107686354996429,0.0,0.0
2013-06-25,0.2380295508157226,0.1707007759665683,0.2519015151100389,0.31027395681083547,0.0,0.0
2013-06-26,0.23915844571284783,0.17096240796819293,0.2508462378441212,0.31005831313926796,0.0,0.0
2013-06-27,0.2389062945840525,0.1721609038886087,0.24952562963752478,0.31058285158770343,0.0,0.0
2013-06-28,0.23923558138172832,0.1718452643160996,0.24951888772735806,0.31057445997804084,0.0,0.0
2013-06-30,0.24858608244225333,0.19132077580117296,0.24952915814479942,0.27735883649713566,0.0,0.0
2013-07-01,0.2476504698222732,0.19144474514808968,0.24768407925138783,0.2803409087598496,0.0,0.0
2013-07-02,0.24605705254581453,0.1886867953887509,0.24660240578159714,0.2859966066375211,0.0,0.0
2013-07-03,0.24719337143949857,0.1884545126761866,0.2455131141518925,0.2861605715661811,0.0,0.0
2013-07-04,0.24625935957551534,0.1877424436201447,0.24458545108372054,0.28885523157752707,0.0,0.0
2013-07-05,0.24752670431194204,0.1878708508089196,0.2439812003114289,0.2881416118753419,0.0,0.0
2013-07-07,0.24677157141454722,0.18729771079034374,0.24628505195458736,0.2872625745575694,0.0,0.0
2013-07-08,0.24687522830530137,0.18782821427127833,0.24676036009367347,0.28616816346642104,0.0,0.0
2013-07-09,0.24669560026626,0.18785943289806822,0.2481223174078177,0.28517036052082406,0.0,0.0
2013-07-10,0.24768885909811572,0.1878307527646854,0.24769794479698756,0.28468262329633776,0.0,0.0
2013-07-11,0.2511652011875208,0.19220171750936532,0.24628293805107623,0.2784311894557161,0.0,0.0
2013-07-12,0.2522953212969132,0.19101507079052607,0.24630683838390785,0.2784582095901653,0.0,0.0
2013-07-14,0.2513765356800554,0.19031944988585275,0.24720554256036503,0.2792876721725962,0.0,0.0
2013-07-15,0.2521455383368912,0.1918393956164094,0.24560625141777925,0.2785700563411131,0.0,0.0
2013-07-16,0.2514528341064048,0.19144199207051876,0.24525646644486604,0.2800527944005088,0.0,0.0
2013-07-17,0.2523524225533718,0.19234806788071243,0.24311962923255187,0.28034795487262726,0.0,0.0
2013-07-18,0.251915771437718,0.19328704042610864,0.24331078832562678,0.2796269421986753,0.0,0.0
2013-07-19,0.2499909601707691,0.19369119127646892,0.2439765852238309,0.2803921148079598,0.0,0.0
2013-07-21,0.24964765944827833,0.19342520435494226,0.241241162998556,0.2837781916526683,0.0,0.0
2013-07-22,0.24886627522841076,0.19349081691483702,0.2391824905887201,0.2867435424294406,0.0,0.0
2013-07-23,0.24693654875859622,0.19419605144772092,0.2414703388892679,0.28569055566858065,0.0,0.0
2013-07-24,0.24799400836575008,0.19357351027210068,0.24351367693867562,0.28317661497975427,0.0,0.0
2013-07-25,0.24950148379018822,0.1940659505230499,0.2434580820200244,0.28123704717351317,0.0,0.0
2013-07-26,0.250746665907394,0.1930090074361515,0.24337463020023167,0.28114064559511814,0.0,0.0
2013-07-28,0.25143718557148537,0.19354052602882796,0.24222821250124715,0.2809751475772235,0.0,0.0
2013-07-29,0.2517031561088132,0.1923212541075163,0.24415034892352244,0.27991087066064546,0.0,0.0
2013-07-30,0.25176443931910547,0.19097903593895427,0.24231392933560705,0.28318679064040503,0.0,0.0
2013-07-31,0.2597889451110933,0.2132877150187851,0.24125549501789187,0.26222654302014275,0.0,0.0
2013-08-01,0.26055016194492325,0.21450497318671308,0.24132033045939996,0.26034922346351647,0.0,0.0
2013-08-02,0.261355969757962,0.21501560423844132,0.24071431681670172,0.259695423673899,0.0,0.0
2013-08-04,0.2596769358180292,0.21363427555685108,0.24390394186528686,0.25971351255614145,0.0,0.0
2013-08-05,0.2574777054222299,0.21101378538686905,0.24461437206502878,0.2640312421444572,0.0,0.0
2013-08-06,0.2565067530538916,0.21080591713132943,0.24515606800193632,0.2646159365345656,0.0,0.0
2013-08-07,0.25649239701758586,0.20987252945021512,0.24559141318354774,0.2650858383154467,0.0,0.0
2013-08-08,0.25682603469907656,0.21148689877824658,0.24469406726262136,0.2641172633452382,0.0,0.0
2013-08-09,0.25596219264449915,0.21198957640614494,0.24485945517038554,0.2642957793267564,0.0,0.0
2013-08-11,0.25596173215787643,0.21198919502808636,0.24485901465804896,0.26429530384766486,0.0,0.0
2013-08-12,0.2564437164572546,0.21175491071836133,0.24474419082300924,0.2641713655870574,0.0,0.0
2013-08-13,0.25538897035866165,0.21122097334457987,0.2499342328300315,0.260789477372639,0.0,0.0
2013-08-14,0.2560877285760003,0.21264344680689526,0.2451289935712682,0.2633238513189239,0.0,0.0
2013-08-15,0.2521170404947975,0.211335519380803,0.24665463387527575,0.2670420877906058,0.0,0.0
2013-08-16,0.2520077521364684,0.21146240998036234,0.2466457165247445,0.2670324333686879,0.0,0.0
2013-08-18,0.2513780018560827,0.2109339797600727,0.24602936560767716,0.2688622782938254,0.0,0.0
2013-08-19,0.25120324914174574,0.20913538437518361,0.24686752476989904,0.26997221415856015,0.0,0.0
2013-08-20,0.25200883707686744,0.20853330699416908,0.24950091361094728,0.2671601695807958,0.0,0.0
2013-08-21,0.2519749993775099,0.206441054469106,0.25149976433680715,0.26721010085312374,0.0,0.0
2013-08-22,0.253422734152577,0.20775584400494954,0.24990339172130374,0.26613425486238074,0.0,0.0
2013-08-23,0.25426727262453075,0.2087101187159518,0.24906828115505644,0.26524490507506854,0.0,0.0
2013-08-25,0.2552617082057257,0.2095263809350894,0.2494581417949406,0.26295373881789613,0.0,0.0
2013-08-26,0.25740083091008653,0.20981957544441504,0.24729579949753386,0.26250288876191,0.0,0.0
2013-08-27,0.2595391321911435,0.2121776041648898,0.24304439709327755,0.26158102803708,0.0,0.0
2013-08-28,0.2608138742669097,0.21216758897898977,0.24147889297630323,0.2618551519292821,0.0,0.0
2013-08-29,0.2616776396960906,0.2115238835555851,0.24058818325558914,0.2626113089672495,0.0,0.0
2013-08-30,0.26484076084514907,0.23035606314290913,0.23422182119450638,0.260477212090177,0.0,0.0
2013-09-01,0.2639237932621287,0.22955849315489005,0.23517025459896296,0.26127750890513,0.0,0.0
2013-09-02,0.2628052637623166,0.22858560646152876,0.23417358482548023,0.2644074841083632,0.0,0.0
2013-09-03,0.26385987229058433,0.2318233749355955,0.23203225503065156,0.2622724511380972,0.0,0.0
2013-09-04,0.26776282944797375,0.23473736553333802,0.23005110339032972,0.25739505464859297,0.0,0.0
2013-09-05,0.2677052342736869,0.23489465578197033,0.22961257922743628,0.2577522594725335,0.0,0.0
2013-09-06,0.2675976483390626,0.2357833625090254,0.2292516304681845,0.2573470754074271,0.0,0.0
2013-09-08,0.26766784896556467,0.23584521708760503,0.2298953887733977,0.25656784556128204,0.0,0.0
2013-09-09,0.2683962803386699,0.2378429055704968,0.22785550514666933,0.255969769848604,0.0,0.0
2013-09-10,0.266201356091392,0.23691806217039754,0.22946043374879357,0.2576129696357003,0.0,0.0
2013-09-11,0.2661148396697348,0.23818374563636352,0.22868327586522758,0.2571945354868676,0.0,0.0
2013-09-12,0.2658029098706644,0.23652910687608264,0.22913287087230108,0.2587159690065924,0.0,0.0
2013-09-13,0.26563968955764794,0.23731544656178305,0.22884562370897674,0.2583916356714365,0.0,0.0
2013-09-15,0.2621601123351821,0.23420688464556197,0.2348594471729808,0.259093659154432,0.0,0.0
2013-09-16,0.260383493531887,0.23498905069807002,0.23614057245499717,0.2588458938673789,0.0,0.0
2013-09-17,0.2620992429315815,0.23545164640159413,0.2372411025945752,0.2555671259239453,0.0,0.0
2013-09-18,0.2628122631436426,0.24014867268587295,0.2350670969475613,0.25241868051466815,0.0,0.0
2013-09-19,0.26339402027155395,0.23804410014799485,0.2350242840685685,0.2539852981404023,0.0,0.0
2013-09-20,0.26327047950171506,0.23668489517444755,0.2357229020771233,0.2547402784348526,0.0,0.0
2013-09-23,0.26285051865557857,0.23688836595848595,0.23582460120012516,0.2548501823206515,0.0,0.0
2013-09-24,0.2631495712793422,0.23657756625903348,0.2355347370207152,0.2551401327307912,0.0,0.0
2013-09-25,0.2629108802650907,0.23717537535337058,0.23612991098437458,0.25416083130523454,0.0,0.0
2013-09-26,0.2623859592116702,0.235838208944365,0.24215463860797184,0.2500906540471909,0.0,0.0
2013-09-27,0.26240577844893764,0.23514488292823268,0.2424793078601638,0.2504259635258631,0.0,0.0
2013-09-29,0.2637081957512802,0.2363119942849006,0.24033709643918702,0.2500505217960914,0.0,0.0
2013-09-30,0.2669366578914209,0.2413491395527879,0.23017704512976833,0.26141467087940584,0.0,0.0
2013-10-01,0.26864620859200317,0.24198988409960415,0.2287945279689576,0.2604473364499852,0.0,0.0
2013-10-02,0.2685533472442543,0.24184891382077095,0.22986326251805966,0.2596124201868247,0.0,0.0
2013-10-03,0.2661764509557474,0.2414484672752745,0.23105278634858817,0.26119988065897265,0.0,0.0
2013-10-04,0.2676477528523998,0.24149545792189975,0.2303403052514131,0.2603944371042988,0.0,0.0
2013-10-06,0.26756429393466746,0.2414201539100385,0.22973785442815714,0.2611556793262017,0.0,0.0
2013-10-07,0.2664849402904913,0.24047496351819606,0.23232748688878724,0.260590054923384,0.0,0.0
2013-10-08,0.2628843348277757,0.2399970437526542,0.23316383666096402,0.263831496774618,0.0,0.0
2013-10-09,0.2614345518501566,0.24041436652402826,0.2331355815856002,0.26489250005583753,0.0,0.0
2013-10-10,0.26397134699348834,0.2421979832335245,0.23263164928347582,0.26107739264006524,0.0,0.0
2013-10-11,0.26514853972821917,0.242700224607861,0.23184050412678953,0.26018950780004596,0.0,0.0
2013-10-13,0.2653705376282803,0.2429034274626175,0.23203461458697913,0.2595700855550838,0.0,0.0
2013-10-14,0.26658875737841237,0.24289443843073455,0.23146400093066413,0.2589317573649031,0.0,0.0
2013-10-15,0.2662073130790735,0.2420675123971333,0.23203419959109747,0.25956962131177813,0.0,0.0
2013-10-16,0.2678613192798403,0.2428981734363511,0.23086173577232544,0.25825802159942224,0.0,0.0
2013-10-17,0.26824845827010363,0.24459191644818812,0.2298798092859689,0.2571595702216998,0.0,0.0
2013-10-18,0.2710213567047309,0.2446320069119159,0.2285524178569046,0.2556746576907802,0.0,0.0
2013-10-20,0.27101280566848535,0.24462428849007878,0.23270044861215583,0.25154289077050895,0.0,0.0
2013-10-21,0.271303029225261,0.24444758232442765,0.23451579357369937,0.24961415266471204,0.0,0.0
2013-10-22,0.27088605587018916,0.2458861602787489,0.23588365444599058,0.24722503499483364,0.0,0.0
2013-10-23,0.27097372388344204,0.24465215123495954,0.23792028360151318,0.24633397206121313,0.0,0.0
2013-10-24,0.27164857154310607,0.24510892792692335,0.2364303110531944,0.24669253788504542,0.0,0.0
2013-10-25,0.27311687443991145,0.24448654039299555,0.23601643551168267,0.2462606981296043,0.0,0.0
2013-10-27,0.27368470186361515,0.24499484352383025,0.23442805548511605,0.24677268984767436,0.0,0.0
2013-10-28,0.2747707115084676,0.2458591334728615,0.2332145488937382,0.24603544132505484,0.0,0.0
2013-10-29,0.276739999605933,0.24783937605663073,0.23291634740071274,0.2423834454391377,0.0,0.0
2013-10-30,0.2720623611654564,0.24306723704245536,0.2462352909876622,0.23851619783918476,0.0,0.0
2013-10-31,0.2610164755642167,0.24731898470157176,0.22476074154798856,0.266903798186223,0.0,0.0
2013-11-01,0.26132043457195,0.2465613650290868,0.22496812910430058,0.2671500712946627,0.0,0.0
2013-11-03,0.2600038063422641,0.24531909840696467,0.22796271372055607,0.2667143815302152,0.0,0.0
2013-11-04,0.2603579421300262,0.24637673552186548,0.22748436119814028,0.26578096114996796,0.0,0.0
2013-11-05,0.25879136010459125,0.24234019534089696,0.22955063275885437,0.2693178117956574,0.0,0.0
2013-11-06,0.2570321673004679,0.24258896551260145,0.23192953985870826,0.2684493273282223,0.0,0.0
2013-11-07,0.24950999003525182,0.23631531135445408,0.24414877850765784,0.27002592010263626,0.0,0.0
2013-11-08,0.25177838674425335,0.2362866176452993,0.24308528636556986,0.26884970924487755,0.0,0.0
2013-11-10,0.25295788470574815,0.237393541823522,0.24309344889065587,0.2665551245800741,0.0,0.0
2013-11-11,0.2516428681460493,0.23629337161800762,0.2455908276146487,0.26647293262129423,0.0,0.0
2013-11-12,0.2502185825525209,0.23382831009356173,0.2505267362511995,0.2654263711027179,0.0,0.0
2013-11-13,0.2555772622104764,0.23678937358297586,0.2415418845558487,0.26609147965069907,0.0,0.0
2013-11-14,0.2554782507178853,0.23753476181228877,0.2418239189554053,0.2651630685144206,0.0,0.0
2013-11-15,0.25528221366735665,0.23908500471351257,0.24117798646802185,0.264454795151109,0.0,0.0
2013-11-17,0.25235026969083213,0.23633908744267396,0.24727895908261383,0.2640316837838801,0.0,0.0
2013-11-18,0.2506755453745798,0.23751005022330451,0.2469482028034466,0.2648662015986691,0.0,0.0
2013-11-19,0.2513938561640742,0.23807487374634081,0.24501633407127602,0.26551493601830894,0.0,0.0
2013-11-20,0.25182489446623113,0.23753777506617033,0.24490669783522348,0.2657306326323751,0.0,0.0
2013-11-21,0.2534932040081938,0.23765509955659567,0.2440502901495302,0.26480140628568033,0.0,0.0
2013-11-22,0.25433057783739377,0.23787212012807296,0.24354459220016692,0.2642527098343664,0.0,0.0
2013-11-24,0.253541489768582,0.23713409620074152,0.24501636299064145,0.264308051040035,0.0,0.0
2013-11-25,0.25595387646922413,0.2375868555197489,0.24115179250954608,0.2653074755014808,0.0,0.0
2013-11-26,0.25771463037303344,0.23788245491123594,0.2404248611061594,0.26397805360957116,0.0,0.0
2013-11-27,0.2590903708385189,0.2384464597104296,0.23891325585361967,0.26354991359743185,0.0,0.0
2013-11-28,0.2590903708385189,0.2384464597104296,0.23891325585361967,0.26354991359743185,0.0,0.0
2013-11-29,0.2600234089948615,0.23873434846249456,0.2079357358487514,0.2762537086284503,0.0,0.0
2013-12-01,0.2607868377888558,0.23943527256942887,0.20560889094297993,0.2770647895862376,0.0,0.0
2013-12-02,0.2600988580179909,0.23622250117468838,0.20664560722122252,0.27992271242441075,0.0,0.0
2013-12-03,0.26131506458128834,0.2369480178334739,0.20679717295863853,0.2777339807041247,0.0,0.0
2013-12-04,0.2615253371212405,0.23581778020212818,0.20775461213709673,0.2776974196569012,0.0,0.0
2013-12-05,0.2623638979113182,0.23563057803178197,0.20671123093697572,0.2780106852612218,0.0,0.0
2013-12-06,0.26295985365397817,0.237520091566195,0.20568723068214884,0.27663348378425473,0.0,0.0
2013-12-08,0.26221301425310956,0.23684550432249743,0.20608426703699836,0.2777053746157053,0.0,0.0
2013-12-09,0.2621906890990444,0.23600764769969085,0.20816335286991425,0.2765561099736858,0.0,0.0
2013-12-10,0.2616188476780631,0.23537259340429773,0.20980553389919518,0.27614488464463605,0.0,0.0
2013-12-11,0.26037613963394046,0.23439455786750762,0.210546151986257,0.2774834486883525,0.0,0.0
2013-12-12,0.2602760886388884,0.23337982585769296,0.2110101552844852,0.27809496893785834,0.0,0.0
2013-12-13,0.26005118619577416,0.23338486358086946,0.21110121530946044,0.2782149789666782,0.0,0.0
2013-12-15,0.26005083371925936,0.23338454724820998,0.21110092918032664,0.2782146018707395,0.0,0.0
2013-12-16,0.26092157050282,0.23454785692514304,0.21064090539198266,0.2766768152453367,0.0,0.0
2013-12-17,0.2610835182279092,0.23415614387034928,0.2082317682407522,0.27926929141245616,0.0,0.0
2013-12-18,0.26244207568200156,0.2360009385797978,0.2069097144444069,0.27749622369068744,0.0,0.0
2013-12-19,0.26078651482709037,0.23464564828363818,0.20911037008801173,0.27836565611563874,0.0,0.0
2013-12-20,0.2624976354839962,0.2347424122177222,0.20836056550357887,0.277367523670001,0.0,0.0
2013-12-22,0.26025742006707914,0.23273906628325383,0.2123743981969404,0.27774127915426305,0.0,0.0
2013-12-23,0.2621350115998062,0.23423692987670441,0.21360400220595036,0.27319014464403407,0.0,0.0
2013-12-24,0.26359239363231624,0.23585701147159016,0.2117920175692079,0.27183748841015404,0.0,0.0
2013-12-25,0.26529175953341166,0.23737756886441155,0.2131574292482845,0.26714172577679396,0.0,0.0
2013-12-26,0.2651840865036223,0.23749317502598696,0.21236672755250913,0.26798633883315004,0.0,0.0
2013-12-27,0.26444381418593327,0.23837390285251248,0.21230618095443993,0.26790993486284653,0.0,0.0
2013-12-29,0.2639317203758598,0.23791229326444327,0.21383021445824624,0.26739112893152694,0.0,0.0
2013-12-30,0.2633185158926508,0.23894214127623833,0.21365080217434246,0.26716677685266493,0.0,0.0
2013-12-31,0.2632708645574286,0.24928867713491232,0.20611204881683695,0.28132840949082216,0.0,0.0
2014-01-01,0.2612578372908133,0.2473825607662263,0.21218229170169087,0.27917731024126957,0.0,0.0
2014-01-02,0.26079089521436544,0.24388848502278904,0.21540087014972778,0.2799197496131177,0.0,0.0
2014-01-03,0.2593966874506626,0.24434847830086845,0.2158071334973068,0.2804477007511621,0.0,0.0
2014-01-05,0.25964674395700676,0.24458402844383645,0.2140864866611025,0.2816827409380542,0.0,0.0
2014-01-06,0.25932697311085534,0.24464598405862578,0.21558228279036448,0.2804447600401545,0.0,0.0
2014-01-07,0.2613113837049342,0.24538695762458104,0.21620232604877893,0.27709933262170583,0.0,0.0
2014-01-08,0.2610412186410754,0.24435438585502509,0.22128125729986525,0.27332313820403437,0.0,0.0
2014-01-09,0.26025164702385645,0.24403425515984278,0.22230959030012284,0.27340450751617795,0.0,0.0
2014-01-10,0.2602194521698265,0.24571731984746106,0.22156923573292261,0.27249399224978993,0.0,0.0
2014-01-12,0.2584836314710579,0.2440782371183236,0.22294950985426618,0.27448862155635234,0.0,0.0
2014-01-13,0.2566700731928932,0.24389414703749585,0.2227850854375086,0.2766506943321023,0.0,0.0
2014-01-14,0.259796254653047,0.24414349091013926,0.22127935290867257,0.27478090152814116,0.0,0.0
2014-01-15,0.26000886557923186,0.242835638737742,0.2234432429272024,0.2737122527558237,0.0,0.0
2014-01-16,0.26005585231948153,0.24275541000909384,0.2244052121721651,0.2727835254992595,0.0,0.0
2014-01-17,0.25914113358125834,0.24260006289696642,0.2248881844038185,0.2733706191179567,0.0,0.0
2014-01-19,0.25865033412434807,0.24214059134387583,0.2273035700031925,0.2719055045285837,0.0,0.0
2014-01-20,0.2601286715423465,0.24352456595891664,0.22384006788300742,0.2725066946157295,0.0,0.0
2014-01-21,0.257935106477593,0.24050463765221203,0.232458372381699,0.26910188348849595,0.0,0.0
2014-01-22,0.26006257666595445,0.24214876647889805,0.2281130137650176,0.2696756430901299,0.0,0.0
2014-01-23,0.260530398980619,0.2409896943200333,0.2274031684168173,0.2710767382825304,0.0,0.0
2014-01-24,0.2583415774022827,0.23745088213055573,0.23001607627694817,0.27419146419021345,0.0,0.0
2014-01-26,0.2585894341454989,0.23767869603070485,0.22927734227376584,0.2744545275500304,0.0,0.0
2014-01-27,0.25858864960881595,0.23856889229219452,0.23055005865887332,0.27229239944011635,0.0,0.0
2014-01-28,0.2584669024571284,0.24057251240590885,0.22960692099372546,0.2713536641432372,0.0,0.0
2014-01-29,0.2560465811474602,0.2384265376614163,0.2308909319844936,0.27463594920663,0.0,0.0
2014-01-30,0.256793177759582,0.23585390236983417,0.2330929802407446,0.27425993962983924,0.0,0.0
2014-01-31,0.25704724582241417,0.23378163341784197,0.1930626866280613,0.2883677509758011,0.0,0.0
2014-02-02,0.25506697609896484,0.23198059995772963,0.19628612952733496,0.2891371598755411,0.0,0.0
2014-02-03,0.25286031704974615,0.23109077060316577,0.19676898894627026,0.2913456881785406,0.0,0.0
2014-02-04,0.25456492431266076,0.2333127063304363,0.19505685296628442,0.2891461087504533,0.0,0.0
2014-02-05,0.2544403313136832,0.23395204114914597,0.1938720336080476,0.2897551771193882,0.0,0.0
2014-02-06,0.25626777806915646,0.23673708068167004,0.1920124039642019,0.28715401850607014,0.0,0.0
2014-02-07,0.2589436116049307,0.2377435417845314,0.19061699984312558,0.28506719550643883,0.0,0.0
2014-02-09,0.2578726441373794,0.2367602558973317,0.1929662492466364,0.28488430685608374,0.0,0.0
2014-02-10,0.25948389891091955,0.2356698812881157,0.19228139807322356,0.2850318622108577,0.0,0.0
2014-02-11,0.26184696627373405,0.23920454688807433,0.19106438365650255,0.28041112803683277,0.0,0.0
2014-02-12,0.2619604493647629,0.23904439829948101,0.19156389279145136,0.27999672892948413,0.0,0.0
2014-02-13,0.26281644139648347,0.23868522753218335,0.19233178057196726,0.2788429244495862,0.0,0.0
2014-02-14,0.2629137410734849,0.23940056558217684,0.1920174197086737,0.27838716356497006,0.0,0.0
2014-02-16,0.2628028933854804,0.23929963134004326,0.19038238347615388,0.2802433408007992,0.0,0.0
2014-02-17,0.26306191235354254,0.2395354854540101,0.19057002466940695,0.27953180218119267,0.0,0.0
2014-02-18,0.2633453172064417,0.24015755268586444,0.18984529536204775,0.2794527457643611,0.0,0.0
2014-02-19,0.2625010915231831,0.239168164843492,0.19054559270662494,0.280483585192962,0.0,0.0
2014-02-20,0.2638659654665127,0.24030077096175953,0.18986488426919065,0.2786507111038668,0.0,0.0
2014-02-21,0.26346693106906116,0.24078663185460744,0.18983081470500113,0.27860070971300954,0.0,0.0
2014-02-23,0.2625391219919541,0.2399386923360719,0.19071278066359298,0.2795885438989976,0.0,0.0
2014-02-24,0.26248347410963574,0.2404255805512504,0.19197296669709582,0.2780452463090773,0.0,0.0
2014-02-25,0.2620475005206186,0.23938688361456267,0.19263676234688953,0.27886904802323925,0.0,0.0
2014-02-26,0.2622777111620073,0.23904598878633904,0.19220505478443484,0.2793615226906552,0.0,0.0
2014-02-27,0.2628973421491744,0.2394919846990253,0.19141724603245602,0.2791927000027284,0.0,0.0
2014-02-28,0.26507338805978137,0.25500190298169756,0.18714328788812687,0.29278142107039434,0.0,0.0
2014-03-02,0.2656172016233784,0.2555250543044294,0.1875272232919583,0.2913305207802341,0.0,0.0
2014-03-03,0.26665843168433573,0.25337492497092257,0.18738385636678906,0.2925827869779526,0.0,0.0
2014-03-04,0.26697992621964817,0.2549498593714256,0.18676064861709143,0.29130956579183487,0.0,0.0
2014-03-05,0.2672391323754441,0.25424418564295426,0.18567703666990903,0.2928396453116926,0.0,0.0
2014-03-06,0.2621351006917968,0.252385385993109,0.18893307014285962,0.2965464431722346,0.0,0.0
2014-03-07,0.2616188885171873,0.2514489863657217,0.1894983801095005,0.29743374500759046,0.0,0.0
2014-03-09,0.2602008907840308,0.25008611041019735,0.1928886065279762,0.29682439227779567,0.0,0.0
2014-03-10,0.26204386253514544,0.250191157767495,0.1911201798468554,0.29664479985050424,0.0,0.0
2014-03-11,0.2613715537204849,0.2487325872195114,0.1907117064593783,0.2991841526006255,0.0,0.0
2014-03-12,0.2626317184534515,0.24844426403867695,0.18942603553031617,0.2994979819775554,0.0,0.0
2014-03-13,0.26067774655078074,0.24605964512288822,0.1907122884585379,0.30255031986779307,0.0,0.0
2014-03-14,0.25941082017114636,0.24634690820361868,0.19109105998206113,0.3031512116431738,0.0,0.0
2014-03-16,0.25844244559116003,0.24542730090425768,0.19411069830909874,0.3020195551954835,0.0,0.0
2014-03-17,0.2598741398396307,0.24708566118873787,0.19199569195016708,0.30104450702146435,0.0,0.0
2014-03-18,0.26169193275697245,0.24753780618317908,0.19325347227084894,0.2975167887889996,0.0,0.0
2014-03-19,0.26205043594800187,0.24606914221473905,0.19233486917630377,0.2995455526609554,0.0,0.0
2014-03-20,0.26182653919672777,0.24462908088470997,0.19609512299843068,0.29744925692013163,0.0,0.0
2014-03-21,0.2595454734554908,0.24525106003903333,0.19675431151634987,0.298449154989126,0.0,0.0
2014-03-23,0.25709094607820016,0.24293171525077376,0.199323016584707,0.300654322086319,0.0,0.0
2014-03-24,0.25561364381935864,0.24436797056409434,0.1984488361762821,0.3015695494402649,0.0,0.0
2014-03-25,0.2557558853806495,0.2463248898507926,0.19717035568860133,0.3007488690799567,0.0,0.0
2014-03-26,0.25268383577289877,0.2467417161370912,0.19956106267483464,0.30101338541517547,0.0,0.0
2014-03-27,0.2514480750504973,0.24862373213299038,0.1997050900857472,0.300223102730765,0.0,0.0
2014-03-28,0.251388076304542,0.24977919517662414,0.19926748764724286,0.29956524087159103,0.0,0.0
2014-03-30,0.25169229832563106,0.2500814701798768,0.19729192686388455,0.30093430463060755,0.0,0.0
2014-03-31,0.25314005192939665,0.2515413413144355,0.18865877327986016,0.28357944791376033,0.0,0.0
2014-04-01,0.2550012966883905,0.2506498463528373,0.18888751648873298,0.28261082769054263,0.0,0.0
2014-04-02,0.25525447441551147,0.25094536694130837,0.1878824829934681,0.2831014943104423,0.0,0.0
2014-04-03,0.2541145958621458,0.25083195410292186,0.18712252648498315,0.28503308394393584,0.0,0.0
2014-04-04,0.24922517107892647,0.2519781760319379,0.18853671381652032,0.2871872349376957,0.0,0.0
2014-04-06,0.24957791278764033,0.25233481421574305,0.1902338592703509,0.28474623782628194,0.0,0.0
2014-04-07,0.24817213104372812,0.25251478501829,0.19025762767517246,0.28585637010029935,0.0,0.0
2014-04-08,0.24793672491635868,0.25091172937924655,0.19615582466117634,0.28202890353892884,0.0,0.0
2014-04-09,0.2505436526543741,0.252043332230793,0.19346560455543388,0.28112844032712436,0.0,0.0
2014-04-10,0.245979749912386,0.2510068390855338,0.19601241184336307,0.28387982009370055,0.0,0.0
2014-04-11,0.24404814996125523,0.2510124062609684,0.19676223045466076,0.28496576343002455,0.0,0.0
2014-04-13,0.2466952238319516,0.25373501809776994,0.19671869171380033,0.2793860090830852,0.0,0.0
2014-04-14,0.24676874086292805,0.2528427791007063,0.19884766125724224,0.2782496792769045,0.0,0.0
2014-04-15,0.24628576364811033,0.2502634221215462,0.19923834860477838,0.2810416332412041,0.0,0.0
2014-04-16,0.24750803680583264,0.2510424351083126,0.19973416616945333,0.2787330570874034,0.0,0.0
2014-04-17,0.2473483249197433,0.25196513806013726,0.20026916541335252,0.2774534086101583,0.0,0.0
2014-04-20,0.2456036628222873,0.25018791144501296,0.2059082448533418,0.275496401438312,0.0,0.0
2014-04-21,0.24782427441568314,0.25068802034712084,0.20270710628235075,0.2759384359004502,0.0,0.0
2014-04-22,0.2518850816162078,0.25343516683316614,0.1944336259302066,0.2772108764890655,0.0,0.0
2014-04-23,0.2524772586857585,0.2555297002708765,0.1894181587228988,0.27927872563007977,0.0,0.0
2014-04-24,0.25462839253051417,0.25526487185109903,0.18994132702929523,0.27689156697218953,0.0,0.0
2014-04-25,0.25195135938575497,0.25521583611701526,0.19099710483068735,0.2784306526170784,0.0,0.0
2014-04-27,0.25203435173812033,0.2552999037825039,0.19178376276164882,0.27746738519516234,0.0,0.0
2014-04-28,0.2543477695336204,0.25762399251937596,0.1885494902917633,0.2759238887515163,0.0,0.0
2014-04-29,0.2563561561190888,0.2592323823086371,0.18707799165511582,0.27377871262549136,0.0,0.0
2014-04-30,0.26526624514865127,0.2673299906306117,0.18329226451436542,0.2841114997063716,0.0,0.0
2014-05-01,0.262060727646466,0.26388347781119226,0.190956068844911,0.28309972569743064,0.0,0.0
2014-05-02,0.261694049488227,0.2640477804903142,0.19103758841785523,0.28322058160360364,0.0,0.0
2014-05-04,0.26028185066168646,0.26262288005223283,0.1900066782434878,0.287088591042593,0.0,0.0
2014-05-05,0.26178822352625464,0.2622477237480996,0.18872415822312655,0.28723989450251924,0.0,0.0
2014-05-06,0.2595469973429128,0.263365425637093,0.18748242098548995,0.2896051560345041,0.0,0.0
2014-05-07,0.25876729934531206,0.2639000754582863,0.1888478563739556,0.2884847688224461,0.0,0.0
2014-05-08,0.258756464638228,0.26418458431796765,0.18831958735212945,0.28873936369167486,0.0,0.0
2014-05-09,0.25955920385536546,0.26366605303712154,0.1882073959318292,0.28856734717568394,0.0,0.0
2014-05-11,0.25981867417184407,0.2639296287963704,0.1863099407710208,0.2899417562607646,0.0,0.0
2014-05-12,0.26288545267150537,0.2648242385370803,0.18476186619875662,0.2875284425926577,0.0,0.0
2014-05-13,0.26200755845689216,0.2640677129388819,0.18539807658993307,0.28852665201429273,0.0,0.0
2014-05-14,0.2617961404931246,0.2653394272913663,0.1841419575087365,0.2887224747067726,0.0,0.0
2014-05-15,0.2612569652189546,0.26559642119239607,0.18382508182724996,0.2893215317613994,0.0,0.0
2014-05-16,0.26224641221143924,0.2659014432423722,0.18332215975020413,0.28852998479598435,0.0,0.0
2014-05-18,0.26224641221143924,0.2659014432423722,0.18332215975020413,0.28852998479598435,0.0,0.0
2014-05-19,0.2642433548971377,0.2657660915777457,0.18344232171690536,0.28654823180821104,0.0,0.0
2014-05-20,0.26451525869627496,0.2650882311977735,0.1836008146291783,0.2867956954767733,0.0,0.0
2014-05-21,0.2652159592032585,0.26513149566809496,0.18373310328505255,0.285919441843594,0.0,0.0
2014-05-22,0.26680994837962,0.266642358427436,0.18125171084721842,0.28529598234572556,0.0,0.0
2014-05-23,0.2680527645559216,0.26661604603353645,0.18077910451987064,0.2845520848906713,0.0,0.0
2014-05-25,0.26794844769379395,0.26651228829255147,0.18001641865586104,0.2855228453577936,0.0,0.0
2014-05-26,0.2677630665158618,0.26632790072709883,0.18058372749270235,0.285325305264337,0.0,0.0
2014-05-27,0.26994924624828226,0.2661189276318935,0.1798173732916285,0.28411445282819575,0.0,0.0
2014-05-28,0.26973556928224257,0.26595952671524753,0.17953911182974597,0.2847657921727638,0.0,0.0
2014-05-29,0.2697483582690363,0.2656586920869054,0.1784070581171863,0.28618589152687185,0.0,0.0
2014-05-30,0.2643037545417143,0.2704665859306625,0.17891916277193287,0.28535305575988995,0.0,0.0
2014-06-01,0.26244026445650487,0.2685596444188547,0.17834094339412818,0.2897083825221352,0.0,0.0
2014-06-02,0.2622976510196227,0.2695563598701786,0.17841988439034467,0.28877484391500563,0.0,0.0
2014-06-03,0.262825150070221,0.2700099027760412,0.17885715642024538,0.2873541236376015,0.0,0.0
2014-06-04,0.2617952068575699,0.26779857526031675,0.1842950344120648,0.285164708204516,0.0,0.0
2014-06-05,0.2633700247074834,0.26869924313540156,0.18249986651770078,0.2844865669552016,0.0,0.0
2014-06-06,0.26406361285359914,0.2694522521166897,0.18193564351303312,0.2836070382812479,0.0,0.0
2014-06-08,0.26424231446632657,0.26963460042089543,0.18138195507426985,0.28379896565274004,0.0,0.0
2014-06-09,0.26400104017303033,0.2699497175517924,0.1813531918869085,0.2837539613808504,0.0,0.0
2014-06-10,0.2635648888133815,0.2688865910547305,0.18276496001868178,0.2838445739142374,0.0,0.0
2014-06-11,0.26418091338865,0.2685005900675305,0.18390780389763575,0.2824692347824853,0.0,0.0
2014-06-12,0.2630794170117194,0.26971825264797145,0.18345319041453012,0.2828029781830698,0.0,0.0
2014-06-13,0.2635664806411875,0.2697350460209152,0.1832553151164434,0.2824979427487918,0.0,0.0
2014-06-15,0.2647631196871077,0.2709596914588953,0.18272370434230703,0.2806039029744794,0.0,0.0
2014-06-16,0.2656971378279697,0.27152538505258766,0.18047515418614565,0.2813501412567952,0.0,0.0
2014-06-17,0.2660681492673502,0.27113719629724353,0.18131361279673475,0.28052797115468764,0.0,0.0
2014-06-18,0.2657201394626421,0.27188560179582216,0.18074312788883728,0.28070455668951483,0.0,0.0
2014-06-19,0.26400309702272484,0.27111978794622993,0.18171774217112238,0.2822182340183344,0.0,0.0
2014-06-20,0.2643394111178386,0.27073794614457014,0.18173550977192293,0.28224582813688753,0.0,0.0
2014-06-22,0.26368755310285796,0.27007030941417337,0.18061340879510251,0.2846896713162366,0.0,0.0
2014-06-23,0.2654323827346698,0.27128635481310776,0.18109113359640433,0.2812449873499684,0.0,0.0
2014-06-24,0.26639966071123466,0.27097713320209876,0.1812461135330844,0.2804275111661926,0.0,0.0
2014-06-25,0.26572642292507354,0.2688409752841359,0.18234609751164002,0.28214523910118877,0.0,0.0
2014-06-26,0.2657486262515084,0.2690290183148047,0.18226369871856246,0.28201774294145854,0.0,0.0
2014-06-27,0.26649495737903733,0.2690166419845992,0.18197612274525554,0.28157277486780263,0.0,0.0
2014-06-29,0.2663956394104896,0.26891638422869185,0.18123456881433506,0.28251418085610325,0.0,0.0
2014-06-30,0.2679462457532314,0.2693836133357937,0.17863180529666517,0.27991011323205073,0.0,0.0
2014-07-01,0.2681251337087463,0.2689844838042056,0.1827717507577753,0.2760321481086548,0.0,0.0
2014-07-02,0.26592724777335464,0.2667347413821322,0.18490260482206028,0.27838892104165985,0.0,0.0
2014-07-03,0.2668607149877734,0.26710063585946114,0.18438838601252514,0.27761471442783964,0.0,0.0
2014-07-06,0.26624268957685754,0.2664820548133881,0.1852660501824353,0.2779826862838164,0.0,0.0
2014-07-07,0.2654715951329829,0.26480966489253466,0.18463848019773646,0.28105288432280773,0.0,0.0
2014-07-08,0.26412684871454956,0.26450704159895555,0.18528734475210254,0.2820225853779609,0.0,0.0
2014-07-09,0.265192508812876,0.2643730193162587,0.1853184499274166,0.2810731795008714,0.0,0.0
2014-07-10,0.26514986368631255,0.2626393929837701,0.1852190277921017,0.28293639422871825,0.0,0.0
2014-07-11,0.2663897850221373,0.2622285908114992,0.18489369091483235,0.28243941697934216,0.0,0.0
2014-07-13,0.2674941790939897,0.26331573347779313,0.18763531743492814,0.27748914998234414,0.0,0.0
2014-07-14,0.26760859986271585,0.26382775685448423,0.18856338790901506,0.2759567692393822,0.0,0.0
2014-07-15,0.2680723063757117,0.2642858639069454,0.18822647725783068,0.2753505451131433,0.0,0.0
2014-07-16,0.2698810914935005,0.26689491631219164,0.18610571711959156,0.2730419386230459,0.0,0.0
2014-07-17,0.26839774558594753,0.2654055814904437,0.18690203369468408,0.27518597093180774,0.0,0.0
2014-07-18,0.2707930307577537,0.26618958196645603,0.1856273036868737,0.27330911701031296,0.0,0.0
2014-07-20,0.2706946862362392,0.2660929092899201,0.18489950919048173,0.2742330902126275,0.0,0.0
2014-07-21,0.27033213812893137,0.2654586045565611,0.1848826774266767,0.2752468256276721,0.0,0.0
2014-07-22,0.2680934542805484,0.26310112218859144,0.18739944262977298,0.2773852429035719,0.0,0.0
2014-07-23,0.26770044757811434,0.26153720929587254,0.1885138120343456,0.27825897594968657,0.0,0.0
2014-07-24,0.26737214229719014,0.2619100536040478,0.18849585112698342,0.2782324644509492,0.0,0.0
2014-07-25,0.2668570323205988,0.26148604015019977,0.18887179113795063,0.2787873770132775,0.0,0.0
2014-07-28,0.2667449263075209,0.26194216955040683,0.18873390361237044,0.27858384581707424,0.0,0.0
2014-07-29,0.26671986293877425,0.26118191110516215,0.1890482542207314,0.2790478483080734,0.0,0.0
2014-07-30,0.26743504389516787,0.26105536535039703,0.1888124138089768,0.27869973211035715,0.0,0.0
2014-07-31,0.2667700832055744,0.2610316031919938,0.17514278136805267,0.28458129940561366,0.0,0.0
2014-08-01,0.26635930990728934,0.26042539524977976,0.17551962486442205,0.28519361474645544,0.0,0.0
2014-08-03,0.26575958767521757,0.2598390335439256,0.176336444070635,0.28559004826298245,0.0,0.0
2014-08-04,0.2664297613013224,0.2601808197766516,0.17557559254605026,0.2853917901092894,0.0,0.0
2014-08-05,0.2654580915111151,0.25794065192436355,0.1744679363788903,0.2896600874782349,0.0,0.0
2014-08-06,0.2646232375079105,0.25681447483226927,0.17404802543142134,0.292070072356928,0.0,0.0
2014-08-07,0.26254550659597686,0.25374880299797725,0.17443429526377904,0.2968846266377565,0.0,0.0
2014-08-08,0.2635166591150793,0.2544661086801609,0.17382505244129692,0.29584770423891965,0.0,0.0
2014-08-10,0.26297611426266404,0.25394412898588614,0.1734684896432048,0.2972911453845264,0.0,0.0
2014-08-11,0.264084901392138,0.25466703262313084,0.17317792210391028,0.29576969236200984,0.0,0.0
2014-08-12,0.26342653355137413,0.25393939843186814,0.17520221961610138,0.29515595627546837,0.0,0.0
2014-08-13,0.2650473281077158,0.2542642642863978,0.17562055951458141,0.29284482846709253,0.0,0.0
2014-08-14,0.26608112031579895,0.25502909915828,0.1742109364013109,0.2924704896707725,0.0,0.0
2014-08-15,0.2670133560087681,0.2547370596335126,0.1739776967469284,0.2920789200177012,0.0,0.0
2014-08-17,0.267125938940585,0.2548444664143743,0.1746430574301754,0.29118747001772943,0.0,0.0
2014-08-18,0.26860964010061156,0.2559810209365065,0.1736804025173949,0.28955489110763777,0.0,0.0
2014-08-19,0.2691506275837404,0.25570699750965403,0.1724718341323484,0.2905389982948776,0.0,0.0
2014-08-20,0.2693094117988872,0.2552669512456054,0.17257358312347462,0.290710400484157,0.0,0.0
2014-08-21,0.2694220717470137,0.25549646163474704,0.1717086333812931,0.29125170597882266,0.0,0.0
2014-08-22,0.2700253971541876,0.2545493270981014,0.17183255174656922,0.29146189596506894,0.0,0.0
2014-08-24,0.26808739496775563,0.252722398380766,0.17176774688070023,0.2953777495727925,0.0,0.0
2014-08-25,0.26835335522133313,0.25383616809159065,0.1701671113023489,0.29562822391634225,0.0,0.0
2014-08-26,0.26740438331653077,0.252975358926734,0.1693950113938819,0.2982636813184362,0.0,0.0
2014-08-27,0.2655907782356935,0.2518833544068554,0.17051657394964218,0.3001303098090951,0.0,0.0
2014-08-28,0.265396028749861,0.25057998959567557,0.17288524529880098,0.2992543949444418,0.0,0.0
2014-08-29,0.26608233055726777,0.25044064372860186,0.17268954860710628,0.29891565525058006,0.0,0.0
2014-08-31,0.27161312479585475,0.25175192226286225,0.17275857166929542,0.2821145189182671,0.0,0.0
2014-09-01,0.2717676069067809,0.251895108157911,0.1722863604429853,0.282274973780079,0.0,0.0
2014-09-02,0.27347420064384836,0.25303391680705845,0.17114861573817608,0.2804923535174288,0.0,0.0
2014-09-03,0.2717447165920666,0.25530360220398723,0.17164713557978356,0.279461323320997,0.0,0.0
2014-09-04,0.27167633122262264,0.2539160880943964,0.17290437902553202,0.2796439845397699,0.0,0.0
2014-09-05,0.2725245316581215,0.25396714573535156,0.1725760071410651,0.279112897804427,0.0,0.0
2014-09-07,0.27317690254682925,0.2545750938402722,0.17241629338062972,0.2779583423336676,0.0,0.0
2014-09-08,0.27455080817397115,0.2526396113485959,0.17295445631616313,0.2779117586420439,0.0,0.0
2014-09-09,0.273821910627485,0.25309524032356756,0.1733599207728097,0.2776530730908929,0.0,0.0
2014-09-10,0.27548412451445703,0.25337692698196757,0.1729831459207146,0.27613218271910434,0.0,0.0
2014-09-11,0.27623650148979045,0.25279930541824375,0.17359437076293308,0.2752666465779025,0.0,0.0
2014-09-12,0.27547213702465195,0.2524572317229732,0.17400155500835068,0.2759123140686331,0.0,0.0
2014-09-14,0.27598099842980983,0.2529235792202713,0.17432297653844642,0.2745730105148426,0.0,0.0
2014-09-15,0.27621637051426734,0.2550577550675692,0.17441001765808925,0.27187922881247323,0.0,0.0
2014-09-16,0.2772736323479689,0.2551076468185383,0.17473123145027813,0.2705581295412899,0.0,0.0
2014-09-17,0.27654255198951944,0.2523232637091486,0.17575383943483996,0.2731416735151694,0.0,0.0
2014-09-18,0.27856620903862084,0.25399665722028536,0.1739702798165183,0.27123124372045637,0.0,0.0
2014-09-19,0.2789094132709146,0.25278563305592683,0.1742926126167799,0.2717337820068755,0.0,0.0
2014-09-21,0.2794939636321,0.25331543207336543,0.1734896965361317,0.2713739019167013,0.0,0.0
2014-09-22,0.27966280969555746,0.2543466045584687,0.17404441249071467,0.2693941423269376,0.0,0.0
2014-09-23,0.2796310799738299,0.25315588975609776,0.1745003238058604,0.27009982334227833,0.0,0.0
2014-09-24,0.28250485266560327,0.2544947067074782,0.17323947206538903,0.2671564652644618,0.0,0.0
2014-09-25,0.27836416056586116,0.2519389788603012,0.17615318585810671,0.2707901492662899,0.0,0.0
2014-09-26,0.28015443744729285,0.2521030182437201,0.17541957929145105,0.26966241813432257,0.0,0.0
2014-09-28,0.28128297014581805,0.25311855275417544,0.1749361498635768,0.26790871000666083,0.0,0.0
2014-09-29,0.2810302307155889,0.2506855369673565,0.17560451543270947,0.2699148026648049,0.0,0.0
2014-09-30,0.2689558968945301,0.26866283845396305,0.180613312693774,0.2817679519577328,0.0,0.0
2014-10-01,0.26654056020590666,0.2671704766561406,0.18251290640160478,0.283776056736348,0.0,0.0
2014-10-02,0.2669634602245319,0.26577811080382036,0.18402938190138243,0.28322904707026525,0.0,0.0
2014-10-03,0.2688170593602282,0.26528105057850415,0.18349511006865843,0.28240677999260916,0.0,0.0
2014-10-06,0.2678228944152969,0.26700328273982066,0.18320836134138802,0.28196546150349455,0.0,0.0
2014-10-07,0.2660540806500038,0.2651928057620112,0.18461806231681635,0.2841350512711685,0.0,0.0
2014-10-08,0.26871419482476105,0.26688676447793686,0.18290321397349302,0.2814958267238092,0.0,0.0
2014-10-09,0.26733321896922196,0.2630702479630692,0.18495024244651195,0.28464629062119673,0.0,0.0
2014-10-10,0.26349250342703984,0.26179719996494843,0.18696429438257425,0.2877460022254374,0.0,0.0
2014-10-12,0.2709236531933946,0.2691805379197247,0.18070289364083658,0.2791929152460441,0.0,0.0
2014-10-13,0.26532598528428947,0.2681019085276328,0.1836121070443371,0.28295999914374065,0.0,0.0
2014-10-14,0.2664083676643054,0.26956860277963807,0.18306111097403163,0.2809619185820249,0.0,0.0
2014-10-15,0.269223106781712,0.27231717226628677,0.17903558121593627,0.27942413973606495,0.0,0.0
2014-10-16,0.2725148287612094,0.27566302802237846,0.1790538311434842,0.27276831207292795,0.0,0.0
2014-10-17,0.274078949554052,0.27741793585620783,0.17773852422415096,0.2707645903655892,0.0,0.0
2014-10-19,0.272709946703056,0.27603225503058254,0.18078077413258448,0.270477024133777,0.0,0.0
2014-10-20,0.2740159990824632,0.2747825151906226,0.1802685237366921,0.2709329619902221,0.0,0.0
2014-10-21,0.27621887695350406,0.272871700547116,0.17961311375010167,0.27129630874927824,0.0,0.0
2014-10-22,0.2747685805379846,0.2706190920583905,0.18023400432565337,0.27437832307797155,0.0,0.0
2014-10-23,0.2776323755700411,0.2714908796950245,0.1787790306829411,0.2720977140519934,0.0,0.0
2014-10-24,0.2787626133275483,0.2721975603149432,0.1780506664663458,0.2709891598911627,0.0,0.0
2014-10-26,0.276644075921743,0.2701289159353664,0.17920386668303195,0.27402314145985873,0.0,0.0
2014-10-27,0.2773875696250389,0.26919828069332297,0.18395287970069726,0.26946126998094094,0.0,0.0
2014-10-28,0.2772815190690432,0.2690312382968105,0.1873300843997243,0.2663571582344221,0.0,0.0
2014-10-29,0.2779404491816469,0.2691077298534423,0.18598325787444334,0.26696856309046757,0.0,0.0
2014-10-30,0.2786014398275762,0.27096779286888406,0.18541202644501548,0.2650187408585241,0.0,0.0
2014-10-31,0.27432825959266577,0.27818893393282634,0.1802095003238988,0.267273306150609,0.0,0.0
2014-11-02,0.2743802226556153,0.2782416282819513,0.17903394657611238,0.268344202486321,0.0,0.0
2014-11-03,0.2748560633808583,0.275254793168461,0.17881535720031896,0.27107378625036177,0.0,0.0
2014-11-04,0.2774526059902345,0.2773608393873369,0.17682704525212659,0.2683595093703019,0.0,0.0
2014-11-05,0.27815556380682493,0.2782650032532085,0.17663570534446912,0.26694372759549745,0.0,0.0
2014-11-06,0.27922162587222554,0.2762778572928986,0.17737702358742236,0.2671234932474535,0.0,0.0
2014-11-07,0.27886785476136555,0.27680155247038307,0.17730921573561528,0.2670213770326362,0.0,0.0
2014-11-09,0.27875280138168823,0.2766873515914797,0.1766141893565758,0.2679456576702563,0.0,0.0
2014-11-10,0.278586185147704,0.27662762484684994,0.17588547574963534,0.2689007142558107,0.0,0.0
2014-11-11,0.2798893125277746,0.27836373613666504,0.17243373389544794,0.2693132174401124,0.0,0.0
2014-11-12,0.28069183057297065,0.2770728578704216,0.17262436288823807,0.26961094866836965,0.0,0.0
2014-11-13,0.28263822048769427,0.2783162653028816,0.17183296056494485,0.2672125536444794,0.0,0.0
2014-11-14,0.2829768906970478,0.27881428654931695,0.17150549754511085,0.2667033252085245,0.0,0.0
2014-11-16,0.28415184684042305,0.2799719590293381,0.17221761024614055,0.2636585838840984,0.0,0.0
2014-11-17,0.28588579916248824,0.280965840248388,0.17127177385342454,0.26187658673569914,0.0,0.0
2014-11-18,0.28614334732459573,0.2816611553561959,0.17202962382904669,0.26016587349016185,0.0,0.0
2014-11-19,0.28501764750158104,0.2814854674942165,0.17213319791014411,0.2613636870940585,0.0,0.0
2014-11-20,0.28668224484307003,0.2808932722646965,0.1717434484103725,0.2606810344818609,0.0,0.0
2014-11-21,0.28607139610869103,0.283256375031602,0.17104751614487199,0.25962471271483495,0.0,0.0
2014-11-23,0.28559654615996777,0.2827861977367418,0.17138683376131017,0.2602304223419803,0.0,0.0
2014-11-24,0.28820264960360653,0.2835601594794445,0.16974034662233428,0.25849684429461456,0.0,0.0
2014-11-25,0.29036252544444874,0.28553778405349123,0.16824034844264962,0.25585934205941036,0.0,0.0
2014-11-26,0.2920845548809526,0.2867646962231969,0.16752016865741107,0.2536305802384395,0.0,0.0
2014-11-27,0.2920845548809526,0.2867646962231969,0.16752016865741107,0.2536305802384395,0.0,0.0
2014-11-28,0.2939409445117164,0.28419065987930886,0.1678056253465757,0.25406277026239915,0.0,0.0
2014-11-30,0.2810455581246509,0.28165327967886084,0.17839609398872888,0.25890506820775944,0.0,0.0
2014-12-01,0.2775746996480066,0.27998686907609643,0.18161131510616488,0.2608271161697322,0.0,0.0
2014-12-02,0.27890233780827584,0.28077567332133346,0.18039007023821388,0.25993191863217674,0.0,0.0
2014-12-03,0.27755514280271126,0.2789158223691511,0.17987145592851958,0.26365757889961805,0.0,0.0
2014-12-04,0.2756754159984313,0.2763106388041472,0.18276975249084984,0.2652441927065716,0.0,0.0
2014-12-05,0.2756320840336419,0.27646693874521167,0.182723666583738,0.2651773106374085,0.0,0.0
2014-12-07,0.277319196511817,0.27815916127364193,0.18316615501635075,0.26135548719819035,0.0,0.0
2014-12-08,0.27974480241092253,0.27954238641507595,0.18403258507284795,0.25668022610115354,0.0,0.0
2014-12-09,0.28311352869795164,0.2806208234932014,0.1828920633839617,0.2533735844248854,0.0,0.0
2014-12-10,0.2834814940263954,0.28120537920592786,0.18323565878160664,0.2520774679860701,0.0,0.0
2014-12-11,0.2869417197467173,0.2826372873540573,0.18104678144521602,0.24937421145400931,0.0,0.0
2014-12-12,0.2860782884109903,0.2800729315924438,0.18248860196905425,0.25136017802751154,0.0,0.0
2014-12-14,0.28986999148828446,0.28378503922033976,0.17983139077896867,0.2465135785124069,0.0,0.0
2014-12-15,0.29081807394164405,0.2828608266896892,0.17642112134748067,0.24989997802118602,0.0,0.0
2014-12-16,0.2956232067180344,0.29369114722550194,0.17086854117554967,0.2398171048809141,0.0,0.0
2014-12-17,0.2914321221085467,0.2886802177049424,0.17940471341502714,0.24048294677148369,0.0,0.0
2014-12-18,0.28279490649016936,0.2783464802946463,0.18741401345033323,0.25144459976485106,0.0,0.0
2014-12-19,0.28357009643607234,0.27829621533173304,0.18710443515695724,0.2510292530752373,0.0,0.0
2014-12-21,0.283855333718466,0.2785761477264366,0.1907739604271615,0.24679455812793602,0.0,0.0
2014-12-22,0.2849181099880839,0.2803365505435603,0.1910121713664131,0.2437331681019428,0.0,0.0
2014-12-23,0.28451358714880803,0.28039930916204014,0.19421261877648988,0.2408744849126619,0.0,0.0
2014-12-24,0.2818423860919762,0.278230840829472,0.19706338211511604,0.24286339096343568,0.0,0.0
2014-12-25,0.28274389594058813,0.2791207986767402,0.1956126668662568,0.24252263851641476,0.0,0.0
2014-12-26,0.28381347434478255,0.27949229038127066,0.1949692775670021,0.2417249577069447,0.0,0.0
2014-12-28,0.28255448495081936,0.27825246965007794,0.1941043987828915,0.24508864661621105,0.0,0.0
2014-12-29,0.2837878061551056,0.2779374682999716,0.1942974546023489,0.24397727094257396,0.0,0.0
2014-12-30,0.2868340785284268,0.2807777592061431,0.19207227876041813,0.24031588350501198,0.0,0.0
2014-12-31,0.2894489183353151,0.284996527299905,0.1623854139598508,0.2151489268559116,0.0,0.0
2015-01-01,0.28848605833338126,0.2840484783025022,0.16307592585473138,0.2165253034445139,0.0,0.0
2015-01-02,0.28818287534605047,0.2835112278839344,0.1633951092082405,0.21694910157480665,0.0,0.0
2015-01-04,0.2868729349443505,0.2822225225391259,0.1651075385967609,0.21804957669823757,0.0,0.0
2015-01-05,0.2873913034870932,0.2806102072793305,0.16599626022404,0.21745259061972289,0.0,0.0
2015-01-06,0.28505125599232967,0.27957427469250623,0.16688222377508422,0.21967964995593642,0.0,0.0
2015-01-07,0.28601842940308536,0.2800134292116478,0.169046282576439,0.21656319259057438,0.0,0.0
2015-01-08,0.28627663571345474,0.27885053830133144,0.1684627792772025,0.21891299516837215,0.0,0.0
2015-01-09,0.28537492129330333,0.2782457189681649,0.1690449354360696,0.21966949193840118,0.0,0.0
2015-01-11,0.2825533512100889,0.2754946370130125,0.16797995522057452,0.22677469006491494,0.0,0.0
2015-01-12,0.27906988009099903,0.2738324056333981,0.16644669199907727,0.23354064512060138,0.0,0.0
2015-01-13,0.27712034290685456,0.27348031866743544,0.16653513392909572,0.23606543528419754,0.0,0.0
2015-01-14,0.27594155867180825,0.2727601379577959,0.17216429782302775,0.232272148214754,0.0,0.0
2015-01-15,0.27547578358392727,0.2776187184343667,0.17595976596611904,0.22354423065764134,0.0,0.0
2015-01-16,0.2769662171286125,0.2789210951087601,0.17485869741551557,0.22214540223402676,0.0,0.0
2015-01-18,0.27770444371263237,0.2796645322303986,0.17471803750047585,0.220675123178614,0.0,0.0
2015-01-19,0.27787197185097595,0.2798332428128399,0.17421646301711113,0.2208082477770922,0.0,0.0
2015-01-20,0.2816444742286702,0.2817001574808068,0.1660352493412386,0.22308173737449394,0.0,0.0
2015-01-21,0.2839873135741272,0.2853720953734077,0.1622774537692784,0.22066959100815012,0.0,0.0
2015-01-22,0.2864817231191349,0.2846797521169265,0.1589091159004595,0.2226873384879536,0.0,0.0
2015-01-23,0.28741281818627334,0.2833003353589314,0.15907386751505723,0.22291821321378957,0.0,0.0
2015-01-26,0.28604126982753186,0.285014508167486,0.1597070936536761,0.22211010852039312,0.0,0.0
2015-01-27,0.27866758026582766,0.28493847385035337,0.1609415251855658,0.2283145341985366,0.0,0.0
2015-01-28,0.27651242746881116,0.2802686294934042,0.16233010936449868,0.23387077355449046,0.0,0.0
2015-01-29,0.2786251614685207,0.2824504927121161,0.15960402430269624,0.2323903776632407,0.0,0.0
2015-01-30,0.30137664433614,0.3039963761548661,0.16068314450804502,0.20854954148469124,0.0,0.0
2015-02-01,0.2990844249357032,0.301684231520634,0.15885927270483358,0.21516894156089642,0.0,0.0
2015-02-02,0.30004989192322845,0.30408114261711616,0.15679989859286844,0.2140007948972294,0.0,0.0
2015-02-03,0.29885522181844437,0.30466302300247033,0.15705078920073473,0.2146982180655276,0.0,0.0
2015-02-04,0.30084505538323947,0.30447727155885496,0.1570449713229964,0.21271153821669433,0.0,0.0
2015-02-05,0.30063061873051994,0.3053714422843909,0.15499768928879978,0.21430851442005044,0.0,0.0
2015-02-06,0.30056649562196025,0.3031112948843276,0.15591128297158177,0.21557170038004073,0.0,0.0
2015-02-08,0.29913650234619577,0.3016691943182085,0.1563494385666362,0.21812187252406656,0.0,0.0
2015-02-09,0.29649544935724215,0.29914934223371437,0.1548798062230533,0.22489009791952477,0.0,0.0
2015-02-10,0.3011121472019069,0.30103464389508744,0.1537075380034052,0.21955826672649756,0.0,0.0
2015-02-11,0.3035550444962647,0.30067380736141336,0.15321403884102036,0.21785818293850598,0.0,0.0
2015-02-12,0.30297756397460224,0.30156281068568963,0.1517438736052432,0.21934562828983345,0.0,0.0
2015-02-13,0.3041436026031453,0.3022520813128289,0.1510312318112827,0.2183155052388791,0.0,0.0
2015-02-15,0.30264644951115455,0.3007642392729994,0.15259103108271455,0.21985821263047062,0.0,0.0
2015-02-16,0.3035250201652583,0.30163734594534236,0.15187908906500666,0.21874649710918648,0.0,0.0
2015-02-17,0.3027744114564477,0.30141098357883783,0.151937411024409,0.21974568904240152,0.0,0.0
2015-02-18,0.3022654581859018,0.3017109609241258,0.15376467770141744,0.21819979697640093,0.0,0.0
2015-02-19,0.30487900750177793,0.3025754726318002,0.1537551706600685,0.21464074353390736,0.0,0.0
2015-02-20,0.3054658626641962,0.3038432872323632,0.15302797988277303,0.2136255921834869,0.0,0.0
2015-02-22,0.3057307676166812,0.3041067850611064,0.15316068822990606,0.2129417449313474,0.0,0.0
2015-02-23,0.30845027453903956,0.3049539307593894,0.14685039820430124,0.21549406559645323,0.0,0.0
2015-02-24,0.30664183958682445,0.3051554061294602,0.1469386627704342,0.2171708087869946,0.0,0.0
2015-02-25,0.3058857313893869,0.30534614564145035,0.14707948330643972,0.21759297336228678,0.0,0.0
2015-02-26,0.30640006949057097,0.30364060496688533,0.148391457246431,0.2175517161851705,0.0,0.0
2015-02-27,0.30266887662615916,0.3309375353796182,0.1485782415980733,0.20324264838783077,0.0,0.0
2015-03-01,0.30211733790673084,0.33033448406324684,0.14922283903463276,0.20377805299550603,0.0,0.0
2015-03-02,0.3033630902036419,0.32892370928399023,0.1484956899338581,0.20473997453165366,0.0,0.0
2015-03-03,0.30110717154507594,0.3260238538019055,0.15032996301885188,0.20810069148374652,0.0,0.0
2015-03-04,0.30080677292583363,0.32556780652664385,0.15028335133149676,0.20886115302508665,0.0,0.0
2015-03-05,0.30064593737044437,0.32495691806066623,0.1513036436736951,0.20864450319940947,0.0,0.0
2015-03-06,0.29956920078639304,0.32310137022621466,0.15248819376152353,0.2102779725501066,0.0,0.0
2015-03-08,0.29961203484756377,0.3231475690471224,0.15459412060653469,0.20807978587038098,0.0,0.0
2015-03-09,0.2998038878061271,0.3225569934183826,0.15424790923612164,0.20885619921752857,0.0,0.0
2015-03-10,0.29731356244749113,0.31893872611638385,0.1587468144886131,0.2103127791966705,0.0,0.0
2015-03-11,0.29634511333645125,0.3206881222215493,0.15683305527454963,0.21140731634581325,0.0,0.0
2015-03-12,0.296975788829697,0.3228304345067969,0.15498953445948876,0.2105415975856916,0.0,0.0
2015-03-13,0.29672437174155214,0.32174377649800423,0.15553454185402021,0.21128194904194209,0.0,0.0
2015-03-15,0.2984951524235047,0.32366386705415634,0.15239121164279204,0.2106454269242596,0.0,0.0
2015-03-16,0.3017336229980484,0.3266551894759267,0.15033973898248087,0.2064960715272628,0.0,0.0
2015-03-17,0.3029954222901578,0.32729607928486903,0.15072828703178626,0.20416548378397856,0.0,0.0
2015-03-18,0.3046575946942787,0.332771820896442,0.14718325185262937,0.20063510871356133,0.0,0.0
2015-03-19,0.30581928327780444,0.3293533088558703,0.14810661250053164,0.2019330759146126,0.0,0.0
2015-03-20,0.30517182533581283,0.3331134290490829,0.14684251748883922,0.2002095701936344,0.0,0.0
2015-03-22,0.30379616760004113,0.3316118157692313,0.1490468704851825,0.20094743767332274,0.0,0.0
2015-03-23,0.30380747796962154,0.3336713607603252,0.14819259216238184,0.19970086800456244,0.0,0.0
2015-03-24,0.3023553915209583,0.33300938115528106,0.14973831288914843,0.20028537628211976,0.0,0.0
2015-03-25,0.30184341587365815,0.3378488437264664,0.14829666165080968,0.1970814661785599,0.0,0.0
2015-03-26,0.30185352337503846,0.33633781989982015,0.1482215031285105,0.19860472074762703,0.0,0.0
2015-03-27,0.3025282603424501,0.33629651942008776,0.147961522844611,0.19825636837908453,0.0,0.0
2015-03-29,0.30131402106944977,0.3349467465400568,0.14970677788844877,0.199133988106633,0.0,0.0
2015-03-30,0.3046758654887632,0.3362100186460801,0.1484917486061627,0.19572729214431225,0.0,0.0
2015-03-31,0.3004010849321455,0.33221600748734736,0.16279040270570408,0.20459250487480288,0.0,0.0
2015-04-01,0.29777873722935705,0.3335536173111218,0.16479931545555343,0.2038683300039676,0.0,0.0
2015-04-02,0.2981145628931378,0.336562047214722,0.16224785172944933,0.20307553816269078,0.0,0.0
2015-04-05,0.29969934930827186,0.33835122166866105,0.1604688622874197,0.20148056673564735,0.0,0.0
2015-04-06,0.2997168068831613,0.3392849618694291,0.16114104707157878,0.19985718417583073,0.0,0.0
2015-04-07,0.2979678410330567,0.337474047876413,0.16112571865470093,0.20343239243582942,0.0,0.0
2015-04-08,0.29805636765100474,0.337527764318,0.1599040273909657,0.20451184064002953,0.0,0.0
2015-04-09,0.2991616816880899,0.3380004835679133,0.15884917975100102,0.20398865499299584,0.0,0.0
2015-04-10,0.29984026998658575,0.33798389894007796,0.15855935677774144,0.20361647429559493,0.0,0.0
2015-04-12,0.29964711738845706,0.3377661747891197,0.1591014002011171,0.20348530762130612,0.0,0.0
2015-04-13,0.29789195339469604,0.3347051355048841,0.1611346826030187,0.2062682284974012,0.0,0.0
2015-04-14,0.2991652128347509,0.33971706387618256,0.16035174945889571,0.2007659738301708,0.0,0.0
2015-04-15,0.2964003813710619,0.3362646261608976,0.16106584101339008,0.20626915145465038,0.0,0.0
2015-04-16,0.2948563673648147,0.33642260100154214,0.15981583236254795,0.20890519927109527,0.0,0.0
2015-04-17,0.29293022788595713,0.33495225862375366,0.16128797940178577,0.21082953408850352,0.0,0.0
2015-04-19,0.2881716787646011,0.32951107630715504,0.16811239330880004,0.2142048516194438,0.0,0.0
2015-04-20,0.2900892898937172,0.32680226803637735,0.17235053537085798,0.21075790669904748,0.0,0.0
2015-04-21,0.29036273073653385,0.32842250631286224,0.17115623122193172,0.21005853172867214,0.0,0.0
2015-04-22,0.2911864341347269,0.3285932993457364,0.17070972631800918,0.20951054020152754,0.0,0.0
2015-04-23,0.29142230094988475,0.32948011125682786,0.1702056706561282,0.20889191713715927,0.0,0.0
2015-04-24,0.29376371924931277,0.32920918604546673,0.16927606921314706,0.20775102549207344,0.0,0.0
2015-04-26,0.29261026732951,0.3279165588666197,0.17101490273206849,0.20845827107180187,0.0,0.0
2015-04-27,0.2921192682226844,0.32946753435848275,0.17033959132403678,0.20807360609479614,0.0,0.0
2015-04-28,0.2922002791802275,0.3307269215197638,0.1698539602476593,0.2072188390523495,0.0,0.0
2015-04-29,0.2918665809865387,0.32987509583371494,0.17020370926856682,0.20805461391117952,0.0,0.0
2015-04-30,0.28927953811936524,0.32876211257346344,0.16149208728984915,0.2003064033079898,0.0,0.0
2015-05-01,0.2913083520387437,0.3290614582079875,0.16050707509745227,0.1990846453086681,0.0,0.0
2015-05-03,0.290165617076288,0.32777062658417977,0.16468507379237085,0.19741725091346454,0.0,0.0
2015-05-04,0.29001761058762165,0.32769984618636794,0.16341268268031697,0.19894992868251665,0.0,0.0
2015-05-05,0.2880707996732803,0.3264589411836501,0.16443474553541634,0.20091994126289736,0.0,0.0
2015-05-06,0.28672649472039996,0.3266737792665904,0.16449298251355426,0.20194461127772587,0.0,0.0
2015-05-07,0.2894624081240585,0.3267906716092209,0.16156184440898133,0.20195031962412446,0.0,0.0
2015-05-08,0.29022608232291824,0.3297566710884527,0.15999094615342443,0.19998671611385743,0.0,0.0
2015-05-10,0.29017952137884956,0.3297037682556131,0.1599652788204414,0.20011348761551956,0.0,0.0
2015-05-11,0.29037520547999507,0.3287636828958051,0.16069416286819832,0.20003611979674665,0.0,0.0
2015-05-12,0.28764661231864935,0.3267711226652604,0.1648717522088876,0.20067661745703297,0.0,0.0
2015-05-13,0.2857679168806901,0.3256878309221038,0.16421117064569968,0.2044690139093248,0.0,0.0
2015-05-14,0.2860222014109803,0.32503056290083693,0.16258852849023844,0.20676209372569768,0.0,0.0
2015-05-15,0.28577146017650673,0.3256207359061871,0.16244599532972234,0.2065808358290471,0.0,0.0
2015-05-17,0.28466239395479576,0.32435701643238396,0.16275886037730794,0.20871521655644312,0.0,0.0
2015-05-18,0.2862300340567022,0.32310026992529445,0.163056681235853,0.2080830830250649,0.0,0.0
2015-05-19,0.2864003268349821,0.3228962312117215,0.16217809220267995,0.20896093535317015,0.0,0.0
2015-05-20,0.28785296278260564,0.32457839763284657,0.16030137244879755,0.20761458610372577,0.0,0.0
2015-05-21,0.2880316560363255,0.3241669782321051,0.16081989814894812,0.20741641551386072,0.0,0.0
2015-05-22,0.28824115673749395,0.32328741953255347,0.1610971302031365,0.20777397374892467,0.0,0.0
2015-05-24,0.28872991924484115,0.3238356090123384,0.1596109172751525,0.20818845607121259,0.0,0.0
2015-05-25,0.28797597600399844,0.32298999637476483,0.16171073078687187,0.20773793140698554,0.0,0.0
2015-05-26,0.28694074879272946,0.32040816255761523,0.16225867980002304,0.2106489360561167,0.0,0.0
2015-05-27,0.2900104593635381,0.3209543043200332,0.1603053644835091,0.20909015214414592,0.0,0.0
2015-05-28,0.29007254849542363,0.32055465089586466,0.1599823147681179,0.20970065851975764,0.0,0.0
2015-05-29,0.28982668571706866,0.3187957467477884,0.16080537799942046,0.21077950840299453,0.0,0.0
2015-05-31,0.3004088927926889,0.32921575456851493,0.1612348825141721,0.1973377432255348,0.0,0.0
2015-06-01,0.3008751542043173,0.3279060630963165,0.1615972331792371,0.1978391885659519,0.0,0.0
2015-06-02,0.30002733002663456,0.32932338810478695,0.1606274298544375,0.19823440639312798,0.0,0.0
2015-06-03,0.30090492241259414,0.3304057949405587,0.1588888843369336,0.1980128864979736,0.0,0.0
2015-06-04,0.3004732803825307,0.32872899724528537,0.16001839139902688,0.19891754758839478,0.0,0.0
2015-06-05,0.30084130227390143,0.3270228257100935,0.16059546844202124,0.1996349073191007,0.0,0.0
2015-06-07,0.3025549829036613,0.3288856440055631,0.1582160583016761,0.19836906040025504,0.0,0.0
2015-06-08,0.30160382431634747,0.3304165532673831,0.1582628251223251,0.19765677048010172,0.0,0.0
2015-06-09,0.30090780302821196,0.32867351805755235,0.15923403837451686,0.19913144826379794,0.0,0.0
2015-06-10,0.3012991913565546,0.3306316869270756,0.16018382812950294,0.19597862389036413,0.0,0.0
2015-06-11,0.30202806963366163,0.3311454100176963,0.1585919854675523,0.19631554011972563,0.0,0.0
2015-06-12,0.30092820404937176,0.33055549151440633,0.1593221316510182,0.1972193628567377,0.0,0.0
2015-06-14,0.299240926654901,0.3287020965818432,0.16024274579308298,0.1999056269613329,0.0,0.0
2015-06-15,0.29967406879052194,0.3284401661290219,0.161109540994462,0.1987899273319066,0.0,0.0
2015-06-16,0.300216828368267,0.3271849446235172,0.16021894115404578,0.20043545961738918,0.0,0.0
2015-06-17,0.29981821614600396,0.32604887300837804,0.15886045530287793,0.20337635131276496,0.0,0.0
2015-06-18,0.303042973266806,0.32763263334736065,0.1567625186045948,0.20070960750603994,0.0,0.0
2015-06-19,0.3024523243396268,0.3271107760015343,0.1572343337320305,0.2013136921423801,0.0,0.0
2015-06-21,0.30433823674311616,0.3291504438107444,0.15776523022429206,0.19678214339531816,0.0,0.0
2015-06-22,0.3062597547809074,0.33460468469219845,0.1559690387752592,0.19121419258925884,0.0,0.0
2015-06-23,0.30689721614653437,0.3365467820076986,0.157089644600919,0.18749793460704653,0.0,0.0
2015-06-24,0.3069850527378165,0.335597197895529,0.15794716707960724,0.18743588063541494,0.0,0.0
2015-06-25,0.30522473743870643,0.33407564903207476,0.1604130787814814,0.1882959698249936,0.0,0.0
2015-06-26,0.3040035581854162,0.3343388262357916,0.16083870857907553,0.1887955823013153,0.0,0.0
2015-06-28,0.3047419828827687,0.33515093530467877,0.1613961193626778,0.18665748594630446,0.0,0.0
2015-06-29,0.303699444813803,0.33255048153008654,0.16351780434110463,0.18792858004169294,0.0,0.0
2015-06-30,0.29926740329434076,0.33511701899964913,0.16804229959170222,0.19757327811430797,0.0,0.0
2015-07-01,0.2995542161927038,0.3344414165861572,0.17095910106154283,0.19504526615959625,0.0,0.0
2015-07-02,0.29957561670312094,0.3347837373696451,0.17134418020675532,0.1942964657204786,0.0,0.0
2015-07-05,0.29977322482652,0.3350045697151284,0.171506703948225,0.19371550151012656,0.0,0.0
2015-07-06,0.30217932618158616,0.3319639594018573,0.17325953338116182,0.19259718103539478,0.0,0.0
2015-07-07,0.30419767959903443,0.33237151479770516,0.17006475437971877,0.19336605122354147,0.0,0.0
2015-07-08,0.3024345168195548,0.32750076805508854,0.1704751490758563,0.1995895660495003,0.0,0.0
2015-07-09,0.29826885173860024,0.32824394547584446,0.16837259531193705,0.20511460747361826,0.0,0.0
2015-07-10,0.2987048252032168,0.3328907072770163,0.16608123613924894,0.20232323138051797,0.0,0.0
2015-07-12,0.2997518830278229,0.3340575977668366,0.16425693198511726,0.2019335872202234,0.0,0.0
2015-07-13,0.301109221747272,0.3313416059166617,0.16673354183334527,0.20081563050272122,0.0,0.0
2015-07-14,0.2998730822642107,0.32977420548798436,0.16920517903834587,0.2011475332094589,0.0,0.0
2015-07-15,0.29790197369878557,0.32525108762326876,0.17300791731774373,0.2038390213602019,0.0,0.0
2015-07-16,0.2999498269266427,0.3259006438531086,0.17176955461784627,0.20237997460240256,0.0,0.0
2015-07-17,0.3032910723204176,0.3238870057015671,0.17116005898335723,0.20166186299465813,0.0,0.0
2015-07-19,0.3032910723204176,0.3238870057015671,0.17116005898335723,0.20166186299465813,0.0,0.0
2015-07-20,0.30403579809625414,0.32350550339344714,0.17099330551073774,0.20146539299956104,0.0,0.0
2015-07-21,0.3040460093462866,0.3232539282527927,0.17110411406388318,0.20159594833703742,0.0,0.0
2015-07-22,0.3010872529479689,0.32100192414894485,0.1732377152858138,0.20467310761727248,0.0,0.0
2015-07-23,0.3001785398418333,0.3200417392872228,0.17405273140658822,0.2057269894643557,0.0,0.0
2015-07-24,0.2993427579344341,0.31818531706898845,0.17528656632672565,0.20718535866985188,0.0,0.0
2015-07-26,0.30085127707106035,0.31978879210577954,0.17132051204438817,0.20803941877877197,0.0,0.0
2015-07-27,0.3026257743707684,0.32164772861095664,0.17139624558164282,0.2043302514366321,0.0,0.0
2015-07-28,0.302275176044993,0.32249166900748827,0.1702431475432368,0.204990007404282,0.0,0.0
2015-07-29,0.3010528924296947,0.32097809388465226,0.17312425762185685,0.20484475606379632,0.0,0.0
2015-07-30,0.3042788360353951,0.32274933151282226,0.165831239929455,0.20714059252232775,0.0,0.0
2015-07-31,0.3010569808578596,0.3265162868420599,0.1655914291992609,0.19864005102021948,0.0,0.0
2015-08-02,0.30325780645786726,0.3289032283468003,0.16436908369451736,0.1952140706992316,0.0,0.0
2015-08-03,0.3028108513841272,0.3279513057499215,0.16515337905998123,0.19581431645464042,0.0,0.0
2015-08-04,0.3027561184857541,0.3287147486558977,0.1660047293714272,0.1942395101215788,0.0,0.0
2015-08-05,0.30279826224924483,0.32739174599042226,0.16706724915196744,0.19451953612961312,0.0,0.0
2015-08-06,0.3016030145856785,0.32990707879037995,0.16702878156545725,0.19313623885958742,0.0,0.0
2015-08-07,0.30148025079256874,0.32971166246741634,0.16717270917372495,0.1933026630929941,0.0,0.0
2015-08-09,0.30057963004221044,0.3287267051971718,0.1675923487602467,0.19479284121846635,0.0,0.0
2015-08-10,0.30087360696128174,0.32986359277277555,0.16618127861000628,0.19485819932563392,0.0,0.0
2015-08-11,0.30059076204102836,0.3281510160420478,0.16616546932767773,0.19676983726134636,0.0,0.0
2015-08-12,0.30190579409528945,0.3263294154083823,0.16679172576917298,0.19664182619411347,0.0,0.0
2015-08-13,0.3017308715970869,0.32591803505026873,0.16641863440977303,0.19759180798997408,0.0,0.0
2015-08-14,0.3019516818978954,0.3259973378381108,0.1662842091262466,0.19743220245718168,0.0,0.0
2015-08-16,0.30348182305180615,0.32764933043360195,0.16532445384252598,0.1951669302462798,0.0,0.0
2015-08-17,0.3053578149085304,0.32599059325339713,0.16417360625781344,0.19611767330971916,0.0,0.0
2015-08-18,0.30846483210571246,0.32890713774100994,0.16071069166976232,0.19342787232050113,0.0,0.0
2015-08-19,0.3105583073875798,0.3299396041487446,0.15901803943947818,0.19187963444136533,0.0,0.0
2015-08-20,0.3074824509994852,0.3282701712362709,0.15996432637614222,0.19552051316533303,0.0,0.0
2015-08-21,0.3005281008023295,0.3271913989194021,0.16349187531404444,0.19983215060462484,0.0,0.0
2015-08-23,0.30751004861526265,0.33479279548097834,0.15776359010663382,0.19076829207564527,0.0,0.0
2015-08-24,0.30821667158860894,0.33579979678895944,0.15863228746711144,0.18779655587625632,0.0,0.0
2015-08-25,0.2977264890651535,0.32818265646880973,0.16878010411416083,0.19604571509921412,0.0,0.0
2015-08-26,0.30958592470913143,0.3331832542471988,0.1644588475450244,0.18359908267312938,0.0,0.0
2015-08-27,0.3116748632606303,0.3335818878751606,0.1632259985641978,0.1825099187041556,0.0,0.0
2015-08-28,0.31195730054736537,0.33291020352651224,0.16340477455509644,0.18270981572945902,0.0,0.0
2015-08-30,0.31135448849170333,0.3322669030370332,0.1633847045965513,0.18399271672041076,0.0,0.0
2015-08-31,0.2990883624995949,0.33432030662456524,0.1725108199283374,0.19408051094750245,0.0,0.0
2015-09-01,0.2968900839493061,0.3312168265223208,0.1754708141775749,0.19642227535079826,0.0,0.0
2015-09-02,0.3016765664021255,0.33210072127915796,0.17617541156981806,0.19004730074889847,0.0,0.0
2015-09-03,0.2997755629477787,0.33231712767849453,0.17563804431493124,0.19226926505879544,0.0,0.0
2015-09-04,0.29952214644873887,0.3284557077948172,0.1776024570801101,0.1944196886763337,0.0,0.0
2015-09-06,0.2976754120105619,0.3264305805239552,0.17826074834624134,0.19763325911924137,0.0,0.0
2015-09-07,0.29612481708457056,0.32473019956729454,0.17727405846443786,0.20187092488369696,0.0,0.0
2015-09-08,0.29892378364944533,0.3278762959040917,0.17364356380249119,0.19955635664397184,0.0,0.0
2015-09-09,0.2951815699450824,0.32544671718230134,0.17444407818187663,0.20492763469073957,0.0,0.0
2015-09-10,0.2971906549626012,0.3264262280668295,0.17303137072587782,0.2033517462446914,0.0,0.0
2015-09-11,0.29832065904418914,0.3259408831755721,0.17273500710507636,0.20300345067516226,0.0,0.0
2015-09-13,0.2991864886037706,0.3268868761625603,0.17408902238642962,0.1998376128472394,0.0,0.0
2015-09-14,0.3000928235401499,0.32686416996806034,0.17371756894780008,0.1993254375439897,0.0,0.0
2015-09-15,0.3004771140124428,0.32612375913865105,0.17332954116137494,0.20006958568753122,0.0,0.0
2015-09-16,0.3001864809747778,0.32932537621625707,0.17219172397570953,0.19829641883325552,0.0,0.0
2015-09-17,0.2999881807716268,0.32949661105697653,0.1741199486252232,0.19639525954617346,0.0,0.0
2015-09-18,0.2991853063886891,0.32595961357844483,0.17615942837907328,0.1986956516537928,0.0,0.0
2015-09-20,0.2991973880022105,0.3259727763842068,0.17687692373332342,0.19795291188025926,0.0,0.0
2015-09-21,0.2985568041519025,0.32425915580533593,0.17806686385959794,0.1991171761831637,0.0,0.0
2015-09-22,0.29772208969343805,0.32043950125370546,0.18026417022701188,0.20157423882584455,0.0,0.0
2015-09-23,0.2984384819074483,0.3190983888463221,0.18055909777911913,0.20190403146711056,0.0,0.0
2015-09-24,0.29809690035885544,0.3184791241753786,0.1810127088941196,0.20241126657164638,0.0,0.0
2015-09-25,0.29565438366458174,0.32081179604844884,0.1810645661328848,0.20246925415408462,0.0,0.0
2015-09-27,0.29565438366458174,0.32081179604844884,0.1810645661328848,0.20246925415408462,0.0,0.0
2015-09-28,0.29166690175625537,0.3188848350925377,0.1838567476159405,0.2055915155352664,0.0,0.0
2015-09-29,0.2931533129966718,0.32257121359633223,0.18059984009195232,0.20367563331504374,0.0,0.0
2015-09-30,0.29591209756022974,0.3245992568102924,0.178196881066248,0.19647061821151052,0.0,0.0
2015-10-01,0.2989849357978414,0.32771982898699364,0.179237204416276,0.1892083572439755,0.0,0.0
2015-10-02,0.30096221752336494,0.32974048881056645,0.17731741713599997,0.18718177019280008,0.0,0.0
2015-10-04,0.30033898851953583,0.3290576661026045,0.177672472166492,0.188142326457908,0.0,0.0
2015-10-05,0.29976732800181666,0.33056356825910677,0.1769619179798145,0.18799488186539315,0.0,0.0
2015-10-06,0.29776076159011405,0.33006285486413967,0.18016083595551755,0.18731212797904753,0.0,0.0
2015-10-07,0.29648607430864804,0.33176104223512587,0.17831966206010844,0.1887775030692498,0.0,0.0
2015-10-08,0.29557663524823324,0.3323526859747636,0.17985715875243524,0.18759010165711432,0.0,0.0
2015-10-09,0.2963232185648728,0.3323465594599093,0.17949905024851617,0.18721659630920143,0.0,0.0
2015-10-11,0.29535049680840886,0.33125558612802436,0.1796032292574549,0.18919089892191834,0.0,0.0
2015-10-12,0.29552502009572895,0.3295573112482964,0.18134827855940808,0.18897772903221546,0.0,0.0
2015-10-13,0.293448819275582,0.3249525682384574,0.18677951189823264,0.19022968660648099,0.0,0.0
2015-10-14,0.29255911680304786,0.3256441971182884,0.18443975704837773,0.19277372638326168,0.0,0.0
2015-10-15,0.29475551513472903,0.3288083527473532,0.1793977664297981,0.19249501981156542,0.0,0.0
2015-10-16,0.2956019696197312,0.32845175451402536,0.1791641462259186,0.1922443437487073,0.0,0.0
2015-10-18,0.2932426677408753,0.3258302671046711,0.1824828077383081,0.19394233541263747,0.0,0.0
2015-10-19,0.2950527187378001,0.32405390368661147,0.1844626146211338,0.191926526383586,0.0,0.0
2015-10-20,0.2949583622017147,0.32519881215854946,0.18617650095074806,0.18913986381353046,0.0,0.0
2015-10-21,0.2995704613653425,0.33077915010904935,0.17770452898403558,0.187320037183501,0.0,0.0
2015-10-22,0.3023698361780413,0.331607706754739,0.17923141389978164,0.18221483690662363,0.0,0.0
2015-10-23,0.30729934537203907,0.33083662035289446,0.17719497131202674,0.18014449641260202,0.0,0.0
2015-10-25,0.3084386329669912,0.33206317050082146,0.17834441681270222,0.1766120818216279,0.0,0.0
2015-10-26,0.3087778104085457,0.3301443913703764,0.1781560242341211,0.17837754464423305,0.0,0.0
2015-10-27,0.3122384446529455,0.33049013789701953,0.1782392664990575,0.17444597983733298,0.0,0.0
2015-10-28,0.3138233848254328,0.33101488962699005,0.17788741064633526,0.17270250389446307,0.0,0.0
2015-10-29,0.3143363898230985,0.3290434368410607,0.17707871049463167,0.17495457806458853,0.0,0.0
2015-10-30,0.2954639707013122,0.3282992511545604,0.18072907929207394,0.1955076988520535,0.0,0.0
2015-11-01,0.2970107538690451,0.33001793026951254,0.1784218094643382,0.19454950639710422,0.0,0.0
2015-11-02,0.29892283106525036,0.3313938314845626,0.17644739719375876,0.19323594025642818,0.0,0.0
2015-11-03,0.3014807334096659,0.3342284152505764,0.17373856764435433,0.19055228369540333,0.0,0.0
2015-11-04,0.300397146087073,0.33104570136145145,0.17255387534570782,0.19600327720576782,0.0,0.0
2015-11-05,0.3013508045903648,0.33226668909013535,0.17247279148147895,0.19390971483802105,0.0,0.0
2015-11-06,0.3021568026565462,0.3307367865875987,0.1728135659910434,0.19429284476481185,0.0,0.0
2015-11-08,0.3036052188276176,0.3323222035163256,0.1715790113235439,0.19249356633251286,0.0,0.0
2015-11-09,0.30148381508361594,0.3297231493998156,0.1726186906971605,0.19617434481940804,0.0,0.0
2015-11-10,0.30197419977568046,0.33095723428566814,0.1727856303400034,0.19428293559864793,0.0,0.0
2015-11-11,0.29482812179885326,0.32439086356900726,0.18536651299067256,0.19541450164146687,0.0,0.0
2015-11-12,0.29267065762196787,0.3212733054396753,0.19115449415859234,0.19490154277976457,0.0,0.0
2015-11-13,0.28936111308173706,0.3213034653726906,0.19277827165658243,0.19655714988898987,0.0,0.0
2015-11-15,0.2921855690803041,0.32443971091193113,0.18884448782115876,0.19453023218660606,0.0,0.0
2015-11-16,0.293304893976807,0.32529153389409465,0.18797860391220894,0.19342496821688945,0.0,0.0
2015-11-17,0.29427371072111835,0.32659963152205906,0.187756176158911,0.19137048159791165,0.0,0.0
2015-11-18,0.29710941327523793,0.3262877657707101,0.18668485516034103,0.18991796579371098,0.0,0.0
2015-11-19,0.2950400689127322,0.32579864379050655,0.18813315078001638,0.19102813651674486,0.0,0.0
2015-11-20,0.29648815531857986,0.3250523297997827,0.18778494367129744,0.19067457121033993,0.0,0.0
2015-11-22,0.2956175420668519,0.32409784018273663,0.1869782066168889,0.19330641113352257,0.0,0.0
2015-11-23,0.29627011604273995,0.3235245724107763,0.189044674365267,0.19116063718121676,0.0,0.0
2015-11-24,0.2957342532073591,0.323725065388319,0.18918146140924452,0.19135921999507738,0.0,0.0
2015-11-25,0.29574703875915526,0.32359886559361783,0.18990633798380951,0.19074775766341737,0.0,0.0
2015-11-26,0.2954534369262716,0.32327761395757104,0.19037182400807914,0.19089712510807813,0.0,0.0
2015-11-27,0.2960844124110157,0.32236709621211174,0.19051140256590055,0.19103708881097203,0.0,0.0
2015-11-29,0.2961416952995066,0.32242946396148126,0.19114592341037162,0.19028291732864064,0.0,0.0
2015-11-30,0.2962353565971861,0.32284833651692335,0.17536689680141823,0.1911987663207457,0.0,0.0
2015-12-01,0.2962339931596742,0.32285592572808547,0.17555012939574927,0.1911503184277852,0.0,0.0
2015-12-02,0.29554807247113934,0.32074604167449705,0.177662649310801,0.19177743831024235,0.0,0.0
2015-12-03,0.2932782680089303,0.3218944428087366,0.17878600127025585,0.19163982495329027,0.0,0.0
2015-12-04,0.29738644753357857,0.321307813505175,0.17714941159289002,0.1898855726233405,0.0,0.0
2015-12-06,0.298087441083757,0.32206519403396877,0.1769141657948202,0.18862768148697612,0.0,0.0
2015-12-07,0.29925826483509516,0.3215438706390936,0.17607100677829052,0.18869886156031748,0.0,0.0
2015-12-08,0.3023477852810742,0.32008832217536903,0.17683579074758657,0.18615127526537226,0.0,0.0
2015-12-09,0.29861176153185426,0.3198339314846981,0.17982380705730974,0.1871107458049542,0.0,0.0
2015-12-10,0.29986890425129925,0.31922341338153803,0.17931530470226545,0.18697595932677952,0.0,0.0
2015-12-11,0.2968851801722433,0.3171117797189535,0.1817134367083132,0.1894765436085704,0.0,0.0
2015-12-13,0.29909342284459295,0.31947046856786765,0.17993356124619245,0.18657813473476928,0.0,0.0
2015-12-14,0.30024911158099854,0.31948311497630744,0.1789169746437922,0.18648028747742135,0.0,0.0
2015-12-15,0.29981150781716115,0.3194511478275702,0.17757447837531495,0.18840277510779413,0.0,0.0
2015-12-16,0.2979377529167538,0.31852092450730435,0.1758038441201349,0.1932834062526515,0.0,0.0
2015-12-17,0.29196616616496146,0.3127915517475919,0.176976285101666,0.20389116282764044,0.0,0.0
2015-12-18,0.2887304097964996,0.31276221628295137,0.17843777411204564,0.20557491776472112,0.0,0.0
2015-12-20,0.2912889806990703,0.3155337439047529,0.1784721322237757,0.20008086803011713,0.0,0.0
2015-12-21,0.29338228384166126,0.3157429553935242,0.1787363740729657,0.19756968981049483,0.0,0.0
2015-12-22,0.2937881545247386,0.31660093445389476,0.17453752798916636,0.20057866783411038,0.0,0.0
2015-12-23,0.29563796594613,0.32150476611481044,0.1728898914475587,0.19548776628906822,0.0,0.0
2015-12-24,0.2944673003430245,0.31985208033117524,0.17444510915951797,0.19680953667848997,0.0,0.0
2015-12-27,0.29354284898415095,0.31884793593226834,0.17562780618201565,0.19759959424476461,0.0,0.0
2015-12-28,0.2925846439429926,0.31681909514314494,0.17585372820568373,0.20039889641429276,0.0,0.0
2015-12-29,0.2954162349044574,0.3179515891665086,0.17392234925109698,0.1984505261014828,0.0,0.0
2015-12-30,0.2937669202869944,0.3163099432852874,0.17908798863651207,0.19652538894732474,0.0,0.0
2015-12-31,0.3019113899413652,0.3199093056146086,0.17967641160569583,0.18775175502224184,0.0,0.0
2016-01-03,0.3015103476957334,0.31948435594196756,0.17684170648417383,0.19142588951841213,0.0,0.0
2016-01-04,0.29967740572311186,0.3188562936786491,0.17620020684558324,0.19436279599477904,0.0,0.0
2016-01-05,0.29774885919099703,0.31661132970035777,0.17711964890276863,0.19766734539293576,0.0,0.0
2016-01-06,0.2993372343863471,0.31587603968581873,0.1790651030630025,0.1947042279933062,0.0,0.0
2016-01-07,0.2993541874185905,0.31909070334570605,0.17961547513924442,0.1905645559581507,0.0,0.0
2016-01-08,0.29877353871446877,0.31726180662411796,0.18074933513069621,0.19176753429630458,0.0,0.0
2016-01-10,0.3001318565839345,0.318704177936821,0.18157107808978973,0.18809215323258885,0.0,0.0
2016-01-11,0.29938992575935053,0.31756813450646637,0.1805667085119488,0.19103721517131692,0.0,0.0
2016-01-12,0.30323883686136216,0.31929689316785903,0.17469788730244787,0.19131324056388777,0.0,0.0
2016-01-13,0.2980005362573425,0.31987954877850816,0.17667469170430758,0.19378695689728834,0.0,0.0
2016-01-14,0.302928363712954,0.32244201217768814,0.1737558979459785,0.1892688758637686,0.0,0.0
2016-01-15,0.2998727380710542,0.3173967596014556,0.1775127110561135,0.1933610983586078,0.0,0.0
2016-01-17,0.30438309031552213,0.3221706886897212,0.1698168547358725,0.19159339238489256,0.0,0.0
2016-01-18,0.302198657245618,0.3198586012942023,0.1780149357325779,0.18797727006191364,0.0,0.0
2016-01-19,0.30120237999571725,0.32095819029891093,0.17530207162671682,0.1906512196913792,0.0,0.0
2016-01-20,0.3057009375623559,0.31962912856352865,0.1741875896896538,0.18838061186343583,0.0,0.0
2016-01-21,0.30625388929752023,0.32237733481907005,0.17530454479883428,0.18395167820743932,0.0,0.0
2016-01-22,0.3094014238742634,0.3259695522502446,0.172122605250063,0.18061278519344034,0.0,0.0
2016-01-24,0.30481282956828637,0.3211352434334073,0.1728275866886028,0.1895061752432253,0.0,0.0
2016-01-25,0.30455156658021215,0.32056894615772075,0.17215067014419008,0.1908433913638208,0.0,0.0
2016-01-26,0.3055331627689484,0.3244759621708381,0.17130923946899373,0.18686331934207107,0.0,0.0
2016-01-27,0.3000640769866808,0.3249369691228395,0.17373166143166885,0.18936301558635973,0.0,0.0
2016-01-28,0.30158608262489434,0.32381456188803,0.17275723836407555,0.19004309766735877,0.0,0.0
2016-01-29,0.30383611671442334,0.3264885415726368,0.17048596616961514,0.18754456500054606,0.0,0.0
2016-01-31,0.29880155258425467,0.3211968143640476,0.1881976724472876,0.18935724968347956,0.0,0.0
2016-02-01,0.29866748832145484,0.31941035260991896,0.1918977600550904,0.18758515312360194,0.0,0.0
2016-02-02,0.2970112259317123,0.3168042298379651,0.1947733196384864,0.18893164345343288,0.0,0.0
2016-02-03,0.29421389732504116,0.31873210908224286,0.19433717365256625,0.19024855929185916,0.0,0.0
2016-02-04,0.2918551237780227,0.31754118666465503,0.1950590480867186,0.19309573539215202,0.0,0.0
2016-02-05,0.2858954147233292,0.3177112820948588,0.19795015858472836,0.19595774622009876,0.0,0.0
2016-02-07,0.28573010982901054,0.31752758124760544,0.19818127057610865,0.19607688182711505,0.0,0.0
2016-02-08,0.28295861387134924,0.31348984914012507,0.20047459664768852,0.20057849212842047,0.0,0.0
2016-02-09,0.2835557711832627,0.31151149733946454,0.2007930871010239,0.20162792681526642,0.0,0.0
2016-02-10,0.28463428708280825,0.31133891748611453,0.20208745967515296,0.19942751615069038,0.0,0.0
2016-02-11,0.2856436154942743,0.3085322520634461,0.2028746523788299,0.20042489988149512,0.0,0.0
2016-02-12,0.2873036630032848,0.3106350292272225,0.2009934886866675,0.19856645162173756,0.0,0.0
2016-02-14,0.2870679618857462,0.31038018728483263,0.20098659940610994,0.1990657396510921,0.0,0.0
2016-02-15,0.2853137326989919,0.30848350059103147,0.20211337808128,0.20160495577372722,0.0,0.0
2016-02-16,0.2872861836413533,0.31010880147007625,0.19991995583954533,0.20023841748760104,0.0,0.0
2016-02-17,0.29005657850828004,0.3119624810383631,0.19783555274990247,0.19772966878016088,0.0,0.0
2016-02-18,0.2871407510997579,0.3109992055478921,0.19966707731825098,0.19977372848970512,0.0,0.0
2016-02-19,0.28799124680682026,0.3101479955468318,0.19966733775994588,0.19977398907051366,0.0,0.0
2016-02-21,0.28740851319345806,0.30952042903525906,0.19978188233638877,0.20087445045106622,0.0,0.0
2016-02-22,0.28881308769178377,0.3099595206656162,0.1987575612162828,0.20008188377865338,0.0,0.0
2016-02-23,0.28684114712063746,0.3078273818850879,0.2002775602774414,0.20264238791786837,0.0,0.0
2016-02-24,0.2890589506789382,0.30650320575112977,0.19997786082582306,0.2020526121083761,0.0,0.0
2016-02-25,0.2892836015910876,0.30687838125327904,0.1993566173616409,0.20209546668587952,0.0,0.0
2016-02-26,0.28933462486116523,0.3062484107256408,0.19964232482200162,0.20238509932161236,0.0,0.0
2016-02-28,0.2887131586421382,0.30559061513001157,0.1998760572895421,0.20343557381988844,0.0,0.0
2016-02-29,0.29048804879851386,0.3069284414373155,0.19609261002186762,0.19248676573685075,0.0,0.0
2016-03-01,0.29418852810280277,0.30923198961983117,0.19375055218467566,0.18908638791280333,0.0,0.0
2016-03-02,0.2947490661584012,0.3124954646474003,0.1944536052167445,0.18453725939459206,0.0,0.0
2016-03-03,0.2935953941673728,0.3150238589066753,0.1944946152558083,0.18314836582906055,0.0,0.0
2016-03-04,0.29268196714317574,0.31730142712716775,0.19381617780179536,0.18250950644029917,0.0,0.0
2016-03-06,0.2909042710741532,0.315374197017281,0.19597419594370652,0.18413850123364994,0.0,0.0
2016-03-07,0.2899671095483215,0.3163038502991008,0.1955715144561434,0.18450750253261622,0.0,0.0
2016-03-08,0.2890690268399069,0.31389813447215137,0.19717406665948356,0.18613627907777913,0.0,0.0
2016-03-09,0.2904264386009736,0.31523281122183083,0.19608136136644566,0.18455950433487242,0.0,0.0
2016-03-10,0.29032050092400763,0.3151485578185494,0.19677303527070172,0.18404100575385804,0.0,0.0
2016-03-11,0.2915936146594512,0.3189538668340778,0.19423963184502596,0.18167152401160505,0.0,0.0
2016-03-13,0.29126334839899837,0.3185926116640039,0.19639062039521818,0.18022633123787335,0.0,0.0
2016-03-14,0.2920150375712743,0.3178375447215084,0.19656522547465646,0.18004201342484175,0.0,0.0
2016-03-15,0.29307947734647255,0.31551447732792837,0.1973556928064507,0.18045465490776033,0.0,0.0
2016-03-16,0.2928962044164938,0.3166030477330129,0.1969124102840439,0.180120064782842,0.0,0.0
2016-03-17,0.29089987170025444,0.31800384071869836,0.19497299445719307,0.1827383019325598,0.0,0.0
2016-03-18,0.2912655270720794,0.31775828337932704,0.19491259783802614,0.18268169524372188,0.0,0.0
2016-03-20,0.290765473942488,0.3172127467150512,0.19598787780332982,0.18267392969129667,0.0,0.0
2016-03-21,0.2915454103521451,0.31697092326290505,0.19504382526194708,0.18309518053428883,0.0,0.0
2016-03-22,0.29208798135923597,0.3160057561136065,0.19542924014235988,0.18314728492342267,0.0,0.0
2016-03-23,0.2912654940917994,0.3139031517720764,0.19649637700554784,0.18493139970831962,0.0,0.0
2016-03-24,0.29566707544698745,0.31691414388566613,0.18769859789698165,0.18611678761571565,0.0,0.0
2016-03-27,0.29576908050553274,0.3170234791768954,0.1877633538608928,0.18583492874366547,0.0,0.0
2016-03-28,0.29502961824215174,0.3184655142431107,0.18755624690373632,0.185353405792045,0.0,0.0
2016-03-29,0.3003603626586688,0.32253631321993576,0.17973651959591358,0.18374362486456042,0.0,0.0
2016-03-30,0.29877591028252326,0.3220937417694279,0.1822178240765787,0.1834258216948405,0.0,0.0
2016-03-31,0.29639789812589673,0.31383031902589376,0.19555296742873407,0.1942188154194755,0.0,0.0
2016-04-01,0.29934420211433016,0.31114723664962407,0.19542090613129007,0.19408765510475573,0.0,0.0
2016-04-03,0.3022378965851967,0.31415502845570864,0.18907857388123994,0.19452850107785472,0.0,0.0
2016-04-04,0.2996778669833769,0.3113693558078791,0.1895077883001756,0.19944498890856852,0.0,0.0
2016-04-05,0.2997777377678979,0.30838224710170786,0.19125960606309836,0.20058040906729585,0.0,0.0
2016-04-06,0.3022410967528211,0.31027811448575376,0.18927648167997127,0.1982043070814538,0.0,0.0
2016-04-07,0.2996602319214485,0.3077696095531933,0.19258762255698297,0.19998253596837515,0.0,0.0
2016-04-08,0.2978178629518723,0.31173926270952307,0.19154401647757838,0.19889885786102643,0.0,0.0
2016-04-10,0.29640307420748974,0.3102583401225027,0.19140903248462376,0.20192955318538386,0.0,0.0
2016-04-11,0.29582105820260196,0.3117384642640031,0.19099164082803674,0.20144883670535832,0.0,0.0
2016-04-12,0.29505034965864146,0.31339615640934676,0.18888035515481805,0.20267313877719376,0.0,0.0
2016-04-13,0.2953375922156092,0.3146646505384852,0.1875579732257367,0.202439784020169,0.0,0.0
2016-04-14,0.2928798298092632,0.31208879676219076,0.1883581864725442,0.20667318695600198,0.0,0.0
2016-04-15,0.29264674004903946,0.31163737610589015,0.18868457356316706,0.20703131028190347,0.0,0.0
2016-04-17,0.2931056945881466,0.3121261134425688,0.18496415353363502,0.20980403843564951,0.0,0.0
2016-04-18,0.293760309604529,0.3134284178095203,0.18358111894647652,0.20923015363947411,0.0,0.0
2016-04-19,0.2900588345102268,0.3168667295290324,0.18115671515975235,0.21191772080098853,0.0,0.0
2016-04-20,0.2906208000424772,0.3170814933138131,0.1811203820431204,0.21117732460058933,0.0,0.0
2016-04-21,0.2901430765418535,0.3142129473202477,0.18298835686630557,0.21265561927159318,0.0,0.0
2016-04-22,0.2870817317689652,0.3154500029077974,0.18383210452988114,0.2136361607933563,0.0,0.0
2016-04-24,0.2859685515830967,0.3142268226980872,0.1839567966656425,0.21584782905317365,0.0,0.0
2016-04-25,0.2816204039508294,0.3078564451263309,0.18993793843914847,0.22058521248369126,0.0,0.0
2016-04-26,0.2833333334323405,0.31250283956459723,0.18753017986846884,0.21663364713459335,0.0,0.0
2016-04-27,0.28044011029630456,0.31251176835491734,0.1891667753788597,0.21788134596991846,0.0,0.0
2016-04-28,0.2792940261044064,0.31123903660426444,0.19072798187182533,0.2187389554195038,0.0,0.0
2016-04-29,0.2785118364209204,0.31102308323262867,0.19120127909301396,0.19362253377855138,0.0,0.0
2016-05-01,0.2792244409848398,0.31181887156049304,0.19144579341072782,0.19180200026415728,0.0,0.0
2016-05-02,0.2805558209163683,0.31234249726389735,0.1922002122547546,0.1893100240797348,0.0,0.0
2016-05-03,0.27995884198435983,0.3086361372850409,0.1984013709670603,0.187225530378367,0.0,0.0
2016-05-04,0.28104888817533513,0.30818745700792843,0.19665221290467505,0.18806338934244024,0.0,0.0
2016-05-05,0.27997236683869714,0.306737478805148,0.1980852290641942,0.18924718725402326,0.0,0.0
2016-05-06,0.2808448352136403,0.3067740330124984,0.197648569430883,0.18883001022481258,0.0,0.0
2016-05-08,0.2807014982280868,0.306617462338501,0.1958543198352868,0.19093535305738274,0.0,0.0
2016-05-09,0.2808922385510103,0.3044636795580529,0.19653810602217206,0.19226839753508118,0.0,0.0
2016-05-10,0.2829369126974174,0.3075518544020523,0.19355412698141358,0.1902810305806757,0.0,0.0
2016-05-11,0.28097723447518447,0.30608365053927816,0.19623035898622773,0.19097595850406307,0.0,0.0
2016-05-12,0.2800785707822065,0.30610464044151026,0.19680797272644715,0.19124243315852077,0.0,0.0
2016-05-13,0.2804688278864308,0.3036038843482492,0.1978107413470231,0.1922168444500822,0.0,0.0
2016-05-15,0.28046825704193334,0.3036032664164523,0.1978103387383835,0.19221645322682646,0.0,0.0
2016-05-16,0.2817384929306131,0.30509645752514325,0.19625070910319853,0.19121485747989142,0.0,0.0
2016-05-17,0.27960683917576296,0.30478795048722795,0.19724014837643997,0.19253397987010784,0.0,0.0
2016-05-18,0.28050848570626447,0.30410522941621587,0.19716590549680424,0.192396991160587,0.0,0.0
2016-05-19,0.2805913970975486,0.30364196671874666,0.19825418284467872,0.19154448976025068,0.0,0.0
2016-05-20,0.28212470296591363,0.3043891258156846,0.19716579807959075,0.19049294017123175,0.0,0.0
2016-05-22,0.2828543666670126,0.3051763723551831,0.19767573118521553,0.1883972640190463,0.0,0.0
2016-05-23,0.28389555499162605,0.3058442460728182,0.19866452271019194,0.18556782979947536,0.0,0.0
2016-05-24,0.28680190790360016,0.3070171428025642,0.19326585303385996,0.18713514777278084,0.0,0.0
2016-05-25,0.28663380474911687,0.30745884250467037,0.1926851331962218,0.18763932981454423,0.0,0.0
2016-05-26,0.28776932774109426,0.3088308199822938,0.1925792132279573,0.18520941267019414,0.0,0.0
2016-05-27,0.2889552803226382,0.30807682570078243,0.19237204069683206,0.1850101684102974,0.0,0.0
2016-05-29,0.28933104481889865,0.3084774563211668,0.1924395503901379,0.18413097808726203,0.0,0.0
2016-05-30,0.28945789078779854,0.3086126962911994,0.19051505765659674,0.18578013805646862,0.0,0.0
2016-05-31,0.2982862558584204,0.31138809393765515,0.19694778747633696,0.19337786272758753,0.0,0.0
2016-06-01,0.2985549760481598,0.3114264191843454,0.1963845920363491,0.19363401273114572,0.0,0.0
2016-06-02,0.29923842643967286,0.3117754101532777,0.19554479138980813,0.19344137201724126,0.0,0.0
2016-06-03,0.29742263685765613,0.3141249206582332,0.19527648789638227,0.19317595458772838,0.0,0.0
2016-06-05,0.29805825584664836,0.3147962339334955,0.19531632737104784,0.19182918284880826,0.0,0.0
2016-06-06,0.29746475390988514,0.31530260831588197,0.19578538196305248,0.19144725581118047,0.0,0.0
2016-06-07,0.2958423591185592,0.3169980131670481,0.19568018726990394,0.19147944044448884,0.0,0.0
2016-06-08,0.2950604783977808,0.3169545807942202,0.1961931688314731,0.1917917719765259,0.0,0.0
2016-06-09,0.29622324714710174,0.3144018906753641,0.1964138807512879,0.19296098142624624,0.0,0.0
2016-06-10,0.2962721658671143,0.3098201805828189,0.19870037438658877,0.195207279163478,0.0,0.0
2016-06-12,0.29652086775641323,0.3100802551802026,0.19836140617471856,0.1950374708886655,0.0,0.0
2016-06-13,0.2954007815899014,0.30697141776743203,0.1998801293454902,0.19774767129717633,0.0,0.0
2016-06-14,0.2958571089872159,0.30371855889033755,0.20018889893881422,0.2002354331836322,0.0,0.0
2016-06-15,0.2937385280306113,0.30459420867804843,0.20249419391246634,0.19917306937887394,0.0,0.0
2016-06-16,0.29543499892663333,0.30544607994454126,0.20337807539086777,0.19574084573795775,0.0,0.0
2016-06-17,0.29225910565223767,0.308229651137618,0.20357799001683002,0.19593325319331414,0.0,0.0
2016-06-19,0.29277875825836225,0.30877770024336304,0.20327120520830075,0.19517233628997394,0.0,0.0
2016-06-20,0.29111555502172215,0.31190018496731364,0.20277219937617008,0.19421206063479407,0.0,0.0
2016-06-21,0.290730201190997,0.3131652108121047,0.20233321670326096,0.19377137129363742,0.0,0.0
2016-06-22,0.29004184644185144,0.31310930550628574,0.2035966480889301,0.19325219996293283,0.0,0.0
2016-06-23,0.29030242287577823,0.3170798010143032,0.20171692446091505,0.1909008516490035,0.0,0.0
2016-06-24,0.28881492043117674,0.3037998886855274,0.20930404270053954,0.19808114818275638,0.0,0.0
2016-06-26,0.29048441426167526,0.3055560030826279,0.20728760569060067,0.1966719769650962,0.0,0.0
2016-06-27,0.2890756839703955,0.30428619555843395,0.2112786367403134,0.19535948373085715,0.0,0.0
2016-06-28,0.290954831836246,0.3075542820654003,0.20567238211751776,0.19581850398083595,0.0,0.0
2016-06-29,0.2918618921204164,0.3091357163177933,0.204313269089828,0.19468912247196224,0.0,0.0
2016-06-30,0.29285416566554995,0.2929831641257039,0.2066099710057317,0.19964341362816657,0.0,0.0
2016-07-01,0.2936317862772983,0.29318002998766135,0.20612352750707216,0.19917337222533937,0.0,0.0
2016-07-03,0.29363160418574175,0.293179848176255,0.20612339968251187,0.19917324871081857,0.0,0.0
2016-07-04,0.2936314220801014,0.2931796663507865,0.20612327184806506,0.1991731251867446,0.0,0.0
2016-07-05,0.29403005126797094,0.2896773200146171,0.20767127933580506,0.20066893634082392,0.0,0.0
2016-07-06,0.2958683049292671,0.28863962901797835,0.2072716003754368,0.20028273391499296,0.0,0.0
2016-07-07,0.29676787543871447,0.28770394985705594,0.20728930226285056,0.20029983892310918,0.0,0.0
2016-07-08,0.29859432925912727,0.28968747315041743,0.2053883586323818,0.19846299206787693,0.0,0.0
2016-07-10,0.2971069839660144,0.2882444943077412,0.20595569749847228,0.20086454820232813,0.0,0.0
2016-07-11,0.29787619703605067,0.2911925402331771,0.20373073948793324,0.19939594048052664,0.0,0.0
2016-07-12,0.2975130172203589,0.2933298095365368,0.2032481113660619,0.19815253780450348,0.0,0.0
2016-07-13,0.2971258538245214,0.2932567803810274,0.20347640808137085,0.19837511096007598,0.0,0.0
2016-07-14,0.29723093644457144,0.29416848849993565,0.20295048108832187,0.19793361963950182,0.0,0.0
2016-07-15,0.2973309387612007,0.2932722903133823,0.20334564701848787,0.1983190172128238,0.0,0.0
2016-07-17,0.2975643801838107,0.29350254519687374,0.20271956708727695,0.19847472207724748,0.0,0.0
2016-07-18,0.29833762382185086,0.2935280971221537,0.20190981881834927,0.19851598106434784,0.0,0.0
2016-07-19,0.29887405790403787,0.2923875457441899,0.20222564784688013,0.19876156073125334,0.0,0.0
2016-07-20,0.30086269467005505,0.2932646826909147,0.20122037302033935,0.19693898732748363,0.0,0.0
2016-07-21,0.3008162346382592,0.2932255441792817,0.20086690797281992,0.19736091823491428,0.0,0.0
2016-07-22,0.3016079165275847,0.29304803690533676,0.20056271608834184,0.19706203580452245,0.0,0.0
2016-07-24,0.30280951691962693,0.2942155348944039,0.19821546559388376,0.19700882535277994,0.0,0.0
2016-07-25,0.30344863870945243,0.2942744858488235,0.19625183205096938,0.19825810178230582,0.0,0.0
2016-07-26,0.30334460141242964,0.2949752449592034,0.19596042241852868,0.19796371308812144,0.0,0.0
2016-07-27,0.30569608808609344,0.29655198161248236,0.1961178763659206,0.19387119386722923,0.0,0.0
2016-07-28,0.3075647038541875,0.2969909000383338,0.19584056361299035,0.19182008010312182,0.0,0.0
2016-07-29,0.30709973173738786,0.29890972148803935,0.19512025494799454,0.19111455892165954,0.0,0.0
2016-07-31,0.29864334155633354,0.2912089495333981,0.20738830654578752,0.20275940236448087,0.0,0.0
2016-08-01,0.29937755905781355,0.28889254285326477,0.20510835414477604,0.2066215439441456,0.0,0.0
2016-08-02,0.29984441688411734,0.28991771484340445,0.2052899044141015,0.2049479638583767,0.0,0.0
2016-08-03,0.3004306564991515,0.28906885686583583,0.20672211887958195,0.20377836775543062,0.0,0.0
2016-08-04,0.3008037068975453,0.2901720495862048,0.2046825862470833,0.20434165726916662,0.0,0.0
2016-08-05,0.3024611546030523,0.2901702091672849,0.20385409261473778,0.20351454361492508,0.0,0.0
2016-08-07,0.30168054542634226,0.28942132117080444,0.2050224247911333,0.20387570861172002,0.0,0.0
2016-08-08,0.3009841054719375,0.29056780119614883,0.2039309277932721,0.20451716553864155,0.0,0.0
2016-08-09,0.30021137009201077,0.2916068002879501,0.20377972961358987,0.2044021000064494,0.0,0.0
2016-08-10,0.3000030698205477,0.2927364044882395,0.20247482326588614,0.20478570242532673,0.0,0.0
2016-08-11,0.30067461201699636,0.2946576018795884,0.20206173139072117,0.2026060547126941,0.0,0.0
2016-08-12,0.30109028541869826,0.29395899739447384,0.20220300664549026,0.2027477105413376,0.0,0.0
2016-08-14,0.30107853861581885,0.2939475288132401,0.20135264683717408,0.20362128573376703,0.0,0.0
2016-08-15,0.3019688849321796,0.29530680795369807,0.2002487808543931,0.20247552625972928,0.0,0.0
2016-08-16,0.3023506314166143,0.29641238656204005,0.19737973427295183,0.20385724774839387,0.0,0.0
2016-08-17,0.3043105454748324,0.2977995429601376,0.19575008970224983,0.2021398218627801,0.0,0.0
2016-08-18,0.3042185164754379,0.29900348359821616,0.19564089649050578,0.20113710343584024,0.0,0.0
2016-08-19,0.3047410420203501,0.2976978840111255,0.1960270099031916,0.20153406406533275,0.0,0.0
2016-08-21,0.3055343037971641,0.2984728119658861,0.1948283201255605,0.20116456411138928,0.0,0.0
2016-08-22,0.3077555755284045,0.2998183779790157,0.192653993750252,0.1997720527423278,0.0,0.0
2016-08-23,0.3068064952286956,0.29921330201579915,0.19428449611566612,0.19969570663983924,0.0,0.0
2016-08-24,0.3057268034623734,0.29924434681459733,0.19743558101212277,0.19759326871090657,0.0,0.0
2016-08-25,0.30696271194081765,0.30028147595729054,0.19855675469755468,0.1941990574043371,0.0,0.0
2016-08-26,0.3078840296895077,0.29875485186788836,0.19886276585997756,0.1944983525826263,0.0,0.0
2016-08-28,0.30650987144783715,0.2974214392763118,0.19883598960639662,0.19723269966945445,0.0,0.0
2016-08-29,0.3063599775188446,0.2981873042692873,0.19588937884957952,0.19956333936228854,0.0,0.0
2016-08-30,0.3044595553646683,0.2967780647584727,0.19530897355271684,0.2034534063241422,0.0,0.0
2016-08-31,0.2898145954933206,0.2730970834973018,0.22492867416871623,0.2121596468406613,0.0,0.0
2016-09-01,0.28976433795342044,0.2743461860529078,0.22431174022892633,0.21157773576474548,0.0,0.0
2016-09-02,0.28954036672148864,0.27632026649835245,0.22341112191879428,0.21072824486136457,0.0,0.0
2016-09-04,0.2890102679386262,0.27581437145301013,0.2220407958560518,0.21313456475231185,0.0,0.0
2016-09-05,0.2884732933868201,0.27530191457890313,0.2216282490711646,0.21459654296311223,0.0,0.0
2016-09-06,0.28920331100932994,0.2771024762527717,0.22081281333040687,0.21288139940749148,0.0,0.0
2016-09-07,0.28946347375073694,0.2776661701372951,0.2199239815137544,0.2129463745982136,0.0,0.0
2016-09-08,0.2882411787832732,0.2772213797930164,0.22124213817018187,0.2132953032535285,0.0,0.0
2016-09-09,0.28484783023762517,0.2746453706879614,0.22428140089934298,0.21622539817507055,0.0,0.0
2016-09-11,0.28484783023762517,0.2746453706879614,0.22428140089934298,0.21622539817507055,0.0,0.0
2016-09-12,0.2878044921725356,0.27495970714666124,0.22261599163982665,0.21461980904097655,0.0,0.0
2016-09-13,0.2878149198732378,0.27098914618907943,0.22463226979141765,0.21656366414626513,0.0,0.0
2016-09-14,0.2887560425080247,0.27070684219074675,0.22429683622482344,0.2162402790764052,0.0,0.0
2016-09-15,0.2911709051978684,0.2714048144713454,0.22271195492581455,0.21471232540497162,0.0,0.0
2016-09-16,0.2920122115327648,0.269090135748793,0.22346211366080856,0.2154355390576337,0.0,0.0
2016-09-18,0.2940030700895247,0.27092471792767914,0.21816789295835295,0.2169043190244432,0.0,0.0
2016-09-19,0.2956806049405602,0.2754572328915063,0.21643570610318336,0.21242645606475022,0.0,0.0
2016-09-20,0.29561481591177347,0.27630002729173775,0.2199076077687697,0.2081775490277192,0.0,0.0
2016-09-21,0.29664494501202143,0.27972490555729945,0.22242822061291947,0.20120192881775967,0.0,0.0
2016-09-22,0.29749859415655194,0.2810054174749577,0.22130767324819114,0.20018831512029925,0.0,0.0
2016-09-23,0.2970355711126949,0.27942161562246104,0.22238236450945761,0.2011604487553864,0.0,0.0
2016-09-25,0.29590857104567697,0.2783614456961686,0.22251022983917107,0.20321975341898332,0.0,0.0
2016-09-26,0.2944185285978791,0.2765334662125039,0.22325765709450293,0.2057903480951141,0.0,0.0
2016-09-27,0.3002277006672585,0.28108927933757877,0.21755877687790154,0.20112424311726113,0.0,0.0
2016-09-28,0.3043499686716516,0.286915591645478,0.21618929359292077,0.19254514608994971,0.0,0.0
2016-09-29,0.30023235046565916,0.2815458931341022,0.2207606692378641,0.19746108716237462,0.0,0.0
2016-09-30,0.28912724982012533,0.2735936309327076,0.222047771535976,0.21523134771119098,0.0,0.0
2016-10-02,0.29003634693401953,0.27445388599484893,0.22274595196820982,0.21276381510292178,0.0,0.0
2016-10-03,0.2938783193754108,0.278549539498702,0.21487130413994618,0.212700836985941,0.0,0.0
2016-10-04,0.29023589432970454,0.27442404534114057,0.21654072603278438,0.2187993342963706,0.0,0.0
2016-10-05,0.29184412434743967,0.27697387335799734,0.21194818053320316,0.2192338217613598,0.0,0.0
2016-10-06,0.29092090838812673,0.27508589120555665,0.2163936804124966,0.21759951999381996,0.0,0.0
2016-10-07,0.2909274458174175,0.2741170816902463,0.2168734796306803,0.21808199286165586,0.0,0.0
2016-10-09,0.2949858986471885,0.2779410290759891,0.21684478915897945,0.21022828311784283,0.0,0.0
2016-10-10,0.2942405147363128,0.2767151237696142,0.21897237803601538,0.21007198345805747,0.0,0.0
2016-10-11,0.2895966081955355,0.2720219353901731,0.22165659432726598,0.21672486208702535,0.0,0.0
2016-10-12,0.28943127170829497,0.2719153671993563,0.21869528866946564,0.21995807242288315,0.0,0.0
2016-10-13,0.2903059721669304,0.2722436060790377,0.21710017675930937,0.22035024499472258,0.0,0.0
2016-10-14,0.29039213815418397,0.27255060807831794,0.21690505330044899,0.22015220046704922,0.0,0.0
2016-10-16,0.2910111282650176,0.27313156778395786,0.21736740081383638,0.21848990313718827,0.0,0.0
2016-10-17,0.29088579148033883,0.2732691805483827,0.2168509661135905,0.21899406185768805,0.0,0.0
2016-10-18,0.2914257771277412,0.2746624905746326,0.21432554057765174,0.2195861917199745,0.0,0.0
2016-10-19,0.2902296358803837,0.2745327433369099,0.21547763731758762,0.21975998346511869,0.0,0.0
2016-10-20,0.28670531297347623,0.2715817912648348,0.21809357833295492,0.2236193174287341,0.0,0.0
2016-10-21,0.287624735493647,0.2708962401798418,0.21797810545757093,0.2235009188689403,0.0,0.0
2016-10-23,0.28532479375363956,0.26873006497612933,0.2221592997793642,0.22378584149086697,0.0,0.0
2016-10-24,0.287715770166091,0.2679424531467199,0.22136054154635587,0.22298123514083323,0.0,0.0
2016-10-25,0.2831558574713089,0.26436035595456003,0.22826006191237294,0.2242237246617581,0.0,0.0
2016-10-26,0.28082900365867974,0.2623393993339742,0.2308933837790753,0.22593821322827068,0.0,0.0
2016-10-27,0.27995485002117093,0.2624863080217389,0.22925329076060857,0.22830555119648163,0.0,0.0
2016-10-28,0.27881809631936555,0.2626013984632491,0.22976518047400607,0.2288153247433794,0.0,0.0
2016-10-30,0.2785249083417356,0.26232526296862163,0.22853422875985607,0.23061559992978672,0.0,0.0
2016-10-31,0.2776856593187193,0.2621329857814218,0.21874191150493086,0.2112788305977601,0.0,0.0
2016-11-01,0.2754238670020557,0.2609124674019009,0.22237350155532498,0.21114612643329042,0.0,0.0
2016-11-02,0.2736156753133819,0.2592363753353262,0.22364100341014417,0.21331663817503366,0.0,0.0
2016-11-03,0.269989528964271,0.25792554305796095,0.22756547446397887,0.2144317201393952,0.0,0.0
2016-11-04,0.2699296780308248,0.25642655930556296,0.22831575708127944,0.2151387008120891,0.0,0.0
2016-11-06,0.2684193568656332,0.2549917913220579,0.22985272000794296,0.2167133842706422,0.0,0.0
2016-11-07,0.26954195344669296,0.25475654046656826,0.2291387757772193,0.217111718832981,0.0,0.0
2016-11-08,0.267943719012246,0.2523380472918144,0.22902846045518455,0.22160109811434675,0.0,0.0
2016-11-09,0.2689854738071749,0.2507428259098344,0.2288635904844925,0.22233809035547936,0.0,0.0
2016-11-10,0.26387729873755367,0.2482149021252143,0.2345416171122927,0.2243778334730467,0.0,0.0
2016-11-11,0.264557100728003,0.24648706179909907,0.23504432103361567,0.22485875288570192,0.0,0.0
2016-11-13,0.26241928497502565,0.2444952652373391,0.2394461853966649,0.2248190038524217,0.0,0.0
2016-11-14,0.26114238987345595,0.2440425682154558,0.24161811002496694,0.22422189922756283,0.0,0.0
2016-11-15,0.26494219050859763,0.24623575460493807,0.23634684425736938,0.22347845999981067,0.0,0.0
2016-11-16,0.26384836953264673,0.2414837163089913,0.2429468479185419,0.22301221117938355,0.0,0.0
2016-11-17,0.26565348442041975,0.24255233489248404,0.24194723403660415,0.2211480597667048,0.0,0.0
2016-11-18,0.2654568748956456,0.24126753983684798,0.2426749255179721,0.2218131947076107,0.0,0.0
2016-11-20,0.2676211199214792,0.2432345714806593,0.23649824444717285,0.22362161689859336,0.0,0.0
2016-11-21,0.2709869754064158,0.246076628458404,0.22974347137578582,0.2241036299449854,0.0,0.0
2016-11-22,0.2688791300930586,0.24442977589975814,0.23445246105815007,0.22346073370918962,0.0,0.0
2016-11-23,0.2652534867557284,0.241114240248157,0.24290574535796575,0.22221936842227022,0.0,0.0
2016-11-24,0.2638443417810722,0.23983333373069948,0.24692553979833423,0.22103883990174641,0.0,0.0
2016-11-25,0.2642483109659945,0.2402572631312453,0.24651254475450282,0.22066914162975632,0.0,0.0
2016-11-27,0.26308546197710486,0.2391999889542251,0.24982612041733396,0.21969806678244605,0.0,0.0
2016-11-28,0.2614922239115784,0.23742012925475706,0.2541368903284018,0.21886507260440724,0.0,0.0
2016-11-29,0.2620998994884712,0.2382413611251092,0.25384931419786083,0.21775331786142765,0.0,0.0
2016-11-30,0.2874100851253274,0.23855596860622982,0.21471800705612365,0.21575886431426766,0.0,0.0
2016-12-01,0.28385987706113436,0.2388738282825178,0.21579389045376918,0.21769363862375535,0.0,0.0
2016-12-02,0.28407673910671677,0.2392383814923103,0.21552945242730656,0.21742687260897114,0.0,0.0
2016-12-04,0.28446745417933694,0.23956742653095808,0.21359321067373277,0.2185797694924858,0.0,0.0
2016-12-05,0.2856240815103629,0.24048846431516843,0.21503076060984938,0.21522246110350016,0.0,0.0
2016-12-06,0.285464652389809,0.24119542105476188,0.2143959026611906,0.21543519850070025,0.0,0.0
2016-12-07,0.28752401326445376,0.2433666322011504,0.21324235836883082,0.21258886665485188,0.0,0.0
2016-12-08,0.2875815232492949,0.24320058909017844,0.21290728007542037,0.2130970874805402,0.0,0.0
2016-12-09,0.28901222517504194,0.24310199508046254,0.21230130054774143,0.21249056772050443,0.0,0.0
2016-12-11,0.288768717632707,0.2428971692488808,0.2121224258724588,0.21315070090915264,0.0,0.0
2016-12-12,0.2884233517923827,0.24251786692509553,0.21283046427009125,0.2130202031937168,0.0,0.0
2016-12-13,0.2900384527245976,0.24331022552570536,0.2113571852552065,0.21238175074624271,0.0,0.0
2016-12-14,0.2907978165536536,0.24035259294369138,0.21235129749509948,0.21338068199947552,0.0,0.0
2016-12-15,0.29097253541387513,0.23979390094932998,0.2121435672159179,0.2140111796526987,0.0,0.0
2016-12-16,0.29031567203302416,0.23976470298920322,0.21245220727734943,0.21432253683642993,0.0,0.0
2016-12-18,0.290590266015899,0.239991483528764,0.2133864321763924,0.21284273524730818,0.0,0.0
2016-12-19,0.2915116247962242,0.23939200809726272,0.2124569250602631,0.21348682160002622,0.0,0.0
2016-12-20,0.29233154349498736,0.2398839199177965,0.21224153178656519,0.212430745675319,0.0,0.0
2016-12-21,0.2918282313847271,0.23937797987863135,0.2134967598477605,0.21222345432714315,0.0,0.0
2016-12-22,0.29194068796613143,0.2392211193813381,0.21271651149855353,0.21290614883298092,0.0,0.0
2016-12-23,0.29191823283369456,0.23958828945023158,0.21255857123693564,0.2127480677672007,0.0,0.0
2016-12-25,0.2917034383280469,0.23941199950872338,0.2131345821883044,0.21259152695918074,0.0,0.0
2016-12-26,0.2917024489887005,0.2394111875206561,0.21313385932254236,0.21259080593524105,0.0,0.0
2016-12-27,0.292979516123036,0.23933419670385378,0.2129684717216377,0.211586220603392,0.0,0.0
2016-12-28,0.2914903792468283,0.23954850600894492,0.21354743730011208,0.21216142846218233,0.0,0.0
2016-12-29,0.2910130404659796,0.2408592633891725,0.21276679826404155,0.21211476392743528,0.0,0.0
2016-12-30,0.29109421577466,0.2748879689617683,0.2181546739492575,0.21586314131431422,0.0,0.0
2017-01-01,0.29134379730082427,0.27512365539969735,0.2183417177773845,0.215190829522094,0.0,0.0
2017-01-02,0.28975617034615636,0.27362441726514286,0.22089585544224788,0.215723556946453,0.0,0.0
2017-01-03,0.2916695509429875,0.2749661463771696,0.21814174086756088,0.21522256181228216,0.0,0.0
2017-01-04,0.2925858887714738,0.2774822999830726,0.2168982290532565,0.2130335821921971,0.0,0.0
2017-01-05,0.2932151539764593,0.2790950333342924,0.2153991181519086,0.21229069453733962,0.0,0.0
2017-01-06,0.2953355556849394,0.27762672652991166,0.21507070100675585,0.2119670167783932,0.0,0.0
2017-01-08,0.2957742633203929,0.27803912849909607,0.21390472396765228,0.21228188421285876,0.0,0.0
2017-01-09,0.29582830682141087,0.2768742693848195,0.21398468070505688,0.2133127430887128,0.0,0.0
2017-01-10,0.298299009326174,0.27869518315519065,0.21008189180455303,0.21292391571408237,0.0,0.0
2017-01-11,0.30050747244979265,0.28229524992797606,0.20582971972672776,0.2113675578955034,0.0,0.0
2017-01-12,0.30005171624856264,0.2824273480854198,0.20359023167290408,0.21393070399311356,0.0,0.0
2017-01-13,0.3004908720461285,0.28280304498125014,0.20319289579233749,0.21351318718028386,0.0,0.0
2017-01-15,0.30139146540223666,0.28365062661214296,0.20080480600024883,0.21415310198537157,0.0,0.0
2017-01-16,0.3023289676194409,0.2845329445338046,0.1991746576835705,0.21396343016318392,0.0,0.0
2017-01-17,0.30164941730928885,0.2842511715424738,0.20083013317749507,0.2132692779707422,0.0,0.0
2017-01-18,0.30195537813361767,0.2826561556939272,0.20062538855303674,0.2147630776194184,0.0,0.0
2017-01-19,0.30223613358880513,0.2824344920509602,0.19940490245112222,0.2159244719091125,0.0,0.0
2017-01-20,0.30228514011991364,0.2832280203091587,0.1990003908084477,0.21548644876247997,0.0,0.0
2017-01-22,0.30137988333357507,0.2823798340987337,0.2013991535520861,0.21484112901560506,0.0,0.0
2017-01-23,0.30003055226727465,0.2816884808830512,0.2003349265183136,0.21794604033136053,0.0,0.0
2017-01-24,0.29937982432903737,0.28066416648004655,0.20225518005360757,0.21770082913730854,0.0,0.0
2017-01-25,0.29956793911189195,0.2806423791248618,0.20329033918440528,0.21649934257884113,0.0,0.0
2017-01-26,0.30024669443757834,0.2800787040085698,0.2020756676997799,0.2175989338540718,0.0,0.0
2017-01-27,0.3007936828769386,0.2795692377825869,0.20205760054419386,0.21757947879628062,0.0,0.0
2017-01-29,0.29998250554839856,0.27881529832056956,0.20005249776729042,0.2211496983637415,0.0,0.0
2017-01-30,0.2992757774222436,0.27858151455962477,0.19894584510237903,0.2231968629157526,0.0,0.0
2017-01-31,0.2918784335526074,0.2759478373093095,0.2091780010281814,0.21545900442632193,0.0,0.0
2017-02-01,0.292881353066556,0.27565496076851015,0.20923537523356886,0.2147169538331437,0.0,0.0
2017-02-02,0.29281364487013845,0.27619200534785054,0.20781406351914689,0.21566348209363342,0.0,0.0
2017-02-03,0.2930051194981779,0.27695347994764946,0.20735429244041875,0.21518634483869822,0.0,0.0
2017-02-05,0.29393527343647635,0.2778326774529352,0.2064544056139817,0.2142524774951015,0.0,0.0
2017-02-06,0.2949328901233293,0.27670348707596276,0.20690819028047164,0.21391313361647818,0.0,0.0
2017-02-07,0.29658125767824184,0.27663535250003946,0.20652446337728686,0.21270150547575858,0.0,0.0
2017-02-08,0.29733953042375544,0.2778447927174435,0.20435964805742415,0.2128912709155203,0.0,0.0
2017-02-09,0.29854727923912383,0.27886547657404026,0.2036630087927188,0.21135567542297057,0.0,0.0
2017-02-10,0.29887975388676946,0.27945670890228574,0.2032175485635507,0.210893389472429,0.0,0.0
2017-02-12,0.2991133475233014,0.2796751221873504,0.2025942181510452,0.2110582161397652,0.0,0.0
2017-02-13,0.29942446827986796,0.2797086314590454,0.20244361356598686,0.2108982683197474,0.0,0.0
2017-02-14,0.30070303183651376,0.2796638915980272,0.20262790671140973,0.2094727092387243,0.0,0.0
2017-02-15,0.30150263967001567,0.2801917325631299,0.20119568657039774,0.2096012565911639,0.0,0.0
2017-02-16,0.2987860001700941,0.27804891667891946,0.20714504858286362,0.20857611771442225,0.0,0.0
2017-02-17,0.29990507819505113,0.27717669847095955,0.20702392116561547,0.20845415348398938,0.0,0.0
2017-02-19,0.2998961637175188,0.277168459579288,0.2062482183157265,0.20924664619024405,0.0,0.0
2017-02-20,0.30154673632853385,0.2786939431411575,0.20428814577421042,0.2079891234356281,0.0,0.0
2017-02-21,0.3019557090120499,0.27900623088457843,0.20433263774530697,0.20724939559033903,0.0,0.0
2017-02-22,0.30200958109480225,0.2790084040796884,0.20351992449823494,0.20800700352642315,0.0,0.0
2017-02-23,0.3015660671595814,0.2800643580512526,0.20321428255396937,0.20768250936141183,0.0,0.0
2017-02-24,0.30270714491516865,0.278145688295957,0.2035916958531112,0.2080682211334736,0.0,0.0
2017-02-26,0.30270696680690234,0.27814552463927705,0.20359157606286313,0.20806809870930634,0.0,0.0
2017-02-27,0.30373410258807637,0.27856814265551455,0.2024801675339103,0.20771297215793336,0.0,0.0
2017-02-28,0.2917104168993003,0.2785633444335137,0.2150222540256572,0.2147039846415288,0.0,0.0
2017-03-01,0.29379653178133763,0.28056229720272974,0.21340261037205083,0.21223856064388177,0.0,0.0
2017-03-02,0.2927107267957856,0.27860995228245056,0.21532450673727038,0.21335481418449348,0.0,0.0
2017-03-03,0.2926542903449017,0.2795341112567701,0.2148886519730568,0.21292294642527143,0.0,0.0
2017-03-05,0.2929021920435354,0.27977089910951247,0.21588846793761016,0.211438440909342,0.0,0.0
2017-03-06,0.29263538215942164,0.2794798756724724,0.2161702891348603,0.2117144530332457,0.0,0.0
2017-03-07,0.2924746272907037,0.27914026296749994,0.21559588785605116,0.2127892218857452,0.0,0.0
2017-03-08,0.29399584372162413,0.2786603289207106,0.21633604204970436,0.21100778530796102,0.0,0.0
2017-03-09,0.29406649230324233,0.2788137022414222,0.2162226345109032,0.21089717094443225,0.0,0.0
2017-03-10,0.29426910165638714,0.2801059779186521,0.21546587264823577,0.21015904777672498,0.0,0.0
2017-03-12,0.29426910165638714,0.2801059779186521,0.21546587264823577,0.21015904777672498,0.0,0.0
2017-03-13,0.29433529947671333,0.2814885429889754,0.21515405759164102,0.20902209994267032,0.0,0.0
2017-03-14,0.2937130030517727,0.2794914590013553,0.21604085999506137,0.21075467795181055,0.0,0.0
2017-03-15,0.2924431514354869,0.28111954218017465,0.21540746907274866,0.21102983731158986,0.0,0.0
2017-03-16,0.29036435849267,0.28107014264276714,0.21643581422550143,0.21212968463906143,0.0,0.0
2017-03-17,0.29024146497505804,0.2812249417118068,0.21641970115989104,0.2121138921532442,0.0,0.0
2017-03-19,0.2892979109450174,0.2803106997473689,0.21651809618917875,0.213873293118435,0.0,0.0
2017-03-20,0.2899090247897489,0.28082254401905743,0.21597498880082708,0.2132934423903666,0.0,0.0
2017-03-21,0.2880292932400442,0.28141212596681847,0.21707073076175,0.21348785003138726,0.0,0.0
2017-03-22,0.2896843715094197,0.2818508533617906,0.21603891231908556,0.2124258628097041,0.0,0.0
2017-03-23,0.28784080148354296,0.28117854760152844,0.21601348301582007,0.21496716789910852,0.0,0.0
2017-03-24,0.28804472518971996,0.28156081422267626,0.2157196762891218,0.21467478429848205,0.0,0.0
2017-03-26,0.2885383565729345,0.28204333392197706,0.21689563022128533,0.21252267928380314,0.0,0.0
2017-03-27,0.28895759772485763,0.2825301820261329,0.21686218101240934,0.2116500392366002,0.0,0.0
2017-03-28,0.29064717352405295,0.2833386891208908,0.2135807346166802,0.21243340273837624,0.0,0.0
2017-03-29,0.2914640375801794,0.2832948925370857,0.21319315987638687,0.21204791000634815,0.0,0.0
2017-03-30,0.2911765085796486,0.28143107425485286,0.2142337957984885,0.21315862136701005,0.0,0.0
2017-03-31,0.2913113535055077,0.276271687022202,0.21708391467131236,0.21477699174371778,0.0,0.0
2017-04-03,0.29119522613580945,0.2763863632327666,0.219568230101067,0.2122939692738979,0.0,0.0
2017-04-04,0.29145530933967023,0.27642585932314595,0.21941609114390492,0.21214687065638724,0.0,0.0
2017-04-05,0.28911513568089464,0.27394818398088394,0.2234014651787457,0.21298150920627873,0.0,0.0
2017-04-06,0.2875617853014447,0.272388997323279,0.22610668268819523,0.2133920523203989,0.0,0.0
2017-04-07,0.2875518079984211,0.2721808431860214,0.22621874104045928,0.21349780930858242,0.0,0.0
2017-04-09,0.28709785785874525,0.27175115876622435,0.22827291984369202,0.21232809137909645,0.0,0.0
2017-04-10,0.2868040908436931,0.27097126575749547,0.22715034559936512,0.21452505323262547,0.0,0.0
2017-04-11,0.28659907706761173,0.27280998171461257,0.22306952643699396,0.21697013981807642,0.0,0.0
2017-04-12,0.28380394308283186,0.2715844533941047,0.22585037966966212,0.21821307219944958,0.0,0.0
2017-04-13,0.28330908087635975,0.270253043011056,0.2263556502502557,0.2195328047152446,0.0,0.0
2017-04-16,0.2851964615087417,0.27205344544659943,0.22622425969247145,0.215972708545,0.0,0.0
2017-04-17,0.28645884250369974,0.27330060650639126,0.22454268427623467,0.2151468137933992,0.0,0.0
2017-04-18,0.2881355771853197,0.2733603522934126,0.2237333472241441,0.21421555693418357,0.0,0.0
2017-04-19,0.2883828161909018,0.27177631689262893,0.2243896536469681,0.2148964143361188,0.0,0.0
2017-04-20,0.28962782888732735,0.2731506650475145,0.22430741452767794,0.2123614766746469,0.0,0.0
2017-04-21,0.2895479664837956,0.27325193687871024,0.22429640858706063,0.2123510568773049,0.0,0.0
2017-04-23,0.2895529881783389,0.2732566759476011,0.22511892299403383,0.21151872869325078,0.0,0.0
2017-04-24,0.2906040910172003,0.27666334887262584,0.2224297089715366,0.2097547330830992,0.0,0.0
2017-04-25,0.2936645450158279,0.279566680186802,0.21827196206891436,0.20794685496797422,0.0,0.0
2017-04-26,0.293152472670059,0.27855989211153637,0.21819820510889892,0.2095396149831731,0.0,0.0
2017-04-27,0.29466718409080694,0.27821449397340525,0.2172034424555229,0.20936547810384004,0.0,0.0
2017-04-28,0.2950343622154374,0.2780696456416611,0.2170903586408034,0.20925647501131583,0.0,0.0
2017-04-30,0.29377782214046105,0.2681981488286894,0.21895172426165171,0.21907230476919778,0.0,0.0
2017-05-01,0.29494539853479435,0.2675998393641342,0.22031317841359166,0.21714158368747996,0.0,0.0
2017-05-02,0.2947946470140127,0.2687060585153235,0.21983198097613452,0.21666731349452925,0.0,0.0
2017-05-03,0.29394081655057935,0.26786086204261145,0.22232474647067538,0.21587357493613377,0.0,0.0
2017-05-04,0.2946630955607571,0.26951448904726233,0.22035919709522053,0.21546321829676005,0.0,0.0
2017-05-05,0.29464811474014774,0.2711356341296875,0.21954709323218624,0.21466915789797858,0.0,0.0
2017-05-07,0.29444079018754044,0.27094485376752087,0.22181243947657814,0.2128019165683606,0.0,0.0
2017-05-08,0.2945827606641209,0.2690727414192714,0.22304674230050708,0.21329775561610054,0.0,0.0
2017-05-09,0.2952736277271382,0.26887638406975994,0.2227939631749307,0.21305602502817111,0.0,0.0
2017-05-10,0.29399196722201615,0.2680945525074344,0.22249909254640496,0.21541438772414437,0.0,0.0
2017-05-11,0.2946442546134229,0.26863230691247636,0.2223673732241038,0.2143560652499968,0.0,0.0
2017-05-12,0.29471096964455495,0.269443721701613,0.2219202540537539,0.2139250546000781,0.0,0.0
2017-05-14,0.29570743209918815,0.2703547517614581,0.221854967036525,0.21208284910282882,0.0,0.0
2017-05-15,0.2948837762853139,0.27047399655641136,0.22296928710189834,0.2116729400563765,0.0,0.0
2017-05-16,0.29470515731778774,0.2702605446652808,0.22352234883203864,0.21151194918489283,0.0,0.0
2017-05-17,0.2898492829559381,0.269492812442621,0.22720364991392386,0.21345425468751705,0.0,0.0
2017-05-18,0.2921463308683144,0.2684075914620949,0.22701870946427194,0.21242736820531874,0.0,0.0
2017-05-19,0.2919460390655142,0.27075678854868407,0.22590858076116965,0.21138859162463206,0.0,0.0
2017-05-21,0.29098077886089324,0.2698615862916041,0.2267757017898806,0.21238193305762196,0.0,0.0
2017-05-22,0.2925603285576379,0.26954388594335765,0.22529929274363064,0.21259649275537368,0.0,0.0
2017-05-23,0.293279117674993,0.2698806628765989,0.2256255742509822,0.21121464519742594,0.0,0.0
2017-05-24,0.29500711522534934,0.27081802867983207,0.22268848555508408,0.21148637053973454,0.0,0.0
2017-05-25,0.2972474455114086,0.27062481135440775,0.22167936938279797,0.21044837375138575,0.0,0.0
2017-05-26,0.2977293525925397,0.27020850383108047,0.22164571713797732,0.21041642643840255,0.0,0.0
2017-05-28,0.2986923206639165,0.27108245918529084,0.21912822829756282,0.21109699185322983,0.0,0.0
2017-05-29,0.2979811697474914,0.2704370440676611,0.22183318334986038,0.20974860283498717,0.0,0.0
2017-05-30,0.2980465047721545,0.2698376268712083,0.2224994891428981,0.20961637921373913,0.0,0.0
2017-05-31,0.2949322632712691,0.2715445430122055,0.21573901376946636,0.217784179947059,0.0,0.0
2017-06-01,0.2954574697336069,0.27280417172943267,0.21528516131677466,0.2164531972201858,0.0,0.0
2017-06-02,0.2971411765486807,0.2735631983801349,0.21406709890041786,0.21522852617076668,0.0,0.0
2017-06-04,0.29623311120747425,0.27272718749142555,0.2154306431982176,0.21560905810288264,0.0,0.0
2017-06-05,0.29538563662951656,0.2710987910188324,0.2164073042163572,0.21710826813529377,0.0,0.0
2017-06-06,0.29416728611554877,0.2704188690179426,0.21730316044765904,0.21811068441884948,0.0,0.0
2017-06-07,0.29437957968269524,0.2692920380799395,0.21753652073134244,0.21879186150602273,0.0,0.0
2017-06-08,0.29666328975437495,0.27083063416421155,0.21744196704850938,0.21506410903290404,0.0,0.0
2017-06-09,0.29170519517290433,0.2721104095857715,0.21929123807103404,0.2168931571702901,0.0,0.0
2017-06-11,0.2920817096700215,0.27246163238098026,0.21863328364998955,0.21682337429900875,0.0,0.0
2017-06-12,0.2913837756119627,0.2722468390854005,0.2196003878125421,0.21676899749009465,0.0,0.0
2017-06-13,0.2923875455558126,0.2731932013253799,0.217956471373575,0.21646278174523242,0.0,0.0
2017-06-14,0.2916963478127451,0.273575108098255,0.21713524189587377,0.21759330219312611,0.0,0.0
2017-06-15,0.29180054666317484,0.2720188769851099,0.22070310541547494,0.2154774709362403,0.0,0.0
2017-06-16,0.2903038819101005,0.2738616970173807,0.2205279542298957,0.21530646684262303,0.0,0.0
2017-06-18,0.28976353271559085,0.27335195203423857,0.21917415105591415,0.21771036419425627,0.0,0.0
2017-06-19,0.2880246421671331,0.26835314868910054,0.21980949049961035,0.22381271864415608,0.0,0.0
2017-06-20,0.28938099998978073,0.26901468694817837,0.2194747485055338,0.222129564556507,0.0,0.0
2017-06-21,0.28122226227792757,0.25897619119217313,0.22467619832506586,0.2351253482048335,0.0,0.0
2017-06-22,0.28035449993382405,0.2588215826376312,0.23002106074775935,0.23080285668078526,0.0,0.0
2017-06-23,0.2809530797992782,0.25900466299028174,0.2296308936889052,0.23041136352153485,0.0,0.0
2017-06-25,0.2809530797992782,0.25900466299028174,0.2296308936889052,0.23041136352153485,0.0,0.0
2017-06-26,0.27981890377846835,0.25984473974746314,0.22977769384841612,0.2305586626256524,0.0,0.0
2017-06-27,0.27623131732286715,0.26093907390931964,0.2310222050719636,0.2318074036958496,0.0,0.0
2017-06-28,0.27846577699824593,0.2615918647809732,0.22958102893427773,0.23036132928650305,0.0,0.0
2017-06-29,0.27572300944498296,0.2608218040037197,0.23133446331181415,0.23212072323948327,0.0,0.0
2017-06-30,0.2756719033645192,0.26114851684187484,0.22897232691527017,0.20348664720703086,0.0,0.0
2017-07-02,0.2752671109082684,0.26076505030687974,0.22863610741123555,0.2046538247432785,0.0,0.0
2017-07-03,0.2735698522016995,0.26217823372876503,0.22964563162090285,0.2037904985405927,0.0,0.0
2017-07-04,0.2780964754657072,0.26651636559001296,0.22677563371851756,0.19728338625603942,0.0,0.0
2017-07-05,0.28049004712002684,0.2658720900804038,0.2264988659862984,0.1958466332739145,0.0,0.0
2017-07-06,0.2801685964859282,0.2665370881398392,0.2258558978965035,0.19589506079490865,0.0,0.0
2017-07-07,0.28226113160723937,0.26592951368512485,0.22511477863863835,0.19525225445941813,0.0,0.0
2017-07-09,0.28337349107936677,0.2669775120821465,0.22416954284642146,0.19391074108785067,0.0,0.0
2017-07-10,0.2844415425566272,0.26715317924588605,0.22264027223901783,0.1942805099742013,0.0,0.0
2017-07-11,0.2838792470009393,0.2668349869254546,0.22369869093833314,0.1942504867354934,0.0,0.0
2017-07-12,0.28500088282703373,0.26743996105551043,0.22224947985080576,0.1942157793435417,0.0,0.0
2017-07-13,0.2844732082735656,0.2674096145821891,0.22135040051721405,0.19579623210845465,0.0,0.0
2017-07-14,0.2854572802416318,0.2683850995485047,0.22038126765999286,0.19493898242011873,0.0,0.0
2017-07-16,0.28520251242508254,0.2681455684854033,0.22078046634407097,0.19505918347527457,0.0,0.0
2017-07-17,0.2855920820901615,0.2676467815752754,0.2218679286565941,0.1940516179681081,0.0,0.0
2017-07-18,0.2873962111749481,0.2680734233885595,0.22089337119015173,0.19280412247277545,0.0,0.0
2017-07-19,0.28795763519899614,0.2683331381313204,0.21943979129650515,0.1935541504114016,0.0,0.0
2017-07-20,0.2871402901307416,0.2680492737790416,0.22296414062320263,0.1912561612682276,0.0,0.0
2017-07-21,0.2873079410742289,0.2674342098432387,0.2231872031240533,0.19144750180180553,0.0,0.0
2017-07-23,0.2882485058108737,0.2683097136187714,0.22154209336598127,0.1911738771602611,0.0,0.0
2017-07-24,0.2895864631578549,0.2681175810951794,0.21917971485680435,0.1923861367145281,0.0,0.0
2017-07-25,0.28890191315995173,0.26842997062598184,0.22070724207867418,0.19122243000267827,0.0,0.0
2017-07-26,0.28995836634570804,0.26989365591782094,0.22049835957269698,0.18889645786729636,0.0,0.0
2017-07-27,0.28920471075492094,0.2702131938047422,0.22071892492686532,0.1889936175043249,0.0,0.0
2017-07-28,0.28898721450258613,0.27039228339228244,0.22073695016221748,0.18900905186019945,0.0,0.0
2017-07-30,0.2896814295051033,0.2710418290132501,0.2200712429767796,0.18825439853940748,0.0,0.0
2017-07-31,0.293697350718311,0.2785520762910464,0.22680493402716306,0.20094563896347958,0.0,0.0
2017-08-01,0.29395754517260275,0.27982522734091814,0.22555588129195503,0.20066134619452397,0.0,0.0
2017-08-02,0.29444506629126665,0.2797447746867513,0.22439062051779574,0.2014195385041862,0.0,0.0
2017-08-03,0.29434180319597086,0.28025340769965307,0.22456748014782052,0.20083730895655552,0.0,0.0
2017-08-04,0.29457531180574875,0.28045291377966947,0.22433889546742983,0.20063287894715193,0.0,0.0
2017-08-06,0.2944840735674871,0.2803660496442748,0.22457913947237318,0.20057073731586486,0.0,0.0
2017-08-07,0.29342507927803396,0.27813244826561373,0.22696354261675744,0.20147892983959495,0.0,0.0
2017-08-08,0.29287728286607356,0.2768147028960528,0.22693219940160636,0.2033758148362673,0.0,0.0
2017-08-09,0.29406036988997586,0.2773883325353626,0.22537466325270605,0.20317663432195554,0.0,0.0
2017-08-10,0.29075613525222543,0.27584062122821784,0.2264786480752696,0.20692459544428712,0.0,0.0
2017-08-11,0.2923331597595605,0.2751942645147886,0.22599231949577092,0.20648025622987998,0.0,0.0
2017-08-13,0.2922757609627376,0.27514023089202516,0.22874512658623825,0.20383888155899899,0.0,0.0
2017-08-14,0.294359531531939,0.2758348010883232,0.2274469045380064,0.2023587628417314,0.0,0.0
2017-08-15,0.29481686902453885,0.27564145038971916,0.22733277200085233,0.20220890858488963,0.0,0.0
2017-08-16,0.29380249303500866,0.2760354777584755,0.22738874734445758,0.2027732818620583,0.0,0.0
2017-08-17,0.2900089086910982,0.2751944055076267,0.2285176776041273,0.2062790081971478,0.0,0.0
2017-08-18,0.2896290495890385,0.2758364188995803,0.22837989621927127,0.20615463529210992,0.0,0.0
2017-08-20,0.28880303169030086,0.275049737385906,0.22896446127376177,0.20718276965003135,0.0,0.0
2017-08-21,0.2875318767104831,0.274563429607668,0.23040394059291291,0.20750075308893595,0.0,0.0
2017-08-22,0.288751290756444,0.2730180500117566,0.22851651018393263,0.20971414904786675,0.0,0.0
2017-08-23,0.2868754774576293,0.2726891276951556,0.2278434373191338,0.21259195752808124,0.0,0.0
2017-08-24,0.2870862617394114,0.2733770586546153,0.2280741459334162,0.211462533672557,0.0,0.0
2017-08-25,0.28612332238865534,0.27488858724549214,0.22778948477039118,0.21119860559546133,0.0,0.0
2017-08-27,0.28613134136855656,0.2748962913572639,0.2284049465093893,0.21056742076479026,0.0,0.0
2017-08-28,0.2861757358915929,0.27393109713211866,0.2280380879486127,0.2118550790276757,0.0,0.0
2017-08-29,0.2873267968452921,0.27305825942763945,0.2280585166320475,0.21155642709502095,0.0,0.0
2017-08-30,0.28987732203678485,0.27175636982779633,0.2274107634450622,0.21095554469035674,0.0,0.0
2017-08-31,0.29143547864294206,0.2725194749194549,0.2229357938794592,0.20593701695042868,0.0,0.0
2017-09-01,0.29092410986196837,0.2731990399065069,0.2228495125201246,0.20585731451480546,0.0,0.0
2017-09-03,0.2909239459391671,0.27319888597099445,0.2228493869543323,0.20585719852336123,0.0,0.0
2017-09-04,0.29092378200366875,0.27319873202355854,0.22284926137881397,0.2058570825229326,0.0,0.0
2017-09-05,0.2897064054513499,0.272309746062946,0.22392588302885424,0.2068516121457236,0.0,0.0
2017-09-06,0.28979856282206834,0.2734061808018563,0.22331790854306774,0.20628999550352328,0.0,0.0
2017-09-07,0.2886403061496466,0.2736573892750271,0.22249663837253447,0.20806320651453655,0.0,0.0
2017-09-08,0.2868871633821413,0.274267334753634,0.2230774722863924,0.208606361536804,0.0,0.0
2017-09-10,0.2870712590471894,0.27444333226707157,0.2238134800398092,0.20750510179780204,0.0,0.0
2017-09-11,0.2884556758533222,0.2747062223114689,0.22174463070382006,0.2079734736527516,0.0,0.0
2017-09-12,0.2882977472936874,0.2743128459466103,0.22109269472289292,0.20919708968846049,0.0,0.0
2017-09-13,0.2888600819222897,0.27317719686688935,0.22092747944627572,0.20993093007783017,0.0,0.0
2017-09-14,0.2896571294456386,0.27628106087080057,0.21514128642971314,0.21175395509795344,0.0,0.0
2017-09-15,0.2902267085590233,0.27634625156904197,0.21482638616051702,0.21144401283363834,0.0,0.0
2017-09-17,0.29088648077892676,0.27697446935356274,0.21056951705835222,0.21439605906081324,0.0,0.0
2017-09-18,0.29013044415570893,0.2771396900413148,0.21237120747533952,0.2131938758854471,0.0,0.0
2017-09-19,0.29031130405162203,0.27777619925539565,0.21302681179906044,0.2117281682973691,0.0,0.0
2017-09-20,0.28978424741994807,0.2777520339763058,0.2132984063292994,0.2119981071464813,0.0,0.0
2017-09-21,0.28865849635851865,0.2779034386661125,0.21377869198525526,0.2124754649088035,0.0,0.0
2017-09-22,0.28835290126208424,0.27824718763916434,0.21375959545487505,0.2124564847937462,0.0,0.0
2017-09-24,0.28835273847516096,0.2782470305573268,0.21375947477890225,0.21245636485343228,0.0,0.0
2017-09-25,0.2908849134496904,0.2815308760919415,0.2124836671048023,0.20777534013655868,0.0,0.0
2017-09-26,0.2925999569376147,0.28175876807671557,0.21014735054422323,0.2081439950699829,0.0,0.0
2017-09-27,0.29388805355413083,0.28031097230909996,0.21160572051268292,0.20687832206634452,0.0,0.0
2017-09-28,0.29259851432048983,0.27965826992946113,0.21315884390620649,0.20729644723920312,0.0,0.0
2017-09-29,0.29980323792787733,0.2813834336773144,0.21232720741633598,0.20425648837170216,0.0,0.0
2017-10-01,0.3004448362580174,0.28198561243436926,0.21188006715749236,0.20345490439476588,0.0,0.0
2017-10-02,0.3011810071647924,0.28242417218103455,0.21100552761156707,0.20315106206679545,0.0,0.0
2017-10-03,0.30117733859055773,0.28331760412389256,0.2105545565273081,0.20271687792116833,0.0,0.0
2017-10-04,0.29986648900167573,0.2816544824646064,0.21122974340232015,0.2050273420983014,0.0,0.0
2017-10-05,0.302314100047693,0.2810935516266927,0.21029217679310644,0.2040816411273135,0.0,0.0
2017-10-06,0.3026642611155114,0.28082557899680777,0.21025060079842509,0.204041292991898,0.0,0.0
2017-10-08,0.3040574567525918,0.2821182488680273,0.21031959682157475,0.20127604542201713,0.0,0.0
2017-10-09,0.30627684018912504,0.2842899649207692,0.20545193754833257,0.20173357383391355,0.0,0.0
2017-10-10,0.3059316560514125,0.28638833178213235,0.20687687095871007,0.19855948766895432,0.0,0.0
2017-10-11,0.3066197284099788,0.28698397917658947,0.2085340525923401,0.1956200472657566,0.0,0.0
2017-10-12,0.30434421580681104,0.28548133204358556,0.2112602437493363,0.19668441404789605,0.0,0.0
2017-10-13,0.30464039689993977,0.2863632676747301,0.21065336504820517,0.19611940673931907,0.0,0.0
2017-10-15,0.3062152615912767,0.2878436471770747,0.20873886087613452,0.19496699617259877,0.0,0.0
2017-10-16,0.3069745121564639,0.28740834361622697,0.2064389998460801,0.1969448708303508,0.0,0.0
2017-10-17,0.3071986576329689,0.28645080979175713,0.20542676516332195,0.1986915362465694,0.0,0.0
2017-10-18,0.3070815191617682,0.28716859631313346,0.20589680586527553,0.19761882561266564,0.0,0.0
2017-10-19,0.30579860440200923,0.28617506227049033,0.20579702574504075,0.19999596178820409,0.0,0.0
2017-10-20,0.30641972364354414,0.28582483478741827,0.20566030708614674,0.1998630969929967,0.0,0.0
2017-10-22,0.3066007155793183,0.28599366200756376,0.20488190074168133,0.20029019028311773,0.0,0.0
2017-10-23,0.3073746731242844,0.2876280853787406,0.20281240043116663,0.19993079367970182,0.0,0.0
2017-10-24,0.3063066034152403,0.286787787491199,0.20297083279330777,0.20169217891699093,0.0,0.0
2017-10-25,0.3060965268323891,0.286711841959017,0.205112471821572,0.19982941057718526,0.0,0.0
2017-10-26,0.30771301415082036,0.2886054293457009,0.19862968243666063,0.20278283286035753,0.0,0.0
2017-10-27,0.3134240134055141,0.2870382257259523,0.19659065971601045,0.2007011761890696,0.0,0.0
2017-10-29,0.31098035395995177,0.284800287209655,0.20223795405450418,0.1997528153986268,0.0,0.0
2017-10-30,0.31123437571333323,0.28455306393134333,0.20344286248648694,0.19854411662613428,0.0,0.0
2017-10-31,0.3078802513560247,0.2911020643658275,0.20181893358627592,0.19887058258545892,0.0,0.0
2017-11-01,0.30675185716355347,0.2908323209996515,0.20234070633217033,0.19974801704412806,0.0,0.0
2017-11-02,0.3065258307926186,0.29209199368190636,0.20138107041063574,0.1996735974921624,0.0,0.0
2017-11-03,0.308763799975707,0.290774789284056,0.20091909232480457,0.1992155364332339,0.0,0.0
2017-11-05,0.3084846457105351,0.2905118989366788,0.201333938747419,0.19934300441080008,0.0,0.0
2017-11-06,0.30869997173023084,0.29080645354005646,0.20228061478939874,0.19788729904651764,0.0,0.0
2017-11-07,0.3082614973778445,0.2890974412167388,0.20543772976844563,0.19687829790290626,0.0,0.0
2017-11-08,0.3091116648171597,0.28974891843412953,0.20754955745874498,0.1932652116185907,0.0,0.0
2017-11-09,0.30857844705967125,0.28916113163118606,0.20798597216998094,0.1939486278598313,0.0,0.0
2017-11-10,0.30879693546253045,0.28863159888046336,0.20814678225252173,0.19409858458301515,0.0,0.0
2017-11-12,0.3088946863425493,0.2887229663441642,0.20851050944215163,0.19354561018723665,0.0,0.0
2017-11-13,0.3093315385797384,0.2875905086695748,0.20824977028669137,0.1945018710132313,0.0,0.0
2017-11-14,0.30887058476720164,0.2877792940861305,0.2081017476360915,0.19492133263992864,0.0,0.0
2017-11-15,0.3094000807035923,0.28800439108832576,0.20763910643050837,0.1946272485668883,0.0,0.0
2017-11-16,0.3103836089188493,0.28844654686640964,0.20775442052062917,0.1930893451228261,0.0,0.0
2017-11-17,0.30969874310068396,0.2884823775548912,0.20809052401125228,0.19340172356818133,0.0,0.0
2017-11-19,0.3097765914879888,0.28855489282451635,0.20635366787328488,0.19498810826961913,0.0,0.0
2017-11-20,0.3101953541479708,0.2897640254092054,0.20739135913739445,0.19232179929665408,0.0,0.0
2017-11-21,0.31192948564460854,0.29067105940853183,0.2045273079448913,0.19254636521330937,0.0,0.0
2017-11-22,0.311614941145047,0.29093436544672424,0.20347852334843475,0.19364708835886468,0.0,0.0
2017-11-23,0.31122829989236944,0.29057338395113247,0.2026335386991928,0.19524007359189838,0.0,0.0
2017-11-24,0.3115792179216427,0.2912277189107783,0.20212197669684218,0.19474717688966972,0.0,0.0
2017-11-26,0.311110884381557,0.29078997563162656,0.20240829911350117,0.19536739274335507,0.0,0.0
2017-11-27,0.3120572468210005,0.28966588280052863,0.20281891559341467,0.1951333518938872,0.0,0.0
2017-11-28,0.3118327488183106,0.2903173689715021,0.20333574992726292,0.1941905659710064,0.0,0.0
2017-11-29,0.3088981974305154,0.29091447322152053,0.20469858324140164,0.19516251209849078,0.0,0.0
2017-11-30,0.2957028642596849,0.29883478883631576,0.2059996246919363,0.19946272221206296,0.0,0.0
2017-12-01,0.2950606947649301,0.2986290589968412,0.20643040931586382,0.19987983692236488,0.0,0.0
2017-12-03,0.2938120851678059,0.29736534913761825,0.20854461155390808,0.20027795414066782,0.0,0.0
2017-12-04,0.29167864743663197,0.2977611119649124,0.21004365082972692,0.20051658976872874,0.0,0.0
2017-12-05,0.2923765482660888,0.2978899386972486,0.2098072926097593,0.19992622042690333,0.0,0.0
2017-12-06,0.2941588606814592,0.29669188525211315,0.2095352428366739,0.1996140112297537,0.0,0.0
2017-12-07,0.29458584768152996,0.296729288038173,0.20883048714609273,0.1998543771342043,0.0,0.0
2017-12-08,0.29489785076735375,0.29778277498429384,0.20813274672679363,0.19918662752155875,0.0,0.0
2017-12-10,0.2955246088517438,0.2984156645124063,0.2070745321204188,0.1989851945154311,0.0,0.0
2017-12-11,0.2974345491476371,0.2988622343190868,0.2059094297998357,0.19779378673344042,0.0,0.0
2017-12-12,0.2968116010884582,0.2985280124861703,0.2054559000257682,0.19920448639960328,0.0,0.0
2017-12-13,0.2971170564523221,0.29980669389128684,0.20467326221263415,0.1984029874437568,0.0,0.0
2017-12-14,0.297224176532159,0.29863381592009236,0.20459203212890884,0.19954997541883965,0.0,0.0
2017-12-15,0.2996210315987705,0.297551918159439,0.20392635080312654,0.19890069943866392,0.0,0.0
2017-12-17,0.2996173813112663,0.2975482930799747,0.20362526342004622,0.19920906218871273,0.0,0.0
2017-12-18,0.29915279376381976,0.2980540312302909,0.20339283896726212,0.1994003360386272,0.0,0.0
2017-12-19,0.298358496415762,0.29810403809998554,0.2031722929240539,0.20036517256019862,0.0,0.0
2017-12-20,0.2980049220341503,0.2979078961715596,0.20374352478519991,0.20034365700909015,0.0,0.0
2017-12-21,0.29781593093137526,0.29902142223974276,0.20358841029255925,0.19957423653632267,0.0,0.0
2017-12-22,0.29731436307720244,0.2997414560879298,0.20347808969422462,0.1994660911406431,0.0,0.0
2017-12-24,0.2977733698760116,0.300204209938115,0.20379222798748328,0.19823019219839014,0.0,0.0
2017-12-25,0.29786893967736383,0.3003005599129997,0.20415442495763247,0.19767607545200397,0.0,0.0
2017-12-26,0.2966221647349295,0.30072281563645126,0.203809678667333,0.19884534096128634,0.0,0.0
2017-12-27,0.29645567390441646,0.3011788200555636,0.20396614423467957,0.19839936180534032,0.0,0.0
2017-12-28,0.2960975173836895,0.30127717359149786,0.203472726319658,0.19915258270515457,0.0,0.0
2017-12-29,0.29469124046871364,0.30210011962975664,0.20376752130937073,0.19944111859215888,0.0,0.0
2017-12-31,0.294687870907865,0.2974678464193244,0.20704273279330082,0.20080154987950985,0.0,0.0
2018-01-01,0.29467725008293616,0.29745712540149266,0.2058280731620646,0.20203755135350648,0.0,0.0
2018-01-02,0.29870426842644177,0.29952345293860816,0.20173989893759545,0.20003237969735457,0.0,0.0
2018-01-03,0.29852135652058254,0.2983354678402643,0.20086638532995726,0.20227679030919588,0.0,0.0
2018-01-04,0.2971004570741782,0.29873991737020644,0.20015237873502606,0.2040072468205893,0.0,0.0
2018-01-05,0.298668303775712,0.2990792260191925,0.19920789626847824,0.2030445739366171,0.0,0.0
2018-01-07,0.2977737328850333,0.29818342433477807,0.19949141114693328,0.20455143163325534,0.0,0.0
2018-01-08,0.2980308881447961,0.2973370330003813,0.19888994362705995,0.20574213522776263,0.0,0.0
2018-01-09,0.2984592754596646,0.29785156957323317,0.1988706385830007,0.2048185163841016,0.0,0.0
2018-01-10,0.2981391972182561,0.29733131281307135,0.1982430589489049,0.20628643101976762,0.0,0.0
2018-01-11,0.2984039524852104,0.2974102604698945,0.19881948703563943,0.20536630000925563,0.0,0.0
2018-01-12,0.29910855338656617,0.29870686678208236,0.1978350907396742,0.2043494890916771,0.0,0.0
2018-01-14,0.2977947005632938,0.29739477839206807,0.1992765306402643,0.20553399040437378,0.0,0.0
2018-01-15,0.2975394632649875,0.29713988386364426,0.20026000679065697,0.2050606460807114,0.0,0.0
2018-01-16,0.29545961414383587,0.2957013321250674,0.20374042790037536,0.20509862583072125,0.0,0.0
2018-01-17,0.29754503361324136,0.29682661651523934,0.20069750003934342,0.20493084983217583,0.0,0.0
2018-01-18,0.29689958328332994,0.2958204285639325,0.2016540024323183,0.2056259857204194,0.0,0.0
2018-01-19,0.29717176606658424,0.2964492890470848,0.2012078744949755,0.2051710703913556,0.0,0.0
2018-01-21,0.2968232863580414,0.2961016565542264,0.20097192724336202,0.20610312984437032,0.0,0.0
2018-01-22,0.2987153499025526,0.29651895658510724,0.19954479507657744,0.20522089843576286,0.0,0.0
2018-01-23,0.2994176692215522,0.29589551863488617,0.19921914526271733,0.20546766688084436,0.0,0.0
2018-01-24,0.29810574158350756,0.2977946755014576,0.19935935400477073,0.20474022891026408,0.0,0.0
2018-01-25,0.2971662020835011,0.295896799320775,0.20189936218342355,0.2050376364123004,0.0,0.0
2018-01-26,0.29952065570514463,0.29650893657487604,0.2004275058328364,0.203542901887143,0.0,0.0
2018-01-28,0.29767013198223863,0.29467702010856867,0.2030785195493974,0.20457432835979536,0.0,0.0
2018-01-29,0.29716094965053275,0.29244594310927086,0.2031630273566285,0.20723007988356798,0.0,0.0
2018-01-30,0.29503123897547306,0.2900962816872456,0.20282289020915878,0.21204958912812238,0.0,0.0
2018-01-31,0.29432444140407216,0.28875460803975184,0.20214045034345604,0.20196199680285776,0.0,0.0
2018-02-01,0.2915157781495096,0.28820174196320314,0.20220152886316095,0.20527491448390647,0.0,0.0
2018-02-02,0.2892875315358228,0.28515364634084134,0.2047395324107013,0.20785149471112016,0.0,0.0
2018-02-04,0.2901643169932869,0.28601790263604754,0.20508225070885353,0.20572740913104628,0.0,0.0
2018-02-05,0.28554360379124455,0.2819635973350788,0.20981519920992778,0.20935016322066888,0.0,0.0
2018-02-06,0.2911770006360063,0.2859285668388207,0.20616897145234978,0.20348488536659717,0.0,0.0
2018-02-07,0.29109496667794893,0.28426975303117946,0.20967184000669348,0.20155203670311772,0.0,0.0
2018-02-08,0.28505619072871835,0.28284274442767243,0.2129030229833355,0.2054852195269389,0.0,0.0
2018-02-09,0.2878396306187452,0.28324617865511625,0.21133227270089638,0.2039691961183175,0.0,0.0
2018-02-11,0.2876743014494033,0.28308348787019677,0.21092039765904708,0.20471584084166314,0.0,0.0
2018-02-12,0.28859293230844285,0.2828985131625043,0.2090501457683222,0.2060459200123396,0.0,0.0
2018-02-13,0.29001624787023333,0.2829905574902648,0.20900247307800945,0.20458023767517558,0.0,0.0
2018-02-14,0.291820731094174,0.2847233947327183,0.20869988519105692,0.20150904083106377,0.0,0.0
2018-02-15,0.2922125850615008,0.2826458706783327,0.20822939792608194,0.2038881410178061,0.0,0.0
2018-02-16,0.2911840540877574,0.28326946056080315,0.20842723160626012,0.2040818501755138,0.0,0.0
2018-02-18,0.28989803160743544,0.28201839310310484,0.21000021595539176,0.20510251580150143,0.0,0.0
2018-02-19,0.28942167426534654,0.2815549834986523,0.20937852618267871,0.2066842840812642,0.0,0.0
2018-02-20,0.2902705608459228,0.2791932961848908,0.21123452591902378,0.20632799863925919,0.0,0.0
2018-02-21,0.29036496809851503,0.2791185164463403,0.21051709654818432,0.206983557117716,0.0,0.0
2018-02-22,0.2903947499777581,0.28009245251281717,0.21056429409706703,0.2059287004105874,0.0,0.0
2018-02-23,0.2936670707047879,0.2806833655518039,0.20866988583177545,0.20407599772995755,0.0,0.0
2018-02-25,0.29423012894054623,0.2812215296715842,0.20851834259184746,0.20310056195386653,0.0,0.0
2018-02-26,0.29696453325775307,0.2823239863491013,0.2079767354759366,0.19985491250264545,0.0,0.0
2018-02-27,0.29530799244620376,0.2794286529375363,0.21023948438312565,0.2020542821917436,0.0,0.0
2018-02-28,0.2696037153497228,0.3169175245327175,0.20087095175926703,0.19529321340937628,0.0,0.0
2018-03-01,0.26681813440588137,0.3152975452444191,0.20182920373122082,0.19863363686500318,0.0,0.0
2018-03-02,0.26828206733204396,0.3153616720556327,0.20109052469682806,0.19790665335436736,0.0,0.0
2018-03-04,0.26764734082934455,0.31461556027417853,0.2043151537028048,0.196102571418918,0.0,0.0
2018-03-05,0.2699633432850101,0.31512880568932605,0.20013221139843748,0.19749656776039506,0.0,0.0
2018-03-06,0.2684573628898799,0.31439434170623204,0.20209386556600978,0.19794278825679384,0.0,0.0
2018-03-07,0.26852727556343864,0.3133509118751001,0.20324326635915746,0.197800621895344,0.0,0.0
2018-03-08,0.2679534009090252,0.31164866200614066,0.20506015045458137,0.19838832983487031,0.0,0.0
2018-03-09,0.2709201630444589,0.31212633734595824,0.20337939110672032,0.19676225553843918,0.0,0.0
2018-03-11,0.2674102661827836,0.3080825953092424,0.20960462498256102,0.19830716190203504,0.0,0.0
2018-03-12,0.26880815665582797,0.30849957466786704,0.20857428512999138,0.19752274096781708,0.0,0.0
2018-03-13,0.2667885140488555,0.3081774586339919,0.21139249856399875,0.19694232996904973,0.0,0.0
2018-03-14,0.26767754213760486,0.30992979568324475,0.21213396113084296,0.19349961264910834,0.0,0.0
2018-03-15,0.26821962423488266,0.31049254452338954,0.2127495314812693,0.1917292590031081,0.0,0.0
2018-03-16,0.2678007041346799,0.31031383945435487,0.21305066300879083,0.19200063785988958,0.0,0.0
2018-03-18,0.2689800541207241,0.3116804102533837,0.21166854167062807,0.19076137484062503,0.0,0.0
2018-03-19,0.2664904210339406,0.31289917499530095,0.2095832260463254,0.19390748985493803,0.0,0.0
2018-03-20,0.2675684115439384,0.3138205809443284,0.20425563590000978,0.1972214684218946,0.0,0.0
2018-03-21,0.2664544766908057,0.3148529352094697,0.2042947849391901,0.1972592692441849,0.0,0.0
2018-03-22,0.2598973571958956,0.30801300793513153,0.21397709741497625,0.20097136510858246,0.0,0.0
2018-03-23,0.2557211366538267,0.3076244396256767,0.21623697340026762,0.2030938836735451,0.0,0.0
2018-03-25,0.2541736833919057,0.30576290229335296,0.21965213322693422,0.2031911919450099,0.0,0.0
2018-03-26,0.25767967908716133,0.30504763492900494,0.21726893141986614,0.2031702774015236,0.0,0.0
2018-03-27,0.2514417348824053,0.30438010501843515,0.21961667162995446,0.20758486018540204,0.0,0.0
2018-03-28,0.25159090152520386,0.30896734323948655,0.21732926424168986,0.20492676307145263,0.0,0.0
2018-03-29,0.2554872433120416,0.32506888333656103,0.20048175369331148,0.2022691153519567,0.0,0.0
2018-04-01,0.2567831755765597,0.32671776117737056,0.1985818868888107,0.20113818006351403,0.0,0.0
2018-04-02,0.25267229001826824,0.32592379286195056,0.19923774969638938,0.20516394954228656,0.0,0.0
2018-04-03,0.25339371728408877,0.32593416963375627,0.19953694263762958,0.20427282764203175,0.0,0.0
2018-04-04,0.25476102173106097,0.3231433417336389,0.20160863573014343,0.20379555932609122,0.0,0.0
2018-04-05,0.25431420564809554,0.3228848349480861,0.19915522226823051,0.20707665353285537,0.0,0.0
2018-04-06,0.25036018977452623,0.32272848628999534,0.2010907399329356,0.2090891567265755,0.0,0.0
2018-04-08,0.2501581534114788,0.3224680499575235,0.2009284631677072,0.20972609438390322,0.0,0.0
2018-04-09,0.2500954497013056,0.3222779163571804,0.20308220641162855,0.2079446432602011,0.0,0.0
2018-04-10,0.2539946239013068,0.32413381373640776,0.20060210543512944,0.20477349610646384,0.0,0.0
2018-04-11,0.2547745825399298,0.32618184569622205,0.1990126103579261,0.2033870245017787,0.0,0.0
2018-04-12,0.256287453595035,0.3250435217872014,0.19757290178671108,0.204551264700596,0.0,0.0
2018-04-13,0.2554805459992799,0.32499484095911024,0.19797604525772405,0.20496864737861387,0.0,0.0
2018-04-15,0.2538441852036714,0.3229132389551675,0.1986154479209664,0.20815210783094354,0.0,0.0
2018-04-16,0.2537058259937131,0.32099750009329386,0.19724208096681461,0.21171182681784748,0.0,0.0
2018-04-17,0.25631526716309944,0.3189111987373253,0.1974107782484403,0.2111985385088266,0.0,0.0
2018-04-18,0.2553740677412678,0.3188160360504337,0.19767958503526237,0.212057078699558,0.0,0.0
2018-04-19,0.2527683414493986,0.3168823447948955,0.19678084840248397,0.21751037527539752,0.0,0.0
2018-04-20,0.25017064784823684,0.3170520320212133,0.1978904944884073,0.21873691504556048,0.0,0.0
2018-04-22,0.25098485647254165,0.3180839136629862,0.1950186497704364,0.21970883451931905,0.0,0.0
2018-04-23,0.2496694357788101,0.3162355853728438,0.1975266881034285,0.22040737802297217,0.0,0.0
2018-04-24,0.24609887146173037,0.3170636714030262,0.1993870637959361,0.22117451069738192,0.0,0.0
2018-04-25,0.24820393349581948,0.31851355908438383,0.19776909648085117,0.21911667356054743,0.0,0.0
2018-04-26,0.25150779821379926,0.3186003590204054,0.19485758553001153,0.21876056136715955,0.0,0.0
2018-04-27,0.25144812150689755,0.31902588188154685,0.1946911788309662,0.21857374173271016,0.0,0.0
2018-04-29,0.25115462754201406,0.3186535101556706,0.19589033027383732,0.2180581597648064,0.0,0.0
2018-04-30,0.2464051616123805,0.33739710524884853,0.19684244619233973,0.20337679532764483,0.0,0.0
2018-05-01,0.24973442871027024,0.33685383393353635,0.19772393790073395,0.19967521477910816,0.0,0.0
2018-05-02,0.24892066608884608,0.33706618617882383,0.19896633032705044,0.19899046169190637,0.0,0.0
2018-05-03,0.2481148706527348,0.33651096742460485,0.19930027196280417,0.20006627721327896,0.0,0.0
2018-05-04,0.25132844754122474,0.33575088269399667,0.1981224642684981,0.19888394264668616,0.0,0.0
2018-05-06,0.2513271827125295,0.33574919300325523,0.19788446612080618,0.1991237247883712,0.0,0.0
2018-05-07,0.2526958527861917,0.33436676315542324,0.19826768441248419,0.19879822429909833,0.0,0.0
2018-05-08,0.2529864372087958,0.33533958685825643,0.19797985417956576,0.19778687803119707,0.0,0.0
2018-05-09,0.25795264009186597,0.33916477562003594,0.192195384219104,0.1946413043095403,0.0,0.0
2018-05-10,0.25816786205631265,0.3391554363454694,0.19373519163719916,0.19304571804215784,0.0,0.0
2018-05-11,0.25781284763901224,0.33968329393881846,0.19365143285691871,0.19296225734642708,0.0,0.0
2018-05-13,0.25560630775434434,0.336776050397252,0.19697779932917725,0.19488443526180205,0.0,0.0
2018-05-14,0.25476197698788117,0.33563440065965056,0.1971723642010767,0.19675349016748706,0.0,0.0
2018-05-15,0.2539979007591311,0.3349604583389796,0.19783029439499797,0.19740430564253925,0.0,0.0
2018-05-16,0.25566530719873526,0.33665212332537564,0.19663077774217308,0.19524425041135993,0.0,0.0
2018-05-17,0.2548906826185435,0.33613463026101115,0.19679194959904045,0.19636099601832693,0.0,0.0
2018-05-18,0.2543426227683636,0.3354406316261256,0.19738900779049615,0.19695674671541596,0.0,0.0
2018-05-20,0.2542198683304924,0.335278736518942,0.19681602129023287,0.19782079602421446,0.0,0.0
2018-05-21,0.2539359296240372,0.3352225974920346,0.19810861107387237,0.1969732212408193,0.0,0.0
2018-05-22,0.25268246553845886,0.33394377875495357,0.19998893141174867,0.19768122476016345,0.0,0.0
2018-05-23,0.2545154067742869,0.33094904384406754,0.20258638203944204,0.19626286038091686,0.0,0.0
2018-05-24,0.2540926301587859,0.3288662329558471,0.2039601287438368,0.19741490693402397,0.0,0.0
2018-05-25,0.2545897816597292,0.3279704206938332,0.2041544970072283,0.19760303778520885,0.0,0.0
2018-05-27,0.2545908713329964,0.3279718244445947,0.20557147559974404,0.19618226625180155,0.0,0.0
2018-05-28,0.25417017052233937,0.3274298646653847,0.2064099088500775,0.19633117956970358,0.0,0.0
2018-05-29,0.2542685843411498,0.3224608181505289,0.20811670714619146,0.19941818235423622,0.0,0.0
2018-05-30,0.25487782472008774,0.3247982392676399,0.20689643259723975,0.1977650108063189,0.0,0.0
2018-05-31,0.24012159237183772,0.34222114795125297,0.205203103040214,0.21245415663669537,0.0,0.0
2018-06-01,0.24220488803234802,0.3430257734161497,0.20378421144300496,0.21098512710849732,0.0,0.0
2018-06-03,0.23808649938569196,0.33719305277114436,0.20664979270219078,0.21807065514097285,0.0,0.0
2018-06-04,0.23940010536506803,0.3375718384874636,0.2088591960831562,0.2141688600643121,0.0,0.0
2018-06-05,0.24082861614904646,0.3377273199497786,0.2078747962630688,0.21356926763810602,0.0,0.0
2018-06-06,0.24158709209465193,0.33999478693426294,0.2068694077689219,0.21154871320216323,0.0,0.0
2018-06-07,0.2421154377973007,0.341083505803931,0.2037844541567362,0.2130166022420322,0.0,0.0
2018-06-08,0.2420803651454056,0.34120280082365373,0.20374327573601952,0.2129735582949212,0.0,0.0
2018-06-10,0.24297745049286923,0.34246720751334375,0.20152797541408315,0.21302736657970384,0.0,0.0
2018-06-11,0.24370126029946076,0.34413983120232317,0.1990710722244849,0.2130878362737311,0.0,0.0
2018-06-12,0.2446998804157852,0.34223136329896103,0.1999823556516067,0.21308640063364706,0.0,0.0
2018-06-13,0.24482809019927115,0.34186322800204516,0.20009851275287993,0.21321016904580375,0.0,0.0
2018-06-14,0.24691238321054576,0.3404378648920692,0.19977949963008645,0.2128702522672986,0.0,0.0
2018-06-15,0.24677518784853097,0.3393595523086201,0.20036797343389853,0.21349728640895038,0.0,0.0
2018-06-17,0.24677518784853097,0.3393595523086201,0.20036797343389853,0.21349728640895038,0.0,0.0
2018-06-18,0.24727616172005443,0.33777884446690787,0.20089071387250554,0.2140542799405321,0.0,0.0
2018-06-19,0.24761017946796113,0.3357038188838055,0.2017336022362285,0.21495239941200492,0.0,0.0
2018-06-20,0.2506078623488419,0.3378823151071953,0.199958773617871,0.21155104892609183,0.0,0.0
2018-06-21,0.24877433831159293,0.3356024013771525,0.20278481299730325,0.21283844731395118,0.0,0.0
2018-06-22,0.2474103201603755,0.3383259639312009,0.20212148400728683,0.21214223190113674,0.0,0.0
2018-06-24,0.2448393881652846,0.33481029391033484,0.2055074373853723,0.2148428805390082,0.0,0.0
2018-06-25,0.24198429830839863,0.33350384991024595,0.20802386706981807,0.21648798471153732,0.0,0.0
2018-06-26,0.24312337980877677,0.3339686817875638,0.2065338952615387,0.21637404314212066,0.0,0.0
2018-06-27,0.24182404819227385,0.3327296637251738,0.20826231793897762,0.21718397014357468,0.0,0.0
2018-06-28,0.2430805606622928,0.3332270937585495,0.20848868149536684,0.21520366408379082,0.0,0.0
2018-06-29,0.23925509990623367,0.338558882552507,0.20700556080654683,0.21305075964918924,0.0,0.0
2018-07-01,0.23879498838952626,0.33790779991724845,0.20729841192216417,0.21387303126603857,0.0,0.0
2018-07-02,0.2414823623102373,0.3361625387458609,0.20661659895069948,0.2136029475246451,0.0,0.0
2018-07-03,0.23954459358969316,0.33828977013866435,0.20689419094819606,0.21312805477904828,0.0,0.0
2018-07-04,0.2394889375084517,0.33821117148340835,0.2070782937141572,0.21307853634845522,0.0,0.0
2018-07-05,0.24238793653621013,0.34027601049436557,0.2051587790640674,0.21003469466309388,0.0,0.0
2018-07-06,0.24467357613938862,0.34050796166636205,0.20392107103226928,0.20876757058618756,0.0,0.0
2018-07-08,0.24580361268017878,0.3420806138717386,0.19999625980463673,0.20997968824525198,0.0,0.0
2018-07-09,0.24544754891108184,0.3422387270815107,0.1972377990366971,0.2129580858239585,0.0,0.0
2018-07-10,0.2443040375456142,0.34039452702481793,0.1984560627198908,0.2147387802945721,0.0,0.0
2018-07-11,0.24507101040348198,0.33741238670002105,0.1998646968122242,0.21552775246165687,0.0,0.0
2018-07-12,0.2476486155083098,0.33809501670612996,0.19877407820592283,0.2133719898236244,0.0,0.0
2018-07-13,0.24753228884438389,0.33875168777955883,0.1985147233920697,0.21309358806620382,0.0,0.0
2018-07-15,0.24717811891414984,0.33826700086381273,0.19868635125569015,0.21376366737157426,0.0,0.0
2018-07-16,0.24515585223047248,0.33585595501855375,0.20025211584595917,0.2166432608915737,0.0,0.0
2018-07-17,0.2460158429145356,0.3357635467557702,0.1988357752528873,0.21729721236178484,0.0,0.0
2018-07-18,0.24549608319189967,0.33587902841663275,0.19856471366133133,0.21797286212089909,0.0,0.0
2018-07-19,0.24503693539122215,0.33520458173198636,0.19850976223758868,0.2191546744407963,0.0,0.0
2018-07-20,0.24436863649162863,0.33692387939283064,0.19801265233324866,0.2186058653645125,0.0,0.0
2018-07-22,0.24412193389813486,0.336583737564282,0.1975868966919957,0.2196204103503014,0.0,0.0
2018-07-23,0.24447909617064317,0.3352407174424145,0.19747331796299292,0.22072326435990006,0.0,0.0
2018-07-24,0.24477765839585858,0.3367532929206838,0.19802686714830736,0.21836443199940422,0.0,0.0
2018-07-25,0.24634393430009688,0.3374563943599587,0.19520826318356344,0.21892902495631192,0.0,0.0
2018-07-26,0.24453064454612952,0.33853499554200417,0.19517856760108582,0.219676930906106,0.0,0.0
2018-07-27,0.24182831166402372,0.34020361232698354,0.19566240218446393,0.22022149528962975,0.0,0.0
2018-07-29,0.2419527512797444,0.34037867374346303,0.19598855868680978,0.21959460141258436,0.0,0.0
2018-07-30,0.23957803493056345,0.341420179901145,0.19684664414285297,0.22006043109606963,0.0,0.0
2018-07-31,0.23683014246189138,0.3381365284825064,0.20606592737104432,0.20752608191678212,0.0,0.0
2018-08-01,0.23785466858960122,0.3368559294052691,0.2073801590983279,0.20646099707460494,0.0,0.0
2018-08-02,0.2412513907894648,0.33409689644103746,0.20824192019049734,0.2049530328608228,0.0,0.0
2018-08-03,0.24152049986407953,0.33465161371066343,0.20783748922568396,0.20455498931250407,0.0,0.0
2018-08-05,0.24169941583459023,0.33489952027877545,0.20654549017472865,0.20541079527247874,0.0,0.0
2018-08-06,0.24312271762744014,0.33325210935816996,0.2060639102141848,0.2061155578255895,0.0,0.0
2018-08-07,0.24288920273824702,0.3339949304844313,0.20631811451034252,0.20540365974047173,0.0,0.0
2018-08-08,0.24366051858457277,0.33452418956270624,0.20576167989155913,0.20463625236283628,0.0,0.0
2018-08-09,0.24408772806022172,0.3342993957789215,0.20528337766331958,0.2048843030038239,0.0,0.0
2018-08-10,0.24427256248365636,0.33054571455291676,0.2070206081155385,0.2066181562481116,0.0,0.0
2018-08-12,0.2458081873784983,0.3326236975363095,0.20465437741785408,0.2052973011964417,0.0,0.0
2018-08-13,0.2487276284641433,0.3347324337003507,0.20211329131620326,0.2026582819877384,0.0,0.0
2018-08-14,0.2505389808803517,0.3359834747610285,0.19835043130042462,0.20334593640154214,0.0,0.0
2018-08-15,0.2509769446712502,0.3346550940195671,0.1986437646942017,0.20377530555480258,0.0,0.0
2018-08-16,0.2509844738794835,0.33554465498664293,0.19649412142745676,0.20506577447984298,0.0,0.0
2018-08-17,0.25046465497982395,0.33701157587812924,0.1960435855175421,0.2045955848648741,0.0,0.0
2018-08-19,0.2504644210584516,0.337011261126292,0.1960434024227076,0.20459539378290292,0.0,0.0
2018-08-20,0.2498041536402672,0.3383917193450502,0.19570070397367934,0.20423774581688495,0.0,0.0
2018-08-21,0.24993418084896976,0.33955421218948406,0.19508602097684094,0.20359624853497876,0.0,0.0
2018-08-22,0.25023535579290096,0.3403462983122857,0.19456603367835804,0.20305357785705497,0.0,0.0
2018-08-23,0.25073521384324665,0.3384379273180116,0.19523495278573363,0.2037516771885863,0.0,0.0
2018-08-24,0.2517526494158749,0.33954991457194056,0.1942225591870772,0.20269511999553275,0.0,0.0
2018-08-26,0.24942205257286798,0.33640653570073203,0.19905138659064148,0.20344840210845913,0.0,0.0
2018-08-27,0.24975850529835492,0.33800476522900985,0.1985251938150185,0.2021411882614535,0.0,0.0
2018-08-28,0.2489029580998737,0.3355901548317752,0.20118726729868436,0.20280486610242313,0.0,0.0
2018-08-29,0.25116863628219727,0.3364974611256324,0.198529315821334,0.20231665008172856,0.0,0.0
2018-08-30,0.2522776632019524,0.3342350634164945,0.2004879664717555,0.20143931033320736,0.0,0.0
2018-08-31,0.24255806494061674,0.33023757130015957,0.21873949581394303,0.20846486794528069,0.0,0.0
2018-09-02,0.24313331035924052,0.3310207555244993,0.21713214607671047,0.20871378803954974,0.0,0.0
2018-09-03,0.24200012376657623,0.32947794643141487,0.21955897884464382,0.208962950957365,0.0,0.0
2018-09-04,0.24083377295849553,0.3253188355317347,0.22182086025749406,0.21202653125227586,0.0,0.0
2018-09-05,0.242597025613828,0.32869755531728656,0.2188135627072073,0.209891856361678,0.0,0.0
2018-09-06,0.24224161829005564,0.3305266215527394,0.21801731520366122,0.20921444495354374,0.0,0.0
2018-09-07,0.24205390165832816,0.32939540528088795,0.21869036959097135,0.20986032346981248,0.0,0.0
2018-09-09,0.24087164830956032,0.32778655362307924,0.22250648625196007,0.20883531181540047,0.0,0.0
2018-09-10,0.2406882876649382,0.3270837709297573,0.2237526724661058,0.20847526893919863,0.0,0.0
2018-09-11,0.24164385687557835,0.3262579611661907,0.22265427019471049,0.2094439117635204,0.0,0.0
2018-09-12,0.2406563390486792,0.3274287393031009,0.22320694352414694,0.20870797812407293,0.0,0.0
2018-09-13,0.24334948903192916,0.3302319754932202,0.220091008030888,0.20632752744396274,0.0,0.0
2018-09-14,0.24268528550631854,0.3308119811383547,0.22013446579561058,0.20636826755971613,0.0,0.0
2018-09-16,0.24443202377888815,0.3331930152718143,0.2192794401838291,0.20309552076546833,0.0,0.0
2018-09-17,0.24066396916678065,0.33226799259626416,0.22067879908270713,0.20638923915424814,0.0,0.0
2018-09-18,0.24143083329735743,0.3340707967504622,0.22064345705746685,0.20385491289471352,0.0,0.0
2018-09-19,0.2401553445641648,0.3342919767390886,0.21964598721351467,0.20590669148323185,0.0,0.0
2018-09-20,0.24037992177966894,0.33462769758527583,0.21771271529651678,0.20727966533853834,0.0,0.0
2018-09-21,0.23931936717295724,0.33523705388097436,0.2179438526389819,0.20749972630708652,0.0,0.0
2018-09-23,0.23931936717295724,0.33523705388097436,0.2179438526389819,0.20749972630708652,0.0,0.0
2018-09-24,0.24026784439091098,0.33378710970422315,0.21820074132265221,0.20774430458221355,0.0,0.0
2018-09-25,0.23758952161476635,0.331188919609045,0.22073083108888195,0.21049072768730662,0.0,0.0
2018-09-26,0.23728686214771355,0.3308110136654491,0.22134316014191913,0.21055896404491825,0.0,0.0
2018-09-27,0.2393892542733021,0.330498907862598,0.2211673613443236,0.2089444765197762,0.0,0.0
2018-09-28,0.2398946705597673,0.32899255603326927,0.22168205137003932,0.20943072203692417,0.0,0.0
2018-09-30,0.2381616812637998,0.32661592725394595,0.21705063488885473,0.20485885698058628,0.0,0.0
2018-10-01,0.23794038596459255,0.3265222775701594,0.21615324957845636,0.20610966363912528,0.0,0.0
2018-10-02,0.23863252997336432,0.32575999537992395,0.2162545111307506,0.20600877402667417,0.0,0.0
2018-10-03,0.23927700702423044,0.3253435529751552,0.21660534180443844,0.20540721001420095,0.0,0.0
2018-10-04,0.23737882057928883,0.3243019933343032,0.21703116123462704,0.20776654057153246,0.0,0.0
2018-10-05,0.23554999689418063,0.32412275321980094,0.21802491364628027,0.20871787170563905,0.0,0.0
2018-10-07,0.23681735698162057,0.32586667275398995,0.21477247076075912,0.20888487144138387,0.0,0.0
2018-10-08,0.234373937814144,0.32346054955790005,0.21723221347319827,0.2113314828029377,0.0,0.0
2018-10-09,0.23575572010686194,0.32316073474940343,0.21650797692422555,0.21093665911979562,0.0,0.0
2018-10-10,0.2309344308894124,0.32341216012507373,0.2197060230897815,0.2119717102888948,0.0,0.0
2018-10-11,0.23279483974410503,0.32587886034964914,0.2201800439907507,0.2068799371602015,0.0,0.0
2018-10-12,0.2370367928841435,0.3257613884445446,0.21812176420969287,0.20494598899648306,0.0,0.0
2018-10-14,0.23991088356463497,0.32971127217019075,0.20713897472000456,0.2089323031771952,0.0,0.0
2018-10-15,0.23494204699537008,0.3257701394509453,0.21452027662673787,0.21058450366341427,0.0,0.0
2018-10-16,0.2351545365919693,0.32269270911113845,0.2196808725529155,0.20867625365762132,0.0,0.0
2018-10-17,0.23719205227919107,0.3228061523682391,0.2159329940478948,0.21015803789049953,0.0,0.0
2018-10-18,0.23362302982044883,0.3196833721971565,0.2217386518901105,0.21092722835935757,0.0,0.0
2018-10-19,0.23301096663765059,0.3210526251127993,0.22136223670561872,0.21056916624027977,0.0,0.0
2018-10-21,0.23113911311746993,0.3184735040733369,0.22275857218316314,0.2137352203822903,0.0,0.0
2018-10-22,0.23051671787679562,0.31547135803883053,0.22574687242278346,0.21447869823917007,0.0,0.0
2018-10-23,0.23409628754394726,0.3185112188349754,0.22234003958470613,0.21099919821157959,0.0,0.0
2018-10-24,0.23018871762275694,0.31881114827872886,0.2241517794545054,0.21236577348397853,0.0,0.0
2018-10-25,0.2290909840620183,0.3106800053790335,0.22861894668079566,0.21767742362221978,0.0,0.0
2018-10-26,0.2250999793859971,0.31074857952063256,0.230566867107285,0.21953211810846165,0.0,0.0
2018-10-28,0.22658113209739167,0.3127932980602542,0.23019929250941895,0.21628024503955046,0.0,0.0
2018-10-29,0.2231778041151767,0.3122265567505358,0.23286004797165707,0.21750812982331813,0.0,0.0
2018-10-30,0.22522605512094593,0.31450204887386424,0.2311871824556887,0.21495835101125263,0.0,0.0
2018-10-31,0.23704566003557212,0.31918935716011415,0.21095508638317667,0.20746553478885751,0.0,0.0
2018-11-01,0.23828087323407762,0.32218237788974263,0.2085584585677749,0.20583156175239647,0.0,0.0
2018-11-02,0.23531737355532292,0.32374228750665623,0.20922351586406576,0.20648792344057937,0.0,0.0
2018-11-04,0.23611563327449014,0.32484050827804717,0.2079596961266441,0.205767690148188,0.0,0.0
2018-11-05,0.2363535833893272,0.3262441259185687,0.20645873490407932,0.20553658048589488,0.0,0.0
2018-11-06,0.23721772183149445,0.3263101768062348,0.2071350621098989,0.20402691444141183,0.0,0.0
2018-11-07,0.24217732788129775,0.32722995889589523,0.2038139204211581,0.2017233900025551,0.0,0.0
2018-11-08,0.24275286775664157,0.3259802404981215,0.2043786586085844,0.20161006835026865,0.0,0.0
2018-11-09,0.2403658849717307,0.32528623477782664,0.2058378000743759,0.20304944373639608,0.0,0.0
2018-11-11,0.24047989684300422,0.32544052660809575,0.20593543436539882,0.20266942732156953,0.0,0.0
2018-11-12,0.23527717583100596,0.32311659138069204,0.20926870106986534,0.2066342496286597,0.0,0.0
2018-11-13,0.23542755686312597,0.32474508331838087,0.20897614301090842,0.20515111203759775,0.0,0.0
2018-11-14,0.2345494257228992,0.3268374250435165,0.20854100668899783,0.2042690297870176,0.0,0.0
2018-11-15,0.23703009055210994,0.32704729972593943,0.20837084013903676,0.20192207785269564,0.0,0.0
2018-11-16,0.2362665318308864,0.32768253887194837,0.20843121382502,0.20198058306442884,0.0,0.0
2018-11-18,0.239193865951435,0.3317425141435812,0.20444321026325415,0.19866156946063585,0.0,0.0
2018-11-19,0.23277228295923583,0.33043926780760285,0.20817491966083115,0.2025015524557017,0.0,0.0
2018-11-20,0.23115561824024325,0.3277912603988832,0.2076685676377321,0.20697939845411972,0.0,0.0
2018-11-21,0.23145555182470295,0.33071874842910054,0.20687996779231252,0.2047037273485198,0.0,0.0
2018-11-22,0.2300894913024655,0.328766832293881,0.20692853228092445,0.2081259708908678,0.0,0.0
2018-11-23,0.22937412499312826,0.3276476775122884,0.20778809066646772,0.2089905033048208,0.0,0.0
2018-11-25,0.23075492105807446,0.32962006486771167,0.20621751442324487,0.20704810735705254,0.0,0.0
2018-11-26,0.23325500919541786,0.33039756870530734,0.20500953337589234,0.2052928178469086,0.0,0.0
2018-11-27,0.23411123021055022,0.3301514687335004,0.20481618785039696,0.20486635766690445,0.0,0.0
2018-11-28,0.23773372434638268,0.3298702722030992,0.20449305614968483,0.20226796856186777,0.0,0.0
2018-11-29,0.23636044640626216,0.32721914872807817,0.20646434413476297,0.20438378637853516,0.0,0.0
2018-11-30,0.230750350510732,0.33981927676847073,0.21518392871574155,0.21424644400505571,0.0,0.0
2018-12-02,0.2286005616723995,0.33665334576715206,0.21728858319468713,0.2174575093657612,0.0,0.0
2018-12-03,0.2300130784167814,0.3380711492520694,0.21589196490369614,0.21602380742745306,0.0,0.0
2018-12-04,0.22577568126069825,0.33644848005913547,0.21777461059142936,0.22000122808873698,0.0,0.0
2018-12-05,0.2257655553618121,0.3364333905540548,0.21906105141047585,0.21874000267365737,0.0,0.0
2018-12-06,0.2279489988211027,0.3343513056196275,0.2201489741854461,0.21755072137382378,0.0,0.0
2018-12-07,0.22302725959056527,0.3341019289689929,0.2227498803962203,0.22012093104422156,0.0,0.0
2018-12-09,0.22355230628826947,0.3348884656229598,0.22142901850180993,0.22013020958696075,0.0,0.0
2018-12-10,0.22575293719744363,0.3318995509564267,0.22260852477456455,0.2197389870715651,0.0,0.0
2018-12-11,0.22593082095710304,0.33234498155975556,0.22152316133783076,0.2202010361453106,0.0,0.0
2018-12-12,0.22587492584013563,0.33429774339757923,0.22109857549645634,0.2187287552658288,0.0,0.0
2018-12-13,0.22521184344107925,0.3327236294171742,0.2247957451228574,0.21726878201888913,0.0,0.0
2018-12-14,0.22192743163023718,0.33158347964032137,0.22704569407347508,0.21944339465596646,0.0,0.0
2018-12-16,0.2215688389955401,0.3310477036314125,0.22955809340421118,0.21782536396883603,0.0,0.0
2018-12-17,0.21617007939199342,0.32764098400108643,0.2364736281776855,0.21971530842923456,0.0,0.0
2018-12-18,0.2167178446653592,0.3269821826685628,0.23715314532459048,0.21914682734148758,0.0,0.0
2018-12-19,0.2139335869403056,0.32734173344535106,0.23999954283997305,0.2187251367743704,0.0,0.0
2018-12-20,0.21235700077215558,0.3292060304294336,0.24120427244522596,0.21723269635318476,0.0,0.0
2018-12-21,0.20823766940634747,0.32783980275832925,0.24409047134825484,0.21983205648706858,0.0,0.0
2018-12-23,0.20792197089832595,0.3273427815570455,0.24264802323855808,0.22208722430607059,0.0,0.0
2018-12-24,0.20381303185883048,0.32583616902540946,0.24659623152074792,0.2237545675950121,0.0,0.0
2018-12-25,0.20477971414200571,0.3273816052958081,0.24668265280291257,0.2211560277592737,0.0,0.0
2018-12-26,0.2132375578103765,0.3282680033588619,0.24071334477002607,0.21778109406073545,0.0,0.0
2018-12-27,0.2128670908619381,0.3267951095721457,0.24148017216747267,0.21885762739844355,0.0,0.0
2018-12-28,0.21239634147782224,0.32804354202730723,0.2410722216536002,0.21848789484127037,0.0,0.0
2018-12-30,0.21190546535472163,0.3272853898811914,0.24130362729412566,0.21950551746996122,0.0,0.0
2018-12-31,0.21272952837928882,0.32602524743310973,0.2226861302243821,0.21903598360953133,0.0,0.0
2019-01-01,0.21336517032484478,0.3269994202438032,0.22262163289334674,0.21743079176260718,0.0,0.0
2019-01-02,0.21323085262163088,0.3251281493217099,0.22522340265334373,0.21692375787553486,0.0,0.0
2019-01-03,0.20700667001789994,0.3230730214161866,0.230894733339811,0.21946005464171062,0.0,0.0
2019-01-04,0.21187588756184642,0.3268828242667788,0.22662956641979556,0.21540611303904517,0.0,0.0
2019-01-06,0.20955412916822572,0.3233008076923335,0.22414613565222324,0.22400228313413387,0.0,0.0
2019-01-07,0.20978975655867851,0.3208887315413181,0.22409235498127886,0.22643343026464105,0.0,0.0
2019-01-08,0.21140999245552783,0.3224614635960972,0.22170045325523322,0.22565552764877347,0.0,0.0
2019-01-09,0.20998087503950358,0.32195946066442044,0.22416369527256902,0.22539957236992775,0.0,0.0
2019-01-10,0.20905374054796833,0.32069936040289115,0.22458951845126085,0.22729373013573625,0.0,0.0
2019-01-11,0.2087711426907423,0.3198918787889237,0.22510944865625712,0.22781992065664203,0.0,0.0
2019-01-13,0.20793264618938956,0.31860708330560833,0.2235224239824426,0.2316027278350668,0.0,0.0
2019-01-14,0.20700020028429356,0.31791628657024534,0.22404672836734096,0.23261970836773796,0.0,0.0
2019-01-15,0.2091462384004539,0.31699756641751653,0.22203388174127223,0.23356926263191663,0.0,0.0
2019-01-16,0.2086374485554373,0.3178847896551969,0.22198684138418648,0.23327746939915084,0.0,0.0
2019-01-17,0.20911453334731955,0.3171134574303209,0.22367643436843926,0.23198185715622768,0.0,0.0
2019-01-18,0.21008118480384155,0.31862138457361966,0.22250747200111595,0.2307694895606735,0.0,0.0
2019-01-20,0.21099395015478525,0.32000573777107555,0.2216774595874793,0.2292226654053249,0.0,0.0
2019-01-21,0.21008809920955845,0.3186318713648337,0.22363290223740911,0.22962323253989442,0.0,0.0
2019-01-22,0.20712922935281153,0.3153906161991663,0.22948974917412723,0.22985571631810764,0.0,0.0
2019-01-23,0.20672490092447188,0.31595428335478465,0.22874511414731366,0.23049843451512897,0.0,0.0
2019-01-24,0.20739092695810415,0.3159215067341476,0.22845271726090027,0.23021460499091836,0.0,0.0
2019-01-25,0.20854089293829703,0.317786655292913,0.22700704796476434,0.22875778631111537,0.0,0.0
2019-01-27,0.20787058307822703,0.31676519841968226,0.22583456427514828,0.231678194174265,0.0,0.0
2019-01-28,0.20517607756271944,0.3142859256136859,0.22613762747978344,0.23655853285474224,0.0,0.0
2019-01-29,0.20424602923305973,0.3168925963779213,0.2250346295763419,0.23589508128220102,0.0,0.0
2019-01-30,0.20799721138129845,0.3186791661088655,0.22215758234786265,0.233356645816648,0.0,0.0
2019-01-31,0.21698345840128133,0.33091288666741486,0.22160357637726258,0.22331906563401227,0.0,0.0
2019-02-01,0.21641157023372254,0.3307639687923185,0.22195661033473246,0.22367483251651524,0.0,0.0
2019-02-03,0.21669888806767815,0.33120310606654707,0.22092307856448104,0.2239717933875057,0.0,0.0
2019-02-04,0.2183621648145654,0.33099782989073917,0.22010768654930832,0.22336238908369302,0.0,0.0
2019-02-05,0.2185645905681688,0.33127332259319797,0.21837953324210252,0.2246683588899749,0.0,0.0
2019-02-06,0.21869568002993325,0.3301825132928797,0.21938341901168706,0.22459807635095308,0.0,0.0
2019-02-07,0.21767060379807432,0.32898001170069446,0.2204420883827011,0.22570314731770663,0.0,0.0
2019-02-08,0.21825533437054262,0.3280666441298678,0.22060161332712372,0.2258664794758078,0.0,0.0
2019-02-10,0.21878812405489612,0.32886749751692,0.22091817071692457,0.22419811066508927,0.0,0.0
2019-02-11,0.2192574422017439,0.3290007841221869,0.22137961200629747,0.22311110890276126,0.0,0.0
2019-02-12,0.22006057260405473,0.3289643283034002,0.21917336029544998,0.22462960210813243,0.0,0.0
2019-02-13,0.21955906747239648,0.3275142835319641,0.2226931332083585,0.22308218331563817,0.0,0.0
2019-02-14,0.2195322666332781,0.3272738580250474,0.22370881445223464,0.22234281021954436,0.0,0.0
2019-02-15,0.21951660712685395,0.32921897411847334,0.2227561063593533,0.22139591952500998,0.0,0.0
2019-02-17,0.22018963620621484,0.3302283462382376,0.22168661388368288,0.22076064385074243,0.0,0.0
2019-02-18,0.2203826464668518,0.33051781244689,0.2205653736599051,0.22139259235700398,0.0,0.0
2019-02-19,0.2210933120242497,0.3325403745865064,0.2175471207461428,0.22166816632332026,0.0,0.0
2019-02-20,0.22014730231248,0.33291338245502194,0.2190588691846979,0.22075821514324734,0.0,0.0
2019-02-21,0.2197245620082649,0.3325561896650809,0.21987886580069127,0.22070517302603712,0.0,0.0
2019-02-22,0.2205928793469859,0.33321983300506236,0.2191262319878499,0.21994971080694883,0.0,0.0
2019-02-24,0.22126875224617862,0.33424078279849334,0.21892189707551313,0.21843487407265189,0.0,0.0
2019-02-25,0.22226442030368643,0.33593271781560674,0.21735571791158392,0.21730680600265764,0.0,0.0
2019-02-26,0.22118906044136707,0.3350267685823306,0.21912944101073648,0.21755574434939157,0.0,0.0
2019-02-27,0.2213560387718333,0.3340247215990676,0.21899764520217482,0.21851218829483618,0.0,0.0
2019-02-28,0.21164937228785172,0.3175484256085454,0.23019657117915385,0.24060563092444887,0.0,0.0
2019-03-01,0.2124657550852829,0.3181681268405049,0.2294944044985101,0.23987171357570206,0.0,0.0
2019-03-03,0.2121650293111988,0.31771778906162573,0.22963065492496149,0.24048652670221396,0.0,0.0
2019-03-04,0.21246370248336346,0.31734814469998907,0.23083773142004363,0.23935042139660373,0.0,0.0
2019-03-05,0.212614311724829,0.3181622257673974,0.2305983953752674,0.23862506713250606,0.0,0.0
2019-03-06,0.21191471778596999,0.3179692721074883,0.23091939283036605,0.23919661727617575,0.0,0.0
2019-03-07,0.21171058379769261,0.3171662771317267,0.23403137630415247,0.23709176276642815,0.0,0.0
2019-03-08,0.21160733176571847,0.31678402785949056,0.23427255006319556,0.2373360903115955,0.0,0.0
2019-03-10,0.2117578855062585,0.3170094123957427,0.23397036194668097,0.23726234015131775,0.0,0.0
2019-03-11,0.21440326465771462,0.31794938854987137,0.2318341883202525,0.2358131584721616,0.0,0.0
2019-03-12,0.21493367778074293,0.317440844536124,0.23276059849012756,0.2348648791930055,0.0,0.0
2019-03-13,0.21419672842935364,0.3160756977250269,0.23527772011690937,0.23444985372871,0.0,0.0
2019-03-14,0.2130883192563453,0.31440805506008296,0.23674273502239357,0.2357608906611782,0.0,0.0
2019-03-15,0.21392992730265303,0.3160623223121515,0.23549220420676728,0.23451554617842812,0.0,0.0
2019-03-17,0.2142691816983677,0.31656354032085243,0.23404428965686377,0.23512298832391612,0.0,0.0
2019-03-18,0.212298675030353,0.3148887338959548,0.23854233693774837,0.2342702541359439,0.0,0.0
2019-03-19,0.21274874979874525,0.3150554587997823,0.23914599443662082,0.23304979696485162,0.0,0.0
2019-03-20,0.21335924524109215,0.3144644111671849,0.23798693985594632,0.2341894037357765,0.0,0.0
2019-03-21,0.2148400535401988,0.31195698125509796,0.23595024100565787,0.23725272419904522,0.0,0.0
2019-03-22,0.21255638759096648,0.3087565152226278,0.23868475950604337,0.2400023376803622,0.0,0.0
2019-03-24,0.21275467603173515,0.3090445463125167,0.23890742243955526,0.23929335521619283,0.0,0.0
2019-03-25,0.2114338805551276,0.3083255549808839,0.24012127589207366,0.2401192885719149,0.0,0.0
2019-03-26,0.21213052738955335,0.3096403726766058,0.23889925461377434,0.23932984532006646,0.0,0.0
2019-03-27,0.20987960030769198,0.3074722745361014,0.23878481516620176,0.24386330999000486,0.0,0.0
2019-03-28,0.20964535814487417,0.3066073191738938,0.23841475535801282,0.24533256732321929,0.0,0.0
2019-03-29,0.21060088119830442,0.30709869217138286,0.23770165297618173,0.24459877365413107,0.0,0.0
2019-03-31,0.16456916838837948,0.2567299607898471,0.19059359278261312,0.19309458381545666,0.19501269422370365,0.0
2019-04-01,0.16427125449890956,0.2563945392446499,0.19021338494025905,0.19700611693356512,0.19211470438261632,0.0
2019-04-02,0.1647674938981306,0.2561475980942868,0.19181770923555877,0.19614179298535944,0.19112540578666448,0.0
2019-04-03,0.1646839306229845,0.25640799034614714,0.19271223780019328,0.19563114664954764,0.19056469458112746,0.0
2019-04-04,0.16269753300734865,0.2533622224821722,0.19183542023181674,0.20583431686175643,0.18627050741690596,0.0
2019-04-05,0.16323995284974666,0.2538872309466702,0.19148474983403932,0.20545805682759313,0.18593000954195069,0.0
2019-04-07,0.1644409725310517,0.2557551778302352,0.189436782292601,0.20473215993224705,0.1856349074138649,0.0
2019-04-08,0.1649657786882888,0.2559200227904702,0.19094249154180062,0.20262517511387534,0.18554653186556505,0.0
2019-04-09,0.16476687724854755,0.2554139492486421,0.19103751845738426,0.20197188527448362,0.18680976977094255,0.0
2019-04-10,0.16496276486199962,0.255396536155219,0.19093430610097945,0.20308808806452208,0.18561830481727987,0.0
2019-04-11,0.1646697550979662,0.2545046454650492,0.19104838804834182,0.2040480008985582,0.1857292104900847,0.0
2019-04-12,0.16498525073762102,0.2555815365850096,0.1905903964477267,0.2035588459180399,0.18528397031160276,0.0
2019-04-14,0.16522649391848201,0.25595525061447255,0.19052388657532632,0.20273947439652604,0.18555489449519305,0.0
2019-04-15,0.1652232480534065,0.2557101079642797,0.1894541624942616,0.20326114472528903,0.18635133676276303,0.0
2019-04-16,0.16510313035235863,0.2555378409308438,0.18969763483571644,0.204084593306033,0.1855768005750482,0.0
2019-04-17,0.16484184794672452,0.2546411581290379,0.189765428468985,0.20775684127147506,0.1829947241837775,0.0
2019-04-18,0.16509426699338417,0.2546060109504958,0.1915226175707459,0.2061482234795746,0.1826288810057997,0.0
2019-04-21,0.16437174045128258,0.2534917408789753,0.194770489659032,0.20717452372860015,0.18019150528210995,0.0
2019-04-22,0.16488624971567079,0.25307764463084415,0.1948290904802115,0.20696129546577707,0.18024571970749642,0.0
2019-04-23,0.16592245729968477,0.25200585027531264,0.19494517318894145,0.20619413919492813,0.18093238004113313,0.0
2019-04-24,0.16575771445201806,0.25006157614840474,0.19435005326158386,0.20993399077334104,0.1798966653646522,0.0
2019-04-25,0.16546285687663045,0.2483163131699201,0.1949514086105708,0.20734925637376567,0.183920164969113,0.0
2019-04-26,0.16536934547391616,0.24926353101661233,0.19466750318570444,0.20704729611020015,0.18365232421356684,0.0
2019-04-28,0.16533717676424223,0.24921504266988403,0.19532103956025917,0.20428323205668014,0.18584350894893434,0.0
2019-04-29,0.1654177363005832,0.24957946064126585,0.1950377054664371,0.20398689734246736,0.18597820024924644,0.0
2019-04-30,0.1638901822703283,0.24925386637270885,0.19186211179314616,0.18302707453623984,0.1990317786560371,0.0
2019-05-01,0.16364691561134054,0.24794489393061067,0.19353754180569113,0.1838344200893284,0.19807772041480343,0.0
2019-05-02,0.16216538439073333,0.24667477027232748,0.19529208039829396,0.18296421885098577,0.2000053649956452,0.0
2019-05-03,0.16390114128576555,0.24798965775732468,0.19428395439143656,0.18201973105111266,0.19897290833098222,0.0
2019-05-05,0.16495030635245023,0.24957709079029203,0.19285371457885683,0.17855653749748887,0.20114658452280224,0.0
2019-05-06,0.16591439308748207,0.24960426710709985,0.19278728188935504,0.17824115269140373,0.20038059838435163,0.0
2019-05-07,0.16444209747578495,0.24801108040228184,0.19314810366704377,0.17817559271367034,0.2030083805192192,0.0
2019-05-08,0.16412850084046102,0.2481149702033287,0.19637357968551253,0.17479479765865105,0.2033641989593531,0.0
2019-05-09,0.16466359852808785,0.2483287937049641,0.19042150790595852,0.17555924312699786,0.20768693729644178,0.0
2019-05-10,0.16455604619492037,0.24954813462223052,0.19006051138823185,0.17522642213361053,0.2072932093926676,0.0
2019-05-12,0.16615330066551787,0.25197036025824565,0.18418694334003435,0.17540638253355156,0.20883703246544835,0.0
2019-05-13,0.16571457524840555,0.25390888072709694,0.17979268479238114,0.1728518215746536,0.21383835762449718,0.0
2019-05-14,0.167247181490272,0.25596018723100616,0.1755049780903319,0.17490955953495918,0.21250706014016332,0.0
2019-05-15,0.16778285545261862,0.2540743023438273,0.17540478697333287,0.1766467730642345,0.21236854918785936,0.0
2019-05-16,0.16675716563542226,0.2512180155146573,0.18140394295061926,0.17814647983454857,0.20897019521316781,0.0
2019-05-17,0.1657108808960538,0.24994277533461828,0.18212717756563307,0.17885672735543226,0.20980333299521423,0.0
2019-05-19,0.1664634145109384,0.2510778265709631,0.18259899132000684,0.17761559411384328,0.20862242203683556,0.0
2019-05-20,0.16460284763444577,0.2515633119977979,0.18294382733935793,0.17735531919978104,0.20983283334752922,0.0
2019-05-21,0.16441803706432326,0.2506031708438474,0.18720712323822905,0.17915261551342923,0.20507301846057643,0.0
2019-05-22,0.16323683230137578,0.24905945430276896,0.18845511252105962,0.17840696965098127,0.20733166910285802,0.0
2019-05-23,0.16287311706145738,0.24971078645311373,0.18596021315629988,0.17768108338588498,0.21008439158856052,0.0
2019-05-24,0.1624555987332211,0.25133685943945133,0.18557727721304446,0.17731519612371116,0.2096517782714926,0.0
2019-05-26,0.1638009591472535,0.2534182814643847,0.18316356479028953,0.17541032793131106,0.21042934260317578,0.0
2019-05-27,0.1642763895675475,0.25415382514309104,0.18297477040137824,0.17565923724617766,0.20911717862290732,0.0
2019-05-28,0.16390274628029003,0.25277825525821107,0.18288691294627885,0.17956994138567642,0.20702184870550877,0.0
2019-05-29,0.164143611211714,0.2543634813508532,0.17993956262854338,0.17974633708855425,0.2078303128040428,0.0
2019-05-30,0.16382830799103013,0.2538997666320206,0.1821003503760229,0.1799579240250994,0.2063211088651342,0.0
2019-05-31,0.1715619832799827,0.2576808638961335,0.17210102072381853,0.17966227166466484,0.21427226888430784,0.0
2019-06-02,0.17156191962261902,0.25768076828471564,0.17210095686644725,0.17966220500172267,0.21427218937946949,0.0
2019-06-03,0.16810827203129727,0.2600326513326825,0.17243306079667386,0.18000889990383503,0.214685671311975,0.0
2019-06-04,0.17164706833873838,0.260445790798354,0.17124131954385038,0.17876479955034347,0.21320190845518577,0.0
2019-06-05,0.1727568655178601,0.25988048648292894,0.1710770271006053,0.17859328892567308,0.21299735816009388,0.0
2019-06-06,0.1737265357641806,0.2602232668083196,0.17068117249798043,0.17818004246811356,0.21250450423339437,0.0
2019-06-07,0.17601083600411455,0.26136103749182465,0.16964920478008727,0.17710273529293521,0.21121966546022303,0.0
2019-06-09,0.17398485355266044,0.258352626831018,0.1733641195455494,0.18066217914312382,0.2090329373783698,0.0
2019-06-10,0.17335127819711882,0.2555121538953101,0.18059338025419702,0.1789329392930631,0.20707621142900087,0.0
2019-06-11,0.171487240516742,0.25412499717835546,0.18489554720344106,0.1794908858098672,0.20552180831317504,0.0
2019-06-12,0.1694896159170954,0.2504813306662385,0.1828366795703716,0.1801540830019278,0.21258486410580124,0.0
2019-06-13,0.17265201620543275,0.25365251085510304,0.17927357285506823,0.17894572445034568,0.21096601257124017,0.0
2019-06-14,0.17234873777015988,0.25251729192060623,0.17972297654710614,0.17939430629072323,0.21149486299483652,0.0
2019-06-16,0.1724408217665782,0.2526522090758209,0.18178422934073987,0.1769902815164013,0.2116078623266476,0.0
2019-06-17,0.17325589930354285,0.25257740050195204,0.18155004575444428,0.1767622737347841,0.21133525843648776,0.0
2019-06-18,0.17461751103810794,0.25488041806022216,0.17873116334878825,0.1773358620934288,0.20994529294717348,0.0
2019-06-19,0.17504906370327775,0.2561787072859191,0.17850258013055387,0.17587054682064024,0.20991473921492318,0.0
2019-06-20,0.17599178076297012,0.2579155361774085,0.17781032495832813,0.1751884990004367,0.20862653613542143,0.0
2019-06-21,0.17596350541920305,0.2571938670611316,0.1780457729098954,0.17542047525511967,0.20890278944403648,0.0
2019-06-23,0.17787140415928437,0.25998251265985145,0.17474059644785994,0.17507470818673052,0.20780832800154214,0.0
2019-06-24,0.1796965428878785,0.26305543996539543,0.1699163751334917,0.17282862968093515,0.209933943818527,0.0
2019-06-25,0.17658459055229556,0.26105046841543966,0.17220389038152234,0.1722974202548814,0.21329490767555093,0.0
2019-06-26,0.17744180410887084,0.26177566562644994,0.1686023893559032,0.17233242915316707,0.2152777016164566,0.0
2019-06-27,0.17612139101914673,0.2599120801013003,0.17030631644961913,0.17364214263835098,0.21549898121833763,0.0
2019-06-28,0.1761729295014428,0.2604200956492913,0.17013723548098042,0.17346974984467275,0.21528503274452496,0.0
2019-06-30,0.17523447669564576,0.2669006133645236,0.1621825054257508,0.1790408119748062,0.21466928740623042,0.0
2019-07-01,0.17634256327680695,0.2669871256889974,0.1601041321631981,0.17930430012008744,0.21530337495615873,0.0
2019-07-02,0.17717979277689092,0.26766399220274,0.16147140932358647,0.17816820685576443,0.21355640991669808,0.0
2019-07-03,0.17772580622041484,0.26762259247699605,0.1616866371970298,0.1783988514868634,0.21261441668826772,0.0
2019-07-04,0.17768342899439118,0.2675587801172064,0.1616480843761693,0.17835631377884792,0.21280200883112124,0.0
2019-07-05,0.17768937346565378,0.26640181366566107,0.1619834301093573,0.17872632143494668,0.21324347552681863,0.0
2019-07-07,0.17752819246102786,0.26616016211878846,0.16183649587525792,0.17780110459514306,0.21472007951261032,0.0
2019-07-08,0.17726427293278477,0.26597391059620445,0.16242619773320868,0.17981394498084066,0.2125566769566019,0.0
2019-07-09,0.1777169215877941,0.2642845697155934,0.16389195547041627,0.17962998104167338,0.21251622012557692,0.0
2019-07-10,0.17835629484817256,0.26375489755169673,0.1628586848443284,0.17976525947344849,0.2133167173450372,0.0
2019-07-11,0.1783176238395918,0.26409639314951744,0.16294184999153102,0.18188646647327758,0.210808372598662,0.0
2019-07-12,0.1791434728475554,0.26390097312973404,0.162757576712078,0.18168076845483178,0.2105699663810026,0.0
2019-07-14,0.178277688023937,0.26262556267887,0.16503860265787848,0.1825678626862588,0.20955230004739497,0.0
2019-07-15,0.17841011602457651,0.2623913479514107,0.16708183484283803,0.18161692784700767,0.2085663914944304,0.0
2019-07-16,0.17732364182063873,0.2611708107623009,0.17120425300235712,0.18094291032396537,0.20742667515516997,0.0
2019-07-17,0.17688023929409682,0.26139469988712305,0.1731525450388288,0.18012295759242541,0.20651300342994663,0.0
2019-07-18,0.17758699223611873,0.263117238750187,0.1708796601711202,0.1793727520931078,0.20710113423740287,0.0
2019-07-19,0.1766428722398862,0.26292809368657655,0.1712258559139275,0.17973615451963462,0.2075207133197334,0.0
2019-07-21,0.17735451840014657,0.2639873595710359,0.1716064820196719,0.1819852520000951,0.20311208296621966,0.0
2019-07-22,0.178065684191335,0.263108271253994,0.16877842067144527,0.18127249192091174,0.20682832813710028,0.0
2019-07-23,0.17958160324565145,0.26486358305874474,0.16694839709448164,0.18061241462251013,0.20604323663538182,0.0
2019-07-24,0.18090274235177745,0.26510773573332014,0.16669594282207129,0.1804194382065353,0.20492256593411598,0.0
2019-07-25,0.17947293558205793,0.2631990190924828,0.16850711914307132,0.18018719874731812,0.20667889384147015,0.0
2019-07-26,0.18088326243929573,0.26313253818857835,0.168100763432483,0.17975267646981294,0.20618048671661005,0.0
2019-07-28,0.17979694305593255,0.2615522594343529,0.1689307095644148,0.18047531457565363,0.20730606090682885,0.0
2019-07-29,0.18066534663888584,0.2636684588897077,0.16816698124387366,0.17651990369799003,0.2090243739017073,0.0
2019-07-30,0.17974763893603993,0.26077585423225386,0.17022037682292876,0.17820027857675555,0.2091022611370772,0.0
2019-07-31,0.17514460420478434,0.2654867934301249,0.16260424153938594,0.1786118381785038,0.2132023271219993,0.0
2019-08-01,0.1749630217936947,0.26446052336423964,0.16415419089277528,0.17619049590210337,0.21526160710720726,0.0
2019-08-02,0.1732201761126098,0.2634926018362817,0.16494787276925685,0.17704237304666645,0.21630239220891012,0.0
2019-08-04,0.17332485738271636,0.26365183698338124,0.1638316819779814,0.17531497482385885,0.218878653717872,0.0
2019-08-05,0.16976523608936483,0.2603055357796185,0.1666534709859035,0.17720602960470877,0.22099466548107613,0.0
2019-08-06,0.17162355115733027,0.26158074256405967,0.16676715767952996,0.17587675540548808,0.21909161123878995,0.0
2019-08-07,0.17104457932546405,0.2603717578095927,0.16775159672892703,0.1761823574201642,0.21963329915727742,0.0
2019-08-08,0.17345136931417657,0.26123636346498696,0.1664885835574115,0.1753778488935542,0.21846680285356998,0.0
2019-08-09,0.17241415552098271,0.26032034578955837,0.16706370883108246,0.17598368162505765,0.21922148390793694,0.0
2019-08-11,0.17241408782096476,0.26032024357235917,0.16706364323196704,0.17598361252343217,0.2192213978285872,0.0
2019-08-12,0.17117709774933562,0.25908902416246005,0.16779043175701394,0.17674920620799425,0.22017509184186412,0.0
2019-08-13,0.17381874257399463,0.2600610849302321,0.16672605590261935,0.1756280005146706,0.21877841475460943,0.0
2019-08-14,0.17073216285041548,0.2560700333281948,0.16881034727179606,0.17782357770671006,0.22151342794235937,0.0
2019-08-15,0.1704128078691778,0.25680309918288297,0.16868839002355882,0.17769510883878045,0.22135339528703904,0.0
2019-08-16,0.17216561781692105,0.2582996362008935,0.16773132148247005,0.17668693987972414,0.22009752716794193,0.0
2019-08-18,0.17262301042945294,0.25898586116796907,0.16725959069362975,0.17689272844966014,0.219206122474367,0.0
2019-08-19,0.17379887823983967,0.25789514559367765,0.1697019955039866,0.1766157299141975,0.21700021830548857,0.0
2019-08-20,0.17262086893148632,0.25782675323327103,0.1710812935850986,0.17626536903730616,0.21721241283505194,0.0
2019-08-21,0.17406721579756707,0.25962102438837537,0.17039015431485444,0.17382556358730916,0.2171048206703854,0.0
2019-08-22,0.17498472817543306,0.26059793314329915,0.16511707980418355,0.17530875510103294,0.2189572986429081,0.0
2019-08-23,0.17094603179618797,0.2596438073350888,0.16657758475835285,0.17685940816271473,0.2208940348049014,0.0
2019-08-25,0.17246441961963271,0.261950032237463,0.16370008045835469,0.17440553829619695,0.22235527935428603,0.0
2019-08-26,0.17431599348599328,0.26284173833541,0.16423517026314,0.17285359304553227,0.22065050588315357,0.0
2019-08-27,0.17525077714399545,0.2645351143036904,0.16203090745118728,0.17199470967345398,0.22104687437677412,0.0
2019-08-28,0.17729453280346738,0.2671093118051618,0.15798584509084831,0.16985275120936946,0.22257412144552272,0.0
2019-08-29,0.1800748096419121,0.26948522923956364,0.15584292422167234,0.1642181077370068,0.22519308476410832,0.0
2019-08-30,0.17135684804972665,0.26379183857258015,0.16253095002614487,0.1773269229107337,0.21996342269411476,0.0
2019-09-01,0.17247832831833207,0.2655182787198245,0.1632641866847955,0.17376717665085736,0.2199086940192343,0.0
2019-09-02,0.17168196936044647,0.26429234000739305,0.16448418940154638,0.1756078059866319,0.21889334177117722,0.0
2019-09-03,0.17053234395418013,0.2641736037605758,0.16630432521518052,0.17437455254993373,0.21955909378981686,0.0
2019-09-04,0.16980281468418715,0.2630821956332358,0.1684185877525844,0.17578371174043278,0.21794949016700235,0.0
2019-09-05,0.17230759966767556,0.26417757304394107,0.1662148655161748,0.1751678552787826,0.21718590632579346,0.0
2019-09-06,0.17204749477986214,0.2647299894409938,0.16612853044657572,0.17507686986102194,0.21707309595663454,0.0
2019-09-08,0.1718929867309267,0.2644922474487866,0.16630157059852582,0.1754950750717055,0.21687815245818054,0.0
2019-09-09,0.17087735256822242,0.2642716415926967,0.16791225605674992,0.1759695228938097,0.2160477862403524,0.0
2019-09-10,0.17219645528167513,0.26734681612314026,0.16839875018660735,0.17436382565460468,0.2127200221768308,0.0
2019-09-11,0.17436982605622975,0.2699695265172303,0.16438087506083512,0.1728881634122335,0.21340115889820677,0.0
2019-09-12,0.17496436959173958,0.27115928120220195,0.16230684977347948,0.17334011330532942,0.2132422600861117,0.0
2019-09-13,0.17416889074650166,0.27249689448165676,0.1621478690187367,0.1731703253876972,0.21303338772182848,0.0
2019-09-15,0.17423710019738206,0.27260361195261007,0.16091107721888429,0.17120688822484542,0.21605634670995363,0.0
2019-09-16,0.17313544207896234,0.26990763168416737,0.163855833890623,0.1732048846490329,0.21492013353144723,0.0
2019-09-17,0.17347954632200008,0.269897169463709,0.1640443788028666,0.17329775526608915,0.21431861311106606,0.0
2019-09-18,0.1728042545059553,0.2683750233841682,0.16444098459725381,0.17586098812917572,0.21357308636062342,0.0
2019-09-19,0.17132290384525586,0.26615770963780594,0.1675478824047472,0.17748269035975198,0.2125932995285867,0.0
2019-09-20,0.16991650603592426,0.2662164122592581,0.1679491821073273,0.17790778526296555,0.21310248906083784,0.0
2019-09-22,0.17025839189583752,0.266752061379827,0.1663638205612923,0.17769347422192844,0.21401436568392246,0.0
2019-09-23,0.17036554737294962,0.2665386028169864,0.1663951189762622,0.17772690411116077,0.21405462870748182,0.0
2019-09-24,0.16751745831785503,0.2644309466089044,0.16996900778872392,0.1793895015384888,0.21379063484411423,0.0
2019-09-25,0.16947302903253866,0.26407213576345195,0.16876584022107466,0.1788984864208251,0.21388549693979306,0.0
2019-09-26,0.1683444871849649,0.2641271832583334,0.17017368891307247,0.17921741630538723,0.2132464828446,0.0
2019-09-27,0.16689460575617435,0.2633950320521589,0.17082785693912525,0.17990634950186193,0.21406622784534687,0.0
2019-09-29,0.1668354447259447,0.26330166341760675,0.17140689681321716,0.17955707655289252,0.2139903453534034,0.0
2019-09-30,0.17227503839872438,0.26254273884294427,0.16077966588407522,0.17837296994817323,0.22081876652937443,0.0
2019-10-01,0.1717859964862207,0.26172866503265646,0.1610474608016493,0.1781960627919983,0.22200264594319188,0.0
2019-10-02,0.17076100446016468,0.26017127057711253,0.15898038529244143,0.17822612374597083,0.22656177589468396,0.0
2019-10-03,0.1727312204439364,0.262296572677335,0.15666327599753996,0.1763183584191264,0.2266877686842772,0.0
2019-10-04,0.17448530275570745,0.26308683070858835,0.15595763122549056,0.17552418296835423,0.2256667186785176,0.0
2019-10-06,0.17413347237935983,0.2625563451192668,0.15683811836358102,0.17573989627541156,0.22546306535375718,0.0
2019-10-07,0.1747096726784252,0.26325950599816916,0.15422598991666361,0.17484892639480853,0.22765294148562135,0.0
2019-10-08,0.1732718230491502,0.26269271403500516,0.15498023687072332,0.17373838832609712,0.229977112015208,0.0
2019-10-09,0.17481130120531033,0.26461823705659243,0.1521237884791942,0.16926228208771094,0.2338488816962085,0.0
2019-10-10,0.1766778934043308,0.267386182678554,0.15317319137117075,0.16773058271328947,0.2296806903485064,0.0
2019-10-11,0.17775215642705722,0.2700430456788422,0.15214506485608556,0.16660474432124117,0.22813903148747144,0.0
2019-10-13,0.17783966221135522,0.2701759854359812,0.15071281631252276,0.16668676233504562,0.22926578151812121,0.0
2019-10-14,0.17832322772928158,0.26975509969885836,0.1505338889201337,0.16715746144754692,0.2288958907857805,0.0
2019-10-15,0.18020760891545445,0.27208231860318316,0.1497619670280295,0.16421442267057543,0.22841015318956334,0.0
2019-10-16,0.17978686576673827,0.2723368322524437,0.1496329996733718,0.16625184768529078,0.22666672935206436,0.0
2019-10-17,0.17887239067072006,0.27103698271087945,0.14952727790766893,0.17010781328777302,0.22517143884323004,0.0
2019-10-18,0.1775342182351835,0.27119228742431184,0.14984869542929405,0.17047346985907624,0.22565545785853267,0.0
2019-10-20,0.1764734786403217,0.26957195529931816,0.1520845691149001,0.17229815280427538,0.2243072012726945,0.0
2019-10-21,0.17731477268777485,0.27016802258879963,0.14998137301278228,0.1698987273726067,0.2273934512129988,0.0
2019-10-22,0.17536179901909413,0.2690208704093327,0.1495201052482125,0.17417518567532164,0.22669410257515235,0.0
2019-10-23,0.17546527665084205,0.26971426477037175,0.14813760388420585,0.1750701984079363,0.22639129222768026,0.0
2019-10-24,0.17647638706485322,0.2690742674755894,0.14681945736687146,0.17494413990050867,0.22748448481129033,0.0
2019-10-25,0.17750520850409288,0.26923108240646604,0.14650539013480093,0.17456991006223718,0.2269978638704082,0.0
2019-10-27,0.17767105542255068,0.2694826307736743,0.1460539334240506,0.17389161932286043,0.22770495811768604,0.0
2019-10-28,0.17997800136638417,0.27147077687047705,0.1460624461163046,0.1693647126703394,0.2279118007127856,0.0
2019-10-29,0.18020435200640775,0.2735624968146576,0.1453033002138733,0.16919782537784345,0.2264720644115313,0.0
2019-10-30,0.17980992727862583,0.2724895307782066,0.1456303644353896,0.17196000030744926,0.22488662834959705,0.0
2019-10-31,0.1742872463202159,0.2654342230160692,0.1610313536052223,0.17054283723938485,0.22381311753177865,0.0
2019-11-01,0.17514262284145063,0.26689648770765206,0.16036512328973795,0.16983725534049487,0.22288714205827995,0.0
2019-11-03,0.17675012069616933,0.26934612289331666,0.15896514517879415,0.1682746314741453,0.22174751416198007,0.0
2019-11-04,0.17707842858538642,0.26988582003090533,0.15979531643007955,0.16755091210550646,0.22079381740127021,0.0
2019-11-05,0.17604458661570418,0.26852063612410737,0.16161638629831418,0.16956936804821024,0.21938419111963595,0.0
2019-11-06,0.17608529444048193,0.26893140265565435,0.16168272938715583,0.1697091896287165,0.21871408381353621,0.0
2019-11-07,0.1763782780589953,0.2696552984719143,0.16057412641721247,0.17139013609020007,0.2171326927112806,0.0
2019-11-08,0.1770934679224113,0.26890474838566747,0.16058426509416715,0.17140095769179808,0.21714640250548484,0.0
2019-11-10,0.17600346133576475,0.26724964529033857,0.15942962143139913,0.17425554373978963,0.21822116515973333,0.0
2019-11-11,0.17568610080849728,0.2662620469089769,0.15952213754662917,0.17557066288039588,0.21812034497748362,0.0
2019-11-12,0.1758816031587639,0.2654359979635994,0.16205995537868803,0.17526021794443344,0.2165316949253839,0.0
2019-11-13,0.1766531283301289,0.265515166309098,0.16156450239871384,0.17374707814967358,0.2176692266510937,0.0
2019-11-14,0.1760720426322098,0.26444536051320816,0.16448386507477308,0.17303402530061154,0.2171255443704376,0.0
2019-11-15,0.17679548518615235,0.26552034753355197,0.16395502825520164,0.17247769861424617,0.21642745776917502,0.0
2019-11-17,0.17555238318228375,0.2636533944507891,0.16115779284841,0.17540845840573882,0.2194375309108836,0.0
2019-11-18,0.1751896268925684,0.2628512055464599,0.16200990236634416,0.17683620864071542,0.21833590586231333,0.0
2019-11-19,0.17414199267600264,0.2609933912158677,0.1619427835795368,0.17661300471904642,0.22156687689799937,0.0
2019-11-20,0.1737029456496729,0.26025772206609504,0.16332596859340198,0.17585916564271567,0.2220952826590133,0.0
2019-11-21,0.17326802010069986,0.2598855767801797,0.16279068774191774,0.178004402922001,0.22129334833821673,0.0
2019-11-22,0.17329103205022808,0.26015207355828,0.16270743739114488,0.17791337235269805,0.22118018001680723,0.0
2019-11-24,0.17412206978134803,0.26139966373301776,0.16037215331882576,0.1768384148852134,0.2224886106102801,0.0
2019-11-25,0.17562745105815808,0.26272414430510677,0.15675977035893376,0.17710359960823693,0.22302066836927012,0.0
2019-11-26,0.17754119256995296,0.2649799696035301,0.15602181268450643,0.17287430249599953,0.22377524243419203,0.0
2019-11-27,0.1790002991292025,0.26590958019923383,0.15505641081061503,0.17142105824674214,0.22379892483706504,0.0
2019-11-28,0.179008542243245,0.26592182555862837,0.15390754605451895,0.17253852842101813,0.223809230965429,0.0
2019-11-29,0.17652607937934764,0.26712867334971213,0.15870735138578068,0.1717574228341035,0.2228756596805023,0.0
2019-12-01,0.17596888496441623,0.26628549705881044,0.15786694867180212,0.17396790985531027,0.222915195211916,0.0
2019-12-02,0.175437533770764,0.2671479119695431,0.1562825978450882,0.17357318988072773,0.2245411158338609,0.0
2019-12-03,0.173685092299207,0.2656435996021074,0.15747846012365108,0.17513265012938864,0.22504886898348606,0.0
2019-12-04,0.17425812694414852,0.26743083754309255,0.15839413498035573,0.17399652933280593,0.22291409483900648,0.0
2019-12-05,0.1737124649079059,0.2661696380719516,0.15995901229437515,0.1736591655034806,0.22350853120804784,0.0
2019-12-06,0.17490715476782293,0.2670924748282303,0.15935422011399447,0.17300257414397247,0.2226634633998381,0.0
2019-12-08,0.17358219704212854,0.26506919431424414,0.16300540445166803,0.17440869219664307,0.22097674179915175,0.0
2019-12-09,0.17310403687634207,0.26443328637293106,0.16531117549177765,0.17281587153359634,0.2213723317121519,0.0
2019-12-10,0.17297060482587906,0.2648031620961064,0.1673355646435143,0.17201014806915438,0.2199168043804474,0.0
2019-12-11,0.17320681485183712,0.2655273921228206,0.1663468199832166,0.17242191748606464,0.2195446972433378,0.0
2019-12-12,0.17467454094698143,0.2682597256450585,0.1640033294002028,0.16960961504685826,0.22049723925438913,0.0
2019-12-13,0.17495536753673552,0.2689144827079631,0.16372781997202157,0.1693246876113818,0.22012682562605193,0.0
2019-12-15,0.17310479290221895,0.26607006399958016,0.16364897512963802,0.16753367098638303,0.22672266299548874,0.0
2019-12-16,0.1741886575319395,0.26779903071743977,0.16320164303085705,0.1701117491064977,0.22178977674286438,0.0
2019-12-17,0.1735108504272353,0.26640685667619424,0.16591635450397552,0.17094783319177523,0.22032171567336903,0.0
2019-12-18,0.17296533660368918,0.26531742895418703,0.16559507798885928,0.1718692228973536,0.22136762772061655,0.0
2019-12-19,0.17341952842928077,0.26445924483313715,0.16597469160097197,0.1738885699972115,0.2193828302966341,0.0
2019-12-20,0.173971376044939,0.2643823701891643,0.16583438207742926,0.1737415703422009,0.21919737129625602,0.0
2019-12-22,0.1737834442206161,0.2640967722806001,0.16662969129915312,0.17460732813015511,0.21801271196453417,0.0
2019-12-23,0.17296631630297588,0.2626086138470122,0.16895609363559205,0.17385138537224154,0.21876833514947522,0.0
2019-12-24,0.17250041258466173,0.26156978828405086,0.1677706661441451,0.17303245798394745,0.22228634641415787,0.0
2019-12-25,0.17337088297908418,0.2628897199489381,0.16506407324598124,0.17076273032555203,0.22505770773143222,0.0
2019-12-26,0.17360643722163077,0.26226024580326107,0.16256001474121234,0.169499054672647,0.2292402657819034,0.0
2019-12-27,0.17337570879218323,0.2627657005233255,0.16248078578180486,0.1694164437443468,0.22912853801329372,0.0
2019-12-29,0.17289048326247755,0.2620302997736291,0.16298478341751008,0.1710152175675189,0.22825409904432367,0.0
2019-12-30,0.17221813922350238,0.2609797939170683,0.16053811190946715,0.16965534533288879,0.23377569094315312,0.0
2019-12-31,0.1753344734299316,0.26174894621419137,0.1604091466316035,0.17132152647494872,0.22128929877178494,0.0
2020-01-01,0.1759476964051766,0.26266439920198537,0.1593889233213045,0.17113208821466755,0.2209348910742265,0.0
2020-01-02,0.17648311996690164,0.262463399678527,0.15818431024246554,0.17064919175523025,0.22242059322667168,0.0
2020-01-03,0.17573511959998198,0.2604239270305529,0.1589699966188039,0.17149679000874682,0.2235253350916988,0.0
2020-01-05,0.17800634914757546,0.2637896886342579,0.15610175958523997,0.17001722521770674,0.2221080738744551,0.0
2020-01-06,0.1781764715504105,0.2628394571940974,0.15430296867181728,0.1693527690047449,0.22540504958345725,0.0
2020-01-07,0.17847275611375601,0.26292200603304544,0.15394819399385412,0.17071016531003358,0.22400492627208995,0.0
2020-01-08,0.17996979479708536,0.26378578571461797,0.15439813992819224,0.16927828874982012,0.22261665380494525,0.0
2020-01-09,0.17918513752416507,0.26158847579175165,0.15524746001309325,0.17102280771331504,0.22313064771734448,0.0
2020-01-10,0.17891248068431895,0.2612797158998446,0.15540865318394784,0.17120038040056826,0.22336232388529828,0.0
2020-01-12,0.17899888761911145,0.26140590262135227,0.15548370879387785,0.17102276365955535,0.2232467674153044,0.0
2020-01-13,0.180476473187184,0.26258354445025595,0.154510977104606,0.17098676230692736,0.22163143596235935,0.0
2020-01-14,0.1800979828874663,0.263020404521422,0.15464015998274475,0.1726024133147179,0.21980933281101367,0.0
2020-01-15,0.1807139226707869,0.2631819435360847,0.15369411820244952,0.17207901768135295,0.22047093048888614,0.0
2020-01-16,0.18172713566505055,0.26369015151658226,0.1538697374767565,0.17218026416565835,0.2187107124570242,0.0
2020-01-17,0.18232151580584582,0.26402099431383025,0.15361281930194526,0.1718927726814109,0.2183455285165199,0.0
2020-01-19,0.18170927189186184,0.2631343998479046,0.1529415577253851,0.1710571639257292,0.22138339941638627,0.0
2020-01-20,0.18158706839022404,0.26295743614798994,0.1529940193888136,0.17145856047459945,0.22123451418707743,0.0
2020-01-21,0.18228911348271845,0.2611033040449396,0.15318632132981777,0.1714205688186416,0.22218935964894898,0.0
2020-01-22,0.18297264396933677,0.2622120897099073,0.15273087600356006,0.17160984806577972,0.22065160422003496,0.0
2020-01-23,0.18501460739394016,0.2633154828016842,0.1466996504640934,0.1724453460852822,0.22262341602945598,0.0
2020-01-24,0.18400357292033429,0.2626841481549594,0.14713618050439545,0.17295848687081483,0.2232858702920536,0.0
2020-01-26,0.18445489420067016,0.26332845600283233,0.14654756703017982,0.1723303425377902,0.22338185614128978,0.0
2020-01-27,0.1830138447368346,0.26073654284356007,0.14670567992877023,0.172457883867734,0.2269977967431619,0.0
2020-01-28,0.1847751188178102,0.26148076798624176,0.14492032258937002,0.1714836110400461,0.22730813132244224,0.0
2020-01-29,0.18481337431127712,0.2612088220261568,0.14312307100937918,0.1736227397380697,0.22721336590496352,0.0
2020-01-30,0.18485773177719042,0.25911827770013757,0.1448708143660055,0.175158432264381,0.22600849185084096,0.0
2020-01-31,0.1793970570843668,0.2668222929220534,0.14960507321320654,0.17233463898030849,0.22145175396361086,0.0
2020-02-02,0.18015164454313287,0.26794461209066445,0.14941157170324823,0.17123510889035143,0.2208233596459171,0.0
2020-02-03,0.18228899030118859,0.2683225680935718,0.14614550308692362,0.17094744389097852,0.22189433167632006,0.0
2020-02-04,0.18450721242683693,0.2701936268185687,0.14477623450058696,0.17044130573170885,0.21978865187456606,0.0
2020-02-05,0.1849974273507785,0.2725139072108092,0.14306180964349569,0.17058945203969839,0.21855019536998246,0.0
2020-02-06,0.18648202949281667,0.2728582730536396,0.1418409363044915,0.16945972745069363,0.21907721014036133,0.0
2020-02-07,0.18631236050996552,0.2711858123865864,0.1423240024517739,0.17003685461716556,0.2198233190325975,0.0
2020-02-09,0.1873868062841323,0.272749715336102,0.14199965474378493,0.16816715821769915,0.21931869801031037,0.0
2020-02-10,0.18866740730705894,0.2719980475317905,0.14158829631607125,0.16703679976495273,0.2203845192767942,0.0
2020-02-11,0.189764284258566,0.27579071186719406,0.14107762676137797,0.16357209053572505,0.21941130522083557,0.0
2020-02-12,0.19051082358502933,0.275939742228995,0.13994084662285156,0.16469328122884133,0.2185902310947528,0.0
2020-02-13,0.19077079609576789,0.2743680178617833,0.13965890707121495,0.1643542204008291,0.22049482271590676,0.0
2020-02-14,0.19124182018356775,0.27410660895660216,0.13960396158061247,0.16428955912385157,0.22040807424806108,0.0
2020-02-16,0.19124166463672834,0.2741063860115546,0.1396038480335077,0.16428942549867667,0.22040789497880242,0.0
2020-02-17,0.1906713396616327,0.27328894009529703,0.14113873997150073,0.1648296669118033,0.21975058984891113,0.0
2020-02-18,0.19094446333062667,0.2716867112988717,0.14161222175566018,0.1650024875103721,0.2204217596182594,0.0
2020-02-19,0.19151101090930633,0.27152846229731137,0.1414923978126933,0.16622594172663913,0.21897675909000297,0.0
2020-02-20,0.189924988972856,0.2693663243984946,0.14373980962150812,0.16793236914841594,0.2187598907668218,0.0
2020-02-21,0.18721612045916242,0.2693472659020775,0.14446477493252038,0.1687793519192244,0.21986322694532642,0.0
2020-02-23,0.1877799114202717,0.2701583902515334,0.1419626385936826,0.1687706905229114,0.2209671892081577,0.0
2020-02-24,0.1860225649862629,0.2680822493771847,0.14139915068504624,0.16750597775158618,0.22631330450203987,0.0
2020-02-25,0.18260562155731036,0.2662571147709163,0.1413243793891524,0.16929402805351715,0.22974441763492862,0.0
2020-02-26,0.18359778364491472,0.2672359502938069,0.1400060245422249,0.16880346299089122,0.22957849864557792,0.0
2020-02-27,0.17783081170805246,0.26461720763341,0.14292972603329207,0.1721199237210813,0.23151142784006337,0.0
2020-02-28,0.1756733100470648,0.25923881633222073,0.16091529799210952,0.17235190300272757,0.22785059424416654,0.0
2020-03-01,0.17862406424522806,0.26359320588299673,0.1602506954799763,0.16603804626699573,0.2274569077945265,0.0
2020-03-02,0.18497257646418533,0.26347466272934433,0.15838822065743247,0.16405153164503403,0.22513727851451446,0.0
2020-03-03,0.17751105442977844,0.2584104039614684,0.16264316894486575,0.1680985742694798,0.22939473224985188,0.0
2020-03-04,0.18298220174339988,0.26263858988718414,0.16094120216250074,0.16526115442591852,0.22427573053548952,0.0
2020-03-05,0.17919389570090982,0.2585771427276942,0.16293433076970196,0.16609403536417824,0.22926022157551496,0.0
2020-03-06,0.1774031301011761,0.2564337679105503,0.16407435693964031,0.16725616949571048,0.23086431968723445,0.0
2020-03-08,0.18231620399688983,0.26353554819132835,0.1606174239826609,0.15977151327419764,0.2296808357279383,0.0
2020-03-09,0.18097233059191073,0.2586944774366267,0.16194692460830076,0.15660579608352815,0.2374295047278268,0.0
2020-03-10,0.18183065833573347,0.25659825584246837,0.16590137923592665,0.16239848279027722,0.22912503894623237,0.0
2020-03-11,0.1799249784792351,0.252368291792887,0.16637973677489581,0.16297679727530492,0.23406029670520975,0.0
2020-03-12,0.17172116157408443,0.2368506239144369,0.17614941832359712,0.1687568135375871,0.24201402248878856,0.0
2020-03-13,0.180754246696495,0.2453206210465673,0.1709362441160563,0.16376242481888717,0.23485157329134637,0.0
2020-03-15,0.18149161377866127,0.24632137955621414,0.1742177181454287,0.16261019800127888,0.23096600840177067,0.0
2020-03-16,0.1715747596434935,0.234529943890351,0.18479919323858193,0.16617381893675195,0.23820368724533075,0.0
2020-03-17,0.17900741113857524,0.23938171404550906,0.1823530706907241,0.1636784202778245,0.23100306493842618,0.0
2020-03-18,0.1769132687476154,0.22812922838461416,0.1881596146866798,0.16748232740067975,0.23465053165262345,0.0
2020-03-19,0.1764409311820722,0.2287750041209055,0.18925744470712952,0.16827369684528137,0.23262774509481451,0.0
2020-03-20,0.1709012515722214,0.22949867901978846,0.19078975778201074,0.16963611609506907,0.23451120355501157,0.0
2020-03-22,0.1713030118573169,0.2300381920652682,0.18871898016820804,0.16938963210429206,0.23587586261166468,0.0
2020-03-23,0.17392475008246627,0.22941106714729698,0.18821586659604167,0.16989386670416912,0.23381164152140527,0.0
2020-03-24,0.18011303477744384,0.2385150442165069,0.18470071387933767,0.16738391461146673,0.2247283779566286,0.0
2020-03-25,0.1779107267623128,0.24543327299710416,0.18380335113024066,0.16625761030796193,0.22205791706878278,0.0
2020-03-26,0.18314652788574476,0.2499502027844769,0.17996437684842645,0.1653442158365422,0.21715733566816176,0.0
2020-03-27,0.17959074302740063,0.24471211392718642,0.1827558941326945,0.16790895250523416,0.22052577150273717,0.0
2020-03-29,0.1786368933465724,0.24341238896458833,0.18244383683095486,0.17011002667232522,0.2209139122556823,0.0
2020-03-30,0.18286829083999856,0.24562716047573124,0.18021054770988357,0.16865587443034694,0.21820971218236854,0.0
2020-03-31,0.1579257288362342,0.18739777617047193,0.1922786122063034,0.17975016832518229,0.2826477144618081,0.0
2020-04-01,0.1512939910966887,0.17954175300883612,0.19787485650135067,0.1801776703397803,0.2911117290533443,0.0
2020-04-02,0.15342709358835857,0.18244926026808653,0.19601763588766305,0.18107693521870158,0.28702907503719033,0.0
2020-04-03,0.15212676749429768,0.17989763869381772,0.19715454718406608,0.18212718976460462,0.2886938568632139,0.0
2020-04-05,0.1523657918657046,0.1801802971681588,0.19790456628824038,0.1797357166707442,0.28981362800715194,0.0
2020-04-06,0.15952570403864122,0.1852273655361667,0.19251840933509706,0.17791486584929,0.2848136552408051,0.0
2020-04-07,0.15844551199401508,0.1848034242028334,0.19663605866625675,0.17873187521212802,0.2813831299247669,0.0
2020-04-08,0.16132315604700298,0.18615279570759602,0.1960448866991205,0.17916651225858574,0.27731264928769467,0.0
2020-04-09,0.1612676154270286,0.18878283906018856,0.197183419832084,0.17884619535886495,0.27391993032183376,0.0
2020-04-12,0.16168618245961128,0.18927282133306284,0.19769520565278376,0.1763921518765235,0.2749536386780186,0.0
2020-04-13,0.1650467759845525,0.1900224206136993,0.19598611433483432,0.17518686287600738,0.2737578261909065,0.0
2020-04-14,0.16938558549062555,0.19036863697644624,0.1980505991275248,0.17455314273214262,0.2676420356732607,0.0
2020-04-15,0.1688506132178159,0.18659609239572578,0.19864777491787108,0.17439698826106184,0.2715085312075255,0.0
2020-04-16,0.1737616825741631,0.18849378414720072,0.19428726279556408,0.1739569347420314,0.2695003357410407,0.0
2020-04-17,0.1742894420879821,0.19209041178668132,0.19303077865668136,0.17283192980754936,0.2677574376611059,0.0
2020-04-19,0.1738040174356456,0.191555408517168,0.19527365682941517,0.17332612823985014,0.26604078897792105,0.0
2020-04-20,0.17262436867065967,0.19003295086788696,0.19476822353402293,0.17061784076883987,0.27195661615859057,0.0
2020-04-21,0.16975093551916312,0.18969429441241886,0.19864221765464563,0.17320470805967988,0.2687078443540925,0.0
2020-04-22,0.17348635443148713,0.19204065905197706,0.1971627132483286,0.17357087119720405,0.26373940207100316,0.0
2020-04-23,0.17306000761046153,0.1915706999023776,0.19753900944942074,0.17417668802543013,0.2636535950123099,0.0
2020-04-24,0.17504994048395295,0.19225287755230594,0.1967082389476399,0.17344417015509797,0.26254477286100314,0.0
2020-04-26,0.17186753150364262,0.18875771907169483,0.19485460649832606,0.17547090457959894,0.26904923834673755,0.0
2020-04-27,0.1725084778270044,0.19063869083148394,0.19294868386848013,0.1753646820850312,0.26853946538800044,0.0
2020-04-28,0.1688247705324463,0.19146818801862592,0.19245330599588611,0.17684362502543813,0.27041011042760366,0.0
2020-04-29,0.17140991016645507,0.19270016417634858,0.19104089314341285,0.17813170603275244,0.2667173264810312,0.0
2020-04-30,0.15104677054287555,0.17947513570230725,0.1941909698081717,0.1774024195805268,0.2978847043661187,0.0
2020-05-01,0.14809954187070826,0.17644758748147754,0.19592403281659845,0.1789856526798008,0.30054318515141487,0.0
2020-05-03,0.1521311633154732,0.18125091008856833,0.1959262004476767,0.16907228724862278,0.30161943889965903,0.0
2020-05-04,0.15345633766620767,0.1811040023647828,0.195798449631873,0.16890029964995237,0.3007409106871841,0.0
2020-05-05,0.15344774674799874,0.17985901469822269,0.19468762289372377,0.17080012378168946,0.30120549187836526,0.0
2020-05-06,0.15660204782049506,0.1813717473745226,0.19591910657471157,0.17195891577546774,0.29414818245480295,0.0
2020-05-07,0.1585529617238458,0.18354586269752268,0.19628203512010453,0.17220903782930133,0.28941010262922556,0.0
2020-05-08,0.15986963057137998,0.18573400941818907,0.1952363882084054,0.17129163421433113,0.28786833758769437,0.0
2020-05-10,0.15954049833727418,0.18535162879185776,0.19593645599131526,0.17189572937017486,0.2872756875093778,0.0
2020-05-11,0.16120217227383693,0.1852853838694771,0.19798905789234544,0.16959224911033147,0.28593113685400884,0.0
2020-05-12,0.15800049289579104,0.1834617700910749,0.20152102189014814,0.17041803720963983,0.2865986779133461,0.0
2020-05-13,0.15528188813338392,0.18132939584547164,0.20628170668778056,0.17151788526770584,0.28558912406565795,0.0
2020-05-14,0.156643742152494,0.18002787024213251,0.20707110477560006,0.17139735771694004,0.28485992511283326,0.0
2020-05-15,0.15757962173443824,0.1794326065724916,0.20696477476684014,0.1713093460044067,0.28471365092182327,0.0
2020-05-17,0.1559213641102737,0.1775443834342613,0.20804088421203198,0.17295950394828155,0.2855338642951514,0.0
2020-05-18,0.15594627851381127,0.18108272226066058,0.2083151062436079,0.17259683317842717,0.2820590598034931,0.0
2020-05-19,0.15444552907109851,0.17772925108291118,0.2102124970450909,0.17350743958039824,0.2841052832205012,0.0
2020-05-20,0.15709560367035832,0.18042402292226517,0.21089882990463021,0.17363978551766662,0.2779417579850796,0.0
2020-05-21,0.15695586635995787,0.18017186313198533,0.21303133753095596,0.1732377993824226,0.2766031335946782,0.0
2020-05-22,0.1576240578458084,0.1789717156393356,0.21320229550382336,0.17337682298031049,0.27682510803072213,0.0
2020-05-26,0.15648712693903072,0.1831107742294572,0.21223748327034242,0.1725922344306508,0.2755723811305189,0.0
2020-05-27,0.15695248318880725,0.18427694834840155,0.21171314832357419,0.17216584349037786,0.27489157664883923,0.0
2020-05-28,0.15662157845753763,0.18513915877563777,0.21154239934509778,0.17202698984743084,0.274669873574296,0.0
2020-05-29,0.15850789072080113,0.18494538009464523,0.21099845942048623,0.1715846560733106,0.27396361369075684,0.0
2020-05-31,0.1526523828369995,0.17877308576882173,0.19921627042820034,0.17342740672028165,0.29593085424569676,0.0
2020-06-01,0.15260635175766474,0.1821090020764478,0.19955835622571352,0.17405488961866336,0.29167140032151057,0.0
2020-06-02,0.15296751789265545,0.18395436433188686,0.19810173794242997,0.1741992102435966,0.2907771695894312,0.0
2020-06-03,0.1532687461291884,0.18750440252189648,0.19720652478620973,0.1719753696248556,0.29004495693784965,0.0
2020-06-04,0.1521233443608321,0.186183334760627,0.19790755699947318,0.1727879236715079,0.2909978402075599,0.0
2020-06-05,0.15408639210672234,0.18871209476965947,0.19656409066659897,0.1716149782736698,0.28902244418334944,0.0
2020-06-07,0.15393471412046308,0.18852633228845606,0.1955844211316625,0.17321659323278893,0.2887379392266295,0.0
2020-06-08,0.154693691725416,0.1901341873949489,0.19464322907248735,0.17331877151332753,0.28721012029382026,0.0
2020-06-09,0.15569640156071576,0.18793086364488343,0.1942999624909815,0.17436362179862272,0.28770915050479673,0.0
2020-06-10,0.15703856821259182,0.18718890502259924,0.19423637576886832,0.17407409213222946,0.287462058863711,0.0
2020-06-11,0.15221934437591433,0.18055404874585326,0.1974936029743761,0.17693069760613464,0.29280230629772175,0.0
2020-06-12,0.15272345183915084,0.18311894456412725,0.196585203175331,0.17611687980277435,0.2914555206186165,0.0
2020-06-14,0.15260322326333944,0.18297478772610462,0.19504429865939124,0.17597823520444944,0.29339945514671517,0.0
2020-06-15,0.15432610206105393,0.18304739537025969,0.19586442338912904,0.17434073193804026,0.29242134724151714,0.0
2020-06-16,0.1566009027307893,0.18472307924803383,0.19381709693037413,0.17422005996134646,0.2906388611294562,0.0
2020-06-17,0.1567809112020013,0.1850795875809202,0.19500233323906213,0.1741647858928645,0.2889723820851518,0.0
2020-06-18,0.15708360947924552,0.1842077892744045,0.19485092667593318,0.1740295583229574,0.28982811624745924,0.0
2020-06-19,0.1571703339903175,0.18364944682478423,0.19499043478648356,0.17415415888440064,0.29003562551401413,0.0
2020-06-21,0.15667248766689654,0.18306772634625143,0.19496188356541136,0.1733077504987308,0.29199015192270983,0.0
2020-06-22,0.1578435539212379,0.18452293890718616,0.19291868535079154,0.17224058125003644,0.2924742405707479,0.0
2020-06-23,0.15945752284634795,0.1860246821233258,0.19324663511355258,0.17223946232903192,0.2890316975877417,0.0
2020-06-24,0.15784900481183753,0.18399578072001077,0.19591755660400784,0.1708229987756481,0.2914146590884958,0.0
2020-06-25,0.15868963888057308,0.18519872628472178,0.19490666968040934,0.17100092513150156,0.2902040400227942,0.0
2020-06-26,0.1559295254913955,0.18377788713994025,0.19614867712429673,0.17209059754893707,0.2920533126954304,0.0
2020-06-28,0.15517738208475984,0.1828914140639649,0.19461039208971545,0.1712604994140103,0.29606031234754954,0.0
2020-06-29,0.15693087292020833,0.18443122978425258,0.1950810068373392,0.16954861927381823,0.2940082711843816,0.0
2020-06-30,0.15273522365848902,0.17232473090980846,0.20603798008188753,0.17424173899099268,0.29251904738865875,0.0
2020-07-01,0.15379049061868386,0.1723780347440133,0.20382523956199877,0.17495339169155327,0.2929214779407383,0.0
2020-07-02,0.15404759437327353,0.1741187131598198,0.2029957577139235,0.1752839220342215,0.29143330890077235,0.0
2020-07-05,0.15333009819751184,0.17330773320697485,0.2030758538114824,0.17598463609381865,0.2921906864396034,0.0
2020-07-06,0.15165912382595773,0.17099088712481358,0.195449113372189,0.16989009269722408,0.30997273658814267,0.0
2020-07-07,0.1520097135547475,0.17010720943331284,0.19725982669447564,0.17087277612374652,0.30769338493827986,0.0
2020-07-08,0.15401023145753495,0.17226029419572902,0.1958586336132109,0.17087088450792406,0.3049427280883438,0.0
2020-07-09,0.15685486841825844,0.17271277520425765,0.19780997801937864,0.17227469711353005,0.2982697936147066,0.0
2020-07-10,0.15761860373073935,0.17325275847051497,0.19742526988490908,0.17193965093433095,0.2976897075289638,0.0
2020-07-12,0.15784741873583868,0.17350426958579312,0.1967031719441955,0.17278610067212669,0.2970818555484386,0.0
2020-07-13,0.15599872641578294,0.17397599990875703,0.1974643723414673,0.1731443827426039,0.2973203830397835,0.0
2020-07-14,0.15729014678794923,0.17609744042676861,0.19749584910493506,0.17214479093636606,0.29487297438459703,0.0
2020-07-15,0.15682327474205202,0.17691098497622082,0.19610402463010676,0.17188509979426392,0.2961881345521674,0.0
2020-07-16,0.15639293042886288,0.1760792533032273,0.19548393238602463,0.17289214352968071,0.2970545177279685,0.0
2020-07-17,0.15642380054193444,0.1766886813428818,0.1952963743778611,0.1727262613230372,0.29676950732848967,0.0
2020-07-19,0.15655745253970027,0.1768396481085675,0.19525967952865383,0.1725726910871697,0.29667319850909785,0.0
2020-07-20,0.1607379996222503,0.1779316106866635,0.19514625440697694,0.17139076049737012,0.2926992812794365,0.0
2020-07-21,0.15855905719845867,0.17828410716847887,0.19655428691687832,0.17204665875703934,0.2924682671713657,0.0
2020-07-22,0.1587235591349064,0.17784259053584592,0.20051448174098485,0.17221857189934117,0.28861818020318575,0.0
2020-07-23,0.15661673121967326,0.17876377297361434,0.19885863157480005,0.1750961723337097,0.2885544380539023,0.0
2020-07-24,0.15546589968603153,0.17847325209254425,0.19928984420330062,0.17547585754080622,0.2891801504844534,0.0
2020-07-26,0.15494842010864854,0.1778791908659117,0.19862649343272445,0.17822018058628836,0.28821759327825924,0.0
2020-07-27,0.15685258900252222,0.1793145238638071,0.19754264396877436,0.17754858997681067,0.2866448701305214,0.0
2020-07-28,0.1553522101561717,0.17878807053879484,0.19837895061270353,0.17781491393337784,0.28756219623537915,0.0
2020-07-29,0.15653468092913345,0.1801822420891338,0.1976112449629134,0.17712678894016673,0.2864493608159251,0.0
2020-07-30,0.15758723410943087,0.17814740437622242,0.19790384684517537,0.17738905960119433,0.2868735048071398,0.0
2020-07-31,0.15628931524899503,0.1742879216321771,0.20510118968441693,0.1774142983925893,0.2768487109099809,0.0
2020-08-03,0.15765638335781704,0.1760637848582281,0.2041380011694334,0.17658113201813513,0.27554858437660107,0.0
2020-08-04,0.15793870219953265,0.1770563241813213,0.2037471634257816,0.17624305399829518,0.2750210256351259,0.0
2020-08-05,0.1581469107379222,0.17803983843243498,0.20308831176351386,0.17603914831625803,0.274702838061009,0.0
2020-08-06,0.15922982114395667,0.17726309218972847,0.20390822689948998,0.17670965789062612,0.2729684971668756,0.0
2020-08-07,0.15793987418877578,0.17624222112939353,0.20461814438146977,0.17732488208868194,0.2739188517019285,0.0
2020-08-09,0.15780446053236477,0.1760911155032829,0.20381045912281617,0.1786616920529181,0.27368400060141074,0.0
2020-08-10,0.15738618112113928,0.17690119013982758,0.20266472275770256,0.17895276333547902,0.2741298799175423,0.0
2020-08-11,0.1537653278234338,0.17658499005760234,0.20287617801240385,0.18385466448932483,0.27299408578887957,0.0
2020-08-12,0.15615864451109654,0.17827128679878712,0.2013955092665133,0.18390072730894222,0.2704411192460114,0.0
2020-08-13,0.1566043969992167,0.1774437438048563,0.20151080168864186,0.18400600453364238,0.2705959380490452,0.0
2020-08-14,0.15656230388773823,0.17688106480240298,0.2016935658946513,0.1841728924177545,0.2708413603854782,0.0
2020-08-16,0.15606198397518695,0.17631581303568541,0.20042533737004553,0.18740291152161215,0.26997584344826897,0.0
2020-08-17,0.15710457877472597,0.1770288701356479,0.2000691153288944,0.18736642061893494,0.26865998985361716,0.0
2020-08-18,0.15815443065324622,0.17654697019385,0.19969224683181044,0.18798612221156613,0.2678769190840563,0.0
2020-08-19,0.15748390630226705,0.17579321694913316,0.1993652256893736,0.18904131123168222,0.2685478576012982,0.0
2020-08-20,0.1592377647176901,0.17484191677476285,0.19923986838309624,0.189114146047198,0.26782340825660084,0.0
2020-08-21,0.16024079242358708,0.1742556089624808,0.1991149590421463,0.1889955848197752,0.26765550187477183,0.0
2020-08-23,0.1601144150528094,0.17411817850316474,0.19916388164449317,0.18942847746526797,0.26744440956744164,0.0
2020-08-24,0.16028370745931042,0.17535338894271732,0.19813730334033036,0.1904784743705263,0.26606588336999765,0.0
2020-08-25,0.1612206180869469,0.17557666927051033,0.19733172056421333,0.19067500987394112,0.2655333572445378,0.0
2020-08-26,0.1639416830538096,0.17575165006475002,0.19646979574285114,0.18984216088567948,0.264373534632875,0.0
2020-08-27,0.16389000966755107,0.1747277259314908,0.19681788828551552,0.18979884487167797,0.26511655708222176,0.0
2020-08-28,0.16433688492297452,0.1758320375603443,0.19635605216882374,0.18935347904527017,0.26449445711834074,0.0
2020-08-30,0.16422261459728046,0.17570977417310238,0.19662656878688345,0.1895093483252868,0.2643105430337252,0.0
2020-08-31,0.1585966774013383,0.173379275055679,0.2117334635399704,0.18121609246490944,0.27507449153810287,0.0
2020-09-01,0.1615562184336909,0.17468864834908376,0.21095556980568295,0.17730077923591822,0.27549878417562423,0.0
2020-09-02,0.16130971479679876,0.17431532940196148,0.2134645997509828,0.17841231727866524,0.2724980387715917,0.0
2020-09-03,0.15432257766381316,0.171952338386347,0.2151253215193191,0.18398173081072458,0.2746180316197962,0.0
2020-09-04,0.1525491047210483,0.17247338864580453,0.21552522919508058,0.18432374404204233,0.2751285333960244,0.0
2020-09-06,0.15261643386239582,0.1725495115780502,0.2151789930580433,0.18440509725246598,0.2752499642490447,0.0
2020-09-07,0.15264115860330427,0.1725774655923046,0.2147723781178628,0.1847144413586434,0.27529455632788496,0.0
2020-09-08,0.14637344660549248,0.17137684957110147,0.2185756904189019,0.1863545649274964,0.2773194484770078,0.0
2020-09-09,0.14962777818082348,0.1730773589077466,0.2168381953560334,0.18506148602163008,0.27539518153376646,0.0
2020-09-10,0.1469464320769829,0.17131221644601605,0.21949701128271867,0.18628258370243175,0.27596175649185056,0.0
2020-09-11,0.14584451349376482,0.1727975068336316,0.21937357889139752,0.18617782917919928,0.2758065716020066,0.0
2020-09-13,0.1456320852400208,0.1725458204880252,0.21883323385429243,0.1875840119039838,0.27540484851367775,0.0
2020-09-14,0.14721064623298274,0.17293289751332125,0.21763817579668573,0.18859353758897768,0.27362474286803257,0.0
2020-09-15,0.14759356032158222,0.1723126936306945,0.2212276630351022,0.188363630171418,0.27050245284120306,0.0
2020-09-16,0.145429781261905,0.1722405086331492,0.22368861723803707,0.18778503095847388,0.2708560619084348,0.0
2020-09-17,0.14400527846068584,0.17319358379898828,0.22282806847736653,0.18751374723219094,0.27245932203076834,0.0
2020-09-18,0.14261440571894207,0.17243761761320772,0.22352867652429428,0.18810332125272683,0.27331597889082915,0.0
2020-09-20,0.14265398866303133,0.17248547805579387,0.22359071740340886,0.18787797753180951,0.2733918383459564,0.0
2020-09-21,0.14404599813814953,0.1702746911919021,0.22214091074544356,0.18813924301980633,0.27539915690469857,0.0
2020-09-22,0.14666132082025063,0.16989977352276475,0.22204878573980238,0.18610517497280335,0.27528494494437894,0.0
2020-09-23,0.14308510978341796,0.16914025085518217,0.22345746235506042,0.18728582546404224,0.27703135154229724,0.0
2020-09-24,0.14382018793344079,0.1688467241626674,0.2222310315400213,0.18793812018620762,0.27716393617766294,0.0
2020-09-25,0.14658387299572653,0.16879167784740085,0.22135526461796745,0.18719749459530127,0.2760716899436039,0.0
2020-09-27,0.14656004966563277,0.1687642452262246,0.2217619819863526,0.1868869013268073,0.27602682179498256,0.0
2020-09-28,0.14830295552943548,0.16958189459698814,0.22378256818724288,0.18470616097895523,0.27362642070737825,0.0
2020-09-29,0.1482432049052957,0.17014645882511534,0.22250265767849442,0.18435252093092086,0.2747551576601737,0.0
2020-09-30,0.1494574228196347,0.17047464738978993,0.2100265496876625,0.1828940154648373,0.2776554147017338,0.0
2020-10-01,0.151071840296078,0.1708676728693248,0.20981069371888567,0.18253502287195356,0.27626945851415957,0.0
2020-10-02,0.14756314286653646,0.1709529409401434,0.21086976674047356,0.1834564149840145,0.2776639991117569,0.0
2020-10-04,0.14805787114078342,0.17152608713238232,0.21073721146584412,0.1815576064791003,0.2785949106417811,0.0
2020-10-05,0.14943381550196627,0.17208517863987985,0.2124028362824066,0.1813507712362396,0.27531258180373924,0.0
2020-10-06,0.14643276392168936,0.17028939381735805,0.2152305550835009,0.18396731335737396,0.27468585129991635,0.0
2020-10-07,0.14838845550928073,0.17139411674306304,0.213983849375425,0.18325414092765857,0.2736209970472511,0.0
2020-10-08,0.14897902567806687,0.17239559532329687,0.21410977046134205,0.18191347473045033,0.273255461093739,0.0
2020-10-09,0.150736707957156,0.17296434396942462,0.21337553868517306,0.1812896514767398,0.27231840510552124,0.0
2020-10-11,0.15001897672959397,0.17214077609001385,0.21521822981107694,0.1823285270320836,0.2710217639234697,0.0
2020-10-12,0.1532210586511324,0.171563191039618,0.2152525856861567,0.1822589963217305,0.26851739512306627,0.0
2020-10-13,0.15331321927884517,0.17023334146269758,0.21538927790324255,0.18318291970111325,0.2686879121830518,0.0
2020-10-14,0.15276626247735609,0.17049622202488288,0.21480128135139048,0.1827133956999731,0.269984422112122,0.0
2020-10-15,0.15290494949321104,0.1700822584909769,0.2131693173109877,0.18247825052058972,0.2720552171315722,0.0
2020-10-16,0.15209853530986953,0.17074689240852986,0.21321372889380516,0.18251626794278542,0.2721118969716119,0.0
2020-10-18,0.15224415633704183,0.1709103676044504,0.21218662883182263,0.18296409986013862,0.27237242028212305,0.0
2020-10-19,0.14999002449158497,0.17060997717685075,0.21456964443550855,0.18269971753079284,0.2727931746478838,0.0
2020-10-20,0.15044437750753928,0.17188949149807564,0.2127008863523874,0.18258631042355333,0.27303254465610294,0.0
2020-10-21,0.15055483686371848,0.1717161897589019,0.21260974213818523,0.18231348475377435,0.2734445187243378,0.0
2020-10-22,0.1494730858469157,0.17055457116526607,0.21681691722654114,0.1823709622589665,0.2714894365486197,0.0
2020-10-23,0.14957032013746946,0.17135269080739604,0.21653119083407846,0.18213062954967998,0.27113166143453243,0.0
2020-10-25,0.15082247871235105,0.17278720496051353,0.212164391632891,0.18146246734319,0.2734014956802244,0.0
2020-10-26,0.14941798142559226,0.1708393247787575,0.21338866027905648,0.1819581842997112,0.274979125537902,0.0
2020-10-27,0.15019391922959047,0.16976179791878654,0.21407471298473524,0.18231094740266557,0.27426559568735004,0.0
2020-10-28,0.14626083411830237,0.1672877035530362,0.21483210957106447,0.18418191663002653,0.277918555099116,0.0
2020-10-29,0.14900915723245092,0.1685182119941548,0.21108484690174012,0.1835810692862032,0.27827488020374863,0.0
2020-10-30,0.1502202647077418,0.16815571278064187,0.20371102276821434,0.17695306510476788,0.3009599346386342,0.0
2020-11-01,0.15010727017049502,0.16802922733616457,0.2045787162853686,0.17655123133647807,0.3007335548714937,0.0
2020-11-02,0.14914728816791153,0.16870756519387942,0.20443781747345974,0.1795612031965981,0.2981461259681512,0.0
2020-11-03,0.1509358394452812,0.1708796449185936,0.20296878933932216,0.17862465652556678,0.29659106977123634,0.0
2020-11-04,0.1557426294167842,0.17160309042855734,0.20247234630263963,0.17722267621267399,0.292959257639345,0.0
2020-11-05,0.15823406695930156,0.1737562654921223,0.2016661837944988,0.17626040391670955,0.29008307983736775,0.0
2020-11-06,0.15825576118083598,0.1741420099906824,0.20154318166473453,0.17615289751842833,0.28990614964531863,0.0
2020-11-08,0.15600808087633303,0.17166869993156017,0.20139701277960562,0.17518324641956393,0.2957429599929372,0.0
2020-11-09,0.1516291536986992,0.17389000785395303,0.20367760238989785,0.1773652167428239,0.293438019314626,0.0
2020-11-10,0.1494147415797484,0.17515179529999467,0.2005009498983662,0.18050538351451761,0.2944271297073731,0.0
2020-11-11,0.1512785606347756,0.17473095365936514,0.20315130774924864,0.1792618223105569,0.29157735564605375,0.0
2020-11-12,0.1511333746240609,0.1731157962354625,0.20314533631610227,0.1799343084518837,0.2926711843724905,0.0
2020-11-13,0.1518741024597776,0.17496828167239292,0.20236576023614194,0.17924380535997408,0.2915480502717134,0.0
2020-11-15,0.1512618421359442,0.17426292022457346,0.20307400254136782,0.18102852216687768,0.29037271293123673,0.0
2020-11-16,0.15144956007505253,0.1752088831365244,0.20326585934220623,0.18159357984327434,0.2884821176029424,0.0
2020-11-17,0.15076489046925903,0.17481441668523323,0.20299086302436672,0.18333799674684526,0.28809183307429564,0.0
2020-11-18,0.14957000221130187,0.17399644818051407,0.20401482395695192,0.1844822611242472,0.28793646452698485,0.0
2020-11-19,0.15085114512049555,0.17497450977943277,0.2026524631602817,0.1833737956080158,0.28814808633177413,0.0
2020-11-20,0.14987006847218323,0.17572688176326945,0.20272121030844759,0.18343600272506638,0.28824583673103327,0.0
2020-11-22,0.14962437180342777,0.17543879549027203,0.20427677492083976,0.18288677066082556,0.2877732871246348,0.0
2020-11-23,0.1498347615977902,0.1758053392417574,0.20380077277603034,0.18239115020030786,0.2881679761841142,0.0
2020-11-24,0.15129470381011187,0.17772398848991988,0.20142933483426995,0.1826077024154098,0.2869442704502886,0.0
2020-11-25,0.15173317888489696,0.17658760220522096,0.2026553863249166,0.1830060113110601,0.28601782127390546,0.0
2020-11-26,0.15192371510530148,0.17680934892233158,0.20140685902785302,0.1834830939168354,0.28637698302767856,0.0
2020-11-27,0.15290381284375618,0.1776671711177581,0.20085540972923457,0.18298071964846557,0.2855928866607855,0.0
2020-11-29,0.15292194017290223,0.1776882342373063,0.2012539502005104,0.1825091306044763,0.2856267447848047,0.0
2020-11-30,0.1492670241769534,0.16708974850061442,0.20182927685244834,0.1799552987568,0.3018586517131839,0.0
2020-12-01,0.15039765576597214,0.16986975910960847,0.20041220576618113,0.1790239613931811,0.3002964179650571,0.0
2020-12-02,0.15073931939595858,0.17021655697339225,0.19949104993918085,0.1789607895119991,0.3005922841794693,0.0
2020-12-03,0.15109459549809698,0.17127460753044543,0.19930537205540017,0.17745047870441258,0.30087494621164473,0.0
2020-12-04,0.15138602467402426,0.17243175840919775,0.19887931440270748,0.17707114053782777,0.3002317619762427,0.0
2020-12-06,0.15149886807726318,0.17256028933857026,0.19828215766540275,0.17720312967062063,0.3004555552481432,0.0
2020-12-07,0.15217177453125103,0.17148504085959243,0.1987859627628763,0.17746638517136432,0.3000908366749158,0.0
2020-12-08,0.153005183306152,0.17217168364398736,0.1977083005780945,0.17639833763273902,0.300716494839027,0.0
2020-12-09,0.14995259272061834,0.17240555803163407,0.19825247434612478,0.1778451857896345,0.3015441891119884,0.0
2020-12-10,0.15054771865858033,0.1731774419363478,0.19786911710772334,0.17687560390870047,0.301530118388648,0.0
2020-12-11,0.15035915639703729,0.17271390360890904,0.1980599131573306,0.1770461568832675,0.3018208699534556,0.0
2020-12-13,0.1504113731199796,0.17277388368773586,0.1985032925123815,0.17638576438454837,0.30192568629535466,0.0
2020-12-14,0.1512556837089911,0.17231226534037727,0.19817967805220907,0.17681890774834974,0.3014334651500728,0.0
2020-12-15,0.15258248747599623,0.1738410524189092,0.19743039539675578,0.17528450850555075,0.30086155620278804,0.0
2020-12-16,0.15292212283708342,0.17378227709547353,0.19678763790582712,0.1766258955586596,0.2998820666029563,0.0
2020-12-17,0.15336854240659906,0.17440609084826095,0.1971922507982583,0.17622908888862848,0.2988040270582531,0.0
2020-12-18,0.1531124958030264,0.1737498024168663,0.19745987741267543,0.17646826458762352,0.29920955977980823,0.0
2020-12-20,0.1529583518557162,0.17357488213848904,0.1987442616944897,0.17581416973441388,0.29890833457689114,0.0
2020-12-21,0.1534224385165769,0.17235574025563857,0.1986030090852866,0.17524167658414955,0.3003771355583483,0.0
2020-12-22,0.15342723770706326,0.17129307788992532,0.19807064800210136,0.1776370704016054,0.29957196599930475,0.0
2020-12-23,0.15247204535764664,0.17273827874785774,0.19672034875987557,0.1788555178529314,0.29921380928168856,0.0
2020-12-24,0.1533907865822867,0.17304566471832347,0.19592090625747383,0.177948402073516,0.29969424036840003,0.0
2020-12-27,0.15314681863467214,0.17277043569964784,0.19672282578983158,0.17814234300441373,0.2992175768714347,0.0
2020-12-28,0.15477928309963168,0.17380031665291823,0.19497899391390208,0.1770517338238313,0.2993896725097168,0.0
2020-12-29,0.1544287203402741,0.17465785100066672,0.1962143973048153,0.17625477978803594,0.29844425156620796,0.0
2020-12-30,0.15405263489537577,0.17521199726751344,0.19720748950001732,0.17581993306726837,0.29770794526982514,0.0
2020-12-31,0.14799359635617704,0.16433480880380838,0.2072334971114375,0.180199496112698,0.3002386016158791,0.0
2021-01-03,0.14481321323830948,0.16080325294959583,0.20278004823325996,0.1741708477840101,0.3174326377948248,0.0
2021-01-04,0.14229538155982024,0.16106676774423573,0.20439609580581544,0.17550392350633787,0.31673783138379064,0.0
2021-01-05,0.14287946473803495,0.16286701465489042,0.20355697750339044,0.17525903260095885,0.3154375105027252,0.0
2021-01-06,0.14131159031657217,0.164220180905051,0.20377029832672325,0.17433964723688186,0.3163582832147717,0.0
2021-01-07,0.14335837865621454,0.16323422419179617,0.2052343022995545,0.17481331752047374,0.313359777331961,0.0
2021-01-08,0.14460122050146051,0.16485899503491405,0.20438554802929582,0.1740903703908705,0.3120638660434591,0.0
2021-01-10,0.14406321863716823,0.1642456222959665,0.20512226843059714,0.17461455859005726,0.31195433204621087,0.0
2021-01-11,0.1419988928946457,0.16208202727233853,0.20776796519412888,0.1758080191883387,0.31234309545054817,0.0
2021-01-12,0.14185869962750958,0.16320502302490544,0.2078934275935161,0.17591418231073472,0.3111286674433341,0.0
2021-01-13,0.1428009319534346,0.1631600207517581,0.20599780220836256,0.1758947575665283,0.31214648751991647,0.0
2021-01-14,0.14185130654027903,0.16432016576263944,0.20572802033606596,0.17496174616222435,0.3131387611987912,0.0
2021-01-15,0.14121728077322585,0.16254012576739615,0.20644381818872382,0.1755704976681962,0.314228277602458,0.0
2021-01-17,0.14156250745373436,0.16293747931903568,0.20732472433886115,0.17529289609075316,0.31288239279761565,0.0
2021-01-18,0.13960935745521322,0.16068941700921102,0.2155966434006876,0.17310669361359515,0.3109978885212931,0.0
2021-01-19,0.1422283889588427,0.16287932521838652,0.21089371006882626,0.1731182025690105,0.31088037318493406,0.0
2021-01-20,0.1452101316049451,0.16420051680563152,0.20744621633167207,0.17226409716806654,0.3108790380896847,0.0
2021-01-21,0.14630987327674613,0.16434518604444637,0.20698685067546074,0.17195856088976613,0.3103995291135805,0.0
2021-01-22,0.1461103461429595,0.16349624492404813,0.2073016700484052,0.1722201035246489,0.31087163535993817,0.0
2021-01-24,0.14657428995737215,0.16401539413910773,0.20571975881590335,0.17183181180624651,0.3118587452813702,0.0
2021-01-25,0.14703217909053184,0.16331262567124244,0.20727073966220416,0.17142061954251808,0.31096383603350364,0.0
2021-01-26,0.14753861463005802,0.16342133184502447,0.20768088441403604,0.17012845727652356,0.31123071183435796,0.0
2021-01-27,0.14453588936994627,0.16071560626980622,0.2096634517330377,0.17144530933897786,0.3136397432882319,0.0
2021-01-28,0.1442267138309875,0.16050031088432026,0.21058885151341114,0.17007224676809715,0.314611877003184,0.0
2021-01-29,0.14212635188360098,0.1580016450206479,0.21198183530429207,0.17119722504365215,0.316692942747807,0.0
2021-01-31,0.14312368532194503,0.15911037905767936,0.21271504806033292,0.1707454079935463,0.28785384164975447,0.0
2021-02-01,0.14628479781177064,0.16136848086295058,0.20872809558024055,0.1695556556271244,0.2876841294982934,0.0
2021-02-02,0.14804424610332492,0.16257584308263728,0.20897134456754604,0.16766805139981952,0.2864708593008266,0.0
2021-02-03,0.14781367898643386,0.16345578065459984,0.20797527937479993,0.16854382525790043,0.2858761589796188,0.0
2021-02-04,0.14784718035500724,0.1617956638227501,0.20930205620783018,0.17242091189735043,0.28259878135164324,0.0
2021-02-05,0.14810379721785322,0.16267602463154432,0.20895672874060345,0.17213643463094788,0.2821325216159595,0.0
2021-02-07,0.1475658523000028,0.16208515024242975,0.20856680435551253,0.17382266414837458,0.2820574180373879,0.0
2021-02-08,0.14776308690000883,0.16209424753686685,0.20598699249451335,0.176575263393102,0.2818142673880631,0.0
2021-02-09,0.14609926491542774,0.16145329126861532,0.20770454338845987,0.17962586516531642,0.2796336769496426,0.0
2021-02-10,0.14571150380443354,0.1613141679016774,0.20835238453534632,0.1802401926667127,0.27890597380933285,0.0
2021-02-11,0.14573550718861983,0.16162838603117655,0.20869118169513645,0.1808665083820227,0.277735813123381,0.0
2021-02-12,0.14632025071669635,0.162127803359373,0.2083639250381692,0.18058288466390648,0.2773002849281571,0.0
2021-02-14,0.14470721236277043,0.16034050212269876,0.20927558897268655,0.1864055207699191,0.274243319176986,0.0
2021-02-15,0.14338686878393225,0.1588775166297942,0.21195856982120842,0.18802274119066514,0.2729528583248503,0.0
2021-02-16,0.1435706548006724,0.16027889949452367,0.21245119147793293,0.18566517904199636,0.2731315271568578,0.0
2021-02-17,0.14358459197508852,0.16057956777304788,0.20886273183370263,0.1874711443870828,0.274474962749033,0.0
2021-02-18,0.14390436566489362,0.16022281140908565,0.20701803155491136,0.18736571020416193,0.27629421793560316,0.0
2021-02-19,0.14326271949689717,0.16093055065350753,0.20699778029540963,0.18734738140646945,0.2762671898266785,0.0
2021-02-21,0.14284469275904474,0.16046097089579575,0.20782459510476042,0.18859259025986105,0.27515431329329443,0.0
2021-02-22,0.1401811644072112,0.15997222965566943,0.20757459960826374,0.19067779517559422,0.2762817888439175,0.0
2021-02-23,0.13799455768344518,0.15835715853562518,0.2085050816006283,0.19583920850423353,0.27431002944376937,0.0
2021-02-24,0.13928154658998862,0.15855291200428823,0.20481085074866937,0.19894904694770002,0.2733828667391979,0.0
2021-02-25,0.13386695441448068,0.15493052280757696,0.21069892585154945,0.20211987814356777,0.2734630146194882,0.0
2021-02-26,0.1346441857008217,0.15300530421318537,0.21103844432757235,0.20244557241430927,0.2739036706199732,0.0
2021-02-28,0.14730643235384983,0.16257532532323066,0.21574830050430027,0.1798048816187715,0.29219094187110073,0.0
2021-03-01,0.1516262503743096,0.16596044063524665,0.21228436093951394,0.1754523168481503,0.29230407008817283,0.0
2021-03-02,0.14806633405428823,0.16440913432328705,0.2139599263094644,0.1785138801126386,0.2926959162789809,0.0
2021-03-03,0.14461886708064342,0.16429567719079088,0.21595729232411465,0.17996980856785638,0.2927894474634353,0.0
2021-03-04,0.14372156168333985,0.16374621062729636,0.21226144493647964,0.18041022042682164,0.2974669927959257,0.0
2021-03-05,0.14534846595855933,0.1646715163613966,0.21147913396002171,0.17974530035267758,0.2963706481740005,0.0
2021-03-07,0.14503750150690686,0.16431921138555527,0.2128680694430433,0.18097298173896725,0.2944222161410404,0.0
2021-03-08,0.14120602114592104,0.16283852374015018,0.21328360774959385,0.1849608174897693,0.29532617667086586,0.0
2021-03-09,0.14407700917155492,0.1622294527850188,0.21117371371247992,0.1902817542953781,0.28989687619916943,0.0
2021-03-10,0.1425649116201154,0.1613585994534224,0.21135293221772178,0.1947245244875069,0.2876755947785555,0.0
2021-03-11,0.14519037625380404,0.1627745142578531,0.21218842680050895,0.19051731911988568,0.28701622645516783,0.0
2021-03-12,0.14425881386699674,0.1625225788711557,0.21255124927895303,0.19084308601939046,0.2875069975127903,0.0
2021-03-14,0.14449051382677244,0.16278361300818808,0.2121746596767903,0.19154252591010956,0.2866875088631361,0.0
2021-03-15,0.14577407619900296,0.16273237666744264,0.21287198513571698,0.1888482767922365,0.28745605717283174,0.0
2021-03-16,0.14643349569348302,0.16289393121559395,0.21302568971084807,0.1884709987845904,0.2868606993182537,0.0
2021-03-17,0.147987689698215,0.16469406386612073,0.20899870448158653,0.18791567463588593,0.2880735209339749,0.0
2021-03-18,0.14579682617346545,0.16556792880510632,0.20984724784779513,0.18396955609315457,0.29244986280735485,0.0
2021-03-19,0.1461247981407375,0.16611503235775402,0.20958053016085237,0.18373572917870945,0.29207815647451185,0.0
2021-03-21,0.14609048871946753,0.166076029322698,0.20916562168080818,0.1842928983033224,0.29200957788523924,0.0
2021-03-22,0.14728065234735752,0.16430401856516158,0.21096850709025283,0.18613648715924233,0.2889693934044018,0.0
2021-03-23,0.14711090011390207,0.16251821515838813,0.2105596136729041,0.18594196925771897,0.2915206285602848,0.0
2021-03-24,0.14531526012186227,0.16144888519199035,0.21265175563650177,0.1866236241862369,0.29160048495004576,0.0
2021-03-25,0.14561597196784168,0.1630140061254512,0.21126453915020496,0.1863323939057397,0.2914039275635883,0.0
2021-03-26,0.14708349058763304,0.16489886247688287,0.2102400846996282,0.18542883928653484,0.28999086481435044,0.0
2021-03-28,0.1462449406279305,0.16395874381412515,0.2137512439981751,0.18536289807041986,0.2883375737003535,0.0
2021-03-29,0.14538848533045898,0.16229678397132946,0.21616263650989934,0.18708981760933063,0.28673056089545074,0.0
2021-03-30,0.14444414221648247,0.16197828268543557,0.21728400873931464,0.1870138803164146,0.28695121332747386,0.0
2021-03-31,0.14584968871174775,0.15849481437853136,0.21399404342135853,0.17439718816943137,0.30067209809275514,0.0
2021-04-01,0.14842201499852659,0.16059921110179762,0.210403319061494,0.17414520556908478,0.29983373645082945,0.0
2021-04-04,0.14773264777502465,0.15985328515371675,0.21379609873073344,0.1719299930249961,0.3001215849632903,0.0
2021-04-05,0.15016776623855596,0.16099272855753896,0.21072127438327937,0.17046709979006863,0.3011066405355688,0.0
2021-04-06,0.15073155588368584,0.16085021760341742,0.21031344901231572,0.16841044588503584,0.30312018668276913,0.0
2021-04-07,0.1511077828457358,0.1604199815246493,0.21032979108571623,0.1684235319519564,0.30314374015670625,0.0
2021-04-08,0.15205792566424522,0.16082507101816151,0.2094667689647648,0.16685613799461332,0.30424538848490923,0.0
2021-04-09,0.15285408093046357,0.1605900049965717,0.20929556484618556,0.16671976095411142,0.3039967186657069,0.0
2021-04-11,0.15285400232535196,0.16058992241326617,0.20929545721607756,0.16671967521858289,0.30399656233559225,0.0
2021-04-12,0.15466025779857417,0.1618860217691726,0.20661710117821686,0.16323256838121566,0.30697316220278265,0.0
2021-04-13,0.15693991878505958,0.16321942024560027,0.2038403024774333,0.16212565292869602,0.3072231946945809,0.0
2021-04-14,0.15483363790275448,0.1633542012811068,0.20524793471715935,0.16313780866372393,0.3067838956145676,0.0
2021-04-15,0.15573406769113476,0.16315397227505177,0.20335955963921368,0.165862654322024,0.3053078212978079,0.0
2021-04-16,0.15575403465214663,0.16384294919335401,0.2031477360334882,0.16568988828360406,0.3049898062328746,0.0
2021-04-18,0.15499450222793873,0.1630439712877856,0.20550405789087267,0.1654070196305304,0.30450641488966745,0.0
2021-04-19,0.15347478187123406,0.1624964697433568,0.20737548505411058,0.16547293765063217,0.3046400900456865,0.0
2021-04-20,0.1524276998452439,0.16016449044627548,0.2074728441306469,0.1666006386153161,0.3067905065986953,0.0
2021-04-21,0.15305333433848914,0.16084892719822624,0.20688921050567471,0.16725826502791782,0.3054348467241986,0.0
2021-04-22,0.15090169309051632,0.16000818790435353,0.2084645870097844,0.16831011432245196,0.30581270186397275,0.0
2021-04-23,0.15224974166342736,0.1611480179102582,0.20771179617718782,0.16770232614647138,0.30470837521666555,0.0
2021-04-25,0.15212945019705756,0.1610206959774574,0.20953377663496497,0.1667042675730511,0.3041366775235579,0.0
2021-04-26,0.1523188068346159,0.16050941847474473,0.20909597762433071,0.16875948918347208,0.3028745496836547,0.0
2021-04-27,0.15157628908150383,0.15996362499262273,0.21098835099672034,0.1683233574706545,0.3027096211312758,0.0
2021-04-28,0.14967328864466517,0.15937426761035897,0.2113652804291945,0.17393601689985244,0.2992711580231043,0.0
2021-04-29,0.15104128455886517,0.16017809033736582,0.21153282146969316,0.16958084105043808,0.30125124560678407,0.0
2021-04-30,0.14617660208205058,0.16320151760577578,0.21772462184086946,0.1706619919612617,0.30071423134298275,0.0
2021-05-02,0.14614247528932361,0.16316341612931012,0.21561706731927402,0.17062214874187448,0.30293409295566937,0.0
2021-05-03,0.14560568427266768,0.16474745061673193,0.21357178791220352,0.17176963732277206,0.30278199386997984,0.0
2021-05-04,0.14347331593049514,0.16317534178148307,0.21430050717032875,0.17304932254390087,0.3044727483541036,0.0
2021-05-05,0.1426617080386307,0.1645346870246746,0.21311408462393197,0.17143992436887162,0.3067242313723332,0.0
2021-05-06,0.14374385563704015,0.16588325521754396,0.2093122540729037,0.1721401197861304,0.3073949580613991,0.0
2021-05-07,0.14447587658454122,0.16722068944695292,0.20868478542090318,0.17162408440446666,0.30647346065160413,0.0
2021-05-09,0.14365479055311686,0.16627033998020513,0.20784237519784574,0.17013421194103218,0.3105857047228299,0.0
2021-05-10,0.14001466057187892,0.1648487174807855,0.2085113172740298,0.17097692709298243,0.3141358124398407,0.0
2021-05-11,0.14008197685924323,0.16348520529929073,0.20890008499813173,0.17129571223946216,0.31472151621102085,0.0
2021-05-12,0.1373919750484446,0.1613993441646295,0.2103326038283086,0.17247036151408443,0.3168796986657486,0.0
2021-05-13,0.13819478580832997,0.1619102820940097,0.20993849952470636,0.17214720043263831,0.3162859549917042,0.0
2021-05-14,0.1404266982756549,0.16373648990428719,0.20872120157295207,0.17114902984953273,0.31445201673811224,0.0
2021-05-17,0.13828621714913494,0.16199226443524467,0.2064535235399708,0.17280045294375845,0.31896684289648625,0.0
2021-05-18,0.1372129664955738,0.16270529488637514,0.20590328165005398,0.1750033631855526,0.3176758034825017,0.0
2021-05-19,0.13810484098298484,0.16240697727246223,0.20631955068527474,0.17423070731982584,0.31743050072032897,0.0
2021-05-20,0.13991782067418623,0.1632482664632575,0.20608154546688504,0.17214956626788805,0.3171044527927031,0.0
2021-05-21,0.1393123311482637,0.163007412727836,0.20633180801725112,0.1723586222966606,0.31748954001101054,0.0
2021-05-23,0.1389216374151886,0.16255026744807055,0.20541373847608646,0.17051920915608268,0.321098951604969,0.0
2021-05-24,0.1407859196940222,0.1631106046103144,0.20371171825373785,0.16927334823463672,0.32162709874207457,0.0
2021-05-25,0.13907039291012993,0.16140695398680843,0.20362192512274546,0.16997941188139365,0.3244500968319017,0.0
2021-05-26,0.13999071553157044,0.1622158408436683,0.20526233201681854,0.17017584070444425,0.32087934133750656,0.0
2021-05-27,0.13955766585363094,0.1624738102178707,0.20573086079459435,0.1722938131621689,0.31846684471707926,0.0
2021-05-28,0.13983322482609156,0.1630189900363032,0.20548890840946163,0.17209118484050054,0.3180923077498621,0.0
2021-05-30,0.1390927391191462,0.16215572429790176,0.20739681589938314,0.17217706871562882,0.3177099653858824,0.0
2021-05-31,0.14060972014639272,0.16221364400522745,0.20747089507808117,0.17157355892937337,0.2940324753143919,0.0
2021-06-01,0.13831514845286483,0.1615198883218523,0.2116681234012163,0.17064924119582328,0.29406023517741975,0.0
2021-06-02,0.1385212900273182,0.16186893967516694,0.21222741653411645,0.17057040527334047,0.2930337057748277,0.0
2021-06-03,0.13627907915498216,0.15973416387849904,0.22013268487513732,0.16859569516231385,0.2916171750150749,0.0
2021-06-04,0.1380567047943398,0.16067242266643142,0.21928286445182604,0.1679448328648201,0.29049138930425816,0.0
2021-06-06,0.13883032677303533,0.1615727752985631,0.2175671408923694,0.16888593756600878,0.289458196309936,0.0
2021-06-07,0.1393486517699551,0.16186803246441353,0.21609354059068314,0.16901286252538295,0.2899716260048915,0.0
2021-06-08,0.13909832101365466,0.16110400968294514,0.2198495631556274,0.1699337812766295,0.2863610074343918,0.0
2021-06-09,0.13871544290375343,0.160152975323123,0.21984379677015825,0.17072658905159344,0.28697672852544104,0.0
2021-06-10,0.13986541940995884,0.1604809927107827,0.21840521463400242,0.1713401563032986,0.28637162866440474,0.0
2021-06-11,0.14016580171565726,0.16050478401504478,0.2183034428617703,0.17126031575832473,0.28623818611718804,0.0
2021-06-13,0.13815167863386446,0.1581983983898359,0.22285103920726895,0.17519324762172836,0.2824144240301353,0.0
2021-06-14,0.13921566469851157,0.1582672915535679,0.21892040010549685,0.18029152701695372,0.2801552948496654,0.0
2021-06-15,0.13970966599249596,0.15967713393846758,0.21597618676365285,0.17825274493859,0.282997732314421,0.0
2021-06-16,0.13965970090770052,0.15882912669954527,0.21409906308208607,0.17884211547359988,0.285104289205273,0.0
2021-06-17,0.14169116757026906,0.15852823329537435,0.2115693214050863,0.17819652511928902,0.2865043738729925,0.0
2021-06-18,0.14110409255088321,0.15650099640036255,0.21235916303786,0.17886177768719483,0.2875739669546065,0.0
2021-06-20,0.14118622909191195,0.15659209546261862,0.2157417519685889,0.1757119739749054,0.28715235291175806,0.0
2021-06-21,0.14086184389362436,0.15701437269623617,0.2158553880844776,0.178419761493529,0.2844309862141836,0.0
2021-06-22,0.14237220203079126,0.15708380963686025,0.21486062056483482,0.17769810310348105,0.28453327484722196,0.0
2021-06-23,0.14310165532033217,0.1573639546916826,0.21195482549578065,0.17787202333138108,0.2861450676635604,0.0
2021-06-24,0.14348313994085204,0.1583003182048206,0.2121858705005276,0.17886760649061503,0.2836811023380086,0.0
2021-06-25,0.14324660393632843,0.15882816150804335,0.2120967825495825,0.1787925074818304,0.28356199653671504,0.0
2021-06-27,0.14324633968997166,0.15882786851845843,0.21209639129561536,0.17879217766410752,0.28356147345119365,0.0
2021-06-28,0.14470432067427877,0.15792343407915826,0.21006481404849256,0.17940980349207797,0.2844660482020362,0.0
2021-06-29,0.1449703765334541,0.15756925830292276,0.21259555587978118,0.17780309204339664,0.2836698654715102,0.0
2021-06-30,0.14664306448448597,0.16213244431038834,0.21887327354419436,0.1748785113139016,0.29747270634702966,0.0
2021-07-01,0.14614930917832294,0.16165010306039923,0.21738737182800227,0.17484867187183692,0.2999645440614386,0.0
2021-07-02,0.14753054571945418,0.1616566471128081,0.21695153576944115,0.17449812089294398,0.2993631505053526,0.0
2021-07-04,0.14711062476410752,0.1611965185790004,0.21699360271851648,0.1761881904333304,0.2985110635050453,0.0
2021-07-05,0.1483231881558336,0.16252518533992272,0.2147922279032864,0.177010500393884,0.2973488982070733,0.0
2021-07-06,0.14991617489448564,0.16191708758764944,0.21415717527113182,0.17719077817196868,0.2968187840747644,0.0
2021-07-07,0.15011812539561228,0.16238514881179342,0.21533158131533114,0.17769737301036062,0.29446777146690245,0.0
2021-07-08,0.15036653233501737,0.16099949729900218,0.21699850010245822,0.17519414027087293,0.2964413299926494,0.0
2021-07-09,0.15071870019297995,0.1633174482516842,0.21615710713908565,0.1745148401062247,0.29529190431002555,0.0
2021-07-11,0.15157430269315325,0.16424457154074618,0.21400868678310175,0.1725912156507464,0.29758122333225245,0.0
2021-07-12,0.15152047491821044,0.16390933059935506,0.2147809860688913,0.17347092747992932,0.29631828093361395,0.0
2021-07-13,0.15106340727033102,0.16289953130232637,0.2161437525125276,0.1729476454030911,0.29694566351172397,0.0
2021-07-14,0.15158660965597476,0.1636098219548591,0.21348307369642985,0.17387989875843504,0.2974405959343012,0.0
2021-07-15,0.1509434409312539,0.16308444760557847,0.21239776905392407,0.17468967667284135,0.29888466573640216,0.0
2021-07-16,0.15009861601144595,0.16219852186439068,0.21293366194671237,0.17513042968352244,0.2996387704939285,0.0
2021-07-19,0.1494714834945908,0.16004147466806654,0.21379572842119796,0.17583944896545356,0.3008518644506911,0.0
2021-07-20,0.15080064002372895,0.16057182242030457,0.21321996950285346,0.1753659075542838,0.3000416604988292,0.0
2021-07-21,0.15147760009256572,0.16210299408643353,0.2125362649521196,0.17480358466624477,0.2990795562026364,0.0
2021-07-22,0.15229481244069018,0.16211428163350902,0.21227973625880794,0.17459259886026607,0.29871857080672676,0.0
2021-07-23,0.15378385811045536,0.16191304030190604,0.21188099298071725,0.17426464657227642,0.2981574620346449,0.0
2021-07-25,0.15297519737454326,0.1610616328789614,0.2107668328743522,0.1752708364540762,0.299925500418067,0.0
2021-07-26,0.15274747584920179,0.15995219450575698,0.21162053920826016,0.175831293759603,0.2998484966771781,0.0
2021-07-27,0.1507492269558937,0.1582375160110789,0.21516966782272565,0.1745072700047391,0.3013363192055627,0.0
2021-07-28,0.1502033222809974,0.1587616655700506,0.21390011614336754,0.17384318888595196,0.3032917071196325,0.0
2021-07-29,0.14892613400498741,0.15806201794349195,0.21889265724335163,0.17393971030239436,0.30017948050577464,0.0
2021-07-30,0.1460627407746002,0.15963509336687376,0.21854006482441382,0.17502428279432342,0.29815082869751663,0.0
2021-08-01,0.14501039015760478,0.15848495686999678,0.21955615180701618,0.1772072203627082,0.2971727281296749,0.0
2021-08-02,0.14355482419153381,0.15775989176424168,0.21893723845916618,0.1813024685726,0.2959028162341577,0.0
2021-08-03,0.14396867365771768,0.1582875196158448,0.21792596865635153,0.18289226192100758,0.2943906497343983,0.0
2021-08-04,0.1446008529726736,0.15852725686572738,0.21888758126108387,0.1825007772970648,0.2929409479787491,0.0
2021-08-05,0.14498941548927355,0.15852659711435416,0.22000831156480302,0.18091163115679046,0.29303049829384503,0.0
2021-08-06,0.14456153432533467,0.15795306038929272,0.22032458070609176,0.1811716975416836,0.2934517392160977,0.0
2021-08-08,0.14469920696489336,0.15810348639889238,0.21892225763849027,0.18258206934001645,0.2931529757739802,0.0
2021-08-09,0.14483950345238084,0.15806512047807963,0.22066320544242246,0.18273125950486735,0.29116293394407555,0.0
2021-08-10,0.14392909366037943,0.15823104946014202,0.22072769990221552,0.18375350167877547,0.29082343818552964,0.0
2021-08-11,0.1438206385949239,0.15923521089422665,0.21933042803175812,0.18454917043547397,0.2905266876866373,0.0
2021-08-12,0.14414652687954269,0.15852267786683988,0.21903788644551464,0.18677272021847327,0.28898551004872486,0.0
2021-08-13,0.1444962219787223,0.158925988576177,0.21880129803668544,0.18657098223877364,0.2886733694272706,0.0
2021-08-15,0.1441713518643619,0.1585686760916251,0.21702709349078844,0.18738228985566763,0.29032394341130346,0.0
2021-08-16,0.14450815348873922,0.15787131348858405,0.21743974292816964,0.18619721170655945,0.29145193007297826,0.0
2021-08-17,0.14274560496595207,0.15544021616581877,0.2208574861510139,0.18740395236362287,0.2910295490374799,0.0
2021-08-18,0.14237649414880668,0.15619407855320033,0.2175917187777032,0.1893546759771995,0.2919417090524798,0.0
2021-08-19,0.1443282447378073,0.15570288947310468,0.21333508864381553,0.19071533947839742,0.2933544616114818,0.0
2021-08-20,0.14555774232619456,0.15574750872279383,0.21294670460490633,0.19036813548912668,0.29282039948716376,0.0
2021-08-22,0.14608621508179256,0.15631297720146675,0.21469720244022286,0.18761962980654434,0.29271497148607983,0.0
2021-08-23,0.14809631414191513,0.15787434951002324,0.20923750242451036,0.18927232921081472,0.2929533290271557,0.0
2021-08-24,0.14756822904236616,0.1582398371095707,0.21108907367637678,0.18895389184216957,0.29159952949556084,0.0
2021-08-25,0.14788871478755677,0.15845190230633818,0.21130485228984303,0.18790467797363503,0.2918976071793846,0.0
2021-08-26,0.14757911975582966,0.15809467330223254,0.2112350500242454,0.18621426088742457,0.29431351653378335,0.0
2021-08-27,0.14854899440241312,0.15928938730489492,0.21057645553912804,0.1856336769111546,0.29339589770649876,0.0
2021-08-29,0.14860069730952988,0.1593448284368234,0.20870530681942787,0.18787565842406354,0.29291683049375805,0.0
2021-08-30,0.14948041679835916,0.15853441085230088,0.21147953223249186,0.18658116054076293,0.29138100639594977,0.0
2021-08-31,0.1445169340339965,0.15845344719132157,0.21579285060158854,0.17451135850258392,0.30672540967050954,0.0
2021-09-01,0.14446793882809353,0.1596331720206145,0.21344829109248142,0.17329984466803722,0.30915075339077336,0.0
2021-09-02,0.1446676679003155,0.1603790638752055,0.21160700938872296,0.17362157268359862,0.3097246861521573,0.0
2021-09-03,0.14492513314136748,0.16101978553252547,0.21133351956987198,0.17339717684435385,0.30932438491188113,0.0
2021-09-05,0.14463926845093864,0.16070217415521335,0.21442131774318532,0.17334259370437413,0.3068946459462887,0.0
2021-09-06,0.14368111874990466,0.1596376171938059,0.21521637397219348,0.17419324423078908,0.30727164585330696,0.0
2021-09-07,0.1440822545109727,0.15995615406041877,0.21297681803370222,0.1752906360566401,0.3076941373382662,0.0
2021-09-08,0.14375488322579769,0.15861305265603018,0.21386970493382923,0.17750728861003365,0.30625507057430934,0.0
2021-09-09,0.1432642174966525,0.15841904306150753,0.2148275050799537,0.17722581375778326,0.306263420604103,0.0
2021-09-10,0.14238468199883747,0.15827810984844576,0.21514143819194678,0.17748479852427196,0.30671097143649806,0.0
2021-09-12,0.1433010683348467,0.15929678612119025,0.2133277797732608,0.17660709851263806,0.30746726725806417,0.0
2021-09-13,0.14270395005011005,0.15973869116158262,0.21513541670731395,0.1754175651913706,0.3070043768896227,0.0
2021-09-14,0.14257471068308297,0.15915087244455559,0.21459537205715598,0.1754702545044887,0.30820879031071674,0.0
2021-09-15,0.1435836507822728,0.15966792350653491,0.2138806749930755,0.1759839178466478,0.3068838328714689,0.0
2021-09-16,0.14386302244750565,0.1590196207247875,0.2119121547356346,0.1779355249963672,0.307269677095705,0.0
2021-09-17,0.14264464397347568,0.1578585329304396,0.2126354731541392,0.17854287119931017,0.3083184787426353,0.0
2021-09-19,0.14338614599355862,0.1586791204954169,0.21212892890842092,0.17772570639343407,0.30808009820916954,0.0
2021-09-20,0.1413174423554124,0.15623990563592743,0.21380403931294234,0.17797918528297055,0.31065942741274727,0.0
2021-09-21,0.14140071882399854,0.15764311936126096,0.21237019030698456,0.17874279413184432,0.30984317737591155,0.0
2021-09-22,0.142796857999843,0.15889910117857728,0.21183361089251276,0.17708106808913288,0.3093893618399341,0.0
2021-09-23,0.1437016381937452,0.15999458944650494,0.21122682063174708,0.1765738253195377,0.30850312640846506,0.0
2021-09-24,0.14403676248883107,0.15869000175337605,0.211520911629694,0.1768196689692419,0.30893265515885693,0.0
2021-09-26,0.14415290088627605,0.1588179552159208,0.20909798405022553,0.17813225823355078,0.3097989016140268,0.0
2021-09-27,0.1436669018251238,0.15994006952261955,0.20616162125288445,0.17837252694037464,0.31185888045899757,0.0
2021-09-28,0.14064530820062537,0.15791275600422525,0.20442188755535398,0.17970623034194982,0.31731381789784563,0.0
2021-09-29,0.14070345872096393,0.15769480303375444,0.20352705230398777,0.17948240670017934,0.3185922792411145,0.0
2021-09-30,0.1392222712160932,0.15643051856024962,0.2073517177553629,0.17441054887842744,0.3078313524552256,0.0
2021-10-01,0.13990730217881836,0.15664136819128235,0.20708763993007795,0.1741884240802673,0.3074393063463681,0.0
2021-10-03,0.14071087040911487,0.1575410498023809,0.20138917553660338,0.17633203581647588,0.3092051073837477,0.0
2021-10-04,0.1383011778166454,0.15648089297573795,0.19757411194503222,0.17989725805917156,0.3128651221282604,0.0
2021-10-05,0.1402219545077418,0.15760244246865202,0.193367633604605,0.18398479371279594,0.309934848204724,0.0
2021-10-06,0.140710695712636,0.15616391329149834,0.19740451203326279,0.18488148305973084,0.3059931374216729,0.0
2021-10-07,0.14099803612660128,0.15690548300639987,0.19763988967209933,0.1852797558997213,0.3044343527208443,0.0
2021-10-08,0.14037550216778677,0.15712375797013242,0.19775336210892802,0.18538613192245557,0.3046091398446122,0.0
2021-10-10,0.14006894993876726,0.15678063087534852,0.19471662840412074,0.190371832127296,0.3033409115775026,0.0
2021-10-11,0.13921171954431372,0.15653852683175928,0.19502073557547228,0.1906691536239125,0.30381466745203206,0.0
2021-10-12,0.1391916477742742,0.15688378866223568,0.19305739416863327,0.1924493723537385,0.30362196231695743,0.0
2021-10-13,0.13981923506932015,0.158107305810476,0.1917350647642237,0.19121303674823473,0.30437972773632765,0.0
2021-10-14,0.14188361166568692,0.1588424925016173,0.19104750538490692,0.19024425747758533,0.3032882261013171,0.0
2021-10-15,0.1424572665846984,0.15983643341042358,0.1906189102584822,0.1898174643539541,0.30260783063974267,0.0
2021-10-17,0.14233144250115828,0.15969525933603385,0.19045054784171192,0.1899320171193525,0.3029404374085484,0.0
2021-10-18,0.14341407749468696,0.15882557199241437,0.18998873931221585,0.18975297470217603,0.30340271655244344,0.0
2021-10-19,0.14353802815458086,0.15897961132445157,0.18840379851820827,0.19436341930692155,0.3001953198499684,0.0
2021-10-20,0.14242365074287622,0.1584526830750119,0.18909861371648848,0.1961628470414188,0.29943514918848796,0.0
2021-10-21,0.14324442277728175,0.15739643234938044,0.18839644505053546,0.1972067545648296,0.29933269213432206,0.0
2021-10-22,0.14213695721784939,0.15802938708073794,0.18852396532565646,0.19734023829161162,0.2995353020468575,0.0
2021-10-24,0.14278127642513724,0.158745748056835,0.19130112665730226,0.1923715046602229,0.30029962345511796,0.0
2021-10-25,0.14370829222370363,0.15825759004816528,0.1902727316901717,0.19471820340394844,0.2985950841802718,0.0
2021-10-26,0.14455387816165488,0.15863877419731853,0.18759030985911998,0.19413341150335597,0.3005949959768754,0.0
2021-10-27,0.14535093956393386,0.15828607333095213,0.1878666758373864,0.1941921726679126,0.2997682122393155,0.0
2021-10-28,0.14651221997523423,0.15895559269861906,0.1872877345275604,0.19331480843885213,0.2994373740042592,0.0
2021-10-29,0.1473304253191592,0.15767620840975938,0.18741178885207563,0.19344285493394248,0.2996357132135,0.0
2021-10-31,0.13870627444942196,0.15377154384916772,0.213815475738104,0.18475937614931853,0.3056916884668618,0.0
2021-11-01,0.13883704718578105,0.15488615936340228,0.21291770958080192,0.18456873328554774,0.30554248670657475,0.0
2021-11-02,0.13877976749156934,0.1533974154625864,0.21415516223149436,0.18689199833285236,0.3035423971506145,0.0
2021-11-03,0.14038626341610178,0.15456802984823886,0.21177592691581287,0.1868052935105847,0.3032279017260446,0.0
2021-11-04,0.14144145135826328,0.15361323598107046,0.21286937178660809,0.18661589124561168,0.30224015544675875,0.0
2021-11-05,0.14151949656267018,0.1538183770375308,0.21278378284495222,0.18654085810912135,0.30211863296180247,0.0
2021-11-07,0.14065633643359496,0.15288020319291806,0.21221530642200936,0.18958118957539496,0.3014674930071481,0.0
2021-11-08,0.14024921678177082,0.1531983336370715,0.21115991037372,0.19476420255925914,0.2974335469685923,0.0
2021-11-09,0.14017017178396035,0.1537612971147754,0.21067182072652327,0.19285500411387932,0.2993263331487993,0.0
2021-11-10,0.13816041365713475,0.15229001261130537,0.21074854133895052,0.19555004592632524,0.30003418963596795,0.0
2021-11-11,0.1381271501300185,0.15289579782930485,0.21048055472348454,0.19496238924441922,0.30032672615847555,0.0
2021-11-12,0.13926368929343108,0.15336859799499575,0.2100027006584804,0.19451976607504495,0.2996448943041613,0.0
2021-11-14,0.138602307763246,0.1526402304029916,0.21045679615269494,0.19333610155983524,0.3017791610322462,0.0
2021-11-15,0.13904978377372654,0.15280669824103446,0.21009204598301204,0.19322225089902692,0.3016325542933543,0.0
2021-11-16,0.13990198100033485,0.15241555730429526,0.21097632452798198,0.19277135490442737,0.3007410138626546,0.0
2021-11-17,0.14013571779575568,0.15215600308505484,0.21121719695076274,0.1922090452110283,0.30108437095165835,0.0
2021-11-18,0.14143002358896872,0.15164969358038685,0.210981942694877,0.19199496228331966,0.30074902240679735,0.0
2021-11-19,0.1422432597999733,0.1507134538082688,0.21101857845040609,0.19202830106298574,0.30080124568012473,0.0
2021-11-21,0.1440461675394621,0.15262371973368505,0.2092719404070299,0.18681039477372857,0.3040118639801278,0.0
2021-11-22,0.14435260589235108,0.153781257850143,0.212553990793198,0.1808458928228511,0.3051851093704224,0.0
2021-11-23,0.1431615306724053,0.15313682576964935,0.21064883807349982,0.1839063849559474,0.30587719359906146,0.0
2021-11-24,0.1421667537340396,0.15090237200002787,0.20998725649456293,0.1873188560334929,0.30638841799520145,0.0
2021-11-25,0.1428870484207651,0.15166692611631047,0.20919987024279296,0.18747241815656251,0.305520740613415,0.0
2021-11-26,0.1411758920722936,0.1483562813496073,0.210689007957024,0.18880689435834516,0.307695514702898,0.0
2021-11-28,0.14117585572283473,0.14835624315136772,0.21068895370957905,0.18880684574502782,0.307695435478568,0.0
2021-11-29,0.14557230751957553,0.15039889902827522,0.20887194225461317,0.18192649023567978,0.30992316329825265,0.0
2021-11-30,0.14844070425563743,0.15093382270626493,0.19417372953794665,0.16861047422896283,0.2689446226681455,0.0
2021-12-01,0.14577509795508042,0.15033599966110692,0.19538530569512738,0.17125173082769743,0.2684160021156707,0.0
2021-12-02,0.1465590549191527,0.15209695337052853,0.19503044157929642,0.1696688106603048,0.2679284976591468,0.0
2021-12-03,0.14452329135151626,0.15163041668954622,0.19572477674478267,0.17027285493551494,0.26888235991908027,0.0
2021-12-05,0.14232302091908122,0.14932194502812834,0.20033063300001314,0.173714045309085,0.2663886839711097,0.0
2021-12-06,0.144873957048156,0.15211830397788803,0.19150629235631397,0.17389879621974128,0.2690077897319893,0.0
2021-12-07,0.1477359574536005,0.15354080476879198,0.1895804823552612,0.17466315343153355,0.26656920306816984,0.0
2021-12-08,0.1481811491414871,0.1536148208559451,0.1927467249742506,0.17039401996240433,0.2672463068860316,0.0
2021-12-09,0.14733065343810828,0.1539141183233758,0.19102912333262412,0.17067988912060433,0.26860613780992176,0.0
2021-12-10,0.1486598763070937,0.15385724661954153,0.19067981407183227,0.1703677897670574,0.26811497389833766,0.0
2021-12-12,0.14927526523040388,0.15449415045460918,0.1862472801744381,0.17107304025774733,0.270301756272417,0.0
2021-12-13,0.14629901987675598,0.1518643035081717,0.18970995351831277,0.17188670993390898,0.2720084110805064,0.0
2021-12-14,0.1446504139735816,0.15112592465183677,0.18849630781718524,0.17248369068472547,0.27507002885469023,0.0
2021-12-15,0.1467215797649418,0.1511074643012428,0.18796269582561548,0.1738046906665178,0.27278976525099,0.0
2021-12-16,0.14294534719249843,0.15127673349445406,0.19001626965350482,0.17755174337544838,0.27059236976751005,0.0
2021-12-17,0.14256891828753646,0.14997699448199853,0.19046610958570137,0.17797207508886975,0.2712329636150321,0.0
2021-12-19,0.14326828320739685,0.1507126993606402,0.19036394112206165,0.1760742743337132,0.2714600042647873,0.0
2021-12-20,0.14184642232545286,0.14970793109768468,0.1934295702968097,0.1757825783148261,0.2711227623940088,0.0
2021-12-21,0.14370122568140176,0.1503190876988518,0.19235372687674038,0.1769278430609922,0.2692019326047874,0.0
2021-12-22,0.14552770056100467,0.15159783702504184,0.19040009493322854,0.1747737049264714,0.2701637115140947,0.0
2021-12-23,0.14615558201912024,0.15205947116850974,0.19081487703288944,0.17570766155844386,0.2679362978044707,0.0
2021-12-26,0.14680483353935536,0.15273494891255776,0.1892624210819757,0.1749882902194442,0.2685790058324611,0.0
2021-12-27,0.14919269328881712,0.15362135087928966,0.18818530667999578,0.17369359929046652,0.26768865733055813,0.0
2021-12-28,0.14737807012200316,0.15240980175775729,0.18982369728468906,0.17734049920114553,0.26593568189662725,0.0
2021-12-29,0.14814563352647683,0.15297683368341758,0.1887887828400087,0.1757971572791521,0.2668144352463639,0.0
2021-12-30,0.14711716949958697,0.15264365955208076,0.19144659863165508,0.17609346232718148,0.26548427083005405,0.0
2021-12-31,0.1617542352422108,0.200513184211254,0.18012917748816418,0.17235934715293386,0.2852440559054371,0.0
2022-01-02,0.16154935312556246,0.20025920900290423,0.1783005234791158,0.17384058222206253,0.286050332170355,0.0
2022-01-03,0.16255290109480763,0.20088467253131495,0.1792925910749012,0.17276870700113522,0.284501128297841,0.0
2022-01-04,0.160911936843843,0.20189454170213258,0.17917505036823733,0.1732720408081299,0.28474643027765717,0.0
2022-01-05,0.15675087535249024,0.20093753583378243,0.18135998491256458,0.1738972593207264,0.28705434458043627,0.0
2022-01-06,0.15691531279426238,0.20082941726293388,0.18103365268441915,0.17395777584800348,0.2872638414103811,0.0
2022-01-07,0.1553416197913584,0.20188122378229292,0.18118075776992693,0.17409913118780582,0.28749726746861587,0.0
2022-01-09,0.1549332801587109,0.20135054755483753,0.18006144957827394,0.17486088463967148,0.2887938380685061,0.0
2022-01-10,0.15490690056864959,0.19987192835199588,0.17926982521886442,0.1773965642104413,0.28855478165004883,0.0
2022-01-11,0.15569052811317283,0.20096278753988325,0.17719207454544225,0.18072226438919575,0.2854323454123059,0.0
2022-01-12,0.15543944547883867,0.20204230473118392,0.176840204123468,0.18067786649577838,0.2850001791707311,0.0
2022-01-13,0.1520444469546426,0.2010153327317001,0.17868555677031725,0.18174765806515783,0.28650700547818214,0.0
2022-01-14,0.1528607711173934,0.20074772867373558,0.1785339997108609,0.18159350380044106,0.28626399669756913,0.0
2022-01-16,0.1524926076570212,0.20026423001080118,0.18031842401151738,0.18019636663904576,0.2867283716816145,0.0
2022-01-17,0.15213560689421113,0.19979539100295737,0.18305234460081246,0.17953512444251973,0.2854815330594992,0.0
2022-01-18,0.14851505237118232,0.19708460130069647,0.18957733421992906,0.17758006296496007,0.2872429491432321,0.0
2022-01-19,0.14643951157630877,0.19664924794858646,0.19057892612084795,0.17967105518609205,0.28666125916816454,0.0
2022-01-20,0.1447470861012242,0.19638696747441028,0.19243263422358922,0.1799316140529399,0.2865016981478365,0.0
2022-01-21,0.14169922060029969,0.1949135198188994,0.1937531580806262,0.18116635258858768,0.2884677489115871,0.0
2022-01-23,0.1424965397453467,0.1960102674250029,0.1910103938147486,0.18097441019861,0.28950838881629193,0.0
2022-01-24,0.1439018785812983,0.19484510038811934,0.19073076617247578,0.17949096184848445,0.2910312930096221,0.0
2022-01-25,0.14089391389660239,0.19447819089446006,0.19310676517632727,0.18039789430444186,0.2911232357281685,0.0
2022-01-26,0.14063240800616508,0.193173286917096,0.19305042894083826,0.18034526570675408,0.29279861042914657,0.0
2022-01-27,0.1395651325738392,0.1925707950651689,0.1935342957166422,0.180797287920472,0.29353248872387777,0.0
2022-01-28,0.14324523914703766,0.19212868050257753,0.1925959872655024,0.17992073204922054,0.2921093610356619,0.0
2022-01-30,0.1436592049266789,0.19268391500453577,0.19089910150369843,0.18068484706783478,0.29207293149725205,0.0
2022-01-31,0.14704250714801098,0.19495669651048006,0.17844196889165484,0.17005365311846435,0.28310284676159786,0.0
2022-02-01,0.1477426606189481,0.19635045198019505,0.17777667577795644,0.16925068753826883,0.2825286736028427,0.0
2022-02-02,0.14905643046885747,0.1975090045114576,0.1757867224647209,0.16937944232157515,0.28189543140354906,0.0
2022-02-03,0.14398745612925096,0.196101380969056,0.17820704004573737,0.1707641544159627,0.28438523775728203,0.0
2022-02-04,0.14548682737248722,0.19603473628320933,0.1778195742054858,0.1703928712356874,0.2837669144571785,0.0
2022-02-06,0.145526997354514,0.1960888629142957,0.17695333423604565,0.17136121834021917,0.28356111111590154,0.0
2022-02-07,0.1443874885749786,0.1963929903596747,0.17699154679149062,0.17208934488074729,0.28362234530924035,0.0
2022-02-08,0.1454187264523233,0.19686901127466042,0.17688304609457864,0.17024557268209253,0.28417261451616677,0.0
2022-02-09,0.1478762921316913,0.19905990105154278,0.17583716385866247,0.1690733130954039,0.2818512016429627,0.0
2022-02-10,0.14499406652737853,0.1974533840325117,0.17700965962468412,0.17167970066615695,0.28247444166505276,0.0
2022-02-11,0.1414130706576046,0.19626234264339235,0.17829370445669349,0.1729250814711859,0.28452353801247127,0.0
2022-02-13,0.14201187816012872,0.19709340700463784,0.17689880796336593,0.1715706442954257,0.2857283405700729,0.0
2022-02-14,0.1417577457962366,0.19521682143568322,0.17789470136585583,0.17336321673196545,0.2851492497125622,0.0
2022-02-15,0.14326756225129952,0.1961032367450117,0.17482370033521585,0.1777972794253622,0.2817570511904774,0.0
2022-02-16,0.14189645552656543,0.19504537609480763,0.17738212104864737,0.17997920238310103,0.2796882870992523,0.0
2022-02-17,0.13937179971031632,0.1947529556471728,0.176539039516461,0.18128178652941174,0.2817234196440594,0.0
2022-02-18,0.1381675257559168,0.19409286271806447,0.17703277647664953,0.18178878780495814,0.28251133185435556,0.0
2022-02-20,0.13690292634832646,0.19231639811201529,0.17360711851782626,0.19080068089274466,0.2802057960627804,0.0
2022-02-21,0.13734020351855747,0.1929306696443964,0.1750671556143347,0.1873084565796487,0.2811007922535331,0.0
2022-02-22,0.13647565679299092,0.19125711907150436,0.1757300727754914,0.18801772720131782,0.2821652211496656,0.0
2022-02-23,0.1349223807964744,0.19236997749123144,0.1746082541563254,0.18449833283722195,0.28685976192358337,0.0
2022-02-24,0.1404338453402282,0.1907972136075756,0.172426928478129,0.18111748142931833,0.2882936969051377,0.0
2022-02-25,0.14168190147098078,0.19390645975313175,0.17130295465069842,0.17993685778419835,0.28641443957106255,0.0
2022-02-27,0.14113393724815745,0.19315651356088073,0.17370399937695222,0.1794721989678511,0.2858773554625656,0.0
2022-02-28,0.14293059199817174,0.20046036141463883,0.16004360158311143,0.14662549967713145,0.3499399453269465,0.0
2022-03-01,0.14151749337336827,0.1979144657435589,0.16233697228110253,0.14706562672330706,0.3511654418786632,0.0
2022-03-02,0.14398212275975927,0.19981239159293557,0.1613085457357365,0.14421450373974365,0.350682436171825,0.0
2022-03-03,0.14282951431902022,0.19782958298318354,0.16006175831320654,0.1449481188452916,0.3543310255392981,0.0
2022-03-04,0.14167285950699496,0.19470865759148365,0.1611001847265119,0.14588849309054602,0.35662980508446335,0.0
2022-03-06,0.14195531288094748,0.19509684850868445,0.1599877429054813,0.14561927728979204,0.35734081841509474,0.0
2022-03-07,0.13849620182672126,0.1911584572087445,0.16148558805428054,0.14543101946724288,0.3634287334430108,0.0
2022-03-08,0.13735309996158404,0.19139242766160997,0.16147932721677227,0.1462231721855576,0.36355197297447606,0.0
2022-03-09,0.14110119821262504,0.1964970051884718,0.15983486600353836,0.14349906815501173,0.35906786244035316,0.0
2022-03-10,0.1402628928462642,0.19503667519374387,0.16038097634799786,0.14481185049001027,0.35950760512198365,0.0
2022-03-11,0.13809422988707545,0.19362359380116878,0.16124519070463814,0.14559217046969145,0.36144481513742616,0.0
2022-03-13,0.13792126869836088,0.19338108282171346,0.16104323324499922,0.14522121613034522,0.3624331991045812,0.0
2022-03-14,0.13637422891086384,0.19481229563468755,0.16060283601043276,0.14355196250343286,0.3646586769405829,0.0
2022-03-15,0.14006004395125168,0.19524569639884076,0.15934546985553938,0.14294791534294346,0.36240087445142466,0.0
2022-03-16,0.14249263922547875,0.19999841092796972,0.15916823577982428,0.14283030679226782,0.3555104072744595,0.0
2022-03-17,0.14574829880828621,0.20311493736477582,0.1576865552902235,0.14922650986930344,0.3442236986674111,0.0
2022-03-18,0.14795394841994244,0.2043131240043431,0.15686224426518963,0.1484464239762088,0.34242425933431614,0.0
2022-03-20,0.1460748552280401,0.20171823955257326,0.15402060595163417,0.14637672881785888,0.3518095704498936,0.0
2022-03-21,0.14575681394145298,0.20028842886194803,0.15496361237051773,0.14591180223026626,0.353079342595815,0.0
2022-03-22,0.14869028513181914,0.2026540542937255,0.15220120345422497,0.14321125877312507,0.3532431983471052,0.0
2022-03-23,0.14662241233414933,0.20054570745931097,0.1534071564230872,0.14530972850524648,0.3541149952782061,0.0
2022-03-24,0.1493615087934005,0.20117482833961153,0.1528750857170259,0.14370177891260924,0.3528867982373528,0.0
2022-03-25,0.14926072863163806,0.2011720183821875,0.1528994694497203,0.14372469949347616,0.3529430840429779,0.0
2022-03-27,0.14897037305918018,0.20078068023788556,0.1537302974512077,0.14601643984562712,0.3505022094060995,0.0
2022-03-28,0.15074642800455582,0.19973201639477547,0.1534739459241916,0.1464211230471246,0.3496264866293523,0.0
2022-03-29,0.15214724756594117,0.2019276711090801,0.15144273771610745,0.14618947331302426,0.34829287029584705,0.0
2022-03-30,0.1511104872115276,0.20213519592732662,0.15125042708860417,0.1457207373330924,0.34978315243944924,0.0
2022-03-31,0.14311937855063955,0.19239339215421927,0.16431366361928768,0.1487795189551287,0.3486294091087586,0.0
2022-04-01,0.14259998302943286,0.19406165932586764,0.1640295182836683,0.14852223660005479,0.3480265291152389,0.0
2022-04-03,0.14243151916510716,0.19383239999250051,0.16413971015659973,0.14853151071453854,0.34830783035984286,0.0
2022-04-04,0.14471779112513858,0.19449625659597383,0.16341009990048505,0.14787127978400905,0.3467595824369415,0.0
2022-04-05,0.14214599998220492,0.1926130662808608,0.16445493934494937,0.1503892064420411,0.34763913654832745,0.0
2022-04-06,0.13889503547088894,0.19012228062920822,0.1718506322504315,0.14984192808370617,0.3465355232154109,0.0
2022-04-07,0.137975213564163,0.18828330104871555,0.17452013783010514,0.15032531040267208,0.34616595534708433,0.0
2022-04-08,0.13629131602587646,0.1887543307800096,0.17483425289042875,0.1505958777110206,0.3467890120401273,0.0
2022-04-10,0.1365731744094798,0.18914468573528553,0.17308143247186214,0.15164164510536804,0.3468179797597723,0.0
2022-04-11,0.1338463639682084,0.1877665380872547,0.17464542174518394,0.15424208620137975,0.3467479271833106,0.0
2022-04-12,0.13303701089200104,0.18629517175058255,0.17462839708355396,0.1585583480050061,0.3447342304456592,0.0
2022-04-13,0.1357134658543792,0.18831297398352378,0.17247455706226855,0.1553994664843686,0.345353041136227,0.0
2022-04-14,0.13269334024877844,0.18723668523551584,0.1719772648973261,0.15770525139778668,0.34763902280018344,0.0
2022-04-17,0.13170273757974288,0.18583889722454308,0.1724964761432121,0.1621899826354841,0.3450437746648879,0.0
2022-04-18,0.13136665332524955,0.18427049588166672,0.17222380159246756,0.16620292774863785,0.3432168266275857,0.0
2022-04-19,0.13503772445318082,0.18580689231861494,0.1707569237744581,0.1612552187712444,0.34440885097163826,0.0
2022-04-20,0.13251520969319205,0.1856919372816452,0.16944743767500522,0.1645950796194992,0.34502709654683,0.0
2022-04-21,0.13044543210094997,0.18414290188083796,0.17183227429818454,0.16471465700236027,0.3461271765586226,0.0
2022-04-22,0.12781666762957275,0.1825248381457639,0.1728968971956193,0.1657351812089102,0.3482716800815713,0.0
2022-04-24,0.12798914614244503,0.18277114102025965,0.1703965800491114,0.16595882776546395,0.350125635212655,0.0
2022-04-25,0.12912275862825226,0.18085783260839844,0.1697255646540691,0.16879896841948125,0.34874685348265233,0.0
2022-04-26,0.12559251759378887,0.17825561563236983,0.171254974549961,0.16820787705653178,0.3539110610886042,0.0
2022-04-27,0.12510445840461834,0.1789457722616298,0.17292907628886922,0.1659015980376091,0.35434839820017466,0.0
2022-04-28,0.1284987532218565,0.1801490524303102,0.17546162620549624,0.1623519808055616,0.3507901082669123,0.0
2022-04-29,0.12639806446821622,0.17988822920282535,0.1634816025907333,0.15037408328349894,0.35000799635231905,0.0
2022-05-02,0.1282888073572295,0.17918068815030766,0.16320221562710066,0.15011709682219787,0.3494098393132495,0.0
2022-05-03,0.12823262175428937,0.18027615435599162,0.1629567469719985,0.14989130918982294,0.3488843001040781,0.0
2022-05-04,0.1316162367155573,0.18185690833752144,0.1617862971687621,0.14881470293320553,0.3463784108543421,0.0
2022-05-05,0.126579383074057,0.178147758188778,0.16384681833896175,0.15071001700613337,0.3507899096089059,0.0
2022-05-06,0.12548809658212073,0.1768725959845555,0.1644039355184031,0.15122246601453776,0.35198267665192223,0.0
2022-05-08,0.1253887095562398,0.17673251224949585,0.16370733508925356,0.15384067791632622,0.3503219619355327,0.0
2022-05-09,0.12087957211553603,0.17212937079435056,0.16936168313146163,0.15465660385828445,0.35286272557538895,0.0
2022-05-10,0.12373823581680927,0.17493648972933346,0.16467593281669723,0.15002392848588492,0.35617086128742764,0.0
2022-05-11,0.12072287886799299,0.17486286429165443,0.1638398056040755,0.14972435483891974,0.3602271341447012,0.0
2022-05-12,0.12268703965350117,0.17757089476473942,0.16333629913339623,0.1425615214437729,0.36264685291582616,0.0
2022-05-13,0.1260535819716175,0.18069252460174326,0.16182123978742174,0.14123916280955817,0.3592830476458804,0.0
2022-05-15,0.12532214022240362,0.17964403352201866,0.16234483613324666,0.14546463770092383,0.35649085596813834,0.0
2022-05-16,0.1250587303783255,0.1814381445058131,0.16035962045072602,0.14148479787521362,0.3606277015188501,0.0
2022-05-17,0.12828548822857677,0.1849927817694313,0.15857229345975488,0.13581221350000167,0.3613067885963423,0.0
2022-05-18,0.12329426595312193,0.18262730163982668,0.16027047526787186,0.13726665314550213,0.3651760938965093,0.0
2022-05-19,0.12344501358910558,0.18581161235945334,0.15772579074774018,0.13457658103139522,0.3668657845593824,0.0
2022-05-20,0.12297806665135799,0.1867436581214041,0.1576190228966795,0.13448548335934238,0.36661744551946135,0.0
2022-05-22,0.12297312926018526,0.18673616063413437,0.15851332058022327,0.13361712690179992,0.3666027263602766,0.0
2022-05-23,0.12503855964788813,0.18937665749921256,0.15673795079595798,0.1306182839780393,0.36666331585320344,0.0
2022-05-24,0.1229528570133799,0.18902323716754096,0.1562650740861281,0.13166339570038008,0.368379931965133,0.0
2022-05-25,0.12356964671899429,0.1877005491626453,0.15607728914365876,0.13465159863195572,0.3665637934377634,0.0
2022-05-26,0.12646989465823774,0.1890950826877429,0.15483834886222944,0.1339539010341247,0.364332777594911,0.0
2022-05-27,0.1297623216990772,0.19017878200760302,0.15384779358779171,0.13309695090403176,0.36200201291581785,0.0
2022-05-29,0.12915222992126213,0.1892846356198188,0.15400792600177285,0.13557487131665974,0.36101204193531505,0.0
2022-05-30,0.12837775240970908,0.18814956661125862,0.1519135626220681,0.14051134801223372,0.36026276134973645,0.0
2022-05-31,0.1407318211761389,0.19785357699970652,0.15854099521109544,0.13860173878687063,0.35001102928945116,0.0
2022-06-01,0.14082655198595517,0.19774928494563163,0.16045171980564302,0.13647893664073374,0.350115611861259,0.0
2022-06-02,0.14339462177797985,0.19981621173992606,0.15809817596783077,0.1335831440633685,0.3508568822717659,0.0
2022-06-03,0.14061975957595232,0.19809348406874205,0.15918053621891332,0.13449767128332987,0.35325889317963993,0.0
2022-06-05,0.14079457505633147,0.19833974965532736,0.15813572780321952,0.13537067829871896,0.35299064525891677,0.0
2022-06-06,0.14108467219146245,0.19888851804265037,0.1579354866465784,0.1366090631225407,0.35113070277442404,0.0
2022-06-07,0.1422238804998767,0.19954300724100923,0.15753904205332142,0.13399817751701928,0.3523510494502183,0.0
2022-06-08,0.14216959839022789,0.19926613564276247,0.15705920491423292,0.13335738069293068,0.3537032371703115,0.0
2022-06-09,0.13928897680374636,0.1963288932134172,0.1577975527180438,0.13453683646156758,0.3575053431127017,0.0
2022-06-10,0.1355613189763603,0.1941958166059569,0.15918926327976113,0.1357233969184218,0.36065839557334,0.0
2022-06-12,0.13456062141937813,0.19276228615109586,0.16840149532076307,0.13314831774195557,0.35656263179755604,0.0
2022-06-13,0.13139869794417927,0.19076328958685496,0.16601608979490828,0.13357697590323256,0.363327831209142,0.0
2022-06-14,0.13189191482467227,0.19071599236856382,0.16472231517970146,0.13222111855816407,0.3655015124929486,0.0
2022-06-15,0.13389364792743588,0.19204236167618208,0.16570744221935862,0.130085543458946,0.36346552921944625,0.0
2022-06-16,0.130835108005447,0.1906210805285296,0.16579815892909885,0.12757422968850865,0.3700947275871171,0.0
2022-06-17,0.13229110312437073,0.1898549718243258,0.1656293000679733,0.12744430038607665,0.3697178007586615,0.0
2022-06-19,0.13372478305148913,0.19191248934243338,0.16331265722626043,0.12284748050746624,0.3729756322515328,0.0
2022-06-20,0.13346709923601413,0.19154267948847367,0.16283382139625405,0.12395319850514916,0.37300439135945784,0.0
2022-06-21,0.13552675317402516,0.192788509968818,0.1617654941976018,0.12690528798837836,0.36795920452557684,0.0
2022-06-22,0.13751046874920742,0.19378085683654736,0.15875619422192105,0.1233965398099369,0.3712573206489153,0.0
2022-06-23,0.13866250975622293,0.1923812096740149,0.15921434735080206,0.12379763371951245,0.370742693616482,0.0
2022-06-24,0.142003696293445,0.19561533717608726,0.15764911402514656,0.12258058145532089,0.3670979290023155,0.0
2022-06-26,0.14110699509111604,0.19438009814627139,0.15988353093556526,0.12415461468975456,0.3655152999214596,0.0
2022-06-27,0.14062630977616022,0.19495651540320602,0.157273044195636,0.12405617306976695,0.3680681646705584,0.0
2022-06-28,0.13731671377381896,0.19538240244338353,0.16166337875650866,0.12613027169351254,0.36437886367210603,0.0
2022-06-29,0.13853667860743804,0.19580585600685438,0.1639379153337714,0.1266856006306858,0.3597839551404213,0.0
2022-06-30,0.14025350231084574,0.20002599560195272,0.16842988318889868,0.13422075064412387,0.3500055409445551,0.0
2022-07-01,0.14105420585164624,0.1998088680024644,0.16828075177895557,0.1341019087295645,0.34969563857556507,0.0
2022-07-03,0.1421613688772496,0.20137720826927402,0.1704750100824484,0.13171420486886434,0.34715761719139443,0.0
2022-07-04,0.14246168963241812,0.20180262451096326,0.17013500016386587,0.13133578258511336,0.3471347222997843,0.0
2022-07-05,0.1442864188156515,0.19736686033979656,0.17028531672419317,0.13077909558345618,0.35018179215196427,0.0
2022-07-06,0.14359854092433663,0.19481641575315287,0.16891083484266897,0.13191291403575503,0.3537390994770182,0.0
2022-07-07,0.1457422808122443,0.19686329523441254,0.16784077794771643,0.1310772404489853,0.35149814813270536,0.0
2022-07-08,0.14586372277097487,0.19701763782293197,0.16777022685372703,0.13102214273778626,0.35135039751340275,0.0
2022-07-11,0.14374054798422595,0.19456858963494236,0.16893742898200995,0.1319336830433797,0.35379479387288454,0.0
2022-07-12,0.14258625346809642,0.19461514019203116,0.16922010780999933,0.13215444441710109,0.35438678996447526,0.0
2022-07-13,0.14233059382826618,0.19434850517867375,0.1711654736814931,0.13137998205224083,0.3537357371477183,0.0
2022-07-14,0.1433608394479596,0.19261798675718725,0.17473795084406982,0.13055935335804972,0.3516578807949677,0.0
2022-07-15,0.1452522102787182,0.19395184184423098,0.17388908344749196,0.12992510316884592,0.3499495460667958,0.0
2022-07-17,0.1445343769124712,0.19299333592371043,0.17371636392468656,0.13057103528420555,0.3511868759253429,0.0
2022-07-18,0.14320186801252777,0.19391503602581847,0.17255465279432042,0.13352804955710063,0.3498071720354123,0.0
2022-07-19,0.14500960945148306,0.19493827840584832,0.1695196861839478,0.1341823873336799,0.34947927699014963,0.0
2022-07-20,0.14695738285221632,0.1934253515292889,0.16978748922959633,0.13796153600937913,0.34501334059671174,0.0
2022-07-21,0.14756148625992044,0.19354604983458956,0.16807278441149417,0.13890941427251277,0.3451240606663995,0.0
2022-07-22,0.14549006635904055,0.19327138370732896,0.1686710963995899,0.13940390936944125,0.34635264662456056,0.0
2022-07-24,0.14512347970487216,0.19278440400024083,0.1682461012474711,0.1390526578098494,0.34799908701225,0.0
2022-07-25,0.14562330953475275,0.1959534059915725,0.1674390972506824,0.13765038119503678,0.34647654283920903,0.0
2022-07-26,0.14419792907369375,0.19557279343494466,0.1691232524650767,0.13935343141200285,0.3448258136132476,0.0
2022-07-27,0.14733058169481233,0.1957921678274766,0.16545821112345463,0.13832520847053617,0.34630299077016236,0.0
2022-07-28,0.14765211778777182,0.19542518700011197,0.16586566173050624,0.13883420281182884,0.345482542496663,0.0
2022-07-29,0.14971326662280618,0.19612313612884621,0.1651688870561292,0.13825098290092416,0.34403122651275436,0.0
2022-07-31,0.13922503517942283,0.20276678550213856,0.17567546664707345,0.13698831248869894,0.34024917762490314,0.0
2022-08-01,0.13891131474933383,0.20215749577398065,0.17608125631604718,0.1373773808729475,0.34038534667274195,0.0
2022-08-02,0.13844314611512337,0.1994929274376655,0.1760125908599958,0.13547846884126902,0.34548724533922287,0.0
2022-08-03,0.14166505878816926,0.20005072637066282,0.17602702467684692,0.13373069069087065,0.34346008608267337,0.0
2022-08-04,0.14149553514991878,0.1999675789107857,0.1767204160858934,0.13325347968466267,0.3435257991410083,0.0
2022-08-05,0.14066589123773027,0.19926584840306302,0.17713125868788696,0.13356326962026205,0.34432443370908455,0.0
2022-08-07,0.14114084334189084,0.19993866064740748,0.17634355134754834,0.1320231696590016,0.34548702979307505,0.0
2022-08-08,0.1404040904829609,0.20020190966540974,0.17773785685264876,0.13145417012693947,0.34514493456444906,0.0
2022-08-09,0.13908998719286145,0.19966223682489642,0.1787898090070474,0.13156154025727632,0.3458289678106204,0.0
2022-08-10,0.14119247682924474,0.2011073410828803,0.1782919554352148,0.13219268479038,0.34221076706823284,0.0
2022-08-11,0.14020877307247348,0.2011541193747244,0.1790957296069979,0.1327762970767933,0.3417664119050922,0.0
2022-08-12,0.14230920216600831,0.2019540256349864,0.17830696791577416,0.13219153239889433,0.34026122664104785,0.0
2022-08-14,0.14209315749573148,0.20164743203305974,0.17872234527164482,0.13214101612651988,0.3404261691324336,0.0
2022-08-15,0.14325742236818145,0.20040735701282314,0.17908531700544894,0.13215576609264892,0.3401233122264517,0.0
2022-08-16,0.14293121812574647,0.20068821554733363,0.1794400762630153,0.13216433451479517,0.33980461730998535,0.0
2022-08-17,0.14139116636314855,0.199361445136079,0.17989792501409807,0.13435271316243783,0.3400216458937389,0.0
2022-08-18,0.14132685224376815,0.1980291100806671,0.18075407268161656,0.13621720200052384,0.3387114623729027,0.0
2022-08-19,0.1393115677801668,0.19651526264617203,0.18171954588319006,0.1369447875878012,0.3405206434062,0.0
2022-08-21,0.13900542255561776,0.19608340899490123,0.181320206674926,0.13679416543166834,0.3418191743528636,0.0
2022-08-22,0.1356362728872128,0.19374091309260533,0.18205348772605165,0.13829291985451211,0.3452877101287869,0.0
2022-08-23,0.1367938413083441,0.19598221761430448,0.17889599784762975,0.13822008838908562,0.3450720224746129,0.0
2022-08-24,0.13697610665711454,0.19590856905709703,0.18000425953460755,0.1375490084115519,0.34453368511380955,0.0
2022-08-25,0.13781648922327946,0.19643903862034298,0.17933348816222236,0.13808972363824376,0.3433495507226936,0.0
2022-08-26,0.1335191947344221,0.19392800674773608,0.18116736014110935,0.13950183510357891,0.34686065802611143,0.0
2022-08-28,0.1333213421260619,0.19364063861279898,0.18297419393074876,0.13732681497944035,0.3477211141066558,0.0
2022-08-29,0.13246230803422213,0.1936499475540376,0.18221645445786996,0.13840780657861446,0.34822990567031864,0.0
2022-08-30,0.13210093723971805,0.19357895083563093,0.1820156572389063,0.1388185562224454,0.348409122130166,0.0
2022-08-31,0.1349421445626151,0.19352021010760487,0.17497888071825674,0.13899457104591026,0.3500036256788705,0.0
2022-09-01,0.13668308709372692,0.19374947365694126,0.17164965724741088,0.1386984571048544,0.3515639389830265,0.0
2022-09-02,0.13517384341813818,0.19316193349574806,0.1721870320037534,0.13913267323314166,0.3526645621306598,0.0
2022-09-04,0.13502866381452383,0.19295447344113123,0.17370086873005455,0.13835789101610807,0.3522857928359185,0.0
2022-09-05,0.13524524747556912,0.19326396910740212,0.1720652985295348,0.13748371288331296,0.35425655169286013,0.0
2022-09-06,0.13508160572391295,0.19330481478313366,0.17138859093913636,0.136105338895035,0.3563875911305333,0.0
2022-09-07,0.13768936281616018,0.1946561264435177,0.17038294085522754,0.13488404561006917,0.3546616500169008,0.0
2022-09-08,0.13850744157675757,0.19496281541375932,0.17029728852766537,0.13498559806588997,0.3535145578523728,0.0
2022-09-09,0.1405020816036902,0.19783410336249754,0.16905389755613323,0.13400002821111962,0.35093344330064336,0.0
2022-09-11,0.1399537571751735,0.19706203457583474,0.1690288402053619,0.1353460823410727,0.35096219699076725,0.0
2022-09-12,0.14063986087716304,0.19837693990029107,0.16765214564501565,0.13719611383017052,0.34854003063610983,0.0
2022-09-13,0.1340309817736581,0.1933203489272177,0.17031473748841125,0.1411421428316626,0.35353323758009997,0.0
2022-09-14,0.13577548573392287,0.19513231429465824,0.16947032664931752,0.13871895856058447,0.35320514022723115,0.0
2022-09-15,0.13413362445273286,0.19431531974333063,0.1696146873099081,0.1379451705801829,0.3562571097199386,0.0
2022-09-16,0.1336316892533999,0.19321359627968823,0.17001957198001427,0.1382744574230201,0.3571075257106151,0.0
2022-09-18,0.13485955444732603,0.19498892555368447,0.17006722936979252,0.1365183085821895,0.3557409684650915,0.0
2022-09-19,0.1357979537541947,0.19564663145501515,0.16884644590143835,0.13465521817891402,0.35723455784125985,0.0
2022-09-20,0.13545077190522783,0.1940953615608059,0.16737683101073425,0.13603027630848197,0.3591842729234162,0.0
2022-09-21,0.13408774105269103,0.1928818044005373,0.1667416291568144,0.13631008724660743,0.3620528366433781,0.0
2022-09-22,0.13274402220214665,0.19266680145185566,0.16712764395586116,0.13662565157929765,0.36289100617361447,0.0
2022-09-23,0.13162905265176744,0.18837591540630497,0.16846677413935326,0.1377203809103557,0.3657987136490651,0.0
2022-09-25,0.13280905832447565,0.19006463567210458,0.1693069347482836,0.1343505770848664,0.36538719670503156,0.0
2022-09-26,0.13346382478293545,0.18899476225462244,0.17152477328647997,0.1302638089131218,0.3675970039521429,0.0
2022-09-27,0.13311109311761948,0.18761591476695846,0.17392406800932517,0.13185266683848493,0.3653646075625105,0.0
2022-09-28,0.13454129550446886,0.189664393039934,0.1728094961089603,0.13099796739946995,0.36392749926444784,0.0
2022-09-29,0.13083152136452703,0.18701283496572352,0.17548544291795942,0.13346545780688943,0.365134351588478,0.0
2022-09-30,0.1347638184138213,0.18911197016687145,0.17601920691316086,0.1338714120262015,0.35000596058319516,0.0
2022-10-02,0.13423135612969195,0.18836477412585362,0.17554648433286876,0.1353106230987293,0.3503819768376655,0.0
2022-10-03,0.13624156113370597,0.1905510927410387,0.17364931397200092,0.13500213307847184,0.3485238639378188,0.0
2022-10-04,0.13896411513795806,0.19530545743257824,0.17172037163931192,0.1335024938139,0.34465236902819657,0.0
2022-10-05,0.13826504296736156,0.1928094978104071,0.17116486715619214,0.13578371527962863,0.34619181719091857,0.0
2022-10-06,0.13806239021916467,0.19125924084080514,0.17205137851325475,0.13569369205295428,0.34704504621678184,0.0
2022-10-07,0.1339532845144741,0.18955105343137743,0.1735433852090082,0.13687040972219933,0.3500545747492348,0.0
2022-10-09,0.13461921360753082,0.19049337867227784,0.17307480459059882,0.13461034992434687,0.35109401773461935,0.0
2022-10-10,0.13385896282435403,0.18980088057579245,0.17004634718582828,0.1353657277702461,0.3547478152490677,0.0
2022-10-11,0.1329300238083788,0.18862838085743075,0.16964773431958877,0.1353075789571956,0.35719319987320963,0.0
2022-10-12,0.1330308658313881,0.18853639601698705,0.16983457753418546,0.1361181661293122,0.3561676859551988,0.0
2022-10-13,0.13544895300686186,0.1905890885314671,0.1696295667330226,0.13377113472422938,0.354331757802889,0.0
2022-10-14,0.13231642063287852,0.18890473971207056,0.1708416048446409,0.13472695697056794,0.3568635310242976,0.0
2022-10-16,0.1320410046547425,0.18851153542636304,0.17048599888523272,0.1351080115236704,0.35753944643322144,0.0
2022-10-17,0.13474145790208847,0.19099689344454532,0.17151795713605472,0.1362410877476071,0.3503858432379285,0.0
2022-10-18,0.13488533888305881,0.19058285045444076,0.1716762332841178,0.13953499831350707,0.347311936167905,0.0
2022-10-19,0.13510993168466778,0.18902275475369462,0.17081903417404617,0.1397895339950709,0.34916349393147095,0.0
2022-10-20,0.1339734455375757,0.18856231952627184,0.17223813873346647,0.14257595596370973,0.3466071721398361,0.0
2022-10-21,0.13625649600219356,0.19051890228568624,0.1711599381655263,0.1416834389066567,0.3444374317292548,0.0
2022-10-23,0.13586085496656136,0.18996570226939782,0.17285095164395298,0.14094986149939445,0.34447388258409606,0.0
2022-10-24,0.13745877446075913,0.18802176178601976,0.17254299097021078,0.14202311818849195,0.3440413990456715,0.0
2022-10-25,0.13860929337078867,0.18913407350521877,0.17478743467963848,0.1401501044233326,0.3415979082892024,0.0
2022-10-26,0.13588944710961096,0.19167941811518022,0.1760970764292883,0.13810971615410342,0.34246214362524435,0.0
2022-10-27,0.1341946164537154,0.19126045718348617,0.17450793063541817,0.13971929581394965,0.344462200608635,0.0
2022-10-28,0.1376042395000755,0.19124828578221195,0.17362867326534315,0.13901532081327897,0.34272662946585325,0.0
2022-10-30,0.13793318697500723,0.19170547111982683,0.1751315455524998,0.13758576015914284,0.34182822715020983,0.0
2022-10-31,0.1325066129568464,0.19178146009083175,0.18271147115970085,0.14301153323476626,0.34998892255785474,0.0
2022-11-01,0.1317463862394495,0.19474953533382744,0.18331050291797643,0.14215375523345533,0.34803982027529123,0.0
2022-11-02,0.12778833219071317,0.19298800644975922,0.18251118071963252,0.14395279084822488,0.35275968979167016,0.0
2022-11-03,0.12565633154762051,0.19287224052571095,0.18211389107213316,0.14201289815224907,0.3573446387022863,0.0
2022-11-04,0.12648010279025243,0.19843944773525393,0.1804059897486327,0.1406810721433682,0.35399338758249277,0.0
2022-11-06,0.12598274186055328,0.1976591192405953,0.18015443963078176,0.1407927844348514,0.35541091483321835,0.0
2022-11-07,0.12692533305303064,0.19751318925752084,0.17975658821728802,0.14162879253761615,0.3541760969345444,0.0
2022-11-08,0.1278478980547829,0.19950620803252456,0.17701590128965675,0.1414605060296255,0.3541694865934103,0.0
2022-11-09,0.12514725214734848,0.19682049433812612,0.17736966919071046,0.1415772524546143,0.3590853318692008,0.0
2022-11-10,0.1327032329788813,0.20403500112505332,0.17289713265132672,0.1378420889426449,0.3525225443020938,0.0
2022-11-11,0.13426745550403826,0.20679426435808004,0.17177009905903318,0.13694356238938177,0.3502246186894668,0.0
2022-11-13,0.13431944916071314,0.20687434325689438,0.17161227155974337,0.13683369654171887,0.3503602394809302,0.0
2022-11-14,0.13371783966391887,0.20579388973774726,0.17257720504910917,0.13742342908467453,0.3504876364645502,0.0
2022-11-15,0.13546538360464208,0.20752623006157273,0.17019504558289972,0.13797308746749146,0.3488402532833941,0.0
2022-11-16,0.13321911851022616,0.20568121934438455,0.1705867950922814,0.13788882382370665,0.3526240432294013,0.0
2022-11-17,0.1330061845603313,0.20584768211836185,0.1691187385991654,0.1378098614663766,0.3542175332557649,0.0
2022-11-18,0.13301571109709545,0.20581418181019798,0.16912487100132922,0.13781485857964537,0.35423037751173203,0.0
2022-11-20,0.1339749219489884,0.2072983613483708,0.1710231579889357,0.13716596494381603,0.3505375937698891,0.0
2022-11-21,0.13351343858125062,0.2068624202082687,0.17288898462794358,0.1376181024289075,0.3491170541536295,0.0
2022-11-22,0.13395412264192644,0.20698123454463752,0.17572792650169652,0.1356211395538266,0.3477155767579129,0.0
2022-11-23,0.13484028321446442,0.20832740056668844,0.17513271611069892,0.13516177539294238,0.34653782471520594,0.0
2022-11-24,0.1350808431279557,0.208699064139795,0.17589497091863804,0.13523959814050238,0.34508552367310896,0.0
2022-11-25,0.13423444593005365,0.2093391347222565,0.17595027525086526,0.13528211974090276,0.34519402435592184,0.0
2022-11-27,0.13411338816885482,0.2091503446780529,0.1755667852122637,0.13352773232654988,0.34764174961427874,0.0
2022-11-28,0.13382582253731548,0.20936044795122222,0.1730184764055365,0.1352256403257702,0.3485696127801557,0.0
2022-11-29,0.13343009811290063,0.2120018112690273,0.17382261526280757,0.13336291772962613,0.34738255762563836,0.0
2022-11-30,0.12917956227443497,0.18249147273406185,0.18905013536544707,0.14931576021150908,0.34996306941454697,0.0
2022-12-01,0.12919495108327805,0.18323781732335642,0.1888409246401188,0.14915052119469271,0.3495757857585539,0.0
2022-12-02,0.1287285169050973,0.18344695498021224,0.18891159134842178,0.14920633524238702,0.34970660152388156,0.0
2022-12-04,0.1297890846748277,0.18495833670498288,0.18670881325859282,0.14987359458511143,0.3486701707764852,0.0
2022-12-05,0.12945538844294685,0.18500851491150172,0.18584842841016488,0.14633857926255422,0.35334908897283224,0.0
2022-12-06,0.12700233928678634,0.18455104138411493,0.18669398818682623,0.1481264228368393,0.35362620830543323,0.0
2022-12-07,0.12826026515650657,0.18688749083465328,0.18595846478705863,0.1428702329900019,0.35602354623177956,0.0
2022-12-08,0.12861144194344887,0.18650974642748971,0.18710208473342696,0.14349908625181873,0.3542776406438158,0.0
2022-12-09,0.1279379097320833,0.1863976942580504,0.18731669857880637,0.14366368565087306,0.35468401178018677,0.0
2022-12-11,0.1277319109483907,0.18609756665411603,0.18778255671815433,0.1420936517579473,0.35629431392139155,0.0
2022-12-12,0.12975966029704594,0.18688978765028064,0.18608885989348656,0.1383388760336136,0.3589228161255732,0.0
2022-12-13,0.12938873229679493,0.18659279566304748,0.1853559809631072,0.14196569109714963,0.35669679997990084,0.0
2022-12-14,0.12860530907683215,0.18663318206299956,0.18637036750281336,0.140833203586337,0.35755793777101796,0.0
2022-12-15,0.12609200797973671,0.18476161952178774,0.18676152860831474,0.1411476178406648,0.36123722604949604,0.0
2022-12-16,0.125172266188521,0.18412260889759563,0.1871839569855665,0.14146687395085886,0.3620542939774581,0.0
2022-12-18,0.12550018543302816,0.18460496292572715,0.18638181452933203,0.1420307182500027,0.36148231886190996,0.0
2022-12-19,0.124496047096137,0.18543664275131136,0.18596540039365958,0.14193045077121844,0.3621714589876737,0.0
2022-12-20,0.12402744758479785,0.18540216941869422,0.18540981825122566,0.14674020219485837,0.35842036255042387,0.0
2022-12-21,0.12540020689821796,0.18666006093224283,0.1845230008808026,0.14431104003670903,0.35910569125202746,0.0
2022-12-22,0.12366080359442926,0.18719181033109591,0.1862657450954422,0.14294901172285357,0.3599326292561791,0.0
2022-12-23,0.1238443197618654,0.18753449372345904,0.18612352159571566,0.14283986278234787,0.359657802136612,0.0
2022-12-25,0.1238177660331861,0.18749428404671395,0.18608361444855873,0.14417491079487615,0.35842942467666516,0.0
2022-12-26,0.12398390244331021,0.18774586044215597,0.18633329803337736,0.14456370431667778,0.35737323476447863,0.0
2022-12-27,0.12225292291854958,0.18882696288706158,0.18819643362633437,0.14712974736799767,0.35359393320005683,0.0
2022-12-28,0.12066582575491827,0.18666174077926764,0.19085300102977132,0.14853071678130297,0.3532887156547398,0.0
2022-12-29,0.12315565220845637,0.18888767086673994,0.190676918067922,0.14643046816823466,0.35084929068864706,0.0
2022-12-30,0.1233350266142053,0.1849875979516076,0.18896572244003337,0.14684738084308988,0.35000149403816144,0.0
2023-01-01,0.12246272800845104,0.18367925572146587,0.19070509057075663,0.14639048001816096,0.35094067515175514,0.0
2023-01-02,0.12234055060532827,0.18349600441850597,0.19205124910829083,0.14760033945119258,0.3486954370466453,0.0
2023-01-03,0.12129867809699527,0.1844867308736285,0.1929897636497152,0.1473393554769562,0.34807888073453314,0.0
2023-01-04,0.12110579805490929,0.186478162053792,0.1887212537530547,0.14640754432782752,0.3515169195607075,0.0
2023-01-05,0.11924423696741984,0.184934127799891,0.19106217170332654,0.14548869940127002,0.35349832844130163,0.0
2023-01-06,0.12158348520704726,0.1880008565445177,0.18957764801516366,0.14435827458354858,0.3507517007984841,0.0
2023-01-08,0.12171824897863581,0.18820923767824382,0.1913020623459985,0.14413646698510635,0.3488991495407359,0.0
2023-01-09,0.12213299131425882,0.18860685273354938,0.19122252525009886,0.1456007090696867,0.34671910674250606,0.0
2023-01-10,0.12301602463266793,0.18909429145744583,0.1904858984891511,0.14428190084290474,0.34741061945356455,0.0
2023-01-11,0.12493916893436895,0.18993189103626268,0.18891930891740116,0.14366591929416211,0.34684135701293445,0.0
2023-01-12,0.12471427969545495,0.19067126574342655,0.18781471542489248,0.1467817764126773,0.34435602391378045,0.0
2023-01-13,0.1253086688118925,0.19151418433083617,0.18742028768976793,0.14647352152702026,0.3436328454009491,0.0
2023-01-15,0.1251220116156708,0.19122890877071078,0.18863024620752214,0.146255337604805,0.3431209770357324,0.0
2023-01-16,0.12531468889772338,0.1915233850656172,0.18867219685895983,0.14629253530964897,0.3425455420024916,0.0
2023-01-17,0.1259130705117786,0.19215512797942733,0.18644733026111932,0.14707054141665657,0.34274634461613557,0.0
2023-01-18,0.12459104382482324,0.19174910331523407,0.18691967560224668,0.14744312966963904,0.34361465760748344,0.0
2023-01-19,0.12343658775153478,0.19221463558303076,0.18752520265537892,0.14695889301315115,0.34417863806645593,0.0
2023-01-20,0.12613607641583527,0.19317652412804123,0.18652179054814452,0.14617254360290066,0.3423370028750412,0.0
2023-01-22,0.12619878990005542,0.1932725693931379,0.18611689333467388,0.14624521900051204,0.3425072091065796,0.0
2023-01-23,0.12826224019574758,0.1929767783761265,0.18603853050646205,0.14765176019942192,0.3394434018675347,0.0
2023-01-24,0.1277618827084713,0.19265251088591973,0.18519803884611022,0.14849738572203766,0.3402729365966857,0.0
2023-01-25,0.12741759586927154,0.19337206206635507,0.184863023185945,0.1489867606254758,0.3397455469593629,0.0
2023-01-26,0.12922427365220052,0.19306514331548183,0.18389866358142157,0.15025253603198896,0.33797322453566875,0.0
2023-01-27,0.130415997970686,0.19236418097859054,0.1837653749098226,0.15014363387608387,0.3377282635269422,0.0
2023-01-29,0.13005366776365565,0.19182974230079225,0.18398882257094715,0.15213248521327952,0.3364278057279773,0.0
2023-01-30,0.12814422436796008,0.19083902610559994,0.18429039734735897,0.15243381207844128,0.3386931619264848,0.0
2023-01-31,0.12567709020781181,0.18200394031733236,0.19569915399099633,0.14664079786914844,0.3499790176147111,0.0
2023-02-01,0.12817320852812136,0.18349998153807107,0.195937045815654,0.1448152020604236,0.34757456205772996,0.0
2023-02-02,0.13280085290512972,0.18303782859319195,0.19650742529138135,0.14377362773191096,0.343880265478386,0.0
2023-02-03,0.13102962008401328,0.1817200124078639,0.19739467373767566,0.14442277840717976,0.34543291536326726,0.0
2023-02-05,0.13191099405577278,0.18294235655403027,0.1947051489011655,0.14268502209936623,0.34775647838966517,0.0
2023-02-06,0.13069514166821905,0.18084778560192485,0.19482393925478164,0.14347834345566657,0.3501547900194079,0.0
2023-02-07,0.1330602541732342,0.1817613756543357,0.19325563403360257,0.14076949860296079,0.3511532375358668,0.0
2023-02-08,0.13071817242812817,0.18095403235383448,0.1927570071975899,0.14169548542008176,0.3538753026003657,0.0
2023-02-09,0.13022238030450797,0.1820778407686719,0.19481142588534534,0.13988322840184056,0.3530051246396342,0.0
2023-02-10,0.12959233863103184,0.18151382363558918,0.1951496785732547,0.14012610880675175,0.3536180503533724,0.0
2023-02-12,0.12976674504325864,0.18175810640017442,0.19406650453362817,0.1403146916516518,0.35409395237128694,0.0
2023-02-13,0.13119992331300082,0.18252160765811812,0.19499188095034967,0.13854431990136482,0.3527422681771667,0.0
2023-02-14,0.13211448536608256,0.18261436145998522,0.1949108733827804,0.1377645551161279,0.35259572467502376,0.0
2023-02-15,0.1332755577486984,0.18194103980237883,0.19620107015189295,0.13864170498247325,0.3499406273145565,0.0
2023-02-16,0.13122883076234834,0.18179369775995247,0.19607542126404803,0.13821619805274735,0.3526858521609039,0.0
2023-02-17,0.1304590576279344,0.1817402606708892,0.19631037990251685,0.138381823552871,0.3531084782457886,0.0
2023-02-19,0.1309672477811875,0.1824482115989574,0.19599376610009617,0.13764469982153782,0.3529460746982212,0.0
2023-02-20,0.132412983732803,0.18446224139102618,0.19323753983247985,0.13732091854583625,0.3525663164978547,0.0
2023-02-21,0.13004018890921562,0.18333373353501617,0.19245218644192175,0.13757420555404323,0.3565996855598032,0.0
2023-02-22,0.13025108554787346,0.18252345135525364,0.19262018626260716,0.13769430001642022,0.3569109768178456,0.0
2023-02-23,0.13222221438292497,0.1845531535941835,0.19218060911432439,0.1350195454802886,0.3560244774282786,0.0
2023-02-24,0.13069871953566262,0.18244808775217414,0.19320126757830255,0.13573662532789676,0.357915299805964,0.0
2023-02-26,0.13118038009100255,0.18312045889383208,0.1930750004108485,0.1337872246903292,0.35883693591398763,0.0
2023-02-27,0.13190662948147705,0.18444108506860923,0.1938923810222629,0.13150193319399667,0.3582579712336542,0.0
2023-02-28,0.12418709179634599,0.18385953993435675,0.19506500354352918,0.1399591582433688,0.35000643326800684,0.0
2023-03-01,0.12193380101143683,0.18390738419278072,0.19609902806259907,0.14208047558574594,0.3491265210047338,0.0
2023-03-02,0.12211354477045311,0.18315230755093276,0.19614009572346233,0.14425364775972502,0.3475333101974732,0.0
2023-03-03,0.12403657301369068,0.18458134244265234,0.19519357768882672,0.14355751942011688,0.3458562102423355,0.0
2023-03-05,0.12346519728626192,0.1837310666228237,0.19618596187611145,0.14561065504534015,0.34426302011371784,0.0
2023-03-06,0.12350959320131055,0.1831424534483528,0.1971141747525079,0.1454979104600958,0.34399646138279527,0.0
2023-03-07,0.12184862439130441,0.17969961132600157,0.20281148637322427,0.14532373836722062,0.3435846713891711,0.0
2023-03-08,0.12245056835775313,0.18058154707680568,0.20441871006548273,0.14338099569086735,0.34243614326241406,0.0
2023-03-09,0.12065864780284147,0.1788411147303663,0.2066012354981956,0.14377377585351364,0.3433742182381003,0.0
2023-03-10,0.11935513065949566,0.1778419472696789,0.2072802181606527,0.14424627980967408,0.34450269716687454,0.0
2023-03-12,0.11961468935563058,0.1782286958216377,0.2055557762846809,0.14455996868172202,0.34525187879314834,0.0
2023-03-13,0.12077365766658243,0.17793774810122434,0.20356686959034626,0.14488610176276048,0.34603078086397704,0.0
2023-03-14,0.12293895021191198,0.17857631269738813,0.20500224826524896,0.14125224654898674,0.345458468660222,0.0
2023-03-15,0.1247388785682915,0.1754771869568229,0.20637075158153126,0.139037496654879,0.3475400888190905,0.0
2023-03-16,0.12666207568876864,0.17632645775912315,0.2028165446637428,0.1371665749042857,0.3502650965965263,0.0
2023-03-17,0.1263696584335842,0.1749254011094137,0.20330915703188174,0.13749973288903064,0.3511158404004744,0.0
2023-03-19,0.12630102291785736,0.17483039337363526,0.20374133348580464,0.1374250522639809,0.35092513784509466,0.0
2023-03-20,0.1262649885657987,0.1763151102923788,0.2026926249121075,0.14329899331991403,0.34467658529186546,0.0
2023-03-21,0.12672524676008948,0.1764768468321876,0.20538052313829155,0.14217990155670565,0.3425560671082673,0.0
2023-03-22,0.12488489392268583,0.1760390580022004,0.20785978285605214,0.14155918046308044,0.3429814075939759,0.0
2023-03-23,0.12604419816582507,0.17623633546190426,0.20786376397872797,0.14294928621614134,0.3402472057574385,0.0
2023-03-24,0.12651377227771113,0.17573479507652123,0.20787313142136687,0.14295572826844172,0.3402625390994408,0.0
2023-03-26,0.1258429541776829,0.1748029907423393,0.21207273094254933,0.14219772944903505,0.3384583539433108,0.0
2023-03-27,0.12480903014375393,0.1754737199100361,0.21310495042538627,0.14200234393064637,0.3379932982691138,0.0
2023-03-28,0.12416068628124402,0.17630415094152044,0.21286520776443163,0.14201901710030038,0.33803298366759366,0.0
2023-03-29,0.12611066426388454,0.17734733993442908,0.2133929776661004,0.1393534319959716,0.33719354745889396,0.0
2023-03-30,0.12650385282443002,0.17830592244015805,0.2102141239326888,0.14077556694330284,0.33763949215989825,0.0
2023-03-31,0.12417119282450802,0.18219228177726265,0.19645234134204956,0.14720290630645597,0.34998127774972376,0.0
2023-04-02,0.12395838001737869,0.18188002858841623,0.1978295144931755,0.1469506202246677,0.3493814566763619,0.0
2023-04-03,0.12259168809491504,0.18162809221073595,0.19782410570186892,0.14707197306087946,0.3508841409316007,0.0
2023-04-04,0.12083637794808656,0.17960013033224592,0.19781218826508049,0.14839732529698454,0.35335397815760256,0.0
2023-04-05,0.12011609047325035,0.17907075501968514,0.19762967653232055,0.14918039634107166,0.3540030816336723,0.0
2023-04-06,0.12055873839073714,0.1790944854790255,0.1977504020223698,0.14892362132094136,0.35367275278692634,0.0
2023-04-09,0.1201335359806637,0.1784628314996206,0.1975318041483384,0.1499625254050791,0.35390930296629824,0.0
2023-04-10,0.12085837521375241,0.17970823227481428,0.19907717660474278,0.1485910523108162,0.3517651635958744,0.0
2023-04-11,0.11968110355740606,0.1798747536898275,0.2012938064225846,0.14632871473196074,0.352821621598221,0.0
2023-04-12,0.11814653888288905,0.17968274234241802,0.20311539699241693,0.14691206838024368,0.35214325340203234,0.0
2023-04-13,0.1195656004165071,0.1806248338199739,0.201844672828842,0.14659681353719,0.351368079397487,0.0
2023-04-14,0.11945833570569896,0.18004313886619555,0.2020433880863835,0.14674113750248738,0.3517139998392345,0.0
2023-04-16,0.11959335154822119,0.1802466296978798,0.20013005766249323,0.14865586504768605,0.35137409604371983,0.0
2023-04-17,0.1188186026628992,0.17902581300611148,0.20102746158309737,0.1475678054360254,0.35356031731186655,0.0
2023-04-18,0.11875112332924385,0.1795360806511327,0.2009006910891514,0.1474747472864655,0.3533373576440065,0.0
2023-04-19,0.11883050712550312,0.17865709775446897,0.20112961667348836,0.1476427942081285,0.353739984238411,0.0
2023-04-20,0.11802368348575193,0.17887306806954315,0.2012987782477582,0.14776697028876204,0.3540374999081847,0.0
2023-04-21,0.11812838836386592,0.17887802582794876,0.20126738178529036,0.14774392315366744,0.3539822808692277,0.0
2023-04-24,0.11788794755950853,0.17908396682871836,0.20127725909467178,0.14775117376936717,0.35399965274773415,0.0
2023-04-25,0.11529127990816201,0.1757554012261441,0.20510783095021243,0.14843001238844147,0.35541547552703995,0.0
2023-04-26,0.11523761717151401,0.17480982704503736,0.2056502886005214,0.14937922314175037,0.3549230440411769,0.0
2023-04-27,0.11756464514869652,0.17575207617494532,0.2093672367155333,0.14589210718149512,0.35142393477932976,0.0
2023-04-28,0.11824158692632905,0.17587576020329393,0.20913003736796223,0.14572682099258566,0.3510257945098291,0.0
2023-04-30,0.11857321216429687,0.17636902862387532,0.19726879506491485,0.146469168403298,0.3500029381684394,0.0
2023-05-01,0.11847289882654241,0.176033615566485,0.19755051996995202,0.1465133327558081,0.3501084733695288,0.0
2023-05-02,0.11811037060010093,0.17528035418821983,0.1966673763774611,0.1442803238455186,0.3542748617484687,0.0
2023-05-03,0.11855282275058901,0.17729327378572723,0.19215622208322453,0.14364239269089515,0.3568497306214984,0.0
2023-05-04,0.11753472647065215,0.17662256868635307,0.19477531488563793,0.14349186082883497,0.35612747224027697,0.0
2023-05-05,0.11942552616125765,0.17830214156869345,0.19378983358872193,0.1427658522728251,0.3543256167874089,0.0
2023-05-07,0.1189428603360856,0.17758152217469564,0.19590059432017543,0.14333555219608626,0.352893587373736,0.0
2023-05-08,0.11902766994251832,0.17739849616073,0.195555810502691,0.1444187215594545,0.3522724968730016,0.0
2023-05-09,0.11898392338167503,0.17774680498803846,0.19583561679410544,0.14490187265502313,0.3511360828842814,0.0
2023-05-10,0.11944518565341182,0.17625623790220216,0.1973646726553408,0.14332600756521732,0.3522902745466014,0.0
2023-05-11,0.11977649501681453,0.17555640692042343,0.20259462666160763,0.1440185198059905,0.34674092825569325,0.0
2023-05-12,0.11949471211839442,0.17496443752855903,0.2028455780442689,0.1441969137114444,0.3471704318254812,0.0
2023-05-14,0.11991712333654635,0.17558293302412942,0.20021818996753638,0.1445152177933593,0.3483976717795675,0.0
2023-05-15,0.12033219472299835,0.1771225844652479,0.20005161744145003,0.14270611087159304,0.3484398274309888,0.0
2023-05-16,0.12113718565839611,0.17641022198721767,0.19825329063007466,0.143498316596402,0.34928942895838594,0.0
2023-05-17,0.12240824255621754,0.17707348880756638,0.19726745412084673,0.1438452245251309,0.3480113071101661,0.0
2023-05-18,0.12456244776250616,0.17641612589651098,0.19752501577169518,0.14351595560292382,0.3465961822311763,0.0
2023-05-19,0.12423974881018332,0.17697426472730082,0.19745823395859965,0.1434674338717099,0.3464790005093019,0.0
2023-05-21,0.12442205408403106,0.17723395087528562,0.19955182976351651,0.14329430019466927,0.3440989506794077,0.0
2023-05-22,0.12436610489456067,0.17695060664599524,0.20036692168503267,0.14236826806212666,0.34459155155963367,0.0
2023-05-23,0.12294033676295525,0.17463455608853498,0.1981389844358781,0.14177774687247185,0.3511369925448908,0.0
2023-05-24,0.12317083565917543,0.17367268459802895,0.19794857337838007,0.14123446847824428,0.35252109631662804,0.0
2023-05-25,0.1261283804009214,0.17338938559632563,0.19313180314063658,0.14022710854155646,0.3556736695709289,0.0
2023-05-26,0.12866698970355933,0.17455401322306083,0.19211052715925298,0.13948559121730678,0.3537928764025513,0.0
2023-05-28,0.12907505878720957,0.17510761361728408,0.18752341378538462,0.1385825153155265,0.35828437473384034,0.0
2023-05-29,0.12923009540083305,0.17531794155894836,0.1872962341299719,0.1387489716711061,0.35796510900579487,0.0
2023-05-30,0.13008692224335586,0.17388323139778375,0.1904069542398092,0.13807415851810037,0.3560823206859029,0.0
2023-05-31,0.12432308526336892,0.1827772688033518,0.19706543299614246,0.1407857817353484,0.35000645183680057,0.0
2023-06-01,0.12534323021094634,0.18504605295447704,0.19187209413036688,0.14349559607889117,0.34921733266480764,0.0
2023-06-02,0.12583384340283993,0.18700928000570552,0.19118924659967398,0.14298491413792483,0.3479745141384028,0.0
2023-06-04,0.12499650512685848,0.18576486098552816,0.19193983042184778,0.14556955220580423,0.3467539847557237,0.0
2023-06-05,0.1256041323029817,0.18567611280006294,0.19386546819959377,0.14459599492690717,0.3452619696381633,0.0
2023-06-06,0.12564166344952665,0.1873466127358693,0.19395622385738048,0.1444663333279814,0.3435901127126815,0.0
2023-06-07,0.12397418442901088,0.18677199010201304,0.1949115577856515,0.1448110206500687,0.34451301618551333,0.0
2023-06-08,0.12514967715477213,0.18781614006377426,0.19570311744493146,0.14281150419004587,0.34351546753398066,0.0
2023-06-09,0.12555067415355836,0.18783814183212652,0.19558251341735686,0.14272349515465502,0.3433037726490975,0.0
2023-06-11,0.1253669055303792,0.18756320299219006,0.1943941706112159,0.1448799675309067,0.3428012786397482,0.0
2023-06-12,0.12678613232173974,0.1870817826079057,0.19287960510918942,0.14408549317406238,0.3441995098190431,0.0
2023-06-13,0.12745628346202406,0.18854686504728496,0.19286802580001589,0.1431558610559603,0.3430169215851844,0.0
2023-06-14,0.1279542732906686,0.18863186096511536,0.19200160567527436,0.14423761029447513,0.3422347518230054,0.0
2023-06-15,0.1285934595314871,0.1892328166051209,0.19533942637994803,0.14383191857693942,0.3380958791352799,0.0
2023-06-16,0.12796551943844942,0.18889258332000713,0.19561655081389867,0.1440359702615294,0.3385755295103361,0.0
2023-06-18,0.1281465205839148,0.18915976290166997,0.1954490662452638,0.1432690380048183,0.339054428505447,0.0
2023-06-19,0.1282888373938653,0.18936983972548457,0.19433208162590637,0.14148468914584242,0.3415975158271919,0.0
2023-06-20,0.1290348758155101,0.18789623989425658,0.1955184223653859,0.1425114966543914,0.34007578163577956,0.0
2023-06-21,0.12706190276080565,0.18775182173994318,0.19608319671826013,0.1424666985163804,0.34168117328224756,0.0
2023-06-22,0.1285239907640329,0.1867673979063584,0.19446195270385558,0.14262096024757542,0.34267153216864976,0.0
2023-06-23,0.1277868696493367,0.18461473088155284,0.1952825613645978,0.14322280545973762,0.3441175694174664,0.0
2023-06-26,0.12622886474182207,0.1853267268120482,0.19552272241121926,0.14339894273804307,0.3445407697025028,0.0
2023-06-27,0.12790450697759642,0.1863034729121625,0.19476931598402292,0.14284638453007795,0.34321315300852545,0.0
2023-06-28,0.12815301497713547,0.18606035477221314,0.19476767445933407,0.14284518061422635,0.34321026039239977,0.0
2023-06-29,0.12799101535263568,0.18571455254388738,0.19491178248768407,0.1429508713423965,0.3434642006526197,0.0
2023-06-30,0.12422955534344192,0.18115026264392906,0.19731486730990042,0.14731771953122308,0.3499875951715055,0.0
2023-07-02,0.1238359495497776,0.18057631071515218,0.19895050928538632,0.14664978967149314,0.3499874407781907,0.0
2023-07-03,0.12434791448343117,0.18156178628449893,0.19862420695006391,0.14670857231181242,0.34875751997019344,0.0
2023-07-04,0.12384612638024393,0.18082911984027703,0.201657340103824,0.1463172544573096,0.3473501592183455,0.0
2023-07-05,0.12427575779560801,0.17956732018546012,0.20281505928648136,0.14662741948782654,0.34671444324462386,0.0
2023-07-06,0.12416955601808538,0.17744524178867993,0.2019179130059045,0.14701805169630847,0.34944923749102164,0.0
2023-07-07,0.12360562561422317,0.17886505602299355,0.20167045891283736,0.1468378783867421,0.3490209810632038,0.0
2023-07-09,0.12352884761183687,0.17875395346087378,0.20291007855706594,0.14674666960137206,0.34806045076885134,0.0
2023-07-10,0.12343464891552018,0.17899274854627972,0.2033706163927725,0.14577798034474124,0.3484240058006863,0.0
2023-07-11,0.12339154689712564,0.1796101344267216,0.20456044617389516,0.14621739004312026,0.3462204824591373,0.0
2023-07-12,0.12488075922856813,0.18302583878801906,0.20331752572248116,0.14533232680308011,0.34344354945785155,0.0
2023-07-13,0.12655830716195957,0.18513069973399207,0.20260871218221668,0.14382408352287285,0.34187819739895875,0.0
2023-07-14,0.12667313428844754,0.18424598497889927,0.20283533349513985,0.14398495322233873,0.3422605940151747,0.0
2023-07-16,0.12671409647575899,0.18430556445161447,0.20267552436947872,0.14282791898455252,0.3434768957185953,0.0
2023-07-17,0.12752916870002542,0.1836758910430515,0.2038903307532412,0.14241667815628073,0.3424879313474011,0.0
2023-07-18,0.12825231315386518,0.18381106446320067,0.20450385119087625,0.1410644406846366,0.34236833050742127,0.0
2023-07-19,0.12823216184028938,0.18382506300959303,0.20317388152996543,0.1412747307057224,0.3434941629144297,0.0
2023-07-20,0.12583024638138846,0.1836131110689227,0.2047482589101212,0.1418995830005685,0.3439088006389991,0.0
2023-07-21,0.12548776417212162,0.18376342556302236,0.20480523614077087,0.14193907073693685,0.34400450338714833,0.0
2023-07-23,0.1252520311926968,0.18341821979652334,0.20419566315832016,0.14267295197175242,0.3444611338807073,0.0
2023-07-24,0.12434555870347536,0.18238938473767752,0.20417774701013588,0.14657129935776397,0.34251601019094713,0.0
2023-07-25,0.12491560989854661,0.18254707698293288,0.20306572616281854,0.14842892975393485,0.3410426572017672,0.0
2023-07-26,0.12443315056551266,0.18316686143800895,0.2002889847055471,0.1505249325817821,0.3415860707091491,0.0
2023-07-27,0.12449602740993523,0.18265011327520225,0.19997728833894513,0.14957227285272276,0.34330429812319463,0.0
2023-07-28,0.12620489516064595,0.18399541607977404,0.1990957680333874,0.14891294300200184,0.34179097772419065,0.0
2023-07-30,0.12667806886666366,0.18468526089764672,0.19761432431986142,0.14867831557296982,0.34234403034285826,0.0
2023-07-31,0.12229902676921102,0.1774865956412694,0.19857872550476982,0.15164839285653403,0.34998725922821583,0.0
2023-08-01,0.12269364885357668,0.17648183235161538,0.1973279221734599,0.1534257040118469,0.350070892609501,0.0
2023-08-02,0.12152032454326804,0.1751626928073403,0.19744129550390885,0.1513733107348098,0.35450237641067306,0.0
2023-08-03,0.12136838852578292,0.17509648536749445,0.19798811839557937,0.15016489283501008,0.355382114876133,0.0
2023-08-04,0.12081852380685155,0.1755394449605174,0.1980182035241537,0.150187711023015,0.3554361166854623,0.0
2023-08-06,0.12108137958999717,0.17592135293972602,0.1982075718371349,0.1500928369034567,0.3546968587296851,0.0
2023-08-07,0.12256039400871307,0.17750941753274369,0.19385553622463833,0.150439114851613,0.35563553738229203,0.0
2023-08-08,0.12180015160583361,0.17643575313401905,0.1952766004225337,0.15078800714937352,0.35569948768824,0.0
2023-08-09,0.12003687144250257,0.1761041424330787,0.1962832970684209,0.15237041141210983,0.355205277643888,0.0
2023-08-10,0.11979375032655637,0.17593602729867994,0.1996228687945447,0.1515707310705388,0.3530766225096802,0.0
2023-08-11,0.11930081373593415,0.17482646352510373,0.20007709177569946,0.15191561595140646,0.3538800150118562,0.0
2023-08-13,0.11881435668276415,0.1741135969184199,0.19998322652001188,0.15276710030645116,0.35432171957235287,0.0
2023-08-14,0.12053897363312716,0.17394230321112208,0.20039295680963468,0.15305376098926243,0.3520720053568535,0.0
2023-08-15,0.12011943236490545,0.17306222645108396,0.19843279576941203,0.15415689469182758,0.35422865072277093,0.0
2023-08-16,0.11924963854397044,0.17225293094823074,0.1978842907476093,0.15403934347239373,0.35657379628779584,0.0
2023-08-17,0.1179101691411773,0.17145318696282977,0.19831020412428482,0.15548208553819398,0.3568443542335141,0.0
2023-08-18,0.11782167556891253,0.17118285216410972,0.19841033874034608,0.15556059455394797,0.3570245389726837,0.0
2023-08-20,0.11782913680938058,0.17119369258390377,0.19891105226920358,0.15578356451817382,0.3562825538193382,0.0
2023-08-21,0.12005468536338756,0.1721495272958706,0.19676254377882146,0.1549270908886079,0.3561061526733125,0.0
2023-08-22,0.11977913549649802,0.1717725861097051,0.19781442827767198,0.15521966939829482,0.35541418071783,0.0
2023-08-23,0.12184690601876083,0.17397872612437773,0.19590163407014247,0.15502043869544802,0.353252295091271,0.0
2023-08-24,0.11983297554202985,0.17304105137608133,0.1963798216913581,0.1553585565405776,0.35538759484995314,0.0
2023-08-25,0.1205591747455959,0.17350181851433216,0.19605018277632333,0.1550977750326898,0.3547910489310589,0.0
2023-08-27,0.12030067598869305,0.1731298019962946,0.19734587308288185,0.15519333053279977,0.35403031839933063,0.0
2023-08-28,0.12127765843211222,0.17499291262690436,0.19770752359727772,0.15485648742014246,0.3511654179235632,0.0
2023-08-29,0.12343854650057286,0.17661038676658833,0.19570764987044542,0.15446027261692827,0.3497831442454651,0.0
2023-08-30,0.12366490290207063,0.17579121093428385,0.1964397136012568,0.15409788942226904,0.35000628314011967,0.0
2023-08-31,0.12260699681678419,0.17574631659884335,0.19727250098820084,0.15402646143773951,0.35000123254271454,0.0
2023-09-01,0.12240147809816472,0.17638591695076092,0.19715044848045676,0.1539311652571606,0.3497846867599452,0.0
2023-09-03,0.12234086993242513,0.17629857791650427,0.1975479592786548,0.1538549448902063,0.349611487803546,0.0
2023-09-04,0.12280869820760208,0.17697273905062388,0.19358183664110495,0.1538015642917549,0.3524876506158131,0.0
2023-09-05,0.12252328129039278,0.17484101815517092,0.19585806703830938,0.15367560124339077,0.35275574163989704,0.0
2023-09-06,0.12170549230440168,0.17456531392941946,0.19206118049385126,0.15357915341515935,0.35774179665501227,0.0
2023-09-07,0.12146937362328449,0.17456409444409793,0.19506488932089552,0.1520233409819044,0.3565293892480821,0.0
2023-09-08,0.12163441824435403,0.17442628213750802,0.19505733581302775,0.15201745417415446,0.35651558334197486,0.0
2023-09-10,0.12163441490909553,0.17442627735467808,0.19505733046448706,0.15201745000578246,0.3565155735661923,0.0
2023-09-11,0.1216866647342889,0.17434823072822572,0.1958282270854261,0.1503116512341716,0.35748016103796204,0.0
2023-09-12,0.12115309226172613,0.17491035287816298,0.19367939829695502,0.15154434998970592,0.35836537493355747,0.0
2023-09-13,0.12187887859690337,0.1749962221683231,0.19235840385217318,0.15165945703181136,0.3587588243381131,0.0
2023-09-14,0.1221675826180237,0.17603570835619894,0.19001305960867967,0.15206356145140065,0.3593738529064357,0.0
2023-09-15,0.12038623385775632,0.1760021212496852,0.19050445024815707,0.1524568113198923,0.36030322559142286,0.0
2023-09-17,0.12075731954842717,0.17654464066100464,0.19109167250132378,0.15292675326685082,0.35833135882418965,0.0
2023-09-18,0.12167341511795551,0.17716937920565876,0.1900869087212476,0.15004594649580552,0.3606737911507149,0.0
2023-09-19,0.12150706402366127,0.17713947779204772,0.19273876551466218,0.14886632831281607,0.35939750906818557,0.0
2023-09-20,0.12050873875277404,0.17758644515851732,0.19243686574353827,0.14980194803080368,0.3593129141671697,0.0
2023-09-21,0.11916082697791648,0.17599173473919213,0.19307426449564763,0.14870456289761325,0.36271292691095885,0.0
2023-09-22,0.11909954929561335,0.17651390163029854,0.19294800846726742,0.14860732131255522,0.36247573997300225,0.0
2023-09-25,0.1202847135703573,0.1767196937753185,0.19216046327178754,0.14652090136495347,0.3639568804498612,0.0
2023-09-26,0.11910288128758542,0.17531260895367778,0.19086427607801854,0.14928050908223875,0.3650804655606477,0.0
2023-09-27,0.11878961597983137,0.1742066687635182,0.19400152402166645,0.15095687504074173,0.3616878116499148,0.0
2023-09-28,0.1195955480703154,0.17514568001945632,0.19165847909038064,0.14896513832828792,0.36427818230671977,0.0
2023-09-29,0.11262227868138316,0.1477776713745716,0.11232336741795695,0.11956872766418955,0.2503315013806618,0.2573764534812369
2023-10-01,0.11262227868138316,0.1477776713745716,0.11232336741795695,0.11956872766418955,0.2503315013806618,0.2573764534812369
2023-10-02,0.11385537028272742,0.14638826408144126,0.11171484372338064,0.11934776159295828,0.25152164900323887,0.25717211131625367
2023-10-03,0.11250909572736445,0.14540261174612396,0.1134202441157306,0.11897778987923624,0.25189337205529544,0.2577968864762493
2023-10-04,0.11418909603102007,0.1455924671322344,0.11160765349057322,0.11842191377693227,0.2503053083332458,0.25988356123599426
2023-10-05,0.11366761979477577,0.14641855104926177,0.1114262827379855,0.11805192955684522,0.2512655918543759,0.25917002500675573
2023-10-06,0.11516430794634708,0.14753310485505558,0.1110330464269808,0.11763531056763349,0.25037884635775404,0.25825538384622904
2023-10-08,0.11586206008828835,0.14842697155521253,0.10868670841774739,0.11585651481042494,0.2513476555980197,0.2598200895303071
2023-10-09,0.11618763835114616,0.14783021562905077,0.10783661341320434,0.1170130222821335,0.25132189011213485,0.2598106202123305
2023-10-10,0.11695537960174693,0.15005807020857442,0.10840363692452541,0.11571550842314211,0.24994668216104296,0.2589207226809681
2023-10-11,0.11755169514420331,0.15041472198867317,0.10637885013455553,0.11530412694308685,0.25108050185962183,0.2592701039298592
2023-10-12,0.11735407483472385,0.14927670729253628,0.10657035525732869,0.11551169950998863,0.25125881782311754,0.26002834528230495
2023-10-13,0.11617723838839165,0.14856562340372048,0.10684470047923188,0.1158090625314214,0.2519056361241767,0.26069773907305793
2023-10-15,0.11598856472093216,0.14832435048817502,0.10833087919359505,0.1156209867873604,0.25204442263020743,0.25969079617972995
2023-10-16,0.11667314432411932,0.14861946507088253,0.11075340138210142,0.1155338811899535,0.25069752155044234,0.257722586482501
2023-10-17,0.11607343829624868,0.14825571391614553,0.11159476542190203,0.1165539480332567,0.2494126188460311,0.25810951548641586
2023-10-18,0.11546441038556537,0.1469614551053358,0.1097670209550969,0.1176615263014519,0.25085347538340935,0.2592921118691408
2023-10-19,0.11474828753745558,0.14633160167464757,0.10981364132797523,0.11678620921390087,0.25220242768999357,0.2601178325560272
2023-10-20,0.11340097812156352,0.14529627477391027,0.11016773369340069,0.11716278451519806,0.2530156504654781,0.26095657843044934
2023-10-22,0.11375223820060762,0.1457463306888353,0.11020412580228489,0.11500986377180046,0.25352254884026443,0.26176489269620723
2023-10-23,0.11433197086205707,0.14607754631778855,0.10890514297206981,0.11434786432667003,0.25432541773489825,0.26201205778651626
2023-10-24,0.11466673556354445,0.1460197865801574,0.10923371214831873,0.1160818632382258,0.25316358357806484,0.26083431889168884
2023-10-25,0.11223732929541975,0.1452055074370179,0.11158091162482245,0.1170116597709184,0.25401716488803294,0.2599474269837886
2023-10-26,0.11067759989052084,0.14506608762297832,0.11033275905208753,0.11582432395262907,0.25618972364085635,0.2619095058409278
2023-10-27,0.11119209975894301,0.1446646510194606,0.1103159979151579,0.11580672856781107,0.25615080472797136,0.2618697180106561
2023-10-29,0.11065651654522919,0.14396783929568022,0.11222087869420648,0.11650551102499691,0.2557464176823637,0.2609028367575235
2023-10-30,0.11116166518850204,0.1447450033473329,0.11223363519802765,0.11609025263151211,0.25542517312320684,0.2603442705114186
2023-10-31,0.1105647641748133,0.13917430234499426,0.10684358498882492,0.11529434197874716,0.2592531242010567,0.26886988231156367
2023-11-01,0.11140862057353718,0.13918921641289286,0.1062356662943343,0.11895737750219158,0.25760868860477576,0.26660043061226835
2023-11-02,0.11300404972939355,0.1415096724907233,0.10501215196572655,0.11867913327628475,0.2547010037143562,0.26709398882351576
2023-11-03,0.1139622448190333,0.1429606630915498,0.10467278452009854,0.11829559828956755,0.253877887271055,0.26623082200869586
2023-11-05,0.11374790141105652,0.14269177863966556,0.10474905950325707,0.11807310458802366,0.2556038663273633,0.26513428953063384
2023-11-06,0.11395781036930092,0.14218426933637376,0.10451602764325195,0.11848362598647519,0.2539359377439635,0.26692232892063467
2023-11-07,0.11511634555866843,0.1414425531983803,0.10458991882751918,0.11890422425436127,0.25521550763290496,0.26473145052816593
2023-11-08,0.11480116371853395,0.14058545703035596,0.10492309784493689,0.11917376033014494,0.25490113948739906,0.2656153815886291
2023-11-09,0.11431608631638875,0.14075104177525888,0.10529004041555787,0.11925366293390575,0.25414233218318916,0.2662468363756995
2023-11-10,0.11650128865742766,0.14101879525854982,0.10494333559473337,0.1188609779308705,0.25330547837065637,0.26537012418776224
2023-11-12,0.11638054037519334,0.14087263569682779,0.10346237487937328,0.11857006838916882,0.2541383370885438,0.26657604357089293
2023-11-13,0.11678757756835843,0.14216160084220417,0.10249147213301128,0.11817524153970561,0.25472230359424725,0.2656618043224734
2023-11-14,0.11833100885067667,0.14457070614801504,0.10165765919680285,0.11922320358055173,0.25182970812306865,0.26438771410088496
2023-11-15,0.1170482804422191,0.14308288173491795,0.10494883094461534,0.12247634669024882,0.250534050070605,0.2619096101173938
2023-11-16,0.1166410867707345,0.14187832648815707,0.10570776482285581,0.12276984435120114,0.25106354364994543,0.261939433917106
2023-11-17,0.11650405958364546,0.14305903737799644,0.10555897404751714,0.12259703755351854,0.25071015485791537,0.26157073657940705
2023-11-19,0.11650573612929607,0.14306109606168313,0.10515656905200615,0.12325706707782005,0.25044503097961607,0.26157450069957855
2023-11-20,0.11744113793807769,0.14334756295695675,0.10365309963739365,0.12291607563564563,0.25156014460087295,0.2610819792310534
2023-11-21,0.11713670952142374,0.1431218078957331,0.103046848628361,0.12413591985147472,0.2523741982950623,0.26018451580794516
2023-11-22,0.11754645767800463,0.14324907949218818,0.1029857869969704,0.12389803395795039,0.251419669422644,0.2609009724522425
2023-11-23,0.11754645767800463,0.14324907949218818,0.1029857869969704,0.12389803395795039,0.251419669422644,0.2609009724522425
2023-11-24,0.11731307895552298,0.1439083363640927,0.10292645375618444,0.12382665253633779,0.25127481891249914,0.26075065947536286
2023-11-26,0.11606582382762796,0.1423783244329848,0.10076862242771398,0.12218520208719402,0.25603220161208257,0.26256982561239667
2023-11-27,0.11495486556408993,0.1406969955829541,0.10094553841417328,0.12192670014481198,0.26033877719427073,0.26113712309969994
2023-11-28,0.1153438962695199,0.14116816655620257,0.1014180475091777,0.12201955015383943,0.2567216196709815,0.26332871984027895
2023-11-29,0.11556249118887632,0.14154750435336363,0.10170930923297143,0.12236997717730513,0.2547257464477912,0.26408497159969224
2023-11-30,0.11496485963995676,0.1413264314339231,0.10143832411255578,0.1114644812895579,0.24799964129282445,0.2617518497794913
2023-12-01,0.11512037022687577,0.14228332284457615,0.10128637244468496,0.11129751072898839,0.24762814502200675,0.2613597530991662
2023-12-03,0.11503015998533929,0.14217182726047467,0.10081218932321946,0.1117925637441894,0.24690420504120586,0.26227935326427565
2023-12-04,0.11444986986970979,0.14158140038602385,0.10084698866528007,0.11227088321275644,0.24663037540172897,0.26311923014933486
2023-12-05,0.11505940468138567,0.14143016489291227,0.1013952653114711,0.11038717758827707,0.2481232836527103,0.26244253748491947
2023-12-06,0.11449225905668382,0.1417871281948857,0.10108445827902389,0.11048207037086054,0.24887063217564606,0.26210142931906
2023-12-07,0.11562924174862128,0.14187324395845818,0.10081365835189803,0.1116492116135434,0.24787866584988766,0.2610567267378645
2023-12-08,0.11606942896650584,0.1419116517273039,0.10074845145235757,0.11157699621094345,0.2477183363912951,0.26088787362774984
2023-12-10,0.11573579977405482,0.14150374182211406,0.10111718750088297,0.11431437984608768,0.24700629645742597,0.2592942936817964
2023-12-11,0.11568926601558208,0.14068621912896612,0.10439627474456661,0.11575421531033435,0.24507839568152978,0.2575521805781967
2023-12-12,0.11626155464751428,0.1403420151304611,0.10161176869443386,0.1152637925066479,0.24617796837258385,0.25956021671350993
2023-12-13,0.11685471117499403,0.14129792921655815,0.1007185644381209,0.11468266646831224,0.2484855648829794,0.25733253968924613
2023-12-14,0.11565085749897966,0.1412749411491497,0.10040694671798008,0.1177022761021135,0.24716881187174916,0.25736133724788046
2023-12-15,0.11629133475415646,0.1401121370060535,0.10047730832443358,0.11778475765842493,0.24734201895788183,0.25754168689219986
2023-12-17,0.1161119825244459,0.13989604675105152,0.10121693325538865,0.11746174656034214,0.24747506353638693,0.2574174068391234
2023-12-18,0.11630038452080568,0.13953373416062664,0.10074657328703465,0.11761936395574796,0.24734926201028237,0.2581231607581585
2023-12-19,0.11649638391697545,0.14027663888654962,0.09976949791461635,0.11735888445815225,0.24778255073752836,0.25805617993524266
2023-12-20,0.11527706500739626,0.13911762800433206,0.10008706697858293,0.11774138480793904,0.2509380622874643,0.2564869850858626
2023-12-21,0.11623396666003816,0.140996746343185,0.09950332745378744,0.1158091722921891,0.24908900126340058,0.2580814672390927
2023-12-22,0.11637853816638016,0.14103748182252862,0.09947828973317913,0.11578003158128092,0.24902632375321246,0.2580165269819549
2023-12-24,0.11548936679157286,0.13995990778192494,0.09897007407210814,0.116427365968151,0.24813754026198018,0.2608863229273066
2023-12-25,0.11505331740646883,0.13943146578399046,0.09934903983920272,0.11904008979584431,0.24770564320878102,0.2593654478659755
2023-12-26,0.11531181164732886,0.13959490081211232,0.1005908760422326,0.11968725185736831,0.24700314780151483,0.25783268704332296
2023-12-27,0.11506493208166066,0.13973549172133518,0.1001715816181631,0.11905072123829924,0.2477269150207427,0.2583527501067652
2023-12-28,0.11507835638804173,0.1398696111776753,0.10073000488282835,0.11981109821535818,0.24662314910862132,0.25797660769580677
2023-12-29,0.11462864740622426,0.14000345515821971,0.10077249775737548,0.11986164043434984,0.24672718689306977,0.25808543492796726
2023-12-31,0.1210372394208352,0.14637808428117588,0.10856464907824193,0.10866666903369927,0.24879743348088695,0.25805201423509216
2024-01-01,0.12088299892282024,0.14619155137009796,0.10842630268484454,0.10890459862524189,0.24645196137706304,0.26064884584804554
2024-01-02,0.1187521990395843,0.14444733378450064,0.10982361532608167,0.10895188953513398,0.24880893206460644,0.2607277125373162
2024-01-03,0.11873923134616604,0.14505583678083298,0.10908885757256549,0.10731760907443971,0.2504181900265083,0.260801439918349
2024-01-04,0.11748792926841635,0.1443742690629436,0.1101149236055614,0.1102644206123421,0.24957034291945712,0.25965510423491134
2024-01-05,0.11758619583287254,0.14453301513934824,0.11007648262501595,0.11022592744258068,0.24948321822842748,0.25956445896646274
2024-01-07,0.11730654346186872,0.14418927580765412,0.11156205328295475,0.11159753226515107,0.2476200058156304,0.25921350717027913
2024-01-08,0.11890218977770999,0.14435676836595018,0.10932149316795008,0.11082500569117022,0.2501934636907009,0.25794825030365237
2024-01-09,0.11936180898929151,0.14314983311195129,0.10939396790616061,0.10903343314223632,0.2526868565186095,0.25790466210324975
2024-01-10,0.11955261360570588,0.14298140498282294,0.10936340764455703,0.10797494834636148,0.2491244617833509,0.262576632493623
2024-01-11,0.12043019350671487,0.14383574237319027,0.1100711903383169,0.1087918040494899,0.2499267140001596,0.25847292831764485
2024-01-12,0.12041882004948876,0.14429311212950596,0.1100043664969844,0.10872575691917602,0.24977498435110457,0.25831601029125156
2024-01-14,0.12123427602555094,0.14527024079213743,0.11048018687320584,0.10870711905179757,0.250957881263229,0.2548253395927047
2024-01-15,0.1212711396398134,0.14531441300395687,0.11118679267225708,0.11075388516818202,0.25052552743314227,0.25242002336734326
2024-01-16,0.12228024182147194,0.14393009326932427,0.11103700779408508,0.1106710579875451,0.2503265305365466,0.2531543696554506
2024-01-17,0.12149921767939265,0.14213743481876973,0.11285260254500074,0.10995385893516457,0.2511637660095772,0.2537982030620601
2024-01-18,0.12341242861591653,0.14351495436770548,0.11207443276851183,0.10808993913902892,0.2520615991008034,0.2522378952571136
2024-01-19,0.1254567823644578,0.1438174189091849,0.11171554075679033,0.10774380653102737,0.2512544311130262,0.2514301627223597
2024-01-21,0.12583074748236986,0.14424611393074174,0.11272759600192973,0.10831895434619479,0.24892390192627656,0.251344571250899
2024-01-22,0.12598755808522438,0.1441321075676652,0.11272088095087332,0.10831250191276581,0.24890907382056082,0.2513295989487426
2024-01-23,0.12646699151694013,0.14413538104038648,0.11390412530404133,0.11043324892473469,0.2454889989650636,0.25096525029312
2024-01-24,0.12667262886053596,0.14467524871444876,0.11467681377061932,0.1111403526757599,0.2442757371348626,0.2499861172775497
2024-01-25,0.12576687350986931,0.14382987156055446,0.1143884422017207,0.11096334484287594,0.2475542228200068,0.24899515951835594
2024-01-26,0.12505588963187012,0.14431643720547485,0.11442348366884676,0.11099733707430831,0.24763005795679072,0.24907143606805687
2024-01-28,0.12456677139819322,0.14375198717385881,0.11277342241610387,0.11431110907410509,0.24994356699989478,0.24618038489745564
2024-01-29,0.12528585258828867,0.14383906538749286,0.11121041555741802,0.11256179079481789,0.2508490104750261,0.24781791530363487
2024-01-30,0.12543119314770887,0.14442455393981937,0.11195148469517495,0.11043897616134693,0.25332960461808074,0.24592118711789931
2024-01-31,0.12587935250593776,0.15369329912800994,0.11117625783944893,0.10700504480992097,0.23935989461139323,0.25074693544766086
2024-02-01,0.12579942365510455,0.1533203873640111,0.11236947670449345,0.1082090160796163,0.2398117297348936,0.2484987076622644
2024-02-02,0.12778721810848198,0.15211092063457538,0.1122480056815517,0.10809204250048968,0.239552494068958,0.24823008140267241
2024-02-04,0.12783427501253244,0.15216693460141242,0.11255828431698162,0.1093891909618027,0.2393988857690938,0.2466678387155842
2024-02-05,0.12790931353132767,0.15182210089014483,0.11492728109833314,0.10959645578840072,0.2374297951807411,0.2463068115301066
2024-02-06,0.1275620408927159,0.15336498794564427,0.11457651430040573,0.10951874378475003,0.2362930058025871,0.2466840370279526
2024-02-07,0.12925418315112155,0.1538165892428548,0.113293504232436,0.11097752303855077,0.23431780483608097,0.24630344201496857
2024-02-08,0.1295052898429648,0.15349945935640538,0.11330378812392974,0.11098759670352305,0.23433907435983975,0.24632579950041647
2024-02-09,0.13052347269344441,0.15388681938254367,0.11308152679558794,0.11076987891066509,0.2338793852813719,0.24584259677340847
2024-02-11,0.13010806597667646,0.15339705599305964,0.11097504555212771,0.11292969005974718,0.23555095133346876,0.24506017301575067
2024-02-12,0.12933256860008016,0.15349257090060323,0.11047872583004653,0.11257213211666246,0.23651321845550707,0.2456554557737069
2024-02-13,0.12808198635967022,0.15174355884168897,0.11195326246938006,0.1145111396692168,0.2364821347408613,0.24519965396552787
2024-02-14,0.12926381748855476,0.15341882290969414,0.11136429940142106,0.11344059663766565,0.23488068374812135,0.2456224459374612
2024-02-15,0.12926204931888366,0.1544974747255821,0.11183775630374237,0.11260015448723769,0.23466302986111606,0.2451650772016149
2024-02-16,0.12820493802544095,0.1549107110681661,0.11193814743927215,0.11270122998931681,0.23487367507444307,0.2453851495752565
2024-02-18,0.12859110441830301,0.15537731798230087,0.11200573581712894,0.11278864570449612,0.2336422011125855,0.2455717978622362
2024-02-19,0.1286008151700529,0.1553890515354834,0.11255338398549365,0.11342733278698856,0.23269026790022687,0.24531409865529255
2024-02-20,0.1271795558174163,0.15536195717481027,0.11497673595727928,0.11390600436949737,0.23186883497550456,0.2447233703883529
2024-02-21,0.12685908405758245,0.15564809691777037,0.11286100557840104,0.11394972517482634,0.23221383686221247,0.24646593643432893
2024-02-22,0.12987279397601187,0.15648101905757064,0.11225578608287039,0.11333866739776038,0.2309685853204534,0.24514425771146256
2024-02-23,0.12951850545513702,0.15667913091801577,0.11228020489278498,0.11336332176500268,0.23101882752335434,0.24519758352422993
2024-02-25,0.1301805665491971,0.157480029264298,0.11285414878621845,0.11293667478708729,0.23002289502119877,0.24452127015532701
2024-02-26,0.13000891651451985,0.1569982417001837,0.11235763847770779,0.11247019080438128,0.2312907314571982,0.24487843425395128
2024-02-27,0.1298755964598884,0.15670722140415283,0.11278445834491146,0.11258620793111197,0.23314851110251114,0.2429422757441873
2024-02-28,0.1298253321744286,0.1562749304632238,0.11307252616641741,0.1120123642667464,0.23430585025763917,0.2424929757309406
2024-02-29,0.1281015526692016,0.1541015838768454,0.1188171682772373,0.11237691624747369,0.23208425017047354,0.2545185287587686
2024-03-01,0.12955267465020798,0.15528752066344745,0.11838065500823217,0.11196406332576929,0.23123161366856554,0.25358347268377757
2024-03-03,0.13021719981226096,0.15608404968233724,0.11786667396626664,0.11089455385319368,0.2300533234927799,0.25488419919316163
2024-03-04,0.13053588931931748,0.1565902208231299,0.11589930525574772,0.10991028954047966,0.23239363239642355,0.2546706626649019
2024-03-05,0.12857116532791912,0.15645095798154435,0.11624137222674985,0.11023468043947698,0.23307952249506225,0.2554223015292476
2024-03-06,0.1288067363936953,0.1576912431166507,0.11643106212405595,0.10974703707644978,0.23157342012672733,0.25575050116242115
2024-03-07,0.13023650628390343,0.1586299834756885,0.11540250305613964,0.10854711204529847,0.2315894199789325,0.25559447516003736
2024-03-08,0.128647218590827,0.15860886249853123,0.1156638396248881,0.1087929241295968,0.23211386947329316,0.2561732856828637
2024-03-10,0.12888756542329632,0.15890518556031719,0.11616151349324036,0.10848803219083497,0.23207243783982626,0.25548526549248496
2024-03-11,0.12883421927206806,0.15896702316159833,0.11428583727299027,0.10871978412062827,0.23403242380433942,0.2551607123683757
2024-03-12,0.13057134951562355,0.16014336139734578,0.11334299361168104,0.10901054821820902,0.23169288935662458,0.2552388579005159
2024-03-13,0.1299653860360987,0.16044321523478777,0.11284136160081687,0.11100572104816976,0.23001537227227734,0.25572894380784944
2024-03-14,0.13032241662073554,0.16027260519922643,0.1131526864264279,0.11069311181143007,0.2290692182972086,0.2564899616449715
2024-03-15,0.12900342941759685,0.16032384390691293,0.11335489694423605,0.11089092692447858,0.22947857848748482,0.25694832431929077
2024-03-17,0.12913092295693904,0.16048229127837363,0.113895103798853,0.1095840455246891,0.2297053711883197,0.25720226525282563
2024-03-18,0.13026982787779087,0.1605065960473724,0.11310103470014193,0.10950615589136292,0.2293014871031867,0.2573148983801451
2024-03-19,0.13023007391712468,0.16011400582381172,0.1129277257825469,0.10920065346409571,0.23034134296825962,0.2571861980441615
2024-03-20,0.1313436566006711,0.16124128932352857,0.11270055884521601,0.1076927942489078,0.2312629445648517,0.2557587564168248
2024-03-21,0.13134879619095086,0.16051551026473176,0.1118919355711449,0.11202729791352649,0.2299446572756097,0.2542718027840364
2024-03-22,0.1315513179066485,0.16003154187220855,0.111936406727898,0.11207182286968807,0.23003604817742979,0.25437286244612717
2024-03-24,0.13149907134511488,0.1599679841828384,0.11245634642141966,0.11228191500031397,0.22923055889743688,0.2545641241528763
2024-03-25,0.1316775216477444,0.16049340132199574,0.11188469384593884,0.11031603089082238,0.23037774483573145,0.2552506074577672
2024-03-26,0.13153846523780743,0.16098255613160928,0.1129822733734876,0.1097779936358213,0.22920377319109636,0.255514938430178
2024-03-27,0.13168772232117087,0.16144351777279337,0.11272652412581086,0.1092702588488945,0.22964173357161818,0.25523024335971223
2024-03-28,0.13174881873652028,0.16173396070251803,0.1125607135611339,0.1079637913751046,0.2301725301296299,0.25582018549509317
2024-03-31,0.12602925686859728,0.1569130659627887,0.11806385624385303,0.11145954951937312,0.2320064423421575,0.2536006826387435
2024-04-01,0.12672163661860955,0.15698544859893032,0.11636765447212878,0.11074803135792438,0.23278821606191094,0.25445522075844845
2024-04-02,0.12638435801661746,0.15739047669322884,0.11586449187999417,0.11237174764007922,0.2341897466363209,0.2518535914824032
2024-04-03,0.1257574607189037,0.15692937385595387,0.11533038619607128,0.11454986010289976,0.23516489093943077,0.25033627464447117
2024-04-04,0.12328015978860803,0.1551858482483548,0.11585512234439758,0.11417214988068057,0.2403678914307643,0.24921557169289188
2024-04-05,0.12449218263967081,0.1553659318465333,0.1156315706597493,0.11395184562542399,0.23990408244263023,0.2487346904011099
2024-04-08,0.12442490562321529,0.15603466808901847,0.11553497149518231,0.11385664971114662,0.23970366543014876,0.24852689625670382
2024-04-09,0.12479454443047149,0.15618736032400465,0.11545107779922144,0.11377397469915349,0.23952960881189667,0.24834643280392557
2024-04-10,0.12410452011529569,0.1545566645083615,0.11582368621284155,0.11414117040691145,0.24030267000158653,0.24914794953394873
2024-04-11,0.12576985673425561,0.15470120687590097,0.11553305396950736,0.11385476004045852,0.2396996870855238,0.24852277147354665
2024-04-12,0.12435842525096494,0.15266165514884897,0.11608714582867732,0.11440080286974975,0.24084927710064388,0.24971467664492897
2024-04-14,0.12435840640903524,0.15266163201860936,0.11608712823995475,0.11440078553653023,0.24084924060882487,0.24971463880988584
2024-04-15,0.12380262012895979,0.1538987422076039,0.11795383144307647,0.11346484996904119,0.24061097034072024,0.24831717488679167
2024-04-16,0.12484331971265762,0.15351300005700033,0.11741344633004068,0.11109186155812008,0.24556371634830484,0.24560646571102576
2024-04-17,0.1236805098456136,0.15398906936626894,0.11668887990604575,0.11155514887992192,0.2457879438354023,0.24632434992965932
2024-04-18,0.1226572378236575,0.15359146367284368,0.11943038591590908,0.11140533617106463,0.24466102395135916,0.24628539669173907
2024-04-19,0.12043502987884065,0.15391271162833747,0.11974404871097877,0.11169792259169044,0.2453035828782911,0.2469322217465084
2024-04-21,0.12060779369422121,0.15413349911286942,0.12006860408729406,0.10977642992577169,0.24614975729910704,0.2472864455368146
2024-04-22,0.12214153172344196,0.15624369305183033,0.11885318790617136,0.10936979033155685,0.24407233613232898,0.24733662684364352
2024-04-23,0.12358430769613822,0.15721726184736948,0.11742008423637494,0.10917330530036962,0.24554756098009214,0.24508056756732788
2024-04-24,0.12415843918100498,0.1572497175104372,0.11695575351820506,0.10917128231432936,0.2465973897363242,0.24388787151752228
2024-04-25,0.12449479749349514,0.15810924893080872,0.1181498564527653,0.10845892720727332,0.24547501667177302,0.2433174537254634
2024-04-26,0.12601706559622,0.1588505077580686,0.11777704441992988,0.10811669409463762,0.24470044069916233,0.24254968576305377
2024-04-28,0.12562092171656172,0.15835114954708948,0.12055022114632176,0.10777682134445224,0.24393120693329082,0.24178721305292145
2024-04-29,0.125610032569152,0.15862730861002672,0.11911318719863133,0.11120944592979448,0.2426770514186656,0.24078854119490933
2024-04-30,0.12543507049532904,0.158452556767849,0.11879603110118853,0.11021924193535447,0.23504450125054482,0.24520940722887827
2024-05-01,0.12506782613964956,0.15908363893857327,0.11820173767620533,0.11069694111822732,0.23534351119050742,0.24473295466463904
2024-05-02,0.12554084575690863,0.16034856570431263,0.11715350061495057,0.10957794378346097,0.23373199521928056,0.2468341779175512
2024-05-03,0.1275626336144535,0.1611220761096345,0.11669483012319681,0.10914893253670603,0.23281690545565353,0.2458677914828924
2024-05-05,0.12735806672883346,0.16086369134302642,0.11650769148165377,0.1106126001240406,0.23149770074939932,0.2463837701660372
2024-05-06,0.12837081824803862,0.1612613624833415,0.11771893714751748,0.10933114803371159,0.22939587388022628,0.24716496745139052
2024-05-07,0.1285665803943989,0.1614268039801575,0.11694417308290726,0.11016215619705902,0.22923699355071617,0.2468966401304535
2024-05-08,0.12814878095451337,0.16077876483992806,0.1186546315782604,0.10918915605172919,0.2293333827103496,0.24714610586729743
2024-05-09,0.1286729945018337,0.1621524150265152,0.11981552861879037,0.10830728935683265,0.22788307226762491,0.24640613252942759
2024-05-10,0.12890198835825675,0.16233231394352574,0.11974635617242832,0.10824476089954485,0.22775150977505848,0.246263876219397
2024-05-12,0.12906040674316302,0.16253181763870195,0.11958169236720415,0.10769616916668234,0.2277953502927722,0.24656653039896645
2024-05-13,0.1292465257786376,0.16269248611839843,0.11869960151526453,0.10746700240684713,0.22877798252260176,0.24635367943037909
2024-05-14,0.1300919440235666,0.163695222705933,0.11855666226030183,0.10870461901530175,0.22762333170820015,0.24456423477317085
2024-05-15,0.1310449379184164,0.16390372991385352,0.11712369992025143,0.10822108451209914,0.22623000111617486,0.24676734197588043
2024-05-16,0.13082852138552042,0.1634773960186054,0.11747742614312787,0.1083974212369052,0.2244437874939857,0.24866316221008458
2024-05-17,0.13068085380715586,0.16407786644778719,0.11740195995671683,0.1083277879442284,0.22429960731178467,0.24850342377207996
2024-05-19,0.13068078491392618,0.1640777799480911,0.11740189806394558,0.10832773083524146,0.2242994890639778,0.24850329276433897
2024-05-20,0.13167461716387796,0.1640993761897872,0.11763019975558983,0.10785514542447512,0.22186596944645595,0.250160926372196
2024-05-21,0.13268036656894153,0.16453842951868586,0.11814179064084146,0.10765120905164768,0.22077043081848874,0.24946540610014684
2024-05-22,0.13258400759117306,0.16322336167189644,0.11870737764770793,0.10895278733440265,0.21924224639816126,0.25054089259888096
2024-05-23,0.1331853000806566,0.16379575413117448,0.1167741136814085,0.10843356157640273,0.22123174505377421,0.24976841720979126
2024-05-24,0.13413907088585422,0.1644399122277782,0.11650860292434337,0.10818701483656647,0.22072872767891044,0.2492005156479326
2024-05-26,0.13395577072042192,0.1642152061602919,0.11540218549230027,0.10653672733340916,0.22302875137462774,0.2500739566772062
2024-05-27,0.13420607176308016,0.16452204801638518,0.11609231498669385,0.10646211616463272,0.22319992787474452,0.2487169020699797
2024-05-28,0.13526699887723204,0.16511578069371144,0.11561680217776478,0.10662508590876203,0.22263840784548583,0.24790780396497017
2024-05-29,0.13466768191337888,0.16294961721702705,0.11592159191711635,0.10635511442302088,0.22347254891346122,0.24978578403272192
2024-05-30,0.13323369792536316,0.163901352593584,0.11592921309369442,0.10636210665883816,0.22422890915840266,0.24949607063409315
2024-05-31,0.12658366498760795,0.16254832134425864,0.1241763560621466,0.11260302524609436,0.2246843890665096,0.23849667085750345
2024-06-02,0.12658355648386097,0.1625481820126795,0.1241762496218731,0.1126029287261353,0.2246841964737441,0.23849646642526146
2024-06-03,0.12626716859624476,0.16217135277452188,0.12489673879502033,0.11302405996648084,0.2241545580716418,0.23866222881801788
2024-06-04,0.12682402199605425,0.16151798139405324,0.12425760362295386,0.11263287026606382,0.22428248338782047,0.2396422282399915
2024-06-05,0.12834474485128647,0.16157261664044464,0.12275809456024829,0.11187475756148614,0.2232191951359852,0.2414737596830023
2024-06-06,0.12771271914782606,0.16142289233152196,0.1216936023789045,0.11293680987182014,0.22487078830518112,0.24065479023443262
2024-06-07,0.12784391932379474,0.15993033024049402,0.12192651098257869,0.11315295890658009,0.22530116706205447,0.2411153778911813
2024-06-09,0.12620743627748035,0.1578831208353509,0.1243393237173271,0.11581026532402527,0.22458127606981154,0.24058535718411367
2024-06-10,0.12626253056443967,0.15763398200901868,0.12422314346032914,0.11412509959470706,0.22521293170444834,0.2419862727782556
2024-06-11,0.12710515492754074,0.15622931877310403,0.1237049871658995,0.11283427483078853,0.22564975018482117,0.2439216274655634
2024-06-12,0.12849860294049154,0.157562527817375,0.12114000388506119,0.1123150082335359,0.22541327414085832,0.24453711117111157
2024-06-13,0.12977688060006634,0.1566286641798986,0.12102416393106454,0.11168974642692546,0.2252277473984524,0.24507105959613126
2024-06-14,0.13049632883264478,0.15565101056721334,0.12106781395417547,0.11173002978732584,0.225308980732853,0.24515944985694962
2024-06-17,0.13180023150241924,0.15593873342974549,0.12079773704643396,0.11148078351813781,0.22480636363905004,0.24461255052872652
2024-06-18,0.13173093795811214,0.15660166054489477,0.12069691756623438,0.1113877400976123,0.22461873710496247,0.24440839347415258
2024-06-20,0.1308621673259121,0.156671434214301,0.12083228450659236,0.1115126663830092,0.22487065697004344,0.2446825083156045
2024-06-21,0.13067261425417376,0.15598087430536722,0.12098140815129899,0.11165028833818362,0.2251481782640575,0.2449844801568635
2024-06-23,0.12974150975345486,0.1548694364197725,0.12307314253252656,0.1136611815312604,0.22378223907589265,0.24436491138064095
2024-06-24,0.128872768447747,0.15666952747986612,0.12217292875418122,0.11462320047957195,0.22412522465024817,0.2429781070736285
2024-06-25,0.12925260580758324,0.15548680031791987,0.12245556192871823,0.11463988510287289,0.2267556972017372,0.24093899047298292
2024-06-26,0.13067287976646266,0.15591191729333428,0.12239137272497716,0.11439129663033458,0.22637932460420168,0.23968868304313865
2024-06-27,0.1305359579922572,0.1555599882059403,0.12326317394747884,0.11453936886543167,0.2267533335902556,0.23882106539631354
2024-06-28,0.12992557584572745,0.15579994628604676,0.12332698871483687,0.11459866721824383,0.2268707264073259,0.2389447058173768
2024-06-30,0.13051157917270848,0.16574452696491765,0.12332854369385206,0.11235449071054547,0.22911606669059983,0.23476799712656368
2024-07-01,0.13131734492079183,0.1660498588051214,0.12501127922343092,0.1103204752749261,0.22966890047667515,0.23345373517683513
2024-07-02,0.13281304680222794,0.16667723612959695,0.12396899701684745,0.10986558859916204,0.22938831936125764,0.23310439599995617
2024-07-03,0.1337329045479115,0.16856336194005692,0.1252750971523413,0.10902269051514335,0.2261737743971015,0.23305528056609315
2024-07-04,0.13378416130390194,0.16862796841174837,0.12482970920512008,0.10975387823676366,0.22457196157614523,0.23425350111192939
2024-07-05,0.13488412924131735,0.1690498440756633,0.12455732459814077,0.1095143898395036,0.22408193443531468,0.23374234837240765
2024-07-07,0.13425836562875776,0.16826557655859936,0.12365276534576616,0.1088693737371171,0.22759425956493107,0.2332086494297099
2024-07-08,0.13444471814612807,0.16756641602525568,0.125652032378658,0.10944585950664559,0.22521537244598064,0.2335283666674807
2024-07-09,0.13453062323877207,0.16738841585750333,0.12595000143633997,0.11051539712832426,0.22564319969739444,0.23182573685405852
2024-07-10,0.1345781288261053,0.16760755060087248,0.12485587740477008,0.10900738540003739,0.22434123186724453,0.23550421705503496
2024-07-11,0.13230801912106882,0.16920057218769297,0.12485262223524787,0.10957153446381938,0.22431167299041846,0.23562839797121737
2024-07-12,0.132785645845972,0.17029533778626565,0.12457150538093154,0.10932482434640554,0.22380661518091013,0.23509785954247325
2024-07-14,0.133082426271293,0.17067595364618335,0.12517464684614785,0.11079417008697547,0.22216373827604413,0.2339813242601369
2024-07-15,0.13255584149021055,0.16815882838844964,0.12547403720291397,0.11195286195952807,0.22423958368003977,0.2335181387962188
2024-07-16,0.13229631670591668,0.16870565490686223,0.12518044044615811,0.112095584667654,0.22465883894354566,0.23297172959697257
2024-07-17,0.12930470797324736,0.16845719579089302,0.1255638641232463,0.11314583762323151,0.22645688230631306,0.2329513352763376
2024-07-18,0.12872551116604766,0.16694014447137767,0.12543379186462925,0.11412568720528649,0.22627687002230068,0.23437644562314758
2024-07-19,0.1278835929961364,0.16613082069107207,0.12572780112111778,0.11439319094524902,0.2268072493828131,0.23492580990123987
2024-07-21,0.12765097988905516,0.1658286380147996,0.125174809499298,0.11500072409772116,0.22687029667864927,0.2353502078033855
2024-07-22,0.1289595392750598,0.16667847166288455,0.12589290317236393,0.11406824246946606,0.22630502384344273,0.23399003659664977
2024-07-23,0.12931666735064645,0.16664245609090217,0.12620080244519163,0.11397174082207204,0.2265433485467663,0.23319294362356408
2024-07-24,0.12540655923295677,0.1654820056162033,0.1277550622259092,0.11559642968948672,0.22618980083264542,0.23541363060005466
2024-07-25,0.12430591657877896,0.16498618551551994,0.12820964195573042,0.11462407499852707,0.22718497749209712,0.2365229029940288
2024-07-26,0.12516403202346063,0.1664864112696652,0.12778414518101475,0.11424366543281375,0.22643100553092343,0.2357379407179069
2024-07-28,0.12420937995037892,0.16521658482600507,0.12648557534285135,0.11649515326500891,0.22612916642227696,0.23734269075793887
2024-07-29,0.12419013908893581,0.16424873262221715,0.12702884215580043,0.115295228141116,0.22801104030576883,0.23711314436861114
2024-07-30,0.12230428806169232,0.16408982053903343,0.1258633848147074,0.11498999278219514,0.23075162496597446,0.23789375548931188
2024-07-31,0.1273022915408493,0.16725702776956922,0.12458597697441946,0.11492410958892493,0.22900295759522912,0.23050115910724917
2024-08-01,0.12531510030647164,0.16483256521880896,0.12519577502729226,0.11512569259313231,0.23078698531995656,0.23226018022227413
2024-08-02,0.12303809713698148,0.16306286655126617,0.12590939643088786,0.11578191408559335,0.2321024812491101,0.23358407342692464
2024-08-04,0.12410276207241189,0.16447387111267955,0.12302502750237214,0.11362375702736362,0.2331494713938141,0.23504699431523046
2024-08-05,0.12158974012510615,0.1623299304577092,0.12423812957651716,0.11682536463807695,0.23326387383667332,0.23510945849565462
2024-08-06,0.12180317789394526,0.16150364707080594,0.12659665592735547,0.11702419918540338,0.2329068563653131,0.23357276934525784
2024-08-07,0.12042963104635823,0.16240005699889037,0.12571022379672953,0.11655848209374609,0.23400535216961263,0.2343060209605523
2024-08-08,0.12326248177038565,0.164231094368689,0.12534218657173676,0.11726245090663942,0.23287863292357946,0.230477604214246
2024-08-09,0.12374589695309281,0.1646690239915337,0.12518001573517648,0.11711073383291694,0.23257732875974457,0.23017940656103653
2024-08-11,0.12399313426241307,0.16499802339614014,0.12526530375274847,0.11761823422870023,0.23232423650889458,0.22924989715797994
2024-08-12,0.12416260325324698,0.16501006271170576,0.12813144334321605,0.11684260900966477,0.2319027779916632,0.2274039614361921
2024-08-13,0.12644415245036417,0.16630883441811706,0.1279812313264361,0.11645321207103164,0.23115883315013924,0.2251478044781197
2024-08-14,0.12676956701306835,0.16696475568635374,0.12876106596607897,0.11602444076186114,0.23096426181795626,0.2239948357203495
2024-08-15,0.1289270659100023,0.16763619777452207,0.12723760363319206,0.1148174741884672,0.23052428324091925,0.2243882288618339
2024-08-16,0.12892715529148244,0.16853847357737894,0.12707429202400752,0.11467010402479862,0.23022840143729212,0.2241002227874415
2024-08-18,0.12904981405392973,0.16869881776977985,0.12670723702096454,0.11395739549173904,0.23162799179288962,0.22349073756288218
2024-08-19,0.13023567423632745,0.1699356884503806,0.12637565793413613,0.11487779838295575,0.2297848936556584,0.22234697171756854
2024-08-20,0.12924169471853184,0.16824549161050284,0.12631935681681403,0.1173613730777105,0.22968014191533107,0.22274385173126032
2024-08-21,0.12841029323166053,0.1675650363280317,0.1266768571886446,0.11955371824493369,0.2271431908884441,0.22431309706154348
2024-08-22,0.1267204069898272,0.16670539275584026,0.12702373291936694,0.11961199974414119,0.2289248562930759,0.2246579501794054
2024-08-23,0.12754454202328996,0.16891579254621625,0.1264781127827646,0.11909821610592056,0.22794152815043983,0.22369295018571522
2024-08-25,0.12570420823918452,0.16647851506840003,0.13704008196982406,0.11711566306337845,0.22510779867371739,0.2223157033800118
2024-08-26,0.1240962132010103,0.16504650671245044,0.136300760602572,0.11661938480432757,0.225087586848205,0.22663045312668542
2024-08-27,0.12475922848044632,0.16608053783246013,0.1366208339830632,0.11610162740466777,0.2235692424945578,0.22663434100245963
2024-08-28,0.12417240074754315,0.1663560377061925,0.13469985172799456,0.11515519788581774,0.22438480133722324,0.22895513353860503
2024-08-29,0.1242070876507367,0.16708104002855187,0.13588300682837914,0.11721894448784721,0.22156537786295266,0.22775651521405546
2024-08-30,0.126574141227828,0.16395913875436843,0.12278398188915789,0.11699744920703271,0.2352577825661252,0.2344275063554879
2024-09-01,0.12599630433178186,0.16321063168256703,0.12307617657593109,0.11738870632340258,0.23806261269318413,0.2322655683931334
2024-09-02,0.12603341928276768,0.16325870892282726,0.12311243133979391,0.11570424267433796,0.23983021202841542,0.23206098575185774
2024-09-03,0.12331242087029252,0.16187778998033936,0.12408266227126419,0.11808521119090906,0.23930813144246846,0.23333378424472637
2024-09-04,0.1231297472444687,0.16173826757696638,0.12350360241234658,0.11888536836867841,0.2385963116013186,0.2341467027962213
2024-09-05,0.12328568129575151,0.16195252917690553,0.12253907380881238,0.11852402406531799,0.2367152835542752,0.2369834080989375
2024-09-06,0.12072416598767068,0.16009999073627848,0.12329582111404627,0.11925597619314986,0.2381771328025963,0.2384469131662585
2024-09-08,0.12113269855886724,0.16064177174862956,0.12240776206186892,0.11736618580505516,0.2417044939409916,0.23674708788458754
2024-09-09,0.12205472398309623,0.1613675129783613,0.12263921187455164,0.11796592978195744,0.24045217102626587,0.23552045035576755
2024-09-10,0.12305834884525021,0.1605605447994434,0.1229478104896737,0.118249036772156,0.24045523353360493,0.23472902555987188
2024-09-11,0.12570834534056574,0.16152484804370215,0.12206136599209154,0.11661954082143812,0.23967517608969502,0.2344107237125074
2024-09-12,0.1268799214174771,0.16286681733763178,0.12185734313740076,0.11776804201566826,0.23660898165713715,0.23401889443468493
2024-09-13,0.12731110284741806,0.16320043426072564,0.12172612755498537,0.11764122977912062,0.23635420189144138,0.2337669036663089
2024-09-15,0.1275552489738638,0.16351340581597779,0.12195956330304741,0.11920776245268423,0.23410252477641003,0.2336614946780167
2024-09-16,0.12587572358993845,0.16311406628774697,0.12117358709623546,0.11789432484133121,0.2381388732766802,0.23380342490806758
2024-09-17,0.12600373250362087,0.16255487777656505,0.12123276928555655,0.11675511379212908,0.23898678131580736,0.23446672532632096
2024-09-18,0.1252469828602,0.16180291272674038,0.12202771563632282,0.11695680716437266,0.23907132518081128,0.23489425643155273
2024-09-19,0.12773290754643354,0.1640375998209257,0.1239361094119271,0.11871363012326552,0.232476175179937,0.23310357791751116
2024-09-20,0.12765395503635857,0.1632045497214161,0.12409570465101448,0.11886650026153557,0.23277553983593602,0.23340375049373926
2024-09-22,0.1271377621138941,0.16254460124229375,0.12416017945607428,0.1177274089210219,0.23569820924753526,0.23273183901918088
2024-09-23,0.12733413268262306,0.16313189378806955,0.12402319883232157,0.11759752529829005,0.23543817347872786,0.23247507591996805
2024-09-24,0.12745090139915988,0.16476226829213853,0.12269583055067172,0.1177954766863631,0.23572426701300375,0.23157125605866308
2024-09-25,0.1272595561281867,0.16310163241727388,0.12366288305179944,0.11855536587690271,0.2358714392403106,0.23154912328552676
2024-09-26,0.1278420105714259,0.1668170063941708,0.12358272269411175,0.11677622560677328,0.23518403760956177,0.2297979971239565
2024-09-27,0.12732540812208354,0.1662581838530499,0.12377114779852436,0.11695427292619778,0.23554261990874326,0.23014836739140127
2024-09-29,0.12819042240854164,0.16738769685752086,0.12418816155001926,0.11577757486553548,0.23328686864291054,0.2311692756754722
2024-09-30,0.12142809202997287,0.1712961360292819,0.12407678641849344,0.11786058290361624,0.23331656764544187,0.2304556620766971
2024-10-01,0.11983615135877938,0.17105801553465108,0.12460648507543556,0.11822941443784953,0.23351113816014465,0.23119119327226684
2024-10-02,0.11989706208956175,0.17163755480631784,0.1244939213982777,0.11812261150837688,0.23330019510727937,0.23098234594922834
2024-10-03,0.12121502690300978,0.17172847549485304,0.12207871049749702,0.11499793562197311,0.23579748285048063,0.23259753365781916
2024-10-04,0.12231260788452396,0.17261745366096085,0.12173569442825566,0.11467481507386797,0.2351349404188415,0.23194398242529546
2024-10-06,0.1234261628030084,0.1741889925060969,0.12154331012359498,0.11021496975965932,0.2358049184059339,0.2332266257605513
2024-10-07,0.12173493127442604,0.17333123997689442,0.1217522152527446,0.11550617966827577,0.2341145726632406,0.23197053756951208
2024-10-08,0.12318627249492688,0.17135850356314405,0.12167814100565776,0.11721494305136489,0.23341969179615596,0.23155672016546988
2024-10-09,0.12450785791193594,0.17156884939933495,0.12115903475446385,0.11521581824899252,0.2345706961224471,0.23138739091755403
2024-10-10,0.1238212066192523,0.17067926960265759,0.12091468900404938,0.11662250307544877,0.23573169293931306,0.23064713445102109
2024-10-11,0.12387505109151754,0.17141998958487206,0.12077848828343292,0.11649113715878634,0.2354661600523253,0.2303873289122639
2024-10-13,0.12386437386346803,0.17140521429069525,0.12134111390544106,0.11784504670209839,0.23277316020708547,0.23118925816073238
2024-10-14,0.12475909669608366,0.17120666276283805,0.12234531211488303,0.1158012210557796,0.23201812347658538,0.23228945921487112
2024-10-15,0.12362978702684803,0.16917525528365326,0.12403014134329514,0.11630765538453884,0.23278904958705882,0.23248095160775
2024-10-16,0.12407167717271304,0.17058781327546868,0.12445824557522886,0.11657179780078981,0.22943431676107925,0.23328338622686237
2024-10-17,0.1254014349093448,0.1720178298329487,0.12308319374189755,0.11427262829563814,0.22827413089292573,0.2353419361004853
2024-10-18,0.12596172243587436,0.17291400352031563,0.1228280181897502,0.11403571877018484,0.22780087393866022,0.23485402620261733
2024-10-20,0.1265168110111933,0.17367600157822286,0.12322329256397412,0.11495526589223114,0.22608091093717814,0.233934878612969
2024-10-21,0.12590110557061293,0.17088851970765975,0.12311351378249681,0.11735186122346132,0.22823842768852523,0.23290453346639792
2024-10-22,0.12611909218163148,0.17027545515533793,0.12203157946347436,0.11853225479312678,0.2283846659642072,0.23305376143697928
2024-10-23,0.12468840003943919,0.16954059748208034,0.12252480570736728,0.1179016673029446,0.23029614031308585,0.2334385918896092
2024-10-24,0.12569687947463418,0.16992774000318947,0.12266797507464118,0.11776053306079008,0.22806753392358428,0.23426944783604683
2024-10-25,0.12642241288462955,0.16942714952932053,0.12262877891674023,0.11772290498022918,0.2279946593932408,0.2341945916051262
2024-10-27,0.1251236876000677,0.16768664072265999,0.12237801881734486,0.11870932680995548,0.22858630196192126,0.23592293048029864
2024-10-28,0.12514025454465752,0.16875839815801266,0.12251858005618392,0.11939202535228373,0.22833514543413058,0.23426242414573495
2024-10-29,0.1265169679764292,0.16841069840786355,0.12182161269666272,0.1212058222955778,0.22669169917943152,0.23375770358225978
2024-10-30,0.1260219167777199,0.16794706940026521,0.12299331834401203,0.12178885498903476,0.22752419516659358,0.23212316436571206
2024-10-31,0.12425193357290204,0.16641826472176677,0.12139779188857118,0.11589902864397211,0.22747873165714894,0.23946823309164905
2024-11-01,0.12501824199546036,0.16651881112051484,0.12124936625861708,0.11575732601437783,0.22720060737233194,0.23917544997922435
2024-11-03,0.12501938732601559,0.1665203366505443,0.12096281461342813,0.11575838650283422,0.22720268882695518,0.2394557430488355
2024-11-04,0.12445251849921792,0.1666911338643195,0.12148416830642302,0.11635819722209549,0.22854069399668167,0.23740050566236365
2024-11-05,0.125718276600511,0.16808191922135046,0.12160359764089627,0.11645402059730171,0.22601077845845732,0.2370711827046984
2024-11-06,0.1288592560177347,0.1658028669937619,0.12091686187211247,0.11882130349962045,0.2267451991267443,0.23380462530999127
2024-11-07,0.1295574729237243,0.16683590765013845,0.1204017722701216,0.11994239253188273,0.22492078590460413,0.23334272393455827
2024-11-08,0.13006038025021335,0.16442583643677428,0.12072806039565082,0.12026743574090558,0.2255303199691088,0.23397508140374632
2024-11-10,0.1297967082128452,0.16409249514401594,0.12091207792715433,0.12144785015799277,0.22579448273060193,0.23295326953269324
2024-11-11,0.1304514366028607,0.16479766325532527,0.12058688394965007,0.12291296727338763,0.22222957738977026,0.23398978670349965
2024-11-12,0.13063731098334042,0.16253229442639838,0.11895895253307791,0.1220050110074592,0.22634617007396127,0.23447187352336066
2024-11-13,0.131488201618281,0.1629718890809088,0.11945208573163367,0.12058825456684144,0.22689150598746896,0.2335198468029461
2024-11-14,0.13144127100421565,0.16388678011787766,0.11761202686261185,0.11966606926116902,0.22692112208615647,0.23535033172608263
2024-11-15,0.12877734725014328,0.16398125621625512,0.11804080855405505,0.12010233943654912,0.22774841522230785,0.2362083554844616
2024-11-17,0.1287772952186124,0.16398118996084624,0.1180407608605429,0.12010229091009073,0.22774832320225188,0.23620826004622958
2024-11-18,0.1290874154842563,0.16454945929485693,0.11692401059063166,0.12114971147293943,0.22942652891647985,0.23374377202785235
2024-11-19,0.13007488383609586,0.16456390691852738,0.11598954781496519,0.12362743200715341,0.2303402381534466,0.23028057272751976
2024-11-20,0.1298199881554955,0.16386343569546252,0.1162671343762688,0.12305931475974556,0.23051282409496107,0.23136057501621918
2024-11-21,0.1298486938018113,0.16356159598475442,0.11631274705951551,0.12330472850566679,0.23463587767936758,0.22723644098475385
2024-11-22,0.12997222873843678,0.16389805776147318,0.11623696041042147,0.12322438604598683,0.2344829944625568,0.22708837906678128
2024-11-24,0.13053664988980507,0.16460980619701726,0.11688784968121757,0.12428895584763372,0.23132218680166403,0.22723502143082366
2024-11-25,0.13063988792734768,0.16498002185410957,0.1160655874257882,0.12247146217746302,0.2350696676241663,0.2256574829165274
2024-11-26,0.1314614598681586,0.164213086680852,0.11690238564958305,0.1228482400365383,0.23135095362386798,0.22810290256571075
2024-11-27,0.13067098303416363,0.16524552156789735,0.11653598301049,0.12069130692517879,0.23375536581010992,0.22796986151778728
2024-11-28,0.13025189620117134,0.164715547577559,0.11616222982584652,0.12043643901551758,0.23300566764700123,0.230313295702268
2024-11-29,0.12866533482639794,0.16956820640067105,0.1196639279949724,0.11513174756101416,0.2288523568692527,0.23522435329669383
2024-12-01,0.1286653055639751,0.1695681678356872,0.11966390077974409,0.11513172137654197,0.22885230482124422,0.23522429979949896
2024-12-02,0.12907198765254635,0.1687214059029073,0.11830169521871542,0.11462791766492376,0.23212844770442922,0.23427614391269888
2024-12-03,0.12812296560817882,0.16763596660805805,0.1176634012359445,0.11256847537442465,0.2390433988795883,0.2321230031522941
2024-12-04,0.1298584592212866,0.16802663701573603,0.11735747492772132,0.11307276116605353,0.23588276619327284,0.2329555670838305
2024-12-05,0.12928626180219305,0.16847344676608428,0.11775524416428641,0.11325950711952311,0.23328819876703946,0.2350954510629618
2024-12-06,0.13031423514612506,0.1681402082845769,0.11763871005682967,0.11314742212775196,0.23305732979626495,0.23486279358132525
2024-12-08,0.13024963437413778,0.1680568560150025,0.11861182611193177,0.11210038953601231,0.23367660894431133,0.23446656852456801
2024-12-09,0.12843941190951902,0.1679867909697565,0.11744200566380379,0.11596487916170918,0.2332112162376083,0.23413483701239618
2024-12-10,0.12799923635583263,0.16613633640575803,0.11890407133169197,0.11645503054860111,0.2327198342201114,0.2349644653591689
2024-12-11,0.12989134241856676,0.1666165289693483,0.11795563268501903,0.11560713460909985,0.23176373946659865,0.23535302297988067
2024-12-12,0.12942282350814238,0.1656881421927748,0.11975763443556486,0.11458452359547144,0.23364467591586466,0.2340813211354592
2024-12-13,0.13032383556775703,0.16527129016623468,0.1196753400787342,0.1145057840669522,0.23348412132223037,0.23392046649049475
2024-12-15,0.13050795787687433,0.16550478645218752,0.1198444181285299,0.11429806991490302,0.23332687192804813,0.2336945286054668
2024-12-16,0.13241058992736215,0.16487170332963033,0.11927931025151747,0.11518044781739464,0.23336783621986243,0.23206602775956542
2024-12-17,0.1322809626907793,0.16494054152599266,0.11968962396617286,0.11409331860646457,0.23245955873765814,0.23370197240135526
2024-12-18,0.12880813829579021,0.16267827990190598,0.11986961097975056,0.11525606047335588,0.23556935314588082,0.23495542821294352
2024-12-19,0.1280009102367215,0.16238191706627672,0.11890991253258114,0.11205465200141519,0.2415486415947343,0.23424582895896126
2024-12-20,0.1289525452809528,0.16234302180340354,0.11875692795817898,0.11191048712162419,0.24123787510483663,0.2339444579656982
2024-12-22,0.12911225901795684,0.16254409120170246,0.11934880879048905,0.11254764300283514,0.24104372272376187,0.23254503022474188
2024-12-23,0.1303313922053672,0.1634034040149492,0.11960971862638077,0.11562918172491148,0.2365369796441642,0.23163150426679946
2024-12-24,0.13143614362708533,0.16328939558927852,0.11959976170989398,0.11504926582162023,0.2373119220788662,0.2304698010442759
2024-12-25,0.13198187344779308,0.16396738179702394,0.11950397425352402,0.11478001921036661,0.23632786240137532,0.23058314712539632
2024-12-26,0.13108637838416518,0.1632754016891785,0.11818512092925061,0.11370754382714283,0.2378199859908535,0.23308705251897013
2024-12-27,0.12962445024307598,0.16320621730355744,0.11844152469806164,0.11395423344890138,0.23833593876246456,0.23359273714540202
2024-12-29,0.12923752003649108,0.162719045205556,0.11735266813986991,0.11373769394860207,0.2398247254968883,0.2342917179237796
2024-12-30,0.1279026418454974,0.1620516877986462,0.11770601893076753,0.11643616715691898,0.24030163351957284,0.23275645677546733
2024-12-31,0.12923119717037385,0.1615160497834576,0.11761101019289358,0.11610969931490966,0.22225774608148208,0.23216087000848643
2025-01-01,0.12884952867324664,0.1610390319322533,0.11872943561396003,0.116501036876857,0.22069961575300143,0.2331286253245174
2025-01-02,0.12783005782365386,0.15949245426896236,0.11904083011678905,0.11982005607934593,0.2200547972711478,0.2328330701210068
2025-01-03,0.1295172376619882,0.16002401493266957,0.11866995284037739,0.11944675108798622,0.2193692062534006,0.2321076677962723
2025-01-05,0.12955199611899418,0.16006696047369073,0.11797537360979021,0.11802324290422314,0.21942807822489752,0.23408193954095124
2025-01-06,0.13070771334091702,0.16068605707944797,0.11811012957796287,0.11808609200396453,0.21864723988762638,0.2329417988283741
2025-01-07,0.12866956538476795,0.1606374104600712,0.12055963550088893,0.11750787977940987,0.21937175424206257,0.23238342334699144
2025-01-08,0.12890682160549172,0.16057136518459875,0.11886938930737946,0.11636783386730143,0.22018543749601927,0.23419234660352017
2025-01-09,0.12890660981707108,0.1605711013726809,0.11886919401003282,0.11636764267990389,0.22018507574071824,0.23419196183546373
2025-01-10,0.12749059644633529,0.1585955523439861,0.11943632054637081,0.11692283428092796,0.2212355817225087,0.2353092948607279
2025-01-12,0.12792555002219028,0.1591366252115505,0.120283862598477,0.1173217343275757,0.21928315928540995,0.23496591386908566
2025-01-13,0.12789711676367846,0.1591074254196962,0.12138050068646387,0.11767384069213299,0.21654710880262293,0.23624591632743772
2025-01-14,0.12730859468048747,0.1594515650714008,0.12196292922986851,0.11748845139670426,0.21733369195752306,0.23538232670198161
2025-01-15,0.12934305646660194,0.16022311240963052,0.12199883491539838,0.11692464216863739,0.2153932846542418,0.23518770470024658
2025-01-16,0.12846058195995116,0.16064277739913033,0.12231252898797858,0.1175540438511328,0.2154330098272316,0.2346621882319407
2025-01-17,0.13024093198047282,0.16097149947747125,0.12194937272253216,0.11720501593137408,0.2147933709615318,0.2339654563057439
2025-01-19,0.13002264541911537,0.1607017078339136,0.12304940527062304,0.1161615688331086,0.21621659558447806,0.23300707263470777
2025-01-20,0.13019578236627974,0.1609156967356836,0.12335837720205264,0.116195084027568,0.2162813049128312,0.23218335867359507
2025-01-21,0.13029239264184372,0.1627764014552343,0.12186380759125558,0.11632659415535335,0.21584599569781082,0.23212907223628357
2025-01-22,0.1320800776924593,0.16276067248498916,0.12110912921627606,0.11715786163910911,0.2140447484109673,0.2320609799168838
2025-01-23,0.1323329566848902,0.16366648278365706,0.12252851169039454,0.11568558446055464,0.21355514918956664,0.2314475338373728
2025-01-24,0.13155961787180734,0.16457470038613273,0.12250475235791174,0.1156631520305288,0.21351373900900533,0.2314026541695069
2025-01-26,0.13159089479546507,0.16461382630047663,0.12267835463788983,0.115811288199732,0.21334228993719567,0.23117538790519798
2025-01-27,0.12840822191734014,0.16444890150086497,0.12301061897627262,0.11579291991918664,0.21509533880484683,0.23234887536450985
2025-01-28,0.1300187286412783,0.16433585310004248,0.12273936933201542,0.11553758596024086,0.21439816468324602,0.23211961199981382
2025-01-29,0.1299676568736658,0.16446930743010285,0.12292199697564705,0.11570949785118215,0.2147171742384372,0.23133101498879696
2025-01-30,0.12910705395245425,0.16463730439887483,0.12489153109971043,0.11865018058871124,0.21239012487867545,0.22966515848780253
2025-01-31,0.13001972900583664,0.1670933112761784,0.13079155564160086,0.11249990473893966,0.21693239708227977,0.24266310225516471
2025-02-02,0.1299228694208666,0.16696883333036794,0.13159545503241,0.1121889970724523,0.2165454310395465,0.2427784141043568
2025-02-03,0.12910275193293583,0.16559130417701606,0.13136833213153218,0.11397262272592014,0.21736595587799795,0.24259903315459788
2025-02-04,0.12970816197146315,0.16639150330359712,0.13217609116216777,0.11492482961693382,0.2148409440009036,0.24195846994493464
2025-02-05,0.13029145344671905,0.16741918262504898,0.13112525665353608,0.1142427821384278,0.21438410266727742,0.24253722246899076
2025-02-06,0.13111678708368726,0.1683045964369848,0.13201823859733391,0.11290030935153722,0.21462186538639835,0.2410382031440585
2025-02-07,0.12981573368044175,0.16769668846868954,0.13237796655918302,0.1132079441041795,0.2152066746296059,0.2416949925579004
2025-02-09,0.1298672174618395,0.16776319550451235,0.13198051599896807,0.11472660264799743,0.21416720936036288,0.24149525902631994
2025-02-10,0.1310991648955505,0.16864529603697112,0.13208778464540896,0.11420358304283963,0.21338863697276164,0.24057553440646823
2025-02-11,0.13118549054482032,0.16955234640766678,0.13128981691110425,0.11285025162281198,0.21381365179720146,0.2413084427163954
2025-02-12,0.13110052502677177,0.16979198650281976,0.13187707099946994,0.11282425831867177,0.21310018167830086,0.24130597747396587
2025-02-13,0.13196640099892232,0.17035485779454185,0.1317577645041634,0.1118464093224172,0.21168863777584024,0.24238592960411498
2025-02-14,0.13239920534017915,0.17056055838774248,0.13163718180926362,0.1117440491958492,0.21149490356580156,0.2421641017011641
2025-02-16,0.13252054112521652,0.1707168667220351,0.13086554616807208,0.11240848611083804,0.21168872572726866,0.2417998341465698
2025-02-17,0.13308517937319297,0.17144425035409314,0.1294816459528242,0.111758568284392,0.21169461009132223,0.2425357459441755
2025-02-18,0.13282767885204477,0.1719783747664845,0.1308721661701762,0.1123017633655237,0.2099148304781399,0.24210518636763104
2025-02-19,0.13303008937681704,0.17091023289205629,0.13103514247001402,0.1124416137737058,0.2101762393273518,0.2424066821600552
2025-02-20,0.13180601198697414,0.17105798306748118,0.13275345772748168,0.11221785759208167,0.20979668843324123,0.24236800119274018
2025-02-21,0.12954698775404191,0.17074300881098628,0.13324361631523593,0.11263219366693597,0.21057130967684795,0.24326288377595187
2025-02-24,0.12848203923229398,0.17044015397281587,0.13342833763362758,0.11247658559592599,0.21043948925025344,0.24473339431508315
2025-02-25,0.12699604066255263,0.17165347730223443,0.1335679993120098,0.11293311414386087,0.21133208465443754,0.24351728392490482
2025-02-26,0.12668762072371678,0.17140848138357678,0.13768035974385598,0.1132864529378385,0.20830360008158405,0.24263348512942787
2025-02-27,0.12403694091047603,0.17031730375285184,0.13550583655321657,0.11295264443174102,0.2131397754214678,0.2440474989302468
2025-02-28,0.12580843184406063,0.1696163786243894,0.12499013884180922,0.11446103519403576,0.2214466862167056,0.23297257270369193
2025-03-02,0.12611500455180455,0.1700297034843404,0.12598696766242679,0.11428008389515135,0.21988107291439973,0.23297548205161242
2025-03-03,0.12315206218933274,0.17033782653871204,0.12660870007210753,0.11707609918308756,0.2195188147094836,0.23259165056125786
2025-03-04,0.12314373700492619,0.17098233256606657,0.1260129635252914,0.11581086296793182,0.22087106690082234,0.23243163936110312
2025-03-05,0.1238908194066807,0.17413072699826934,0.12569675979777534,0.1154714438832578,0.21958416474184192,0.23055178579619576
2025-03-06,0.12149257677845471,0.17407103642836816,0.12534516093806447,0.11690048649541424,0.2183754755157713,0.23305064456415175
2025-03-07,0.12209130527136604,0.17516755148738025,0.12504336455355453,0.11661902254492953,0.21784968793463874,0.23248952324593888
2025-03-09,0.12165606720880134,0.17454310418899063,0.12264202053959569,0.11551570281762659,0.22243579459835275,0.23250520967019073
2025-03-10,0.11764531819027914,0.17165520111124905,0.12422369176075292,0.11736422527253777,0.2233061555757706,0.23503801478047534
2025-03-11,0.11791457952102566,0.17231898065118445,0.12480634604677036,0.11606141762270485,0.2236465393805117,0.23443339035513128
2025-03-12,0.11953132675242761,0.1737815149271167,0.12454020042537531,0.11680477904416209,0.22064055277197414,0.233856027479176
2025-03-13,0.11745096383074799,0.17283620322177512,0.12376488457252374,0.1175715576380058,0.22124497265703838,0.23627849318904195
2025-03-14,0.11956720672112173,0.1749825188368866,0.12302140078728344,0.11686527857499675,0.21991590383186566,0.2348591145899036
2025-03-16,0.11940097562555257,0.1747392453122357,0.12369374017751857,0.11739472752309761,0.22031404615442785,0.2336828409783743
2025-03-17,0.11939142714590634,0.17578054756466885,0.12428352143380735,0.11731652625471106,0.22120826094331703,0.23131471499711453
2025-03-18,0.11791065925980437,0.1763864288212325,0.12346777118408866,0.1171802658342983,0.21991156707038903,0.23438687639070344
2025-03-19,0.11942071020829774,0.17681983351128608,0.12479999341970559,0.1166536270322328,0.21814839778531295,0.23340626116877064
2025-03-20,0.1193139654612415,0.17585534524374305,0.12511252011586813,0.11625377062427324,0.21869468946502255,0.2339907619020472
2025-03-21,0.11975443414300921,0.1751365717947762,0.1251617707960872,0.11629953404807747,0.218780778868437,0.23408287262108624
2025-03-23,0.12037801773996486,0.1760485404761851,0.12468261881216926,0.11504948480732555,0.21826826070184172,0.23473203336926346
2025-03-24,0.12220282642261768,0.17499246257330486,0.12582071898995226,0.11589851189190574,0.21799101246709068,0.23232455822293274
2025-03-25,0.12279547628416211,0.1755196406619413,0.12473139495475698,0.11395802347815466,0.21897631969778808,0.2332575656867873
2025-03-26,0.12028869804366427,0.17330366547941664,0.12629574025920295,0.11717044112222032,0.21829340542492345,0.2339077020452796
2025-03-27,0.11917084182975339,0.17315337215335735,0.1265366549420893,0.11674679433772188,0.22006572001807662,0.2336242614059648
2025-03-28,0.11665419035186672,0.17188271983249231,0.12721369628093163,0.11737145448841209,0.22124319376892398,0.23487428087898418
2025-03-31,0.12578089220703384,0.1687790426310461,0.13060246807254713,0.11454179711676366,0.21533503049259964,0.24496076948000964
2025-04-01,0.12660303857991362,0.16902384356499495,0.13040493754024998,0.11436855764825546,0.21500934565813082,0.2445902770084552
2025-04-02,0.12735629961153727,0.16921369428945968,0.13023033344686735,0.11421542526924956,0.21472146152908206,0.24426278585380404
2025-04-03,0.12199625036315531,0.1678062981035529,0.1336944942909488,0.11401011699324759,0.2161684611225851,0.24632437912651034
2025-04-04,0.11649920747127482,0.16039271758742643,0.13612491594873963,0.11608269791004018,0.2200981705128634,0.2508022905696556
2025-04-06,0.11908009313705013,0.16394600584321312,0.13293975144786116,0.11169549572831745,0.22186280515526946,0.2504758486882887
2025-04-07,0.11886976248583597,0.15883894032732193,0.1344939988367279,0.11099488211753981,0.22212942923070528,0.2546729870018692
2025-04-08,0.11679730388249868,0.1577960772558361,0.13562744426493467,0.1131751478658191,0.2217822500231147,0.2548217767077968
2025-04-09,0.1283584922939489,0.16597408654252435,0.13219177815797525,0.10908819515293734,0.2173809006715988,0.2470065471810152
2025-04-10,0.12381285154263537,0.16435841456061395,0.13317459178194224,0.10989923927311061,0.2189970746405649,0.24975782820113282
2025-04-11,0.12526726361201176,0.16757032289776025,0.13230157937647152,0.10917880605868546,0.2175614617329912,0.24812056632207982
2025-04-13,0.12418493823310309,0.16612249360865,0.13467951103264547,0.11212555798536006,0.21661037338490405,0.24627712575533733
2025-04-14,0.12455824305289115,0.16722284644772203,0.1338825739711269,0.11235341302618626,0.21603010420537014,0.24595281929670346
2025-04-15,0.12452971430271446,0.16790093643758092,0.1367681126504022,0.11278038613995343,0.21389223517267705,0.24412861529667182
2025-04-16,0.12087799892113789,0.16711299039563407,0.1377616185728924,0.11345510059708398,0.21615582517098414,0.24463646634226763
2025-04-17,0.12065450737140523,0.16852493266437416,0.13753167359721366,0.11326572687588586,0.21579502840860104,0.2442281310825201
2025-04-20,0.12097962708638112,0.16897904564587687,0.13673233494150094,0.11310784921270425,0.2159136501284737,0.24428749298506303
2025-04-21,0.11853801313202082,0.1691737754209968,0.1363438793415289,0.11352094462442693,0.216691731766171,0.24573165571485556
2025-04-22,0.12068548175716907,0.1709870414791931,0.13453419942975894,0.11308253782206291,0.2154352120004799,0.24527552751133597
2025-04-23,0.12187614282492398,0.1697348805368172,0.13615916369862818,0.1109821528615327,0.2143305790416284,0.24691708103646942
2025-04-24,0.12448629035216884,0.17069759207831534,0.13727099134112242,0.11116228824711331,0.2122506985415401,0.2441321394397401
2025-04-25,0.12567187709517663,0.17064410117827572,0.13705050274163733,0.11098373619462426,0.211909775387974,0.24374000740231203
2025-04-27,0.12576292288384777,0.1707677280957132,0.13743549861688073,0.11106414083267911,0.212515463059195,0.24245424651168426
2025-04-28,0.1256581481351013,0.17167293030512232,0.13707904660500803,0.11179814423513437,0.21263180790481243,0.24115992281482165
2025-04-29,0.12675300922015656,0.17247493146653176,0.1356491115133308,0.11180577134134621,0.2119450171564062,0.2413721593022286
2025-04-30,0.1127526938559954,0.15509983252077278,0.13611417742781565,0.11765122029228704,0.22727912771911823,0.251102948184011
2025-05-01,0.11467521180889108,0.15536100969913294,0.13492780244332364,0.11702318254544739,0.22744133649633633,0.2505714570068686
2025-05-02,0.11581867406502849,0.1577222939401101,0.13427997887055196,0.11646132372287041,0.22634933131625556,0.24936839808518357
2025-05-04,0.1162358905504845,0.15829046087594292,0.13316800377915,0.11688085524114636,0.22667670884785007,0.24874808070542617
2025-05-05,0.11564845362277873,0.15900468053283512,0.13415687102459817,0.1158931335382117,0.22663286716683945,0.24866399411473683
2025-05-06,0.11478927714031617,0.15908007590344156,0.13382858502870065,0.11720529078310038,0.22657189859029703,0.24852487255414424
2025-05-07,0.11530242209066462,0.1581901440165965,0.1337555963764234,0.1160536091800999,0.22742915274714215,0.24926907558907335
2025-05-08,0.11622453345280011,0.15745112999059838,0.13214057558136685,0.11699867750989663,0.2278822077616951,0.24930287570364293
2025-05-09,0.1160499742964574,0.15824093882473675,0.13202864287794733,0.11689957109831507,0.22768917491418592,0.24909169798835756
2025-05-11,0.11598798038046126,0.1581564064883177,0.13297316676169685,0.1162317501465901,0.22829927885858317,0.24835141736435096
2025-05-12,0.11976777812201465,0.15845157590045936,0.132219296915428,0.11640240517880601,0.2267529406204978,0.2464060032627941
2025-05-13,0.12102011263732845,0.1580003750686226,0.13173940193334002,0.11728858238003302,0.22640693468224332,0.2455445932984325
2025-05-14,0.12195187224998894,0.15807098765462632,0.13046324294813955,0.11772701797579933,0.22582584305147724,0.24596103611996856
2025-05-15,0.12213413073994075,0.15931794884324493,0.12976471325598554,0.11717448336979809,0.2249496132911292,0.24665911049990163
2025-05-16,0.12257635677283794,0.15939918507466735,0.12967017964354344,0.11708912174165552,0.22478573746519556,0.24647941930210032
2025-05-18,0.12270857587350764,0.15957112375397656,0.12981005061856288,0.11613675469985177,0.22502820647662247,0.24674528857747866
2025-05-19,0.12245768589532378,0.16022447015172633,0.12912132056978806,0.11590776951047149,0.22748239399425832,0.2448063598784319
2025-05-20,0.12213276500217907,0.16085098252271784,0.12980826908302248,0.11646514686261641,0.2254696173930599,0.2452732191364043
2025-05-21,0.12087804840013414,0.1607251718259739,0.12908311142277037,0.11521291520460353,0.22702343213354487,0.2470773210129732
2025-05-22,0.12198413010757525,0.16164392784662202,0.1289614077589966,0.11363227726495126,0.22672461916630807,0.2470536378555469
2025-05-23,0.12093687656962333,0.1622026492476135,0.12904935340345886,0.11370976915984789,0.22687923474545332,0.24722211687400303
2025-05-25,0.12137797573820362,0.16279425914985413,0.1279998543961515,0.11181774696838577,0.22697298677661779,0.2490371769707873
2025-05-26,0.12159391333312002,0.16308387842034547,0.12853214365587098,0.11250316765466349,0.2254166458756994,0.2488702510603007
2025-05-27,0.12384201205638473,0.16372717930671501,0.12729348164818569,0.11013414421621454,0.22796459379703465,0.24703858897546532
2025-05-28,0.12284233619600232,0.1617376863970618,0.12758300094597724,0.11238430620158256,0.229317336472388,0.24613533378698801
2025-05-29,0.12257585882242189,0.16168853390194576,0.12600391401223493,0.10939868043927828,0.23340670889734036,0.24692630392677867
2025-05-30,0.11209773094424147,0.1573571169840236,0.1381313662601739,0.11181583034549895,0.22498311934140897,0.24978767772952837
2025-06-01,0.1124985369164067,0.15791974810705026,0.13879067544721957,0.10950570043461974,0.2238389828205838,0.2515979032821092
2025-06-02,0.11338953362743129,0.15949684853188126,0.13879369364556335,0.11135579814539794,0.22165169906292162,0.2494633872016285
2025-06-03,0.1139766244232284,0.15835475165647292,0.13876018418678557,0.11057274069568042,0.22155707394865695,0.25094444503981617
2025-06-04,0.11307543854239638,0.1576692235769796,0.14038176736591268,0.11340457107701779,0.21871348768243012,0.25098309960558945
2025-06-05,0.11230912197408055,0.15788402932443274,0.1404878458969601,0.1134902644725323,0.2188787570470274,0.25117275328372335
2025-06-06,0.11321767305412109,0.15819327747061157,0.1402533322502568,0.11330081736686384,0.21851338696698056,0.25075347545973087
2025-06-09,0.1133221085823673,0.15848815554380596,0.1401763772060822,0.11323865079109988,0.21839349172401565,0.2506158905305792
2025-06-10,0.11392367072035411,0.15883054656754467,0.13999457931059658,0.1130917890387007,0.21811025229398806,0.2502908611470139
2025-06-11,0.11377650195413821,0.15920942048165146,0.13865518561613216,0.11381342731346339,0.21856496115944055,0.2502097443835408
2025-06-12,0.11444479481967682,0.1607037841389976,0.1373422777938781,0.112872957854775,0.22077994198418688,0.24806472942867258
2025-06-13,0.1134181604697696,0.15909905224456863,0.13784077319352445,0.1132826397905845,0.22158128143465444,0.24896510132013272
2025-06-15,0.11415397633403554,0.16013122915650535,0.13823894702003006,0.11229377147969694,0.22058412877318373,0.24874678333299008
2025-06-16,0.11492103638289194,0.160004816152142,0.1389004507918531,0.11320900177518087,0.2192615596656054,0.24789300928150337
2025-06-17,0.11474341275786049,0.15934404390122633,0.13806488552118334,0.11303767044523227,0.21961598839959806,0.24933526765141442
2025-06-18,0.11480540708080292,0.1595785107695834,0.1383286928741057,0.11287129686043472,0.2190402681039253,0.249512468492771
2025-06-19,0.11512983907391405,0.16002946839974314,0.13822119192954918,0.11281915078817123,0.21770238933396335,0.2502175731521902
2025-06-20,0.11485460549743697,0.15907249708387677,0.13845607505456417,0.11301086751647271,0.21807233707364176,0.2506427748502454
2025-06-22,0.11484652737408146,0.15906130896261383,0.13877913243033857,0.11163994498619513,0.21977207915777155,0.2500101155896922
2025-06-23,0.11523613269535815,0.15917017935050293,0.13915483018878058,0.1126014331992671,0.2175432323368454,0.2504430161955135
2025-06-24,0.11575281561867871,0.15986174755857632,0.13963555084404894,0.11456828071026842,0.21570885769944897,0.2486834054138599
2025-06-25,0.11604152252667824,0.1593457029105803,0.14044436938805194,0.11431767228723105,0.21569545659300027,0.24836583888056563
2025-06-26,0.11616469393218266,0.15956686845515056,0.14058824423505611,0.11434484403352181,0.21726674990321934,0.24632625377336018
2025-06-27,0.11642700944945458,0.16014546412946545,0.14042492689267383,0.11421201289856968,0.21701435733387406,0.24604010360949596
2025-06-29,0.11582933794556881,0.15932336639768188,0.1392206702741485,0.1163853598336336,0.21637482530893606,0.24715931217302783
2025-06-30,0.11417110251796962,0.15968433884640193,0.14023697279641015,0.11675524190927926,0.21983725844442856,0.24675699028098466
2025-07-01,0.11314873905536695,0.15962346181718012,0.1377903878033218,0.1169401039827511,0.22213266568062576,0.2478077008134547
2025-07-02,0.11388315925710898,0.1600703615745512,0.13825240102966513,0.1167000604554019,0.22202801368214284,0.24651006694728564
2025-07-03,0.11445024519750056,0.15958328937586475,0.1392911863748415,0.11779481866568446,0.22071935644584675,0.24561726990409735
2025-07-06,0.11422072432073363,0.15926325776359784,0.13888103326557705,0.11780349972462918,0.22099500404081407,0.24629754879945182
2025-07-07,0.11369378604765835,0.15779330660111549,0.13968324797915244,0.11815004310208832,0.22140497468301837,0.2467280405987676
2025-07-08,0.11394614056954203,0.15904930354000194,0.14057187717247768,0.11809979659333165,0.21864495914249946,0.2471369014843085
2025-07-09,0.11447376575508723,0.15937124872966527,0.13996790409451174,0.11811946477258123,0.21715357712172242,0.24836902017312149
2025-07-10,0.11444425221378327,0.1597961281864449,0.1388862551606515,0.11770618767205122,0.21765048230443834,0.2489684666482591
2025-07-11,0.11434863046555838,0.15886229739560706,0.13908321976493107,0.1178731152967414,0.21795914813367218,0.24932154676734458
2025-07-13,0.11423021174498024,0.15869778060227865,0.13861087481520817,0.11793542236944347,0.22013665811264005,0.2478394527136915
2025-07-14,0.11467943623640621,0.15893544869515427,0.13858740535991074,0.11815575832840951,0.21948252285831243,0.24760885195097007
2025-07-15,0.1153964514600332,0.1589737723666157,0.138005545681097,0.11730234746743323,0.2194441296842492,0.24831337877998422
2025-07-16,0.11548141311309583,0.15957025195756966,0.13763581935782257,0.11677434939198811,0.22034751379862766,0.24762681329314185
2025-07-17,0.11628677089467558,0.15993960522551587,0.13748305839234418,0.11627444484031768,0.22010295174272032,0.24735197414695526
2025-07-18,0.11622938233865572,0.159657937801983,0.137547424883666,0.11632888193338413,0.22020599901922783,0.24746777880596954
2025-07-20,0.11621697887102718,0.1596408998377151,0.13687313323026049,0.11668689925321495,0.21873392760376653,0.24928563809542678
2025-07-21,0.11600148433652485,0.15946700611694956,0.13742116829520679,0.11770898533406596,0.2184008955011463,0.24845568190239373
2025-07-22,0.11560701340895065,0.16038990062684455,0.1355666233722587,0.11669071358279663,0.21999143810331417,0.2492047909225898
2025-07-23,0.11507076197097754,0.16194296973140232,0.13679573344181462,0.11683911342196725,0.21869063083311555,0.24813442103208946
2025-07-24,0.11522538303529838,0.16076284012763725,0.13636378719916487,0.11589634164157063,0.21947050004938293,0.2497565581430377
2025-07-25,0.11551123524904376,0.16042352066267573,0.13637382010367047,0.11590486866294573,0.21948664749302627,0.2497749338698268
2025-07-27,0.11559733275316592,0.16054309400722325,0.13725570330465342,0.11550441456099603,0.2201262101264441,0.2484461907001969
2025-07-28,0.11645868090717976,0.15925915135085902,0.1375211546614429,0.11508578677239475,0.22083654624078383,0.24830052742256667
2025-07-29,0.11676588955580719,0.1598324643120297,0.1385568180305674,0.11477049719841656,0.2203225776876148,0.24720275712498863
2025-07-30,0.1167883776634741,0.15854015672933372,0.138529066532929,0.11586508005046371,0.2195906634639288,0.24814037997310212
2025-07-31,0.11366402557637224,0.15657166607895115,0.1404288293919178,0.11689446953092915,0.22436832629012138,0.24595341321876396
2025-08-01,0.11173292909467311,0.15648577586194481,0.14081692678956811,0.11721752598323393,0.22498840383349625,0.24663314458180918
2025-08-03,0.11197243962889618,0.1568212185293723,0.14038027623598295,0.11715884949462747,0.2249826642237013,0.24655453488141002
2025-08-04,0.11224621781119402,0.15624009139936293,0.13784361385556454,0.11611073039430742,0.2300932541522955,0.24536938679206372
2025-08-05,0.11194227561184317,0.15718568784240683,0.14059969953631882,0.11726180845576843,0.2245273112450523,0.24637772987575396
2025-08-06,0.11298810773232021,0.15775324511539804,0.14021587823309267,0.11652010210179632,0.22573190763252107,0.24469184513549214
2025-08-07,0.11344172227293645,0.1589702273072947,0.1394435942087082,0.11640999073041289,0.22418986777190897,0.24544419998910638
2025-08-08,0.11431237847624856,0.1592911223291798,0.13921519963263015,0.11621932287912151,0.22382266732716055,0.24504218708686132
2025-08-10,0.11459902327469679,0.1596905538891147,0.14115401884715517,0.11596030974194207,0.22173564744222332,0.24475790066707923
2025-08-11,0.11463968160738529,0.15965998413309757,0.13969584667803914,0.11560932888054681,0.22271410920578077,0.24557134979988648
2025-08-12,0.11572388881999929,0.1609646597104769,0.14012790778850429,0.11500939715545122,0.22275223801657737,0.2433185259232614
2025-08-13,0.11606521592335002,0.16245722884195093,0.1408030808985429,0.11430977759803412,0.22064215996179548,0.2436138387977007
2025-08-14,0.11566608284396017,0.1613482104973641,0.1414875956950674,0.11559527065889377,0.22053553114870383,0.2432640668181126
2025-08-15,0.11513281015455294,0.16203608995784827,0.14145730696234515,0.1155705247846018,0.2204883203545285,0.24321199044869954
2025-08-17,0.11510658732253735,0.1619991843602022,0.14248444427274637,0.11603328358787376,0.21971615368020544,0.24255770318877973
2025-08-18,0.11473413512564187,0.16165558113033568,0.14148581931513668,0.11619163277693191,0.2207723228831216,0.24306366833944726
2025-08-19,0.11368237231234089,0.16197998572904396,0.14238225727383078,0.11664873990318768,0.22055199128629457,0.24264829343259028
2025-08-20,0.11289243151528805,0.1620716424195017,0.1420386803510566,0.11756996980815457,0.2191236703825997,0.24419922285823387
2025-08-21,0.11247430866341653,0.16156903625180075,0.14223712909123495,0.11761811276094593,0.219568522213944,0.24442638525873012
2025-08-22,0.11370703794390906,0.16352990993267497,0.14161137222848727,0.11710066459734876,0.2186025542525785,0.24335105781793123
2025-08-24,0.11360129823647258,0.16337783838859055,0.14114989074337303,0.11705266763692332,0.21959792942855846,0.24312475810840295
2025-08-25,0.11349208050606625,0.16201862573012907,0.1400343677695292,0.11837679698099735,0.22098232864533512,0.24299597554082572
2025-08-26,0.11399584374671397,0.1619938951490963,0.13956451683033835,0.11745000746166953,0.2217964091553489,0.24309845220392803
2025-08-27,0.11408897797306099,0.1613427461427554,0.1390678111315092,0.11614557286313089,0.22283762984652758,0.244417731649659
2025-08-28,0.11504483059919454,0.16233468161106282,0.1390295408471599,0.11516747960477192,0.22258482500084914,0.24373452702103127
2025-08-29,0.1139498173782329,0.16192551332739602,0.13931890799193797,0.11540718178994389,0.22304809874029297,0.24424182039003867
2025-08-31,0.11190078031154231,0.15707566918623642,0.14403327016339243,0.11984419854574319,0.21529513495398528,0.25076343814631696
2025-09-01,0.11205792698773812,0.1572962567393806,0.14354901246219892,0.11969332604088843,0.21489213351932376,0.251422222744542
2025-09-02,0.11111081357769918,0.15619640357317313,0.14401917867892372,0.1208336444475059,0.21534678252266973,0.2514040488382388
2025-09-03,0.1119835417331008,0.15655720111811522,0.14381137127907215,0.11910863611927305,0.21604927064787208,0.25140077931696586
2025-09-04,0.11276447090528144,0.15682320700465832,0.14317272833655323,0.12083806943600726,0.21443136035817198,0.250883121519846
2025-09-05,0.11279651182066926,0.1576362802266146,0.14300705545626194,0.12069824119326229,0.21418323027426514,0.25059281113852144
2025-09-07,0.11293476634288722,0.15782949478844074,0.14325082896105754,0.1193172870933802,0.21468037415053529,0.2508999623865165
2025-09-08,0.11387783201237035,0.15987374994883705,0.14305843020928868,0.11870684273386724,0.21377422590655584,0.24961778973907378
2025-09-09,0.11409483500594776,0.1596124150200319,0.14333819034934683,0.11904407675472622,0.2140469172301135,0.24877335990686095
2025-09-10,0.11435036162980662,0.1602357670869781,0.14216713659243244,0.11946361501581526,0.21374910347876044,0.24894164045610892
2025-09-11,0.11465426847514486,0.1615447345877705,0.1413771103672481,0.1190879532069593,0.213781742831743,0.24846516426967274
2025-09-12,0.11516239478700264,0.16102589279896698,0.14137918666141147,0.11908970215784342,0.21378488247566219,0.24846881328165943
2025-09-14,0.11494829522558518,0.16072652794910539,0.14200644756136732,0.11835896606030992,0.2145598733913726,0.24831270135334674
2025-09-15,0.11598003397408144,0.1620151587497094,0.1419283993214291,0.11592399609527557,0.21464892493335191,0.24841576176533825
2025-09-16,0.11564168862464451,0.16176948659707105,0.1419758470910903,0.11695483559406851,0.21467199983395835,0.24790058756325667
2025-09-17,0.11522385535881934,0.16139460955732388,0.14365664209304238,0.1175902851445126,0.2138566690872587,0.24719405799088257
2025-09-18,0.11546741711394884,0.16049193263475736,0.14382605002678583,0.11949588749540023,0.21262568814027696,0.24701647460275455
2025-09-19,0.11621495106094637,0.15995672694039967,0.14378385557530202,0.1194608308180702,0.21256330984176441,0.2469440070306326
2025-09-21,0.11609636764635166,0.1597935102914675,0.14553245014896826,0.11707300383714765,0.2137373328024533,0.2466920302987228
2025-09-22,0.11640966587152192,0.15981936630762364,0.14634837615104934,0.11732548441117852,0.21282180006584703,0.24620336159726874
2025-09-23,0.11574407310399842,0.15981119381877346,0.14648459619285362,0.1174346901489634,0.2130198931042823,0.2464325259589868
2025-09-24,0.11297274909873734,0.15565584428357915,0.1483760727354779,0.1274905087609383,0.21159704245537259,0.24285667481780693
2025-09-25,0.11264692272903233,0.154933279717658,0.14858874697280264,0.12767324676051597,0.2119003342112111,0.24320477243990923
2025-09-26,0.11299057294274739,0.15536286779590022,0.14843186045977705,0.12753844374952766,0.21167660054886694,0.24294798617933014
2025-09-28,0.11404813502628716,0.15681702342934586,0.14474472021751256,0.12710422829728904,0.2115990440814325,0.24462525386617986
2025-09-29,0.11379400854821754,0.15662725573417716,0.14481786781338254,0.1309624924329654,0.21038148971767154,0.24236245611849325
2025-09-30,0.11257791607437548,0.15805607383723733,0.1400007069471222,0.11227812513647939,0.2199463161380865,0.256888926753851
2025-10-01,0.11291193794358842,0.1590503460913064,0.13974573909771612,0.11207364536830074,0.2195457521664224,0.25642108327920765
2025-10-02,0.11352830332499436,0.15964014085380104,0.14171103597768006,0.11023502410671163,0.2181803402377882,0.2564533020909602
2025-10-03,0.11297683599540809,0.16066443893185284,0.14161884386304988,0.11016330915587104,0.2180383999379486,0.25628646277558476
2025-10-05,0.11283549811200805,0.16046344222720796,0.14106144305663376,0.11054793210222436,0.2191858399870279,0.2556544303157834
2025-10-06,0.1133325864989765,0.16038746023284634,0.14012136681115125,0.1110405873098354,0.2196902741868469,0.2551770658124318
2025-10-07,0.11324315575813375,0.1598481549840311,0.14075194464923013,0.11164493735504215,0.21949375212895259,0.2547662481671681
2025-10-08,0.11411956246150681,0.15989875601589498,0.14080264610985024,0.11123380102317136,0.2198662723318621,0.2538280626727123
2025-10-09,0.11379501646950968,0.1582287904876708,0.1408248365921076,0.11188448965431429,0.21974241389182028,0.2552739441971453
2025-10-10,0.11069612006075176,0.15568507630323936,0.14191637904711765,0.11275171360053161,0.2214456516141835,0.2572525891186808
2025-10-12,0.11129519552253211,0.15652762714357132,0.14146928431459238,0.11178012327710837,0.22097189730904915,0.25770201588812663
2025-10-13,0.11270458631421931,0.15755964461520636,0.14205950953478602,0.11188910742109297,0.22030457480591817,0.25523082829172566
2025-10-14,0.11205460028270958,0.15772353640586015,0.14282210471298779,0.11157113375477068,0.22073994347247003,0.2548366860085318
2025-10-15,0.11253949235589114,0.15877480312291334,0.1418019631527313,0.11220814742387886,0.21872290628931387,0.2557013555486994
2025-10-16,0.11215719045961116,0.15944170668963892,0.1421621217292775,0.11297348601585291,0.218790058656792,0.2542240074212192
2025-10-17,0.11281559619934035,0.15928724675757241,0.14206376271808793,0.11289532201379673,0.21863868237198547,0.2540481151252515
2025-10-19,0.1129506325564257,0.15947790806910145,0.1416636077636674,0.11240366905479854,0.21890038529409994,0.2543522019106486
2025-10-20,0.11419862452008939,0.1609317334850999,0.13954874420841307,0.11223142334712086,0.21856494560522718,0.2542732992824505
2025-10-21,0.11445813044140134,0.15988032185417794,0.1405366312747733,0.1117838901479561,0.2181713779466238,0.2549177622420759
2025-10-22,0.11325789684026245,0.15972067806320991,0.14117608424154665,0.11283696761360362,0.21774694058293959,0.2550097435342863
2025-10-23,0.11417962171563857,0.16053952667772217,0.14240547706263915,0.11280695753702881,0.2167425445247639,0.2530742305234838
2025-10-24,0.11517957113998686,0.16091781185222634,0.14213486331918493,0.11259258998813637,0.21633066773077067,0.25259331246958316
2025-10-26,0.11475617041774445,0.16032627711142503,0.1418643615744919,0.1112438908304518,0.21741783642765328,0.2541411838233385
2025-10-27,0.11646814659629276,0.16103159131083897,0.140456385216619,0.11289583124250376,0.2160964545575954,0.25280200250463936
2025-10-28,0.11716650232087754,0.16067346663094376,0.14015755993092513,0.11270606356749217,0.21667015371558193,0.25237706521753506
2025-10-29,0.11767981175284804,0.16015117305415869,0.14083027547631566,0.11372626090161446,0.21594120631883248,0.25142209455257225
2025-10-30,0.11647744513846316,0.1601190152611608,0.14237490184915447,0.10984339302748751,0.2172887336815715,0.25364603012887477
2025-10-31,0.11143387010187467,0.1569677024194557,0.14297284234851046,0.11019392791747576,0.22046398112145585,0.2579676760912275
2025-11-02,0.11226492131228664,0.15813833571947497,0.1425725846538987,0.10828497838916162,0.2213862560671451,0.25735292385803293
2025-11-03,0.1123167296354804,0.1579780028045751,0.14043542622841884,0.10886483397757277,0.22163170529484358,0.2587733020591094
2025-11-04,0.11077977492972212,0.15695009059762433,0.14349273146516822,0.10791523486631605,0.22288667780348442,0.2579754903376848
2025-11-05,0.11147253357943751,0.1579791484669455,0.14256183695159705,0.10725641630399366,0.22186571343652145,0.25886435126150475
2025-11-06,0.10942671961349223,0.15749975034092284,0.14170689821535015,0.10802344805342758,0.22313395444705517,0.260209229329752
2025-11-07,0.10908816726192046,0.15779310747965303,0.14171563468333528,0.10803010788020699,0.22314771102964903,0.2602252716652353
2025-11-09,0.10919853012529801,0.15795274440086815,0.14260409085189865,0.10813940032077039,0.22289047890122676,0.259214755399938
2025-11-10,0.1111779150156368,0.15933645689282325,0.14153004054217622,0.10645659553086982,0.2229809073825951,0.25851808463589876
2025-11-11,0.11061893304875998,0.15971835044095803,0.14306166197922,0.1073563467155993,0.2219723490355554,0.2572723587799074
2025-11-12,0.11055402301941206,0.16046695335817848,0.14160938733162196,0.10643516171818408,0.2229772100751005,0.257957264497503
2025-11-13,0.10872258215529217,0.1593105421662338,0.1416487395275196,0.1062224636836149,0.22385355771046742,0.2602421147568721
2025-11-14,0.10881243480633063,0.1591691944971068,0.14165870473857842,0.10622993660058774,0.22386930615945674,0.26026042319793974
2025-11-16,0.10927199195093562,0.1598414277824143,0.1400494406537635,0.10593922393508207,0.22481479312780236,0.26008312255000215
2025-11-17,0.10862549612503397,0.15826750312213372,0.14126641881554494,0.10590191495723518,0.22516716608125137,0.2607715008988007
2025-11-18,0.1075782057231451,0.15719947233649964,0.14136779501067076,0.1075538867027477,0.22550164079469637,0.26079899943224044
2025-11-19,0.10827932624315294,0.15688872247199148,0.14066106774571188,0.1059126871290128,0.22635444748727607,0.26190374892285473
2025-11-20,0.10614517782006873,0.15542567996225792,0.1409696319934148,0.10607585268180764,0.22873932447509163,0.26264433306735935
2025-11-21,0.1066924652794043,0.15660568465737912,0.14063988371367112,0.10582772597927212,0.228204270239021,0.2620299701312524
2025-11-23,0.10684614517674532,0.1568312595888247,0.14162855970559438,0.10667283112474613,0.22657970684771198,0.26144149755637747
2025-11-24,0.10995579968404055,0.1575706227279588,0.13981548307139474,0.10425983210305047,0.22637976818836353,0.26201849422519197
2025-11-25,0.10966559335319923,0.15810298635141187,0.1385922302907448,0.10239368147962909,0.23119915749526546,0.2600463510297495
2025-11-26,0.1104589851454128,0.1594529484841139,0.13863247624238825,0.10106704026970496,0.23107468448280533,0.2593138653755749
2025-11-27,0.11033320196648311,0.1592713743122741,0.13860457959354494,0.10132193618770685,0.2308115523496777,0.2596573555903135
2025-11-28,0.11106509573262086,0.1596072271913359,0.13840195705503514,0.10117381620511115,0.23047413476368148,0.25927776905221545
2025-11-30,0.1105243027935256,0.1552993376778289,0.14073729325872927,0.1016790704936022,0.22057439821098065,0.25688504579764254
2025-12-01,0.11074713968294544,0.15545219260816823,0.14049753575043383,0.10175221987574691,0.219852273634527,0.2573198297054458
2025-12-02,0.1114712848692631,0.1556169236850842,0.14058407235267978,0.10125309413250916,0.2181394643846945,0.25857359059573226
2025-12-03,0.1117222115488117,0.15616386616430425,0.14069002421428925,0.10107544760064885,0.21809751959858306,0.25789099401109217
2025-12-04,0.11135728775111448,0.15618238931179038,0.14036105196163864,0.10099691249602098,0.2185397963743753,0.25823507691725767
2025-12-05,0.11170810120956556,0.15650672198757337,0.14023145844141086,0.10090366337000221,0.21833802144375025,0.25799665185420567
2025-12-07,0.11178667907447246,0.15661681215940693,0.13960058553652424,0.10092205237054995,0.21825357164108447,0.2584937220143846
2025-12-08,0.11160039004087675,0.15618737083703269,0.1393041628174603,0.10131575238260107,0.21807060340489304,0.2591904001991564
2025-12-09,0.11150331928351125,0.15564657909216856,0.1402692647271512,0.103202685127904,0.21737495889169248,0.25770085278138316
2025-12-10,0.11173038769598598,0.1570468864308823,0.14090643593953828,0.1024147819417937,0.21645502153807294,0.2571723561591404
2025-12-11,0.11097779213936243,0.15687597256700705,0.14264961666133413,0.10330788055296321,0.2156946639786918,0.25626896780769454
2025-12-12,0.10920316697908539,0.15631510447964736,0.1431044400654137,0.10363726694040017,0.21638238388715458,0.257086054646245
2025-12-14,0.10959639043583375,0.15687797062561948,0.14083615522624093,0.1026439597216279,0.21644797353343204,0.259273452155805
2025-12-15,0.10905407057724378,0.15748555395379293,0.14077995163409107,0.10259874442035948,0.21646344577824747,0.2592919856734
2025-12-16,0.10955470169581522,0.15699869569521993,0.14101358413839152,0.10075796597876069,0.2170270465380719,0.26028332831885725
2025-12-17,0.10796267911549588,0.1565029893553746,0.14078835235900286,0.10106332097927541,0.21791271023624215,0.2613455161834951
2025-12-18,0.10896441309742576,0.15691487888738243,0.13960042221627716,0.10091262510580709,0.21893734186219016,0.26031886095068285
2025-12-19,0.11009258618430749,0.15772895728946495,0.13923086970167864,0.10064548755872423,0.21835776735990578,0.25962974061612754
2025-12-21,0.10995887770778362,0.1575373939942984,0.13959077642574685,0.10073300130844216,0.21856720306825755,0.25931441786569315
2025-12-22,0.10993261445719843,0.15750127563359576,0.1401417311020894,0.10184593037247494,0.21770866750218898,0.25864194450464933
2025-12-23,0.11008750695336007,0.1579956703940242,0.14027522135408563,0.10187804625277194,0.21746985645369238,0.2581111172470841
2025-12-24,0.11027552578102405,0.15791090222010662,0.1403669088744077,0.10087132654565785,0.21767596347636148,0.25873289818784656
2025-12-25,0.11022331464113387,0.15783613759624646,0.14043140835156745,0.10077165267410917,0.21827778678581847,0.2582988195627146
2025-12-26,0.11016030786357889,0.15826949605861335,0.14036013862058772,0.10072051049259315,0.21816700957916874,0.2581677314564376
2025-12-28,0.11042626613379138,0.1586516035727942,0.13945271220698716,0.0998713382959187,0.2189291358834541,0.2584788492162207
2025-12-29,0.10984576028271105,0.1580921755633497,0.13959107183213126,0.10076544999598748,0.21883753177462173,0.2586827386043354
2025-12-30,0.109714359582964,0.15854914146928967,0.14001076958145056,0.10056657818693196,0.21767044159084192,0.25928635211411843
2025-12-31,0.11047310196252653,0.15364529963178292,0.14215976712060666,0.1098795905623182,0.215580674436931,0.2682615662858346
2026-01-01,0.1102973453556787,0.15340085844164997,0.14186754913669625,0.10992981090957707,0.2157015978853647,0.26880283827103335
2026-01-02,0.10984830295798255,0.1554242969246647,0.1415642010868253,0.10969475367510007,0.21524037430413878,0.26822807105128865
2026-01-04,0.11022967667354451,0.15596390236244226,0.14119594152650414,0.1081602566891492,0.21529091167496558,0.2691593110733942
2026-01-05,0.1108406578627161,0.15725906097435538,0.14092571765517004,0.10874569274867779,0.21338810032781236,0.26884077043126836
2026-01-06,0.11184542264334377,0.1578650702167949,0.1394467220409971,0.10787627148744297,0.21437402014925447,0.26859249346216674
2026-01-07,0.11155514461015814,0.1564734077911063,0.14072659830389386,0.11118981883240538,0.21338110328580573,0.26667392717663063
2026-01-08,0.11086169571196784,0.15653570988098892,0.14091488731065488,0.11174669958235603,0.21372959225203042,0.26621141526200187
2026-01-09,0.11171966344342409,0.1572889137281983,0.14060498114436623,0.11150094136671321,0.21325954881076337,0.26562595150653473
2026-01-11,0.1112559206100133,0.15663601517598097,0.1404131815006977,0.11203944971358552,0.21214497151051018,0.26751046148921237
2026-01-12,0.11101223057031993,0.15762299769683255,0.14324502707269346,0.11159043179473435,0.21081882301410043,0.2657104898513193
2026-01-13,0.11064616462936072,0.15647465451223716,0.14473950936497257,0.1134913773821109,0.2097509690825724,0.26489732502874613
2026-01-14,0.1094463717283575,0.1571263329705065,0.1444560685900095,0.11458000156520816,0.21085791183493371,0.2635333133109845
2026-01-15,0.11035168820694953,0.15816704315075525,0.1446063131514142,0.11333390107301557,0.20977618963746644,0.2637648647803989
2026-01-16,0.11026957623186892,0.15818164151297728,0.14461965989734132,0.11334436146543957,0.209795551375164,0.26378920951720886
2026-01-18,0.11023889738529224,0.15813763272581174,0.14360033333427133,0.1134240226054114,0.21088329501682304,0.2637158189323902
2026-01-19,0.11000688836329253,0.15780481592175907,0.14329811176197754,0.11462787318793594,0.21043946957776838,0.26382284118726657
2026-01-20,0.10788689531046085,0.15616561744673044,0.14410951393890012,0.114525682250344,0.21063506705263924,0.2666772240009254
2026-01-21,0.10886914589426126,0.1572295354454331,0.14263712382300192,0.11369480862613938,0.21040234237523994,0.2671670438359245
2026-01-22,0.10897185298620955,0.1570780327791829,0.14187046417406318,0.11650109297039186,0.2097612468214072,0.2658173102687452
2026-01-23,0.10918262923163373,0.15776217939871787,0.14169747813619857,0.11635904041141017,0.20950547993436397,0.26549319288767564
2026-01-25,0.1088684880405796,0.1573082647120284,0.1420615095887258,0.1181058984444592,0.20958019315942963,0.26407564605477746
2026-01-26,0.10887497979336952,0.15723499618853087,0.1418958229047477,0.11595921325060833,0.21114803266394913,0.2648869551987945
2026-01-27,0.1087139962112176,0.1580528359895768,0.14244075575333826,0.11701440044971285,0.21294696210844063,0.26083104948771396
2026-01-28,0.10910330823154081,0.15753498238599833,0.14197198603505098,0.11726180999506487,0.21322677902838152,0.2609011343239635
2026-01-29,0.1087268276466441,0.15835798576746601,0.14106316499146893,0.11604529242419008,0.21488619433804793,0.2609205348321829
2026-01-30,0.10782425760944456,0.14961739313897637,0.14204126380420834,0.10712483037816802,0.2120333190570505,0.2804891352000348
2026-02-01,0.1085814208614144,0.15066803605043225,0.1425876602320924,0.10717265479644478,0.20975291272386398,0.28036133777715083
2026-02-02,0.10856490810381116,0.1504454745503145,0.14332127696527036,0.10792454096894513,0.20873114227357742,0.28014271734684293
2026-02-03,0.10713084351507876,0.15117979211950305,0.1439555318147849,0.10735953728150989,0.20874661431531996,0.28075576891216864
2026-02-04,0.10546549558085931,0.15134053677020146,0.14378767632498068,0.10756976776440727,0.2107030293957191,0.28025980609852763
2026-02-05,0.10476225332399346,0.15071544993574096,0.14336095042005076,0.10821086935327037,0.21101802908346243,0.2810518407333353
2026-02-06,0.10636406489467128,0.15337735246291173,0.14253994079793733,0.10759115969944912,0.20980955612196686,0.27944229319002817
2026-02-08,0.10610780580598522,0.15300782596346715,0.14271033358393045,0.1078334863587778,0.209304069558411,0.28016288688108903
2026-02-09,0.10652735912949061,0.15429312370171183,0.14269737318300257,0.10693718398986646,0.20919485995405315,0.27947965281143666
2026-02-10,0.10618549348152169,0.1549582067741311,0.14251791589525833,0.10608997711958554,0.20949543114281924,0.2798812091952786
2026-02-11,0.10648421894811391,0.15623172869508542,0.14279293385838596,0.10610385600463247,0.20864065247621882,0.2788746610634088
2026-02-12,0.10459581304048117,0.1551585592505609,0.1438794374676677,0.10658671341305928,0.20963765079164476,0.2792674899980707
2026-02-13,0.10475080415836249,0.1554830738158926,0.14378622396544485,0.10651766031539278,0.20950183527851798,0.2790865642086885
2026-02-15,0.10459120755249711,0.15524618235668228,0.1436312904910324,0.10585462597775942,0.20940329994872128,0.2804008182153297
2026-02-16,0.10471026579851653,0.15542290216521223,0.14379478883778188,0.10597512239803096,0.20919987099447138,0.28002341242871087
2026-02-17,0.10476110387762992,0.1553879220979615,0.1440129520326482,0.10503136853546165,0.2101809774914182,0.2797506443597944
2026-02-18,0.10571462769876902,0.15612435491174195,0.1403828702859615,0.10560409720409134,0.210743613948232,0.28055391567205173
2026-02-19,0.1060728544443989,0.15690443216730787,0.139454227291292,0.10333018529920626,0.21182426034034701,0.2815310994621329
2026-02-20,0.10669895798133554,0.15843070779594526,0.13904695623191496,0.10302841320631351,0.2112056352001397,0.28070889800325544
2026-02-23,0.10557160808779287,0.15775018605149096,0.13991843466595003,0.10450939144594565,0.2102079554231349,0.2811605069921287
2026-02-24,0.106980155215282,0.15915249618169425,0.1391272622486911,0.10457542573934568,0.20739647920420662,0.2818839254438089
2026-02-25,0.10810703935855143,0.16008821388029212,0.139108433921834,0.10346000976968112,0.2079226998713167,0.2804327293130007
2026-02-26,0.10710837909706669,0.16005837564498018,0.13740369185663137,0.10233751985862383,0.21097341520492918,0.2812351545141502
2026-02-27,0.10726882920128762,0.14555952541727896,0.14148690108541492,0.10522617220542266,0.21288809466449382,0.2875704774261021
2026-03-01,0.10825785949452203,0.1469016001017744,0.14169881397628364,0.10256886592755993,0.21144063654508455,0.28913222395477545
2026-03-02,0.1085306352752073,0.14452543662488465,0.14091177161117224,0.10221829977094722,0.21397080005587116,0.2898430566619175
2026-03-03,0.10807015963255787,0.14043965930486293,0.1436215573766511,0.10378672586987459,0.21307746377430686,0.29100443404174675
2026-03-04,0.10897835537339742,0.14094923565890174,0.1438843727179041,0.10445572062772233,0.2123247154577403,0.2894076001643342
2026-03-05,0.10884132479857023,0.13826292745712923,0.14379534684570877,0.1064846733852378,0.21269856057914796,0.28991716693420594
2026-03-06,0.1075000026212996,0.13752541484261013,0.14419238291719136,0.1067786902454589,0.2132858466266788,0.29071766274676114
2026-03-08,0.10707856401646887,0.1369862658421751,0.14396906288955796,0.10825560095437586,0.21267739700310717,0.2910331092943149
2026-03-09,0.10860144928915007,0.13850718405595017,0.14443444244075845,0.10413229027110005,0.21377086629878023,0.29055376764426116
2026-03-10,0.10825507527355693,0.13852958787606198,0.14383493333237288,0.10589964083628682,0.2142214082946634,0.28925935438705797
2026-03-11,0.10811809121180019,0.1381753995482677,0.1443533991008,0.10598944383237983,0.21443230594737853,0.2889313603593737
2026-03-12,0.10666130231763062,0.13597810062457483,0.14469002917572815,0.1065979596098838,0.21569278262693092,0.29037982564525167
2026-03-13,0.1062376710589939,0.13491196379720252,0.1449746420651062,0.10680764339707502,0.21611706166282002,0.2909510180188023
2026-03-15,0.10606792871760448,0.1346964068070303,0.14522205478357447,0.10716386807103058,0.2159995849078158,0.2908501567129443
2026-03-16,0.10705178172878083,0.137221336494952,0.14419186280219928,0.10643222823788744,0.21444779140062298,0.29065499933555755
2026-03-17,0.1074717553832056,0.13752122230889877,0.14405451440266062,0.10633084736989865,0.21424352147608583,0.2903781390592505
2026-03-18,0.10637921248508753,0.135724231506992,0.14460583427348092,0.10673779268000758,0.21506346600246226,0.2914894630519696
2026-03-19,0.10610544824141628,0.13555184522773536,0.14469095930547654,0.10680062595407759,0.21519006728737258,0.2916610539839216
2026-03-20,0.10477480003671519,0.13229241374852937,0.14556674149080448,0.10744706638160274,0.2164925648884281,0.2934264134539201
2026-03-23,0.10549816523008443,0.13501983175099191,0.14490833582980167,0.10696107791995772,0.21551335817659437,0.29209923109256997
2026-03-24,0.10491136350905578,0.13416151508041643,0.14358217928289027,0.11059068709701024,0.21464576128123586,0.29210849374939146
2026-03-25,0.10475413742861367,0.13500630216031972,0.143930425597891,0.11012350641623671,0.21678294088804298,0.2894026875088959
2026-03-26,0.10307951446640988,0.13280257462960268,0.14516131322659412,0.1103777135927981,0.21647386532232205,0.2921050187622731
2026-03-27,0.10137256768449643,0.13218927346465054,0.14560209629707582,0.11071287608498523,0.21713118932218742,0.29299199714660457
2026-03-29,0.10126318993301371,0.1320466454753241,0.14551384032711454,0.11027533165280201,0.2171261911151877,0.293774801496558
2026-03-30,0.10057981587446112,0.13203866938611078,0.14564505502068728,0.11037477060526817,0.2173219810590841,0.29403970805438856
2026-03-31,0.10277286675287843,0.1347151777857589,0.14388251931233104,0.10293521948586482,0.2103296430810184,0.2966851477229302
2026-04-01,0.10342359919341519,0.13567920531149466,0.14295940282910377,0.10222698266986031,0.21105728876612423,0.29602504210047237
2026-04-02,0.10361677502430984,0.1348668963717608,0.14286030645872694,0.10220457029651667,0.2112093267475542,0.2966067517726087
2026-04-05,0.10335079052310554,0.1345206927367606,0.1428966915000278,0.10242125407017488,0.21198380827296323,0.2962128797234396
2026-04-06,0.10372500383592792,0.13491048345516715,0.14242224369124096,0.10227285632651045,0.21366805819818552,0.29440731592916625
2026-04-07,0.10428700197120412,0.13567424892412022,0.1414202551425266,0.1006973800950715,0.2136925060525773,0.295588648111028
2026-04-08,0.1056565989321485,0.1391069712757884,0.14146070096913446,0.10181571885223863,0.21154698915805895,0.29191166780610633
2026-04-09,0.10622287857418616,0.13856209783659293,0.14152806124851866,0.10186242938499374,0.21146796604571558,0.2918664109639197
2026-04-10,0.10632242094975716,0.1388427780966513,0.14145668217043703,0.10181105550029189,0.21136131307296244,0.2917192093760945
2026-04-12,0.10640601717947491,0.13895194352637663,0.14117061097386346,0.1020799699697978,0.21131123063838717,0.291586346878823
2026-04-13,0.1069586190984171,0.13913387494936386,0.14222983910771428,0.10108996980550149,0.21023428676462708,0.29190215426221505
2026-04-14,0.10801885790073054,0.13966915648526237,0.1408821035043856,0.1008305382683813,0.20874536003886818,0.2934705021012713
2026-04-15,0.10900232054897875,0.13866759444270152,0.14182774924489214,0.10136392954435462,0.206250816582811,0.29454392201764346
2026-04-16,0.10976916535408586,0.1390083299980982,0.14109815846829146,0.10149481426018309,0.20542895866279423,0.2948378245908761
2026-04-17,0.11083182362858342,0.1404686363093994,0.14062416032396008,0.1011538576230389,0.20473885082400214,0.29384736104938214
2026-04-19,0.11136229054261874,0.14114095190957854,0.14116669550256913,0.10089339016636735,0.20252107785187426,0.2945397308847457
2026-04-20,0.11169037405928216,0.1413639561744407,0.1409828842568267,0.10029553054346385,0.20376464450512308,0.29347465365259706
2026-04-21,0.11145075870577888,0.1389157089629572,0.14128329016089922,0.10256036687405415,0.20410377292481072,0.29324345538107693
2026-04-22,0.11317404071024509,0.1398214521532705,0.1409099933928178,0.10036093409178808,0.20406376028769435,0.2932370408074596
2026-04-23,0.11337386175090196,0.13952923260235783,0.14096565492559088,0.09887678666947759,0.20514967574512402,0.2936086008919279
2026-04-24,0.11513118404199132,0.14043028181925268,0.1404639357219403,0.09852486844731544,0.20441951539508454,0.2925636011471162
2026-04-26,0.11490494443826113,0.14015432798819577,0.13992465975549062,0.09890378898640612,0.20423280221554577,0.29342883654536567
2026-04-27,0.11490178914934086,0.13981524417653327,0.14024177247567654,0.09884896318436087,0.20411958888671208,0.29362602281472705
2026-04-28,0.11396725745970822,0.1392836999628133,0.14110742619823355,0.09904102457821011,0.20430090723197686,0.29383598859129173
2026-04-29,0.11432001788359049,0.13775171807586586,0.1440352850627961,0.0991011501593413,0.20411727320986003,0.29223558771069347
2026-04-30,0.10623530950922148,0.13353971696261782,0.15506334638190106,0.09924395644117769,0.2041178697850476,0.3017998009200344
2026-05-01,0.10716529045599581,0.13324648782780554,0.15493346789827359,0.09916083135151255,0.2039469040473183,0.3015470184190942
2026-05-03,0.1071603628250744,0.1332403609418447,0.15409746319251263,0.09944556354894342,0.204152198714617,0.30190405077700794
2026-05-04,0.10710372218367037,0.1322655560772794,0.1543067092263943,0.09958059880084597,0.20442941312817223,0.30231400058363767
2026-05-05,0.10797400280324865,0.1335221058441664,0.15421459331865786,0.09650924301831684,0.20580420355207324,0.301975851463537
2026-05-06,0.10972397766424642,0.13652346225340348,0.15323860639689763,0.09543167950442488,0.2044574853862622,0.30062478879476534
2026-05-07,0.10973991137696743,0.13470802539612597,0.1543031306211037,0.09570323160526498,0.2045181465171259,0.30102755448341195
2026-05-08,0.1118322909052353,0.13584483147763318,0.15364364800806335,0.0952942015551202,0.2036440478443616,0.29974098020958634
2026-05-10,0.11161731254965478,0.13558369314049654,0.15299250341517187,0.09675332436337496,0.2038883868314605,0.2991647796998413
2026-05-11,0.11182592456662427,0.13531469992685163,0.15397315519689567,0.09565557074897613,0.204738150319672,0.29849249924098037
2026-05-12,0.11132491230009212,0.134064778076556,0.1534525807514486,0.09446597729072691,0.20662732691913324,0.3000644246620432
2026-05-13,0.11183358046429735,0.1346493254690618,0.15296824634571446,0.0936921836806805,0.20857173278210306,0.2982849312581428
2026-05-14,0.11216138375936661,0.1339616158082402,0.15254584860599107,0.09401262983759122,0.2091798575592274,0.2981386644295836
2026-05-15,0.11099243114379437,0.13155935737197944,0.15326847765574386,0.09445797959954882,0.21017076909878607,0.2995509851301474
2026-05-17,0.11090799178985043,0.13145927138388736,0.1530099998693942,0.09438611910699052,0.21127855768680093,0.29895806016307663
2026-05-18,0.11005444192509091,0.131738945487617,0.15376098122683404,0.09420628440729317,0.21266402516563987,0.297575321787525
2026-05-19,0.10916813430784204,0.1303745352249536,0.1541034792416424,0.09473508298942529,0.21352034585642116,0.2980984223797155
2026-05-20,0.11038266505245405,0.13187660410722216,0.1537703253058023,0.0945099588673934,0.21259564905722209,0.29686479760990603
2026-05-21,0.1102849237976751,0.13221350066582982,0.15411160322392878,0.09354425902877518,0.21308806146821777,0.29675765181557334
2026-05-22,0.11072563534982077,0.13195722076920657,0.15407408111303725,0.09352148346881008,0.21303618014517126,0.2966853991539541
2026-05-24,0.11072563534982077,0.13195722076920657,0.15407408111303725,0.09352148346881008,0.21303618014517126,0.2966853991539541
2026-05-25,0.11072563534982077,0.13195722076920657,0.15407408111303725,0.09352148346881008,0.21303618014517126,0.2966853991539541
2026-05-26,0.11217479861025305,0.13398102434019002,0.15336751560397685,0.09309260500918945,0.2120592214251506,0.2953248350112401
2026-05-27,0.11210982531034347,0.13362535775076154,0.15345309362759996,0.09314455004539376,0.21217754901876879,0.29548962424713243
2026-05-28,0.1129302747349729,0.133637157749153,0.15328377478126873,0.0930417751362479,0.21194343410477146,0.295163583493586
2026-05-29,0.10259700286152831,0.13093349190877224,0.15648351558488013,0.10293895080158276,0.20484025172157652,0.301682930050862
