,portfolio
2008-01-02,1000000.0
2008-01-03,1000078.5849419846
2008-01-04,999912.8049133444
2008-01-07,999390.2702113814
2008-01-08,1000887.1055724997
2008-01-09,1000817.2707695912
2008-01-10,1001998.1879275434
2008-01-11,1002171.3304341387
2008-01-14,1002734.5973770046
2008-01-15,1001870.3549390269
2008-01-16,1001239.6815185618
2008-01-17,1001606.6997855956
2008-01-18,1002166.6094001298
2008-01-22,1002461.1848733496
2008-01-23,1002421.4572886716
2008-01-24,1003124.7319633283
2008-01-25,1003577.9948242747
2008-01-28,1004240.9958376304
2008-01-29,1004020.6506995534
2008-01-30,1004359.8644595317
2008-01-31,1004440.0612844914
2008-02-01,1003624.5823966105
2008-02-04,1003699.7474125557
2008-02-05,1003766.6657354658
2008-02-06,1003856.1814161713
2008-02-07,1003934.9240094237
2008-02-08,1004022.5083812533
2008-02-11,1004112.162058947
2008-02-12,1004171.4873335538
2008-02-13,1004255.3649861814
2008-02-14,1004342.0718249696
2008-02-15,1004416.2882522212
2008-02-19,1004514.8266808572
2008-02-20,1004597.460865783
2008-02-21,1004675.7777427293
2008-02-22,1004764.4860919453
2008-02-25,1004842.8140637686
2008-02-26,1004941.9754713821
2008-02-27,1005023.2390903268
2008-02-28,1005116.8294843871
2008-02-29,1005190.4554034419
2008-03-03,1005281.0327378088
2008-03-04,1005348.5194554883
2008-03-05,1005447.0670213209
2008-03-06,1005527.063227359
2008-03-07,1005603.0925146064
2008-03-10,1005685.3506213041
2008-03-11,1005768.0006770395
2008-03-12,1005853.613609199
2008-03-13,1005934.4562403696
2008-03-14,1006020.122616869
2008-03-17,1006081.5667025298
2008-03-18,1006162.6142158024
2008-03-19,1006235.6376060442
2008-03-20,1006304.7288278664
2008-03-24,1006378.7111687639
2008-03-25,1006453.3371919487
2008-03-26,1006535.9206969984
2008-03-27,1006615.8635809246
2008-03-28,1006689.220699563
2008-03-31,1006774.4155277307
2008-04-01,1006849.1617112523
2008-04-02,1006927.8177373606
2008-04-03,1007006.479877764
2008-04-04,1007087.7417160184
2008-04-07,1007163.8279737425
2008-04-08,1007246.3939869856
2008-04-09,1007325.0838863223
2008-04-10,1007402.6219201266
2008-04-11,1007481.6801902071
2008-04-14,1007564.3684216473
2008-04-15,1007645.2559652278
2008-04-16,1007720.9581227773
2008-04-17,1007799.943395278
2008-04-18,1007876.532571588
2008-04-21,1007959.5486468085
2008-04-22,1008038.5852424323
2008-04-23,1008118.7582107291
2008-04-24,1008197.5034826236
2008-04-25,1008278.8802933211
2008-04-28,1008354.0683865421
2008-04-29,1008436.9254803116
2008-04-30,1008507.8131120715
2008-05-01,1008592.1542150655
2008-05-02,1008670.5335851576
2008-05-05,1008754.0456746618
2008-05-06,1008834.3175227388
2008-05-07,1008912.7934231927
2008-05-08,1008992.160056329
2008-05-09,1009072.8828368942
2008-05-12,1009151.0621807917
2008-05-13,1009289.8103209005
2008-05-14,1009181.2463519247
2008-05-15,1009469.7733727627
2008-05-16,1009853.2998227064
2008-05-19,1009930.9952846473
2008-05-20,1009809.6282659468
2008-05-21,1010073.1841952942
2008-05-22,1010153.2247789855
2008-05-23,1010207.6469555892
2008-05-27,1010086.7555280763
2008-05-28,1010494.5977568511
2008-05-29,1010045.510218472
2008-05-30,1010372.6384644449
2008-06-02,1010644.6499110799
2008-06-03,1010562.4406708321
2008-06-04,1010669.744898942
2008-06-05,1010657.1721237942
2008-06-06,1010616.1294570393
2008-06-09,1010768.0539032855
2008-06-10,1010948.1486272962
2008-06-11,1011298.1289528334
2008-06-12,1011198.7241587046
2008-06-13,1011431.3231071455
2008-06-16,1011515.5568782517
2008-06-17,1011562.934853085
2008-06-18,1011902.6409575926
2008-06-19,1011742.0401490742
2008-06-20,1012058.4214647295
2008-06-23,1012220.7470967647
2008-06-24,1012315.1879818697
2008-06-25,1012404.6826833519
2008-06-26,1012728.4815331916
2008-06-27,1012989.8481434883
2008-06-30,1012803.3846460887
2008-07-01,1013095.1076104165
2008-07-02,1013310.939292321
2008-07-03,1013401.9421949709
2008-07-07,1013327.980651187
2008-07-08,1013024.9855923876
2008-07-09,1013115.9735177946
2008-07-10,1013620.4178712643
2008-07-11,1013960.69308688
2008-07-14,1014157.6034747321
2008-07-15,1014136.0906289701
2008-07-16,1014035.440234268
2008-07-17,1013570.6786873313
2008-07-18,1014015.2259404575
2008-07-21,1013922.4884665807
2008-07-22,1013970.2609542958
2008-07-23,1014183.8303026208
2008-07-24,1014205.8750145468
2008-07-25,1014371.0820387541
2008-07-28,1014464.7960203825
2008-07-29,1014558.5323857605
2008-07-30,1014723.804800232
2008-07-31,1014817.574538148
2008-08-01,1019262.8992559769
2008-08-04,1004086.6408412701
2008-08-05,1014376.2546995298
2008-08-06,1010466.6251729606
2008-08-07,1004948.674382221
2008-08-08,1005504.993622945
2008-08-11,1013781.6627919885
2008-08-12,1005978.3656987608
2008-08-13,1009974.0291835901
2008-08-14,1011995.2152954666
2008-08-15,1008603.5542451921
2008-08-18,1006541.458050515
2008-08-19,1004107.7959859759
2008-08-20,1006370.0395976168
2008-08-21,1012151.332529677
2008-08-22,1012016.8567791772
2008-08-25,1003566.7500711345
2008-08-26,1006495.5325858673
2008-08-27,1011067.2329392188
2008-08-28,1012576.333743409
2008-08-29,1009929.8296351613
2008-09-02,1006488.8085336876
2008-09-03,1009326.1474659734
2008-09-04,1000364.6318151325
2008-09-05,997069.9913380012
2008-09-08,1007137.6451479204
2008-09-09,999558.0251280587
2008-09-10,999545.1028392721
2008-09-11,1002859.063392004
2008-09-12,1001231.2328453928
2008-09-15,991611.3256394647
2008-09-16,1001405.9483512598
2008-09-17,990134.3082293546
2008-09-18,1005705.627277353
2008-09-19,1011289.2435890156
2008-09-22,995749.429210305
2008-09-23,996952.3661384587
2008-09-24,995930.3786067843
2008-09-25,998037.8268388814
2008-09-26,993651.5337227382
2008-09-29,993768.6627949339
2008-09-30,993885.8056740017
2008-10-01,992699.6773868463
2008-10-02,993963.4404922689
2008-10-03,995412.0248379438
2008-10-06,998274.3174012878
2008-10-07,997876.2852489898
2008-10-08,995668.1702118044
2008-10-09,994728.4243756447
2008-10-10,993911.732570881
2008-10-13,991559.0657005777
2008-10-14,990977.0453261675
2008-10-15,992464.5740373138
2008-10-16,991757.6611493657
2008-10-17,990561.5208683523
2008-10-20,992129.6034306394
2008-10-21,992974.6748468563
2008-10-22,995765.8005650482
2008-10-23,997114.7384723584
2008-10-24,995516.225167069
2008-10-27,995928.4096537819
2008-10-28,993974.8545962815
2008-10-29,993237.5953463097
2008-10-30,992288.0627710285
2008-10-31,990498.8483234998
2008-11-03,990912.6508206471
2008-11-04,993409.4530589017
2008-11-05,995059.6048430124
2008-11-06,994433.9764569567
2008-11-07,993715.6365466252
2008-11-10,994380.423062283
2008-11-11,994839.4086356893
2008-11-12,995741.9339753515
2008-11-13,993204.5388417852
2008-11-14,995417.7840795614
2008-11-17,996024.4422343706
2008-11-18,997355.0302272163
2008-11-19,1000063.9206076601
2008-11-20,1006487.0968356126
2008-11-21,1004244.987857802
2008-11-24,1001457.8275631523
2008-11-25,1006898.126847847
2008-11-26,1007242.2032294266
2008-11-28,1009633.5091989599
2008-12-01,1017231.8339534816
2008-12-02,1018120.3523967153
2008-12-03,1018742.0709899742
2008-12-04,1022884.5236429842
2008-12-05,1019534.2632229354
2008-12-08,1019164.4012513501
2008-12-09,1023348.591381763
2008-12-10,1022932.7205596158
2008-12-11,1023396.7674994735
2008-12-12,1023486.7936132632
2008-12-15,1025988.9801645665
2008-12-16,1031427.4803066328
2008-12-17,1037514.4630783857
2008-12-18,1042383.3114610153
2008-12-19,1042732.15710929
2008-12-22,1041045.2340140865
2008-12-23,1040777.8738476472
2008-12-24,1040391.2979356578
2008-12-26,1041238.4677242585
2008-12-29,1040916.1111433576
2008-12-30,1043334.0355964947
2008-12-31,1038406.6579320721
2009-01-02,1033110.6211134085
2009-01-05,1031151.7230514057
2009-01-06,1030799.6284975703
2009-01-07,1031122.7336991078
2009-01-08,1031136.871090192
2009-01-09,1031319.7914386167
2009-01-12,1031859.8092024189
2009-01-13,1032047.2911637857
2009-01-14,1032903.9715781873
2009-01-15,1033079.1557114605
2009-01-16,1032415.1520156588
2009-01-20,1032429.0517896226
2009-01-21,1031092.9832851164
2009-01-22,1030309.6315152451
2009-01-23,1030040.3534801978
2009-01-26,1029128.755028907
2009-01-27,1029675.3863812673
2009-01-28,1027851.6008968907
2009-01-29,1029751.0649989741
2009-01-30,1031932.8843287934
2009-02-02,1028812.5226460698
2009-02-03,1028754.4572718363
2009-02-04,1030016.1665969556
2009-02-05,1032223.2050707556
2009-02-06,1032097.7710617943
2009-02-09,1030069.0427208657
2009-02-10,1033217.7533129465
2009-02-11,1036814.8660699453
2009-02-12,1038001.3586136412
2009-02-13,1037309.4740571105
2009-02-17,1044694.6133245007
2009-02-18,1048317.9187588136
2009-02-19,1045287.9785038889
2009-02-20,1050559.6824818682
2009-02-23,1050706.6864277183
2009-02-24,1042657.2251420055
2009-02-25,1039092.2039955088
2009-02-26,1037491.0635633443
2009-02-27,1036853.6195690461
2009-03-02,1034078.5810645163
2009-03-03,1032733.5650558358
2009-03-04,1032036.2867055964
2009-03-05,1034396.1736198908
2009-03-06,1034709.8169545592
2009-03-09,1033530.3780165539
2009-03-10,1031827.5499976544
2009-03-11,1032717.2374946707
2009-03-12,1034191.851629833
2009-03-13,1034429.7745491877
2009-03-16,1034157.014628335
2009-03-17,1033693.9686921374
2009-03-18,1036026.7951418492
2009-03-19,1037024.290174706
2009-03-20,1036573.6196338607
2009-03-23,1035584.9380326361
2009-03-24,1034868.2666510416
2009-03-25,1035698.8702609577
2009-03-26,1035755.6912702741
2009-03-27,1034954.9790811167
2009-03-30,1034533.3716628513
2009-03-31,1034843.2652526461
2009-04-01,1035479.7319543974
2009-04-02,1033945.382856432
2009-04-03,1033877.1459806674
2009-04-06,1031814.0548570905
2009-04-07,1031520.5652088049
2009-04-08,1032406.3140048905
2009-04-09,1034346.9982599043
2009-04-13,1035697.2797004567
2009-04-14,1034676.9480430828
2009-04-15,1035125.150277497
2009-04-16,1034964.7166914004
2009-04-17,1034529.8528533549
2009-04-20,1033771.119957055
2009-04-21,1034649.6988549869
2009-04-22,1034974.4743649433
2009-04-23,1036621.2573961986
2009-04-24,1038204.244678742
2009-04-27,1037116.9400468958
2009-04-28,1036091.8803002232
2009-04-29,1037959.4021212828
2009-04-30,1037793.5977066417
2009-05-01,1038707.1966871277
2009-05-04,1045353.6660132468
2009-05-05,1044593.6102997415
2009-05-06,1046544.6993732215
2009-05-07,1044339.3242750831
2009-05-08,1046949.1543592248
2009-05-11,1045421.5105969933
2009-05-12,1046470.2037200491
2009-05-13,1043623.8157370128
2009-05-14,1044801.3946550816
2009-05-15,1044039.1948242472
2009-05-18,1047626.4549238218
2009-05-19,1048652.0806307364
2009-05-20,1049696.8401236075
2009-05-21,1049432.5034586084
2009-05-22,1050849.9598549353
2009-05-26,1053172.3973899162
2009-05-27,1051837.5975752794
2009-05-28,1057987.3263658478
2009-05-29,1062890.580646024
2009-06-01,1070357.366710129
2009-06-02,1069820.367425736
2009-06-03,1060999.9055127013
2009-06-04,1060128.7674480414
2009-06-05,1058134.7770989595
2009-06-08,1056443.2022818779
2009-06-09,1058210.5682087643
2009-06-10,1058757.1737048263
2009-06-11,1060394.8294553808
2009-06-12,1057803.3736099468
2009-06-15,1051982.8375266804
2009-06-16,1048339.0226374392
2009-06-17,1049989.6992597946
2009-06-18,1050348.6366888988
2009-06-19,1053757.9859071076
2009-06-22,1039841.0752289988
2009-06-23,1040751.529508293
2009-06-24,1044938.9667241488
2009-06-25,1050794.6510669824
2009-06-26,1050885.6722471763
2009-06-29,1051391.253304359
2009-06-30,1050478.315710687
2009-07-01,1051193.078423506
2009-07-02,1046958.0890000166
2009-07-06,1045308.2125425113
2009-07-07,1040180.4905530676
2009-07-08,1038532.9724774943
2009-07-09,1040417.1470331287
2009-07-10,1039661.0486451258
2009-07-13,1044150.2429101615
2009-07-14,1045537.7013505484
2009-07-15,1052090.1634662314
2009-07-16,1053360.7595373718
2009-07-17,1054478.7036190191
2009-07-20,1057210.5458544996
2009-07-21,1056629.2083234435
2009-07-22,1058336.0079380355
2009-07-23,1069393.8042006637
2009-07-24,1068835.5408417895
2009-07-27,1071480.6134227745
2009-07-28,1069193.6445335217
2009-07-29,1065477.3823435064
2009-07-30,1072759.5005603777
2009-07-31,1074675.6421150267
2009-08-03,1087224.1189420507
2009-08-04,1088520.3675933674
2009-08-05,1087565.5903256244
2009-08-06,1083624.9243044362
2009-08-07,1090505.4232784857
2009-08-10,1086361.9846123713
2009-08-11,1079327.5424330975
2009-08-12,1085094.1833834234
2009-08-13,1091416.8287116776
2009-08-14,1085189.7172541239
2009-08-17,1067237.8884431133
2009-08-18,1074605.4093040486
2009-08-19,1077838.9304333045
2009-08-20,1082686.410774564
2009-08-21,1090035.6138091679
2009-08-24,1090519.543386096
2009-08-25,1092007.2403150967
2009-08-26,1090969.599643129
2009-08-27,1092162.4139294177
2009-08-28,1091712.3451495506
2009-08-31,1086768.7062579822
2009-09-01,1070204.583936413
2009-09-02,1069910.191233061
2009-09-03,1079070.6695516675
2009-09-04,1089786.6172392915
2009-09-08,1100148.7259512157
2009-09-09,1098696.0569538274
2009-09-10,1103373.5230126136
2009-09-11,1104280.0635818604
2009-09-14,1106416.462937255
2009-09-15,1113204.1418990903
2009-09-16,1127665.3232286014
2009-09-17,1124697.2949043973
2009-09-18,1124414.2568937936
2009-09-21,1119340.2375539858
2009-09-22,1128723.541796331
2009-09-23,1118438.3652964896
2009-09-24,1105656.2466602232
2009-09-25,1104433.9110919372
2009-09-28,1120321.2593585378
2009-09-29,1118398.3858808593
2009-09-30,1119807.5126331872
2009-10-01,1103440.9765207672
2009-10-02,1103269.131398363
2009-10-05,1118028.980026788
2009-10-06,1130313.9542595502
2009-10-07,1130976.942761312
2009-10-08,1137102.5047691194
2009-10-09,1136644.3906029607
2009-10-12,1139816.262788866
2009-10-13,1139770.2131595649
2009-10-14,1152003.2654481395
2009-10-15,1147394.8768803626
2009-10-16,1142697.4197036745
2009-10-19,1152423.7385922214
2009-10-20,1144441.7342668043
2009-10-21,1146248.3829119164
2009-10-22,1154095.8958519832
2009-10-23,1148679.3577259544
2009-10-26,1137483.4514323873
2009-10-27,1131326.0933813902
2009-10-28,1104264.5321220753
2009-10-29,1126500.6787606832
2009-10-30,1103736.8794347479
2009-11-02,1109762.0973274002
2009-11-03,1114784.403630312
2009-11-04,1118163.2008154795
2009-11-05,1122280.0751860775
2009-11-06,1119595.7372448242
2009-11-09,1129297.39282177
2009-11-10,1128337.326995172
2009-11-11,1132264.3904348104
2009-11-12,1125007.946693658
2009-11-13,1129792.1879397584
2009-11-16,1138769.8364084435
2009-11-17,1139395.971232424
2009-11-18,1139589.3185977235
2009-11-19,1130323.3947755073
2009-11-20,1128416.9251281787
2009-11-23,1138111.4417810813
2009-11-24,1135728.9515137996
2009-11-25,1144060.3524473829
2009-11-27,1126640.4100367122
2009-11-30,1134599.626416369
2009-12-01,1147700.2277374398
2009-12-02,1152646.7471311297
2009-12-03,1148628.3972170076
2009-12-04,1142685.6684410004
2009-12-07,1136799.1033070374
2009-12-08,1129880.398356688
2009-12-09,1130884.6265728264
2009-12-10,1132553.2760744598
2009-12-11,1134095.4011307545
2009-12-14,1139463.3512286886
2009-12-15,1136119.5330005896
2009-12-16,1140014.3281693137
2009-12-17,1131108.3906302804
2009-12-18,1135557.6772555169
2009-12-21,1137251.696464311
2009-12-22,1139657.4212184995
2009-12-23,1143956.864860859
2009-12-24,1148125.6138193144
2009-12-28,1150843.1875477866
2009-12-29,1148216.207823601
2009-12-30,1148707.1557879671
2009-12-31,1144627.4318149674
2010-01-04,1154392.063085568
2010-01-05,1155347.3917420332
2010-01-06,1157171.1456429355
2010-01-07,1156131.8054009853
2010-01-08,1158158.2954419728
2010-01-11,1158239.6497579014
2010-01-12,1148181.5703135661
2010-01-13,1153051.3136800337
2010-01-14,1152863.5738004006
2010-01-15,1146487.5623132943
2010-01-19,1157368.3601986999
2010-01-20,1145459.1516724725
2010-01-21,1134553.2061258862
2010-01-22,1122453.4544609776
2010-01-25,1124339.7071822807
2010-01-26,1112223.7278331884
2010-01-27,1115940.6534604882
2010-01-28,1111035.5588956329
2010-01-29,1106362.3431604097
2010-02-01,1115253.4425268748
2010-02-02,1119330.6846541902
2010-02-03,1116310.2854068566
2010-02-04,1108690.664177517
2010-02-05,1110746.6256278197
2010-02-08,1106458.198025969
2010-02-09,1110091.3557463095
2010-02-10,1110233.1007627156
2010-02-11,1113102.5058530383
2010-02-12,1113670.4599148373
2010-02-16,1118221.408252078
2010-02-17,1118808.736137449
2010-02-18,1120732.311024958
2010-02-19,1120491.9389413798
2010-02-22,1120492.5994578092
2010-02-23,1119018.5923929838
2010-02-24,1120133.9970947076
2010-02-25,1120775.1395793874
2010-02-26,1122408.4357068352
2010-03-01,1124575.9361129615
2010-03-02,1126275.1801241585
2010-03-03,1126560.387414645
2010-03-04,1126607.3560478403
2010-03-05,1129146.9037601824
2010-03-08,1129944.705861576
2010-03-09,1130237.9333156375
2010-03-10,1131531.9945955584
2010-03-11,1132993.79269023
2010-03-12,1133525.4326791242
2010-03-15,1133274.6229352604
2010-03-16,1139276.5149507301
2010-03-17,1141499.2417055995
2010-03-18,1141642.675180564
2010-03-19,1137836.5462603904
2010-03-22,1140586.7409341724
2010-03-23,1141744.614169659
2010-03-24,1140407.0104221515
2010-03-25,1140920.0043041974
2010-03-26,1141298.0440406771
2010-03-29,1144741.112402999
2010-03-30,1144600.7742914688
2010-03-31,1142981.4397324396
2010-04-01,1145041.0222246007
2010-04-05,1151421.7341679973
2010-04-06,1155678.1268630463
2010-04-07,1151058.0261949052
2010-04-08,1152161.4265721813
2010-04-09,1156459.5445527264
2010-04-12,1153263.6210775266
2010-04-13,1157051.4642903327
2010-04-14,1163077.2009351312
2010-04-15,1160431.1979185669
2010-04-16,1142211.7131569812
2010-04-19,1140110.9414721814
2010-04-20,1144459.027730218
2010-04-21,1147105.038371846
2010-04-22,1148418.5618409775
2010-04-23,1153470.8416113132
2010-04-26,1152905.1015509178
2010-04-27,1144061.2419474856
2010-04-28,1144962.835914014
2010-04-29,1159180.6441273838
2010-04-30,1152040.7435307724
2010-05-03,1160867.4658140328
2010-05-04,1147177.4100390158
2010-05-05,1145032.795078437
2010-05-06,1121596.4785890696
2010-05-07,1118213.3005570355
2010-05-10,1129380.7454902881
2010-05-11,1130659.5652857546
2010-05-12,1131509.0901262055
2010-05-13,1130030.6331893695
2010-05-14,1129628.8729417615
2010-05-17,1126859.6682016163
2010-05-18,1127250.0634745525
2010-05-19,1123740.4749447699
2010-05-20,1117990.4620674367
2010-05-21,1121259.6139678606
2010-05-24,1118931.4074300088
2010-05-25,1119441.587111201
2010-05-26,1118647.2277144867
2010-05-27,1125034.064782847
2010-05-28,1124915.2287104551
2010-06-01,1124706.579804523
2010-06-02,1124167.3630103783
2010-06-03,1123783.260523238
2010-06-04,1125577.6796347257
2010-06-07,1126162.8569447203
2010-06-08,1125574.1246624961
2010-06-09,1125242.9752913592
2010-06-10,1121997.0974268878
2010-06-11,1124342.2096278698
2010-06-14,1123494.5603858158
2010-06-15,1123806.8591830025
2010-06-16,1124273.49436488
2010-06-17,1126333.980064918
2010-06-18,1126705.597236222
2010-06-21,1123356.601963853
2010-06-22,1126270.5719468223
2010-06-23,1126666.037876114
2010-06-24,1124746.5680212947
2010-06-25,1127631.2181766985
2010-06-28,1126805.9548345043
2010-06-29,1125077.6556555415
2010-06-30,1125640.3185963575
2010-07-01,1117967.154985338
2010-07-02,1117948.9402495178
2010-07-06,1117435.110908693
2010-07-07,1115666.3724142334
2010-07-08,1114053.6076391893
2010-07-09,1113573.7854594935
2010-07-12,1112952.8620903012
2010-07-13,1112131.729749698
2010-07-14,1113570.2899474152
2010-07-15,1115003.6327283545
2010-07-16,1114848.133650979
2010-07-19,1113485.0300230398
2010-07-20,1114313.4591586736
2010-07-21,1116320.647229943
2010-07-22,1115318.433673923
2010-07-23,1113421.534502288
2010-07-26,1113500.2868722968
2010-07-27,1110870.6906888566
2010-07-28,1111152.8420367264
2010-07-29,1111603.5957424527
2010-07-30,1114942.2931654798
2010-08-02,1116390.864768211
2010-08-03,1116235.2362801647
2010-08-04,1115753.4823948406
2010-08-05,1114350.7958703632
2010-08-06,1113904.5870151906
2010-08-09,1115493.4772705701
2010-08-10,1111630.3026234691
2010-08-11,1108193.9033744638
2010-08-12,1107492.5926264033
2010-08-13,1109961.3598033919
2010-08-16,1114683.6592114745
2010-08-17,1116069.7889144714
2010-08-18,1116738.7688473596
2010-08-19,1117919.2129224355
2010-08-20,1117304.687358989
2010-08-23,1116423.2987650286
2010-08-24,1118459.2031963668
2010-08-25,1118548.073522477
2010-08-26,1120199.3193789183
2010-08-27,1115645.6680474773
2010-08-30,1117776.266062515
2010-08-31,1119909.795260496
2010-09-01,1118964.4837936698
2010-09-02,1118332.2044129954
2010-09-03,1117752.6434540367
2010-09-07,1117960.6415737004
2010-09-08,1118185.1302036007
2010-09-09,1115709.1516435486
2010-09-10,1116170.1698755873
2010-09-13,1117641.132957236
2010-09-14,1120190.7503451584
2010-09-15,1120308.4088076982
2010-09-16,1119634.6959686566
2010-09-17,1120038.3892748547
2010-09-20,1126209.7113102786
2010-09-21,1126296.513764137
2010-09-22,1125292.1780962523
2010-09-23,1120471.4909023824
2010-09-24,1128870.6708642456
2010-09-27,1127160.1662217907
2010-09-28,1131449.6062948508
2010-09-29,1130782.5434045168
2010-09-30,1130824.971996021
2010-10-01,1136521.403348798
2010-10-04,1133291.5850031984
2010-10-05,1149887.0364554923
2010-10-06,1152381.6361134339
2010-10-07,1146694.702946
2010-10-08,1153781.619324223
2010-10-11,1154384.8325986655
2010-10-12,1153966.9310571984
2010-10-13,1163378.149774007
2010-10-14,1163511.3025204404
2010-10-15,1160499.5808869835
2010-10-18,1164451.8157630672
2010-10-19,1147058.209420105
2010-10-20,1155542.162745711
2010-10-21,1150676.8473859935
2010-10-22,1153262.631886288
2010-10-25,1157297.0454518418
2010-10-26,1154678.4426936195
2010-10-27,1149715.2953718307
2010-10-28,1152885.3707035095
2010-10-29,1155273.9271950268
2010-11-01,1155515.3590477477
2010-11-02,1162517.7609435678
2010-11-03,1161095.4199723785
2010-11-04,1176887.340086461
2010-11-05,1176962.9029937238
2010-11-08,1178860.7443952435
2010-11-09,1172229.6633826983
2010-11-10,1175893.7667143762
2010-11-11,1173935.5034561502
2010-11-12,1164165.111128631
2010-11-15,1157669.5220830238
2010-11-16,1143488.7685381465
2010-11-17,1143490.9126798296
2010-11-18,1153520.3777077622
2010-11-19,1153802.1184249113
2010-11-22,1155379.1626056337
2010-11-23,1156052.598180033
2010-11-24,1155301.7254219353
2010-11-26,1153037.2447278807
2010-11-29,1155213.779999498
2010-11-30,1156443.3931024778
2010-12-01,1160998.9706520417
2010-12-02,1165243.910497004
2010-12-03,1167267.8622041533
2010-12-06,1167163.4075214171
2010-12-07,1162878.0012775448
2010-12-08,1162983.0923236962
2010-12-09,1162802.4076483133
2010-12-10,1163588.2171060375
2010-12-13,1165779.932425032
2010-12-14,1165902.038988173
2010-12-15,1162943.1470730032
2010-12-16,1163096.4816426435
2010-12-17,1164452.7203436906
2010-12-20,1165754.6846016685
2010-12-21,1169172.194812477
2010-12-22,1170832.8020038449
2010-12-23,1171439.1454536994
2010-12-27,1170703.9139183736
2010-12-28,1173899.8220369625
2010-12-29,1175757.8687348862
2010-12-30,1172741.1374057026
2010-12-31,1178487.1529605642
2011-01-03,1182779.5559576694
2011-01-04,1177553.4698029046
2011-01-05,1181226.2904518708
2011-01-06,1175663.8498406422
2011-01-07,1172643.3170719794
2011-01-10,1173380.0579575116
2011-01-11,1179231.4307875573
2011-01-12,1186861.2153788677
2011-01-13,1183914.646819091
2011-01-14,1186201.455585655
2011-01-18,1186309.0359704494
2011-01-19,1182882.0010167088
2011-01-20,1177476.3079341098
2011-01-21,1174860.2730629533
2011-01-24,1179657.5511416665
2011-01-25,1175539.240561187
2011-01-26,1183951.0121806886
2011-01-27,1182943.5593126907
2011-01-28,1175536.7065831227
2011-01-31,1180978.7639698456
2011-02-01,1191234.2099076
2011-02-02,1192333.9182821508
2011-02-03,1191568.4060284193
2011-02-04,1190836.1674659806
2011-02-07,1192303.1068884674
2011-02-08,1195687.5044390585
2011-02-09,1196130.6662615794
2011-02-10,1195384.8168415348
2011-02-11,1197772.2684563017
2011-02-14,1199172.692073035
2011-02-15,1195605.1799274944
2011-02-16,1200339.331251054
2011-02-17,1201481.453903266
2011-02-18,1202754.1542874197
2011-02-22,1195072.4291992595
2011-02-23,1196946.4161633574
2011-02-24,1192151.450478033
2011-02-25,1208972.8273888351
2011-02-28,1214027.9854535633
2011-03-01,1214160.2134605225
2011-03-02,1216277.5923103704
2011-03-03,1219677.2945125415
2011-03-04,1222217.8886671516
2011-03-07,1219149.1438558586
2011-03-08,1219439.13145582
2011-03-09,1219624.2682869236
2011-03-10,1204131.883971438
2011-03-11,1204213.747397603
2011-03-14,1203634.0714124935
2011-03-15,1190271.1655184103
2011-03-16,1183857.9522195861
2011-03-17,1193027.172764604
2011-03-18,1195954.0376917475
2011-03-21,1201681.5990838984
2011-03-22,1202485.9579620238
2011-03-23,1203159.1162652038
2011-03-24,1203461.0519452232
2011-03-25,1204581.2519196703
2011-03-28,1202015.4089480685
2011-03-29,1203397.0484002663
2011-03-30,1204716.556781849
2011-03-31,1207442.999007827
2011-04-01,1209875.2114104398
2011-04-04,1213978.8511039794
2011-04-05,1215672.640543757
2011-04-06,1218025.4076257534
2011-04-07,1218967.4562419425
2011-04-08,1227522.3767781653
2011-04-11,1218767.8220415174
2011-04-12,1206850.2545882736
2011-04-13,1210902.9562984305
2011-04-14,1214938.4306263477
2011-04-15,1219903.2789917553
2011-04-18,1212159.9353833902
2011-04-19,1215070.487947318
2011-04-20,1226175.600917556
2011-04-21,1232161.8603488007
2011-04-25,1231565.442901125
2011-04-26,1232037.0448237178
2011-04-27,1237500.9302225024
2011-04-28,1237557.9913860396
2011-04-29,1241100.8255629307
2011-05-02,1235612.2407941576
2011-05-03,1229837.5303497612
2011-05-04,1221442.4178633094
2011-05-05,1206820.482678905
2011-05-06,1208531.0851392804
2011-05-09,1215979.7531768654
2011-05-10,1221938.8457411472
2011-05-11,1213962.6357270072
2011-05-12,1214621.0308132253
2011-05-13,1212487.0535979727
2011-05-16,1209236.1670993257
2011-05-17,1211580.2802494832
2011-05-18,1217453.9685736727
2011-05-19,1217861.3097732894
2011-05-20,1216880.1338363572
2011-05-23,1212283.5891835939
2011-05-24,1212808.306028425
2011-05-25,1216091.4947496436
2011-05-26,1220433.6574752082
2011-05-27,1222941.396863184
2011-05-31,1225955.9675828062
2011-06-01,1220034.001388868
2011-06-02,1218969.8807845665
2011-06-03,1220417.1023247766
2011-06-06,1215237.7914283355
2011-06-07,1217498.9374789938
2011-06-08,1216427.719768683
2011-06-09,1217121.8106452818
2011-06-10,1210679.6467324565
2011-06-13,1210202.8264299212
2011-06-14,1214849.9597380238
2011-06-15,1208972.5098897123
2011-06-16,1209352.5278135636
2011-06-17,1209855.722367311
2011-06-20,1210504.855743908
2011-06-21,1211406.3703779741
2011-06-22,1211669.1421882666
2011-06-23,1207573.128809729
2011-06-24,1206448.418062298
2011-06-27,1207472.0251260027
2011-06-28,1212166.618393487
2011-06-29,1215292.7583163988
2011-06-30,1214537.7089713556
2011-07-01,1216333.2298618988
2011-07-05,1218460.9136660255
2011-07-06,1219193.1261671728
2011-07-07,1222409.230112955
2011-07-08,1223395.7805781043
2011-07-11,1218561.180442219
2011-07-12,1219418.9197845524
2011-07-13,1219883.8620716443
2011-07-14,1216559.709417236
2011-07-15,1220445.1129845723
2011-07-18,1218394.1473406455
2011-07-19,1223828.9388923089
2011-07-20,1225274.585644957
2011-07-21,1225082.870382902
2011-07-22,1229088.5702862618
2011-07-25,1227523.4457250698
2011-07-26,1229790.1892228967
2011-07-27,1219667.1895450347
2011-07-28,1219059.2251650651
2011-07-29,1217659.9365913796
2011-08-01,1214501.7038819122
2011-08-02,1212437.081808312
2011-08-03,1212706.4439784521
2011-08-04,1200195.1680608836
2011-08-05,1197733.603437292
2011-08-08,1209788.1798750123
2011-08-09,1210968.1085454286
2011-08-10,1219791.0364201546
2011-08-11,1207966.8563386288
2011-08-12,1207598.4109665824
2011-08-15,1208498.8544826312
2011-08-16,1211717.0994773158
2011-08-17,1213605.7719019277
2011-08-18,1218223.7359135628
2011-08-19,1220412.2229537251
2011-08-22,1226809.2485839734
2011-08-23,1213571.071339091
2011-08-24,1203441.7258091897
2011-08-25,1204740.644551745
2011-08-26,1208387.0165027878
2011-08-29,1205458.2272811383
2011-08-30,1209579.814694926
2011-08-31,1207725.769601363
2011-09-01,1210651.3467919081
2011-09-02,1218840.963670138
2011-09-06,1220051.1580298995
2011-09-07,1212945.1821421767
2011-09-08,1217308.8959974565
2011-09-09,1219222.4406432922
2011-09-12,1217639.7603843678
2011-09-13,1215381.9805944192
2011-09-14,1216706.113060613
2011-09-15,1211973.3058073306
2011-09-16,1214457.8207102488
2011-09-19,1217475.8788606713
2011-09-20,1219721.2728308663
2011-09-21,1226307.1153487084
2011-09-22,1233042.0387781616
2011-09-23,1223958.721049262
2011-09-26,1218859.514854077
2011-09-27,1214518.384722284
2011-09-28,1214578.1695440095
2011-09-29,1215252.9161445803
2011-09-30,1217483.6578974074
2011-10-03,1219948.630376431
2011-10-04,1216456.9878016089
2011-10-05,1214928.3689075594
2011-10-06,1211167.745066264
2011-10-07,1209435.3246120214
2011-10-10,1208321.4327394362
2011-10-11,1208128.7530721163
2011-10-12,1206997.9537500318
2011-10-13,1207914.1617876869
2011-10-14,1206783.6251253209
2011-10-17,1208303.8780515995
2011-10-18,1207874.0795098506
2011-10-19,1207933.3552509148
2011-10-20,1207425.5572371518
2011-10-21,1206631.9073186712
2011-10-24,1206861.320594087
2011-10-25,1207843.5614918836
2011-10-26,1205460.7418677597
2011-10-27,1205583.3121040894
2011-10-28,1206390.4988133486
2011-10-31,1208494.9193635792
2011-11-01,1209403.5213759528
2011-11-02,1209403.5634703082
2011-11-03,1210138.9514597247
2011-11-04,1210221.1068278833
2011-11-07,1211934.308239808
2011-11-08,1211888.1897892707
2011-11-09,1211461.7319018785
2011-11-10,1211039.0062616745
2011-11-11,1212063.7187318027
2011-11-14,1212845.7093881608
2011-11-15,1213984.0278171636
2011-11-16,1215062.3611421282
2011-11-17,1213293.627025044
2011-11-18,1212911.523835095
2011-11-21,1213274.081221598
2011-11-22,1214597.0840230668
2011-11-23,1214847.3284727985
2011-11-25,1213638.0304369694
2011-11-28,1214415.1547767688
2011-11-29,1214520.7568543178
2011-11-30,1213484.0458948342
2011-12-01,1212958.644151332
2011-12-02,1214687.4448788948
2011-12-05,1214580.0069157977
2011-12-06,1213844.7225830492
2011-12-07,1214032.5644282296
2011-12-08,1214092.8905006577
2011-12-09,1213295.0195324607
2011-12-12,1213600.818769613
2011-12-13,1215590.6975674867
2011-12-14,1214677.1481312353
2011-12-15,1214428.7170602374
2011-12-16,1215651.1581852029
2011-12-19,1216954.3308441623
2011-12-20,1212975.1106865264
2011-12-21,1210242.4752232113
2011-12-22,1211183.7779919156
2011-12-23,1209041.111257598
2011-12-27,1210086.541945515
2011-12-28,1213886.0584299224
2011-12-29,1214355.0411712546
2011-12-30,1215109.405475713
2012-01-03,1212222.0387551636
2012-01-04,1210004.8699504663
2012-01-05,1209291.740188517
2012-01-06,1210976.511914195
2012-01-09,1210537.7082189939
2012-01-10,1210652.343869478
2012-01-11,1212722.049828945
2012-01-12,1211404.1143749363
2012-01-13,1213088.4968392071
2012-01-17,1214119.1790313227
2012-01-18,1211751.2028614634
2012-01-19,1209254.1360458375
2012-01-20,1206814.2744901022
2012-01-23,1205519.4948528537
2012-01-24,1205908.8380171915
2012-01-25,1208559.4080397757
2012-01-26,1207736.0972287254
2012-01-27,1208809.556035074
2012-01-30,1207844.0036843317
2012-01-31,1210017.3827581028
2012-02-01,1213804.345739459
2012-02-02,1215942.1334211738
2012-02-03,1220371.9455539016
2012-02-06,1220444.9896128653
2012-02-07,1220286.5823952856
2012-02-08,1221260.5188553673
2012-02-09,1221382.5153739566
2012-02-10,1219882.1061810127
2012-02-13,1222682.1646573534
2012-02-14,1221463.199111699
2012-02-15,1220498.2752331651
2012-02-16,1222741.8063750754
2012-02-17,1222757.828147977
2012-02-21,1222063.1460656098
2012-02-22,1221945.0470038063
2012-02-23,1223734.5557649778
2012-02-24,1225001.4430131437
2012-02-27,1224767.726767135
2012-02-28,1225534.3352315119
2012-02-29,1224128.545200092
2012-03-01,1226755.7558742957
2012-03-02,1221336.215394339
2012-03-05,1218976.8718674837
2012-03-06,1209637.5972171498
2012-03-07,1213969.29509501
2012-03-08,1220962.7851799335
2012-03-09,1223000.7246771608
2012-03-12,1223718.3181207557
2012-03-13,1229096.7738082428
2012-03-14,1226742.407797294
2012-03-15,1228149.2142994395
2012-03-16,1228978.5468146817
2012-03-19,1230549.1139261296
2012-03-20,1229685.0866458712
2012-03-21,1230018.8830226725
2012-03-22,1226080.9526278942
2012-03-23,1229966.7902557733
2012-03-26,1240415.7444056259
2012-03-27,1240605.2226720937
2012-03-28,1238494.7110177977
2012-03-29,1238166.3370511679
2012-03-30,1238090.1024435319
2012-04-02,1243654.6170630804
2012-04-03,1241023.0290887281
2012-04-04,1233900.869327844
2012-04-05,1233977.5314721365
2012-04-09,1229352.758387747
2012-04-10,1214984.2051025042
2012-04-11,1221513.1743421243
2012-04-12,1231452.6859033736
2012-04-13,1226724.6208471714
2012-04-16,1228246.2224490966
2012-04-17,1234014.2307455663
2012-04-18,1232070.5102718635
2012-04-19,1230138.9939509467
2012-04-20,1232462.1340209832
2012-04-23,1228431.4507713742
2012-04-24,1232098.9988230497
2012-04-25,1240421.0733984746
2012-04-26,1242144.6333109434
2012-04-27,1243766.0557147323
2012-04-30,1242688.9582146492
2012-05-01,1245871.685671174
2012-05-02,1245113.2883918115
2012-05-03,1243137.169055256
2012-05-04,1238634.092033302
2012-05-07,1241333.1548484908
2012-05-08,1238308.2095893836
2012-05-09,1235256.8870205649
2012-05-10,1235961.635201562
2012-05-11,1235512.0890180552
2012-05-14,1229650.2360780677
2012-05-15,1227303.1459742072
2012-05-16,1223945.2243106083
2012-05-17,1216816.1847237677
2012-05-18,1212317.7189427642
2012-05-21,1219583.3297419345
2012-05-22,1219279.8847697421
2012-05-23,1220054.7674069724
2012-05-24,1220302.2403639453
2012-05-25,1220100.2865515384
2012-05-29,1222552.1090166264
2012-05-30,1221947.101328667
2012-05-31,1224152.7866123181
2012-06-01,1222383.3661523259
2012-06-04,1220823.9065649956
2012-06-05,1222873.0418530013
2012-06-06,1229610.1050362575
2012-06-07,1230740.1523529585
2012-06-08,1232978.5259287714
2012-06-11,1229631.1418164938
2012-06-12,1231685.5720891026
2012-06-13,1230689.5109639138
2012-06-14,1233117.257643905
2012-06-15,1234716.7731337755
2012-06-18,1235758.7611542924
2012-06-19,1237110.4492251906
2012-06-20,1236999.9207511148
2012-06-21,1233518.7593697326
2012-06-22,1234290.4876669063
2012-06-25,1232505.5391096193
2012-06-26,1233321.4142114639
2012-06-27,1234527.5402046088
2012-06-28,1235327.2885663023
2012-06-29,1239803.0541926622
2012-07-02,1241093.3029784046
2012-07-03,1242446.8088428618
2012-07-05,1241137.8650971763
2012-07-06,1240838.745728913
2012-07-09,1240987.8377942918
2012-07-10,1238661.6160096738
2012-07-11,1238773.6701290987
2012-07-12,1237821.9060605313
2012-07-13,1243793.2989039856
2012-07-16,1243776.8471615966
2012-07-17,1245498.6548209558
2012-07-18,1245274.9612767522
2012-07-19,1244197.5025670761
2012-07-20,1243062.0280854548
2012-07-23,1241968.7376250555
2012-07-24,1242043.4162747
2012-07-25,1242768.2149713563
2012-07-26,1244822.7902806664
2012-07-27,1244098.5838790925
2012-07-30,1245263.1701540921
2012-07-31,1244857.520443114
2012-08-01,1244486.087831795
2012-08-02,1245647.4019646996
2012-08-03,1244697.7057071212
2012-08-06,1244885.650794497
2012-08-07,1242759.4185561624
2012-08-08,1241743.0074936699
2012-08-09,1242567.9098697845
2012-08-10,1242588.1728842221
2012-08-13,1241889.3509028773
2012-08-14,1241107.8659227623
2012-08-15,1242180.1209485896
2012-08-16,1244439.914682608
2012-08-17,1245778.44198875
2012-08-20,1245951.1024010773
2012-08-21,1246816.946645288
2012-08-22,1249478.0693691813
2012-08-23,1245723.6125660944
2012-08-24,1248219.3890625846
2012-08-27,1248218.7423765853
2012-08-28,1249827.8810575258
2012-08-29,1247750.880202572
2012-08-30,1243735.368258676
2012-08-31,1253951.0603050434
2012-09-04,1254889.527832591
2012-09-05,1253344.5075242573
2012-09-06,1263208.582493245
2012-09-07,1268274.5466167177
2012-09-10,1262855.9690846822
2012-09-11,1265386.3682332754
2012-09-12,1266986.6103652632
2012-09-13,1275979.668349015
2012-09-14,1280199.5286826899
2012-09-17,1272448.473056563
2012-09-18,1269939.7658004912
2012-09-19,1269341.0289594578
2012-09-20,1265611.4908503674
2012-09-21,1266089.086270696
2012-09-24,1264844.3255215106
2012-09-25,1257373.5422787557
2012-09-26,1252933.7215695996
2012-09-27,1260963.5739753232
2012-09-28,1255650.0881826575
2012-10-01,1256525.7404670862
2012-10-02,1257188.3267575507
2012-10-03,1258872.9882104564
2012-10-04,1260174.4137607417
2012-10-05,1257299.61589867
2012-10-08,1255966.8584090672
2012-10-09,1251747.2548222565
2012-10-10,1250733.4564634115
2012-10-11,1251862.7030964864
2012-10-12,1249880.8017580234
2012-10-15,1250094.7658451514
2012-10-16,1251582.9902087671
2012-10-17,1251339.8326223793
2012-10-18,1249755.8401893175
2012-10-19,1247908.76520189
2012-10-22,1248341.395111963
2012-10-23,1246288.2554375785
2012-10-24,1243661.4402312217
2012-10-25,1244192.601766488
2012-10-26,1245736.8552949002
2012-10-31,1246779.8647019258
2012-11-01,1247729.9520380897
2012-11-02,1246083.1754796903
2012-11-05,1247225.9337010405
2012-11-06,1248304.8312457362
2012-11-07,1250549.3141504042
2012-11-08,1252670.2215241196
2012-11-09,1253074.7538140689
2012-11-12,1253387.491801332
2012-11-13,1253247.9730464022
2012-11-14,1252172.7996797631
2012-11-15,1251090.0763895013
2012-11-16,1251847.1205718415
2012-11-19,1255061.7990377776
2012-11-20,1253310.837256674
2012-11-21,1253444.0856718007
2012-11-23,1254916.550590638
2012-11-26,1255455.4557534084
2012-11-27,1255497.4149018934
2012-11-28,1253795.6489424694
2012-11-29,1254360.1805594475
2012-11-30,1253253.8570065838
2012-12-03,1251034.9662327718
2012-12-04,1251797.6465781748
2012-12-05,1253451.6267143798
2012-12-06,1254894.8776396327
2012-12-07,1253035.259617154
2012-12-10,1254872.8560531503
2012-12-11,1257375.9749672448
2012-12-12,1258843.8269687747
2012-12-13,1257192.136625539
2012-12-14,1259080.6909710697
2012-12-17,1260613.5360170784
2012-12-18,1264595.8759512943
2012-12-19,1265281.4181799178
2012-12-20,1268263.1122707475
2012-12-21,1264132.0878571307
2012-12-24,1263124.8045733005
2012-12-26,1263907.226904762
2012-12-27,1266178.4174450797
2012-12-28,1263757.5179664707
2012-12-31,1274657.1114050185
2013-01-02,1287387.7515270854
2013-01-03,1283326.6629403925
2013-01-04,1285308.0833869332
2013-01-07,1282239.4237207093
2013-01-08,1278555.2056763507
2013-01-09,1280979.185155583
2013-01-10,1286581.7624768727
2013-01-11,1284958.0773527848
2013-01-14,1286327.855112782
2013-01-15,1285010.74602361
2013-01-16,1283848.7357121594
2013-01-17,1287675.3021635488
2013-01-18,1288651.3392382953
2013-01-22,1289585.047897202
2013-01-23,1287368.5867181185
2013-01-24,1287806.345132977
2013-01-25,1290078.0532953753
2013-01-28,1287644.5524528865
2013-01-29,1292714.664732941
2013-01-30,1291444.4534449081
2013-01-31,1290197.453447935
2013-02-01,1295276.5669508567
2013-02-04,1285866.7948324543
2013-02-05,1289618.381779708
2013-02-06,1289357.968072335
2013-02-07,1284810.80241143
2013-02-08,1289025.2754123071
2013-02-11,1289714.1266642709
2013-02-12,1291770.8638287962
2013-02-13,1293019.1101633005
2013-02-14,1291964.0137787794
2013-02-15,1289229.5211035542
2013-02-19,1293407.883584024
2013-02-20,1285615.5843038317
2013-02-21,1279986.2712608934
2013-02-22,1285167.743178989
2013-02-25,1274930.6269916045
2013-02-26,1277225.1581904786
2013-02-27,1281858.39044457
2013-02-28,1281189.191928475
2013-03-01,1281758.4880507416
2013-03-04,1282314.2035793916
2013-03-05,1285563.951108916
2013-03-06,1285248.387330316
2013-03-07,1285993.335400996
2013-03-08,1287622.1626412508
2013-03-11,1288263.9540213423
2013-03-12,1285542.5424916262
2013-03-13,1284529.21233753
2013-03-14,1287864.7174853464
2013-03-15,1286633.5228359886
2013-03-18,1282232.0196613
2013-03-19,1279958.3192788498
2013-03-20,1283960.0434809956
2013-03-21,1278553.7120166793
2013-03-22,1282847.0157049203
2013-03-25,1279969.7746179004
2013-03-26,1284947.8619572644
2013-03-27,1284520.6762896914
2013-03-28,1286311.5611015372
2013-04-01,1283149.200400221
2013-04-02,1286044.5588499506
2013-04-03,1281859.0916616346
2013-04-04,1286360.8588057403
2013-04-05,1284058.186056524
2013-04-08,1287333.8188519084
2013-04-09,1289656.3767805959
2013-04-10,1294905.2528455353
2013-04-11,1297403.2195376416
2013-04-12,1297197.781906445
2013-04-15,1286582.0727639175
2013-04-16,1294706.075065419
2013-04-17,1284090.3764633827
2013-04-18,1282284.1562600823
2013-04-19,1286505.3935824316
2013-04-22,1287878.8613427307
2013-04-23,1291444.3518308955
2013-04-24,1292675.9814082296
2013-04-25,1292957.4471505801
2013-04-26,1292556.3892621049
2013-04-29,1296227.466557811
2013-04-30,1299171.768363444
2013-05-01,1295919.810418315
2013-05-02,1300117.6031088147
2013-05-03,1303920.9818213503
2013-05-06,1305297.6513341328
2013-05-07,1306670.2589369328
2013-05-08,1309390.8594338275
2013-05-09,1306611.8383869145
2013-05-10,1308489.338654271
2013-05-13,1309402.0685900555
2013-05-14,1311424.2360961242
2013-05-15,1313945.4289140059
2013-05-16,1312021.650599407
2013-05-17,1315510.2518520774
2013-05-20,1316432.3021085046
2013-05-21,1317759.1998412297
2013-05-22,1311739.3684895372
2013-05-23,1308240.1710861344
2013-05-24,1306421.1902481173
2013-05-28,1307055.101102807
2013-05-29,1301964.3444326576
2013-05-30,1302528.1034856667
2013-05-31,1296302.506653693
2013-06-03,1298299.6184160858
2013-06-04,1294585.9613718262
2013-06-05,1289307.6516291953
2013-06-06,1293284.1840275791
2013-06-07,1297668.5341583565
2013-06-10,1297811.614235513
2013-06-11,1295966.4885047728
2013-06-12,1294401.5325158543
2013-06-13,1297550.8552911442
2013-06-14,1297447.6559817628
2013-06-17,1298288.9734053665
2013-06-18,1299303.2044440175
2013-06-19,1295710.0847124916
2013-06-20,1289870.400004891
2013-06-21,1289341.545212201
2013-06-24,1285648.1505136557
2013-06-25,1288891.5487468978
2013-06-26,1292406.2091476412
2013-06-27,1294372.6835752844
2013-06-28,1294184.5737543586
2013-07-01,1294652.0682276648
2013-07-02,1294689.4973959655
2013-07-03,1294451.6646827096
2013-07-05,1297540.4347659706
2013-07-08,1297535.3805568132
2013-07-09,1299214.7441815077
2013-07-10,1301353.7988392308
2013-07-11,1301114.1503865095
2013-07-12,1303375.9665241872
2013-07-15,1304598.3257061888
2013-07-16,1303442.464366397
2013-07-17,1305159.5222623153
2013-07-18,1307067.0005367594
2013-07-19,1306044.8419476678
2013-07-22,1305255.4281424896
2013-07-23,1303640.2344053392
2013-07-24,1302423.518772549
2013-07-25,1304610.9647831742
2013-07-26,1304359.4208941222
2013-07-29,1303522.1117130886
2013-07-30,1302973.239719
2013-07-31,1303461.309563788
2013-08-01,1307683.0349167488
2013-08-02,1309384.8558345102
2013-08-05,1309215.6391342243
2013-08-06,1307480.4406075159
2013-08-07,1306520.3223109322
2013-08-08,1308284.9075279387
2013-08-09,1307241.2005972117
2013-08-12,1306823.2709345762
2013-08-13,1309189.3556736475
2013-08-14,1307265.4819488705
2013-08-15,1300205.4408805976
2013-08-16,1299307.6548112207
2013-08-19,1296329.5172046782
2013-08-20,1299499.0850640628
2013-08-21,1296099.550186217
2013-08-22,1300553.376229944
2013-08-23,1303173.5119650983
2013-08-26,1302819.3058316964
2013-08-27,1296310.6278954223
2013-08-28,1295996.832139267
2013-08-29,1292425.2244607753
2013-08-30,1287787.506952514
2013-09-03,1294613.833175944
2013-09-04,1293288.878325359
2013-09-05,1292361.806530088
2013-09-06,1294059.8934251943
2013-09-09,1296327.5275316022
2013-09-10,1297337.914720322
2013-09-11,1298495.8957919797
2013-09-12,1297223.1665497092
2013-09-13,1298694.0336360468
2013-09-16,1299615.3660076384
2013-09-17,1300763.7161636462
2013-09-18,1308865.0542447376
2013-09-19,1308055.1255648863
2013-09-20,1303882.0663394881
2013-09-23,1303017.2647648838
2013-09-24,1301470.2117228124
2013-09-25,1300425.2945265018
2013-09-26,1303337.171181836
2013-09-27,1301322.5908099134
2013-09-30,1298018.3814323107
2013-10-01,1304001.2152662536
2013-10-02,1302799.2754076961
2013-10-03,1298192.774180098
2013-10-04,1301313.994038336
2013-10-07,1296774.2990360593
2013-10-08,1291182.3462084555
2013-10-09,1291027.2316037605
2013-10-10,1301451.5133353688
2013-10-11,1303302.4992079125
2013-10-14,1304986.1114097373
2013-10-15,1303036.167484526
2013-10-16,1307251.6169361183
2013-10-17,1311057.5418705642
2013-10-18,1315454.4481115015
2013-10-21,1316138.0862883064
2013-10-22,1319246.1864687274
2013-10-23,1315432.7270316153
2013-10-24,1317646.1866614004
2013-10-25,1319577.4822912482
2013-10-28,1319788.0549321254
2013-10-29,1321733.138899901
2013-10-30,1319390.0766264866
2013-10-31,1317098.5368803027
2013-11-01,1315831.4926095037
2013-11-04,1318792.0810271087
2013-11-05,1314851.2255052617
2013-11-06,1317840.827207447
2013-11-07,1309873.8730765283
2013-11-08,1318281.1354693733
2013-11-11,1317833.0923447316
2013-11-12,1316895.473596909
2013-11-13,1320365.8542903517
2013-11-14,1323697.4571887425
2013-11-15,1327030.1920029249
2013-11-18,1325019.8090526455
2013-11-19,1323812.4851739123
2013-11-20,1321723.7727375138
2013-11-21,1326177.213412722
2013-11-22,1328428.032817159
2013-11-25,1328130.4040115736
2013-11-26,1329019.0645434684
2013-11-27,1330987.8318052937
2013-11-29,1332176.022872324
2013-12-02,1329961.0084318852
2013-12-03,1328068.874902046
2013-12-04,1327857.2788030317
2013-12-05,1324877.9529187682
2013-12-06,1333312.4153264323
2013-12-09,1334985.4243609828
2013-12-10,1333996.8674258809
2013-12-11,1328403.412508622
2013-12-12,1326184.4974438406
2013-12-13,1325570.3790791498
2013-12-16,1330130.9021514535
2013-12-17,1328462.4684640379
2013-12-18,1336478.7375792037
2013-12-19,1335737.5903248542
2013-12-20,1338979.269345641
2013-12-23,1342642.5269023788
2013-12-24,1343371.3854146688
2013-12-26,1345406.7995078147
2013-12-27,1345567.544048061
2013-12-30,1345861.874577821
2013-12-31,1348433.61631713
2014-01-02,1342469.1951739858
2014-01-03,1341578.283017052
2014-01-06,1340361.2877879664
2014-01-07,1344194.2268781501
2014-01-08,1344584.7174305697
2014-01-09,1344122.0400530037
2014-01-10,1346720.2843685017
2014-01-13,1340711.5306958177
2014-01-14,1347586.2826440514
2014-01-15,1351130.772605776
2014-01-16,1350832.53634924
2014-01-17,1348689.9747290385
2014-01-21,1351788.6369141084
2014-01-22,1352549.7665891987
2014-01-23,1349684.1646943493
2014-01-24,1338126.1334018558
2014-01-27,1332031.5032994708
2014-01-28,1335468.4011796187
2014-01-29,1331503.9378828204
2014-01-30,1336141.089236592
2014-01-31,1331858.0416544233
2014-02-03,1329233.6462888008
2014-02-04,1329969.9522056219
2014-02-05,1329164.9274586388
2014-02-06,1332277.984121111
2014-02-07,1334760.3608986223
2014-02-10,1334730.4318371962
2014-02-11,1337057.1654857856
2014-02-12,1337244.1864131233
2014-02-13,1339322.4847177519
2014-02-14,1341745.8319095739
2014-02-18,1344732.9733523666
2014-02-19,1340025.0822058166
2014-02-20,1344284.2828105674
2014-02-21,1343423.3081606976
2014-02-24,1347871.3836001076
2014-02-25,1345881.0336689155
2014-02-26,1342431.3777196107
2014-02-27,1344784.2124928485
2014-02-28,1345004.6311705413
2014-03-03,1344789.7022176494
2014-03-04,1350945.1426287023
2014-03-05,1349455.1508836718
2014-03-06,1353202.4139536945
2014-03-07,1347759.5198483441
2014-03-10,1345817.4643457269
2014-03-11,1343960.5523669499
2014-03-12,1345214.5776651837
2014-03-13,1337391.7144152708
2014-03-14,1336473.1022508396
2014-03-17,1341934.8216551943
2014-03-18,1345914.1648005296
2014-03-19,1340886.3515947268
2014-03-20,1341324.4630397023
2014-03-21,1338738.01233329
2014-03-24,1335874.8615542944
2014-03-25,1338004.0486894073
2014-03-26,1333608.0842699825
2014-03-27,1332877.2550336502
2014-03-28,1333670.4297043926
2014-03-31,1338458.4006668874
2014-04-01,1341308.3156967047
2014-04-02,1341632.3408268397
2014-04-03,1341017.4079296826
2014-04-04,1339059.7937919272
2014-04-07,1337211.826061108
2014-04-08,1341142.091310995
2014-04-09,1346334.2703667043
2014-04-10,1340022.7963297577
2014-04-11,1337743.8642364456
2014-04-14,1338985.0583283945
2014-04-15,1342171.438612633
2014-04-16,1346645.810786132
2014-04-17,1345523.2270800394
2014-04-21,1346000.724418597
2014-04-22,1347180.6165035823
2014-04-23,1346611.1255100237
2014-04-24,1348458.0147373937
2014-04-25,1345607.1420322193
2014-04-28,1345914.0166290333
2014-04-29,1347724.9899100314
2014-04-30,1348900.6869030073
2014-05-01,1350791.0606514656
2014-05-02,1351674.2736886141
2014-05-05,1351121.6279454874
2014-05-06,1350207.2097389242
2014-05-07,1353262.6490050345
2014-05-08,1352647.9652787608
2014-05-09,1351946.155068049
2014-05-12,1353663.0768278034
2014-05-13,1354490.2989417564
2014-05-14,1356266.142202859
2014-05-15,1353511.208044985
2014-05-16,1357704.3834843207
2014-05-19,1356605.393171596
2014-05-20,1353535.189756925
2014-05-21,1354946.3311956588
2014-05-22,1355919.5157635417
2014-05-23,1359538.8977740544
2014-05-27,1361447.4633570109
2014-05-28,1361950.5406145302
2014-05-29,1363866.366646172
2014-05-30,1361810.254178042
2014-06-02,1361600.7530436583
2014-06-03,1359442.9578645567
2014-06-04,1358857.8322877788
2014-06-05,1365614.4953629586
2014-06-06,1368151.6455135257
2014-06-09,1366198.733081362
2014-06-10,1365369.1561985284
2014-06-11,1363832.1775011027
2014-06-12,1362943.6494521915
2014-06-13,1364192.6968548987
2014-06-16,1363245.9167560376
2014-06-17,1364243.8078513683
2014-06-18,1370007.4342082308
2014-06-19,1370113.5066972885
2014-06-20,1372061.957820777
2014-06-23,1369842.1886571306
2014-06-24,1370073.411761033
2014-06-25,1372222.294587383
2014-06-26,1371938.21498325
2014-06-27,1373920.9435395175
2014-06-30,1372852.912868023
2014-07-01,1376606.025561938
2014-07-02,1375726.111189797
2014-07-03,1376141.3678296339
2014-07-07,1375778.5720228138
2014-07-08,1374074.9644504066
2014-07-09,1377046.6151272608
2014-07-10,1376419.3561852132
2014-07-11,1378252.3331321557
2014-07-14,1378665.1179120562
2014-07-15,1376280.9398420095
2014-07-16,1378904.0440870689
2014-07-17,1371816.2778862943
2014-07-18,1380421.1649880295
2014-07-21,1380292.5231038257
2014-07-22,1384241.6166665093
2014-07-23,1385616.517034889
2014-07-24,1384171.330170472
2014-07-25,1384150.9995023883
2014-07-28,1386215.3716755253
2014-07-29,1384668.9151795297
2014-07-30,1380557.5105401855
2014-07-31,1366390.0106871058
2014-08-01,1365915.297492596
2014-08-04,1372520.0207674305
2014-08-05,1364345.4159589785
2014-08-06,1362606.83987305
2014-08-07,1362506.3211148772
2014-08-08,1367958.4282990692
2014-08-11,1372683.7088008933
2014-08-12,1371706.045123557
2014-08-13,1377843.4362332653
2014-08-14,1379576.312781039
2014-08-15,1380696.9515633113
2014-08-18,1383532.7744796954
2014-08-19,1384932.3009748773
2014-08-20,1385412.8029432145
2014-08-21,1385159.1020234947
2014-08-22,1383822.2314826406
2014-08-25,1386537.2588459335
2014-08-26,1388235.2432345776
2014-08-27,1390781.8787707682
2014-08-28,1388767.3540911782
2014-08-29,1390160.113439707
2014-09-02,1387981.2116100106
2014-09-03,1391752.8005316963
2014-09-04,1388841.3911533172
2014-09-05,1393904.4663173754
2014-09-08,1390880.2406253803
2014-09-09,1384888.3968629139
2014-09-10,1382476.477577697
2014-09-11,1382326.4250741168
2014-09-12,1372426.6855886881
2014-09-15,1370228.716914805
2014-09-16,1377592.7033736613
2014-09-17,1377244.8575823086
2014-09-18,1378020.0714929537
2014-09-19,1377236.2577205624
2014-09-22,1372951.7656409792
2014-09-23,1370394.2207496155
2014-09-24,1375420.7090570717
2014-09-25,1365994.6721201276
2014-09-26,1370204.5920704328
2014-09-29,1367535.9309872566
2014-09-30,1366015.728064362
2014-10-01,1361920.4970670512
2014-10-02,1360110.135145481
2014-10-03,1365178.9309417938
2014-10-06,1366297.3172503465
2014-10-07,1366185.7197268247
2014-10-08,1368066.210311078
2014-10-09,1364878.1708108452
2014-10-10,1366208.2610288928
2014-10-13,1366075.469317336
2014-10-14,1366026.0413935466
2014-10-15,1367561.9688544867
2014-10-16,1362885.62632249
2014-10-17,1365557.8405001783
2014-10-20,1366735.0471913947
2014-10-21,1367524.4737793917
2014-10-22,1367021.8776168134
2014-10-23,1366968.0149024988
2014-10-24,1368018.4862989737
2014-10-27,1368164.6200363643
2014-10-28,1369246.1935478193
2014-10-29,1368977.3890672699
2014-10-30,1370419.4794390455
2014-10-31,1373230.0459821352
2014-11-03,1374885.8592050073
2014-11-04,1374148.172256366
2014-11-05,1374968.0657798112
2014-11-06,1374834.9667726792
2014-11-07,1374717.9705182672
2014-11-10,1377323.557461017
2014-11-11,1377331.000352912
2014-11-12,1376118.3396539744
2014-11-13,1377985.3327728026
2014-11-14,1377104.3146504003
2014-11-17,1377770.330822883
2014-11-18,1381033.468888533
2014-11-19,1377792.8852092351
2014-11-20,1380094.2054199267
2014-11-21,1383329.3086019198
2014-11-24,1385715.4885155724
2014-11-25,1386202.9609143443
2014-11-26,1389393.357998079
2014-11-28,1390276.9827657326
2014-12-01,1385469.1557020743
2014-12-02,1386677.8529072213
2014-12-03,1388345.6238702354
2014-12-04,1389982.87643962
2014-12-05,1388343.283313679
2014-12-08,1389871.6359424882
2014-12-09,1393500.3133823583
2014-12-10,1388979.6364606132
2014-12-11,1391739.7540887434
2014-12-12,1387185.5554950244
2014-12-15,1380737.711284386
2014-12-16,1378903.93371563
2014-12-17,1384860.2852253816
2014-12-18,1384785.1965882208
2014-12-19,1387149.7038465433
2014-12-22,1390437.5650746333
2014-12-23,1386345.577198382
2014-12-24,1386203.7585016715
2014-12-26,1387505.6296111017
2014-12-29,1389359.8368259668
2014-12-30,1389150.6576615341
2014-12-31,1385659.6173290901
2015-01-02,1388185.1033947887
2015-01-05,1386448.8662284396
2015-01-06,1388785.9130333962
2015-01-07,1392628.674049127
2015-01-08,1392467.4915714513
2015-01-09,1395927.5499487745
2015-01-12,1398924.0409392468
2015-01-13,1398728.079777724
2015-01-14,1402417.7993166847
2015-01-15,1406931.5932873802
2015-01-16,1407581.8210610496
2015-01-20,1412408.7602239938
2015-01-21,1410199.3750079381
2015-01-22,1415622.9448136662
2015-01-23,1417635.2479429138
2015-01-26,1415319.5186391482
2015-01-27,1417996.490411271
2015-01-28,1419409.3419938474
2015-01-29,1413026.5341569462
2015-01-30,1412348.3991031784
2015-02-02,1411062.9910320363
2015-02-03,1406371.3587515615
2015-02-04,1405718.7890467232
2015-02-05,1404824.1886424893
2015-02-06,1398372.8978302944
2015-02-09,1397519.5061265284
2015-02-10,1397094.49584203
2015-02-11,1397066.1408349292
2015-02-12,1398097.4139217604
2015-02-13,1397492.17565261
2015-02-17,1396019.7162672943
2015-02-18,1397951.5426074662
2015-02-19,1395775.8892234904
2015-02-20,1398908.8374890196
2015-02-23,1401172.7038852843
2015-02-24,1400921.333819892
2015-02-25,1400955.39147162
2015-02-26,1399248.4567697397
2015-02-27,1399827.6900109693
2015-03-02,1400826.0388087248
2015-03-03,1399120.2903674566
2015-03-04,1397169.8319139977
2015-03-05,1397818.9999706105
2015-03-06,1389039.7992167517
2015-03-09,1391768.9848517883
2015-03-10,1386654.3806689936
2015-03-11,1385616.0786746184
2015-03-12,1389991.6355196384
2015-03-13,1388238.3665477836
2015-03-16,1393701.7026016137
2015-03-17,1394168.8742132238
2015-03-18,1400165.5221255657
2015-03-19,1399426.967513945
2015-03-20,1403822.3157787728
2015-03-23,1403283.3689342837
2015-03-24,1402517.792532381
2015-03-25,1396469.9114628707
2015-03-26,1394475.572252325
2015-03-27,1396841.993861953
2015-03-30,1402159.1891497402
2015-03-31,1399044.2690295037
2015-04-01,1399333.535974682
2015-04-02,1399545.527872682
2015-04-06,1401725.2034257334
2015-04-07,1400122.8760155353
2015-04-08,1403087.0870663275
2015-04-09,1401914.3622916183
2015-04-10,1403251.4081471907
2015-04-13,1401417.106242767
2015-04-14,1403406.3266948692
2015-04-15,1404830.9109810274
2015-04-16,1405397.324247237
2015-04-17,1400685.9881903173
2015-04-20,1402853.3757425412
2015-04-21,1404520.1106354622
2015-04-22,1405424.3691584961
2015-04-23,1407695.0078292203
2015-04-24,1410964.704876306
2015-04-27,1410518.846562434
2015-04-28,1409451.1765307288
2015-04-29,1402887.114529945
2015-04-30,1395729.76901137
2015-05-01,1400533.9242221012
2015-05-04,1400985.6801128527
2015-05-05,1394887.829976794
2015-05-06,1392470.9906426913
2015-05-07,1391507.1839347563
2015-05-08,1400690.9324704043
2015-05-11,1395612.2481191705
2015-05-12,1396895.185926735
2015-05-13,1397555.2474510742
2015-05-14,1402624.0206419611
2015-05-15,1404860.5395426601
2015-05-18,1403684.028082771
2015-05-19,1396239.6747397077
2015-05-20,1397251.9967379195
2015-05-21,1401857.1508481984
2015-05-22,1399708.2871845935
2015-05-26,1393109.9122282646
2015-05-27,1400345.0347180958
2015-05-28,1398795.0675975922
2015-05-29,1395587.2606389432
2015-06-01,1394875.4723008287
2015-06-02,1395613.4499012905
2015-06-03,1396998.1085803404
2015-06-04,1391818.3605745526
2015-06-05,1388703.8453007701
2015-06-08,1385805.592569252
2015-06-09,1384545.2322776415
2015-06-10,1393735.1385079562
2015-06-11,1395174.2460977964
2015-06-12,1392610.8298307087
2015-06-15,1391060.2161426786
2015-06-16,1392463.5038162654
2015-06-17,1392848.3696550722
2015-06-18,1396665.085385619
2015-06-19,1395377.4534797487
2015-06-22,1398590.1292418533
2015-06-23,1399095.1599723538
2015-06-24,1396771.8536345495
2015-06-25,1396143.7285997423
2015-06-26,1395611.5464349499
2015-06-29,1385681.0698876712
2015-06-30,1385610.3282845214
2015-07-01,1389551.3005639808
2015-07-02,1389871.3623127749
2015-07-06,1384826.766344839
2015-07-07,1384727.749251908
2015-07-08,1374418.4685219089
2015-07-09,1375952.3570824494
2015-07-10,1386855.4470863289
2015-07-13,1391977.7127361468
2015-07-14,1393784.7461600788
2015-07-15,1392736.0762795287
2015-07-16,1396394.5052381505
2015-07-17,1398014.4809617363
2015-07-20,1398394.4806044044
2015-07-21,1397826.5390129022
2015-07-22,1394123.0849304125
2015-07-23,1392155.7942358262
2015-07-24,1386979.8426581032
2015-07-27,1382174.119959357
2015-07-28,1388410.1089863877
2015-07-29,1391346.120681714
2015-07-30,1390703.4705009833
2015-07-31,1392014.9823953866
2015-08-03,1390048.697567028
2015-08-04,1389304.8751033403
2015-08-05,1390648.385643148
2015-08-06,1388292.8690578062
2015-08-07,1388768.7690999007
2015-08-10,1391967.5049130842
2015-08-11,1389362.1965910047
2015-08-12,1387374.6757781368
2015-08-13,1386964.4679008033
2015-08-14,1387945.0731746575
2015-08-17,1389118.0464677038
2015-08-18,1387500.8426458922
2015-08-19,1386284.213471932
2015-08-20,1381705.9128511269
2015-08-21,1371401.332438976
2015-08-24,1351093.1083288589
2015-08-25,1349929.756427243
2015-08-26,1350035.8405788348
2015-08-27,1350141.9330670438
2015-08-28,1350248.033892525
2015-08-31,1350354.143055933
2015-09-01,1350414.7908791334
2015-09-02,1350498.3826198725
2015-09-03,1350615.1616570787
2015-09-04,1350698.7471373132
2015-09-08,1350798.9312085195
2015-09-09,1350899.208353599
2015-09-10,1350983.454787995
2015-09-11,1351099.9325640223
2015-09-14,1351200.4013558356
2015-09-15,1351285.0252994113
2015-09-16,1351385.5956440114
2015-09-17,1351486.27709385
2015-09-18,1351586.9328380227
2015-09-21,1351702.9329164803
2015-09-22,1351803.6584775636
2015-09-23,1351889.3970232445
2015-09-24,1351990.1743486235
2015-09-25,1352090.9463322896
2015-09-28,1352205.5508427757
2015-09-29,1352307.1267234117
2015-09-30,1352396.2381653027
2015-10-01,1352510.5223328464
2015-10-02,1352613.2011650803
2015-10-05,1352706.020015495
2015-10-06,1352808.7565458461
2015-10-07,1353744.1981753448
2015-10-08,1351104.3643098495
2015-10-09,1352323.2271656517
2015-10-12,1352501.1562296317
2015-10-13,1352848.069905206
2015-10-14,1355134.1781006914
2015-10-15,1355007.8101812548
2015-10-16,1353326.488822382
2015-10-19,1351584.3841183907
2015-10-20,1353000.692101667
2015-10-21,1350583.5936990133
2015-10-22,1351494.200965721
2015-10-23,1351468.1293627322
2015-10-26,1351481.911719035
2015-10-27,1352154.8012298078
2015-10-28,1353118.8791307753
2015-10-29,1350401.7986093292
2015-10-30,1351412.2098214407
2015-11-02,1353247.1357674038
2015-11-03,1350745.8884642487
2015-11-04,1350600.9839442715
2015-11-05,1351118.0703247637
2015-11-06,1343569.710058491
2015-11-09,1341541.9827485096
2015-11-10,1342429.972678036
2015-11-11,1342118.9265067326
2015-11-12,1340405.322744153
2015-11-13,1337250.7153006394
2015-11-16,1339490.272992068
2015-11-17,1339693.6156530608
2015-11-18,1341723.3789476051
2015-11-19,1342423.965498153
2015-11-20,1343068.6603943626
2015-11-23,1343464.9369188342
2015-11-24,1343259.1885925955
2015-11-25,1343713.1699060465
2015-11-27,1344241.1284207567
2015-11-30,1344146.4569194051
2015-12-01,1345759.8204807746
2015-12-02,1343779.3946664373
2015-12-03,1339327.6596765784
2015-12-04,1343920.8914723531
2015-12-07,1343768.2802803626
2015-12-08,1343847.0353091785
2015-12-09,1341577.7239943508
2015-12-10,1341945.1623866358
2015-12-11,1340153.1987206242
2015-12-14,1340082.7902557582
2015-12-15,1340652.253907281
2015-12-16,1342075.4934090835
2015-12-17,1342559.202995955
2015-12-18,1342381.106015202
2015-12-21,1342641.9745417773
2015-12-22,1342591.6034687308
2015-12-23,1342809.0414652452
2015-12-24,1343161.561864009
2015-12-28,1343638.1425984097
2015-12-29,1343474.9315343716
2015-12-30,1342881.0082123224
2015-12-31,1341465.529315357
2016-01-04,1339652.4484453795
2016-01-05,1342657.327143681
2016-01-06,1342215.8207261022
2016-01-07,1336493.472827614
2016-01-08,1334089.2209281127
2016-01-11,1334138.402352647
2016-01-12,1335516.435138695
2016-01-13,1335719.0013606728
2016-01-14,1334747.7748144886
2016-01-15,1336235.9282551617
2016-01-19,1336442.3000675924
2016-01-20,1337433.3479533137
2016-01-21,1336181.2664194196
2016-01-22,1337031.7781139372
2016-01-25,1338043.6214197155
2016-01-26,1339520.33756271
2016-01-27,1338734.2394569493
2016-01-28,1338149.7679402223
2016-01-29,1341697.4731742311
2016-02-01,1341447.3156698688
2016-02-02,1346076.7757193444
2016-02-03,1345339.9136035214
2016-02-04,1348026.1534897115
2016-02-05,1350871.6529562585
2016-02-08,1358683.3848588297
2016-02-09,1358503.2958707567
2016-02-10,1361802.092795125
2016-02-11,1369618.5440948212
2016-02-12,1364868.979263823
2016-02-16,1358481.71962552
2016-02-17,1358059.4730423235
2016-02-18,1361126.6677117527
2016-02-19,1360558.8640600466
2016-02-22,1358637.94468468
2016-02-23,1359923.1052100775
2016-02-24,1360105.9586756406
2016-02-25,1360589.6667831528
2016-02-26,1359659.0945257586
2016-02-29,1360835.4056150229
2016-03-01,1359407.6603355287
2016-03-02,1360223.3849852988
2016-03-03,1361595.8308964288
2016-03-04,1360495.1299424034
2016-03-07,1361528.4084269837
2016-03-08,1361358.23437337
2016-03-09,1359483.941926915
2016-03-10,1362409.8918415112
2016-03-11,1358576.4001172548
2016-03-14,1356536.3339300028
2016-03-15,1356874.9733132333
2016-03-16,1362839.9768686322
2016-03-17,1364201.2999455535
2016-03-18,1363143.098370266
2016-03-21,1360570.9683673063
2016-03-22,1361421.9522969597
2016-03-23,1355456.2491040798
2016-03-24,1354745.6415705932
2016-03-28,1356675.565732299
2016-03-29,1363740.027062526
2016-03-30,1360755.7500543797
2016-03-31,1362531.1420744595
2016-04-01,1360614.442411892
2016-04-04,1359467.2945995685
2016-04-05,1356397.3698785692
2016-04-06,1358925.6465936159
2016-04-07,1355516.3268246595
2016-04-08,1356653.3581329198
2016-04-11,1356081.7653745997
2016-04-12,1358335.7535377324
2016-04-13,1358781.3364235847
2016-04-14,1357485.262011089
2016-04-15,1358716.563217048
2016-04-18,1360414.1588137161
2016-04-19,1363201.1884546184
2016-04-20,1362570.64430659
2016-04-21,1358430.5586589137
2016-04-22,1360232.8970645282
2016-04-25,1362864.6606510975
2016-04-26,1364098.6745600991
2016-04-27,1362407.3641569153
2016-04-28,1359353.8008881854
2016-04-29,1356074.3063605297
2016-05-02,1357197.708522826
2016-05-03,1352229.9750770861
2016-05-04,1349945.215364989
2016-05-05,1350581.835252356
2016-05-06,1353852.2322816546
2016-05-09,1349080.4236654222
2016-05-10,1352150.9319075446
2016-05-11,1352658.1562097936
2016-05-12,1351904.0733970883
2016-05-13,1352308.226980529
2016-05-16,1353890.189807074
2016-05-17,1353253.2592617385
2016-05-18,1346202.115875922
2016-05-19,1345655.2110241188
2016-05-20,1345756.8305723376
2016-05-23,1345431.8156888224
2016-05-24,1344427.9228273658
2016-05-25,1344929.089693383
2016-05-26,1344957.1035812753
2016-05-27,1344615.1905628198
2016-05-31,1344298.3854153613
2016-06-01,1345252.719282498
2016-06-02,1346466.4061375912
2016-06-03,1349825.709367313
2016-06-06,1352907.9769194287
2016-06-07,1354681.9437454815
2016-06-08,1359773.5670041796
2016-06-09,1360721.21654303
2016-06-10,1358706.4944418222
2016-06-13,1358668.027676641
2016-06-14,1355054.684157984
2016-06-15,1356294.3648835078
2016-06-16,1353952.55089571
2016-06-17,1356672.1745574048
2016-06-20,1358027.1486056587
2016-06-21,1354175.8076418678
2016-06-22,1353664.9993840388
2016-06-23,1353656.8684274598
2016-06-24,1353632.5334253032
2016-06-27,1354065.3094413343
2016-06-28,1356557.4454859726
2016-06-29,1361188.1486368391
2016-06-30,1365052.821664447
2016-07-01,1374468.5866792963
2016-07-05,1376239.9310971878
2016-07-06,1377950.898913049
2016-07-07,1372502.33005485
2016-07-08,1378836.6289543838
2016-07-11,1375753.1552473698
2016-07-12,1368843.2987551375
2016-07-13,1373619.6877339336
2016-07-14,1370358.7661696891
2016-07-15,1367377.2246781306
2016-07-18,1369571.381904049
2016-07-19,1368621.5194898164
2016-07-20,1367122.5142834955
2016-07-21,1369101.753110447
2016-07-22,1370556.0339198092
2016-07-25,1365669.7386788623
2016-07-26,1367876.6337276285
2016-07-27,1371269.151421206
2016-07-28,1371990.8837925522
2016-07-29,1377727.0244133638
2016-08-01,1376901.6632077736
2016-08-02,1373212.4672293179
2016-08-03,1374338.1323213195
2016-08-04,1375115.9829891832
2016-08-05,1375856.601820118
2016-08-08,1376810.3499861897
2016-08-09,1379725.1889650477
2016-08-10,1379910.9698958881
2016-08-11,1379333.6994511476
2016-08-12,1378994.032378318
2016-08-15,1381895.4945789287
2016-08-16,1378881.7080943664
2016-08-17,1378387.84602459
2016-08-18,1380756.800171375
2016-08-19,1377219.9724906692
2016-08-22,1375970.239689577
2016-08-23,1376249.9589292258
2016-08-24,1373302.0953823356
2016-08-25,1372589.3373886652
2016-08-26,1369454.1016918905
2016-08-29,1373834.917607869
2016-08-30,1370711.0417156983
2016-08-31,1368280.912839314
2016-09-01,1370509.3670750828
2016-09-02,1378620.4671434413
2016-09-06,1387558.7559167794
2016-09-07,1387208.0120039189
2016-09-08,1384092.0429487564
2016-09-09,1366667.41677038
2016-09-12,1380011.2077795505
2016-09-13,1362423.3838256309
2016-09-14,1364315.2601273935
2016-09-15,1372731.003295313
2016-09-16,1370545.5167801548
2016-09-19,1372102.3592740132
2016-09-20,1372297.7689237506
2016-09-21,1378941.5730153397
2016-09-22,1382711.5993457565
2016-09-23,1380563.9738011153
2016-09-26,1377639.694453269
2016-09-27,1380292.6651700544
2016-09-28,1382796.2958798565
2016-09-29,1378080.595676208
2016-09-30,1379901.990715536
2016-10-03,1379875.0836543667
2016-10-04,1376577.0046658593
2016-10-05,1379772.9308459056
2016-10-06,1379796.6740441667
2016-10-07,1377781.5078023595
2016-10-10,1382963.839144691
2016-10-11,1376570.2374445167
2016-10-12,1374038.0070420098
2016-10-13,1373659.3591959395
2016-10-14,1371997.6551244287
2016-10-17,1370339.1264958933
2016-10-18,1377546.2382303078
2016-10-19,1381384.6640901002
2016-10-20,1378261.9520042161
2016-10-21,1379518.3714939938
2016-10-24,1381064.1484944832
2016-10-25,1378723.8024168396
2016-10-26,1374792.8992593843
2016-10-27,1374812.6535078746
2016-10-28,1370746.3951289488
2016-10-31,1368291.5596463475
2016-11-01,1363623.7482144223
2016-11-02,1356072.367673847
2016-11-03,1351203.8324835468
2016-11-04,1348915.7223920377
2016-11-07,1360919.6329652013
2016-11-08,1361158.1902975715
2016-11-09,1358354.4422016225
2016-11-10,1354811.1382304232
2016-11-11,1351212.567368433
2016-11-14,1350367.8933584928
2016-11-15,1355517.402674593
2016-11-16,1353309.8329454928
2016-11-17,1354184.74021692
2016-11-18,1354167.375716042
2016-11-21,1358785.2585518104
2016-11-22,1361040.8787507461
2016-11-23,1360599.8220837708
2016-11-25,1360733.9487631388
2016-11-28,1361099.2097919004
2016-11-29,1359665.8791677908
2016-11-30,1363238.8605837391
2016-12-01,1364029.9058593921
2016-12-02,1365239.9480645629
2016-12-05,1369755.7730142365
2016-12-06,1370498.8127890094
2016-12-07,1372934.2372438707
2016-12-08,1374107.1896157097
2016-12-09,1375586.337350502
2016-12-12,1375953.0563543339
2016-12-13,1378505.1052710612
2016-12-14,1372462.8183439495
2016-12-15,1373398.8463891563
2016-12-16,1372894.7504293108
2016-12-19,1372487.9753178195
2016-12-20,1374833.8961710965
2016-12-21,1373026.0383768426
2016-12-22,1371171.3810751964
2016-12-23,1372369.0392721905
2016-12-27,1376112.553910496
2016-12-28,1376566.3972895292
2016-12-29,1378562.1406230708
2016-12-30,1376007.9526548092
2017-01-03,1381193.113997566
2017-01-04,1387203.491506678
2017-01-05,1385263.86326572
2017-01-06,1386922.960580874
2017-01-09,1384202.9725742817
2017-01-10,1383412.9439296494
2017-01-11,1387668.4968729499
2017-01-12,1389426.5088761023
2017-01-13,1390604.2624698102
2017-01-17,1389133.1997071628
2017-01-18,1387637.9809400712
2017-01-19,1386001.4859111493
2017-01-20,1390075.5514096702
2017-01-23,1390251.5607385726
2017-01-24,1393567.5890039932
2017-01-25,1397803.3679212118
2017-01-26,1397580.3489914415
2017-01-27,1396015.775357161
2017-01-30,1390922.6915732387
2017-01-31,1391930.0670950443
2017-02-01,1396150.0661142154
2017-02-02,1396781.4265660895
2017-02-03,1399728.787143825
2017-02-06,1396947.707236195
2017-02-07,1395696.452268758
2017-02-08,1398988.8514279332
2017-02-09,1402453.8779077095
2017-02-10,1409423.4878841632
2017-02-13,1408773.1116247338
2017-02-14,1410972.8814398313
2017-02-15,1415519.506297565
2017-02-16,1414101.3540963104
2017-02-17,1413233.8974411339
2017-02-21,1416947.7951988063
2017-02-22,1415691.4107703972
2017-02-23,1417462.8635719302
2017-02-24,1415264.7616383464
2017-02-27,1414432.387265508
2017-02-28,1412843.586382992
2017-03-01,1422992.18885923
2017-03-02,1410532.4451965762
2017-03-03,1413476.2447350323
2017-03-06,1411544.30549643
2017-03-07,1408917.9671642692
2017-03-08,1402669.7970059174
2017-03-09,1401930.3512520604
2017-03-10,1403780.8199400662
2017-03-13,1405384.5054934213
2017-03-14,1402981.0511065235
2017-03-15,1407824.1199314508
2017-03-16,1407480.9847956728
2017-03-17,1407393.2216278356
2017-03-20,1408501.8100588317
2017-03-21,1399090.0329719968
2017-03-22,1401797.4318367448
2017-03-23,1401754.4854937561
2017-03-24,1402869.6296532408
2017-03-27,1402534.5586952593
2017-03-28,1407607.833583439
2017-03-29,1409259.4660325442
2017-03-30,1409578.8522392367
2017-03-31,1408409.7567746083
2017-04-03,1409182.2532226613
2017-04-04,1409654.2677149437
2017-04-05,1407378.7718121912
2017-04-06,1409082.611686048
2017-04-07,1408110.0287416116
2017-04-10,1407219.7358433413
2017-04-11,1405418.7894044106
2017-04-12,1403760.5415797422
2017-04-13,1399147.058658586
2017-04-17,1406725.6107655927
2017-04-18,1403761.026276741
2017-04-19,1401383.721224233
2017-04-20,1405557.378795812
2017-04-21,1404940.268870582
2017-04-24,1411326.0309989667
2017-04-25,1414200.1333053699
2017-04-26,1412487.3509911755
2017-04-27,1413447.055953059
2017-04-28,1411964.2017519588
2017-05-01,1419264.606036215
2017-05-02,1420256.3960726482
2017-05-03,1422184.1837904884
2017-05-04,1424486.1224989188
2017-05-05,1430462.5465032966
2017-05-08,1431395.533706416
2017-05-09,1436782.374583202
2017-05-10,1438362.1898096858
2017-05-11,1437603.1458214514
2017-05-12,1439224.498140037
2017-05-15,1443115.3152310955
2017-05-16,1444971.6599471811
2017-05-17,1433647.2547367546
2017-05-18,1435103.3252610588
2017-05-19,1441804.9539423708
2017-05-22,1445653.6502196565
2017-05-23,1446772.440317128
2017-05-24,1448024.269709615
2017-05-25,1449389.8317747207
2017-05-26,1446954.0193175233
2017-05-30,1446670.2445248808
2017-05-31,1445592.9838311737
2017-06-01,1452656.7179947575
2017-06-02,1457702.2072235872
2017-06-05,1456119.1906021666
2017-06-06,1455147.204326254
2017-06-07,1455023.8479506227
2017-06-08,1455532.3195742704
2017-06-09,1447533.4513576576
2017-06-12,1445925.291541189
2017-06-13,1450489.99051053
2017-06-14,1449934.3908829286
2017-06-15,1443960.0812932167
2017-06-16,1445786.8809275986
2017-06-19,1452922.4038586859
2017-06-20,1448042.0639602453
2017-06-21,1448677.675481259
2017-06-22,1450231.1586979027
2017-06-23,1452240.596358692
2017-06-26,1455908.1332129987
2017-06-27,1451158.4994267814
2017-06-28,1457519.5098366996
2017-06-29,1447561.5511971512
2017-06-30,1449109.3897914928
2017-07-03,1450397.0421108794
2017-07-05,1450069.5287396812
2017-07-06,1443345.133292734
2017-07-07,1445451.2166479777
2017-07-10,1448594.9387271476
2017-07-11,1451193.0203787542
2017-07-12,1458536.1683656757
2017-07-13,1460631.6444260697
2017-07-14,1465837.929224146
2017-07-17,1464272.1168830208
2017-07-18,1465370.4437334058
2017-07-19,1468997.2688723896
2017-07-20,1469455.942816937
2017-07-21,1468378.4372978227
2017-07-24,1469165.9758115096
2017-07-25,1468741.822325633
2017-07-26,1472711.398514554
2017-07-27,1469176.4586101733
2017-07-28,1469642.6112782515
2017-07-31,1469819.616082129
2017-08-01,1471484.925987653
2017-08-02,1472179.7266639096
2017-08-03,1470412.5391558248
2017-08-04,1472320.4151257155
2017-08-07,1475523.4495012471
2017-08-08,1473626.2794074316
2017-08-09,1469906.1073901756
2017-08-10,1456380.1579878263
2017-08-11,1457796.1506167941
2017-08-14,1464982.2644836165
2017-08-15,1463075.84274498
2017-08-16,1466094.6395409214
2017-08-17,1459215.6710617612
2017-08-18,1461330.0375243435
2017-08-21,1461998.5084485207
2017-08-22,1468847.1338690394
2017-08-23,1468365.1056195796
2017-08-24,1468239.7553074795
2017-08-25,1470749.773561705
2017-08-28,1470143.255551276
2017-08-29,1467276.548138702
2017-08-30,1470697.5627642286
2017-08-31,1477513.2791381087
2017-09-01,1478240.5533231287
2017-09-05,1475060.6017890507
2017-09-06,1477388.0265479367
2017-09-07,1481999.2888130145
2017-09-08,1479605.0525467393
2017-09-11,1484755.5674904524
2017-09-12,1486198.2137646833
2017-09-13,1482626.4268778353
2017-09-14,1484095.3429055496
2017-09-15,1485437.3580233415
2017-09-18,1484264.3594361134
2017-09-19,1485934.6081511083
2017-09-20,1484645.6330866097
2017-09-21,1482916.873805268
2017-09-22,1482453.287502393
2017-09-25,1474774.8684031928
2017-09-26,1473272.3678073618
2017-09-27,1474953.1559900932
2017-09-28,1474542.8553587648
2017-09-29,1479507.4867463573
2017-10-02,1478116.5762912333
2017-10-03,1481124.5411320713
2017-10-04,1480413.9872372455
2017-10-05,1483442.5030644075
2017-10-06,1481864.9975447056
2017-10-09,1481580.9077470733
2017-10-10,1485846.4725613685
2017-10-11,1488072.4006428847
2017-10-12,1487497.0603447857
2017-10-13,1491555.6712181603
2017-10-16,1491855.0668692344
2017-10-17,1491000.5985261144
2017-10-18,1492888.4257855
2017-10-19,1489348.089846053
2017-10-20,1490784.710909823
2017-10-23,1486641.9419163347
2017-10-24,1487576.8369139908
2017-10-25,1484519.0176932511
2017-10-26,1483685.2141115905
2017-10-27,1494633.98585767
2017-10-30,1494762.5980702706
2017-10-31,1498631.336616197
2017-11-01,1500178.2577348794
2017-11-02,1501676.025363802
2017-11-03,1504489.5764490224
2017-11-06,1511601.691349919
2017-11-07,1508386.3406044892
2017-11-08,1510331.1309688382
2017-11-09,1506317.3678966756
2017-11-10,1504148.3437862978
2017-11-13,1502920.9188288136
2017-11-14,1497125.873790891
2017-11-15,1492374.1690915143
2017-11-16,1505512.6799873912
2017-11-17,1506473.5627365347
2017-11-20,1507096.3144155478
2017-11-21,1514848.2442489031
2017-11-22,1516928.4658697299
2017-11-24,1521210.1213607413
2017-11-27,1520933.0219731375
2017-11-28,1526946.2720073564
2017-11-29,1516491.3474617247
2017-11-30,1516116.8354953772
2017-12-01,1514644.5840837215
2017-12-04,1510319.6412393434
2017-12-05,1507284.2977946703
2017-12-06,1499928.4247038807
2017-12-07,1502752.5846101958
2017-12-08,1507977.127727198
2017-12-11,1510711.7908886797
2017-12-12,1509174.8881248715
2017-12-13,1510778.0409345382
2017-12-14,1509607.4092878862
2017-12-15,1513954.9741594673
2017-12-18,1519686.2854143856
2017-12-19,1514866.0244440145
2017-12-20,1514830.7102902695
2017-12-21,1516344.851114369
2017-12-22,1518158.870229758
2017-12-26,1519280.17800224
2017-12-27,1520341.7711753708
2017-12-28,1523014.537158128
2017-12-29,1521884.690793503
2018-01-02,1533125.8215353852
2018-01-03,1540110.1524053663
2018-01-04,1542926.6736303065
2018-01-05,1546368.3570125971
2018-01-08,1547113.6387137056
2018-01-09,1549106.4060572798
2018-01-10,1548266.277190961
2018-01-11,1552045.4278336044
2018-01-12,1559641.2488483752
2018-01-16,1556453.4662255668
2018-01-17,1562613.908351647
2018-01-18,1562609.5182231492
2018-01-19,1565671.2921877457
2018-01-22,1570536.9930672287
2018-01-23,1575907.8060039117
2018-01-24,1581473.0841957913
2018-01-25,1578486.9853228538
2018-01-26,1588384.2166968652
2018-01-29,1580790.3514727606
2018-01-30,1571974.53933563
2018-01-31,1573578.7923490473
2018-02-01,1573951.555130712
2018-02-02,1551673.9289961597
2018-02-05,1521213.6430001112
2018-02-06,1533442.2828198976
2018-02-07,1524316.8812019718
2018-02-08,1506340.2530588396
2018-02-09,1507526.7528510685
2018-02-12,1512478.9708818274
2018-02-13,1512551.2165591607
2018-02-14,1516106.7356416725
2018-02-15,1519066.7502630178
2018-02-16,1518724.184039977
2018-02-20,1516914.8430584003
2018-02-21,1516909.9154748307
2018-02-22,1517103.255347658
2018-02-23,1519675.1456747062
2018-02-26,1521075.619812313
2018-02-27,1517098.283643084
2018-02-28,1515255.5959681042
2018-03-01,1517062.9162736929
2018-03-02,1519468.0321595555
2018-03-05,1522508.2189854432
2018-03-06,1523775.3973462235
2018-03-07,1522566.4127418662
2018-03-08,1521943.5029090424
2018-03-09,1523228.172220229
2018-03-12,1523407.8870810564
2018-03-13,1520923.7178289627
2018-03-14,1520993.0825027912
2018-03-15,1520877.628524394
2018-03-16,1520930.9045523799
2018-03-19,1517066.0395972866
2018-03-20,1518386.996934338
2018-03-21,1519429.8881395967
2018-03-22,1510309.4543068896
2018-03-23,1505645.5161891219
2018-03-26,1512860.2504742225
2018-03-27,1512350.8986382366
2018-03-28,1512031.6156973434
2018-03-29,1513845.2025516368
2018-04-02,1510875.34040386
2018-04-03,1512791.1083677155
2018-04-04,1512440.8765650608
2018-04-05,1513402.0857649168
2018-04-06,1510354.421067253
2018-04-09,1512053.7944097563
2018-04-10,1516335.7972812299
2018-04-11,1517347.7575347465
2018-04-12,1518111.0687545591
2018-04-13,1517463.3980945968
2018-04-16,1515710.2973452082
2018-04-17,1516349.7586771417
2018-04-18,1525444.006115313
2018-04-19,1523109.2212330194
2018-04-20,1521243.6647920476
2018-04-23,1521248.69291617
2018-04-24,1517431.035148389
2018-04-25,1517081.6224955753
2018-04-26,1522580.3664121088
2018-04-27,1523851.9833220046
2018-04-30,1524941.4563132077
2018-05-01,1521844.9496161642
2018-05-02,1521029.0397379715
2018-05-03,1523299.3403367521
2018-05-04,1527939.2110951815
2018-05-07,1527470.3303016268
2018-05-08,1528735.067257115
2018-05-09,1533501.5834182808
2018-05-10,1537425.2774265092
2018-05-11,1534570.7770713149
2018-05-14,1537708.613370448
2018-05-15,1536210.0619471273
2018-05-16,1539768.0183639012
2018-05-17,1538889.9957034136
2018-05-18,1538015.5756579305
2018-05-21,1542398.085030612
2018-05-22,1542561.772635315
2018-05-23,1544018.1124705726
2018-05-24,1540367.83741117
2018-05-25,1533618.0184834409
2018-05-29,1528794.688434933
2018-05-30,1534103.289576112
2018-05-31,1533050.4949040606
2018-06-01,1532277.440364469
2018-06-04,1530065.9602634243
2018-06-05,1530812.5035576196
2018-06-06,1532503.2289794907
2018-06-07,1531251.0197179383
2018-06-08,1531544.7912927244
2018-06-11,1532263.2617278602
2018-06-12,1533527.6611060086
2018-06-13,1533672.381479273
2018-06-14,1535580.5177128653
2018-06-15,1533480.9934294408
2018-06-18,1534073.9736331
2018-06-19,1532540.1995530305
2018-06-20,1534200.5627815095
2018-06-21,1531016.7057140395
2018-06-22,1532100.8343533068
2018-06-25,1524469.2612143778
2018-06-26,1526273.5706039695
2018-06-27,1522730.7324050972
2018-06-28,1525248.625132213
2018-06-29,1527210.7294980374
2018-07-02,1526682.2728553177
2018-07-03,1524657.7136649939
2018-07-05,1527149.105162199
2018-07-06,1531569.8637911382
2018-07-09,1532874.8459484617
2018-07-10,1533791.405343602
2018-07-11,1525198.4605622138
2018-07-12,1530828.7162442892
2018-07-13,1531081.884771386
2018-07-16,1527645.5085646065
2018-07-17,1528942.9102430176
2018-07-18,1528990.9601094911
2018-07-19,1529067.7697426395
2018-07-20,1527495.7766305811
2018-07-23,1528646.8013478913
2018-07-24,1530690.751986666
2018-07-25,1537906.6196995524
2018-07-26,1534730.610932813
2018-07-27,1528626.8252658187
2018-07-30,1524727.3989553028
2018-07-31,1526496.4365156703
2018-08-01,1527321.3363313966
2018-08-02,1530262.4236464773
2018-08-03,1532555.0783258239
2018-08-06,1533573.2070150755
2018-08-07,1535281.8785398249
2018-08-08,1532761.7047537793
2018-08-09,1532351.5750851396
2018-08-10,1529133.6488832082
2018-08-13,1527790.0219464279
2018-08-14,1531068.726564528
2018-08-15,1527484.7529072189
2018-08-16,1532269.1219529163
2018-08-17,1535020.5122904289
2018-08-20,1536026.274122841
2018-08-21,1536284.5511569402
2018-08-22,1536884.8510203653
2018-08-23,1535964.3885022113
2018-08-24,1539724.868496956
2018-08-27,1541448.2726602994
2018-08-28,1543955.2358396444
2018-08-29,1547794.4379958075
2018-08-30,1545635.023552815
2018-08-31,1546845.8847262915
2018-09-04,1543599.7193299455
2018-09-05,1541989.3033791746
2018-09-06,1539120.0661790092
2018-09-07,1535951.153813629
2018-09-10,1538293.439895841
2018-09-11,1541434.1961309891
2018-09-12,1540906.0557242394
2018-09-13,1543822.6923579888
2018-09-14,1542978.4459111616
2018-09-17,1541165.023551533
2018-09-18,1542196.5707627204
2018-09-19,1540209.6603905153
2018-09-20,1544675.0668464005
2018-09-21,1543987.3114732532
2018-09-24,1540378.7257098774
2018-09-25,1540036.7793300026
2018-09-26,1536728.2929248407
2018-09-27,1539325.2427831828
2018-09-28,1542059.3976113368
2018-10-01,1546127.955399978
2018-10-02,1545509.533929343
2018-10-03,1547525.679474424
2018-10-04,1538556.0962594813
2018-10-05,1533250.2189886307
2018-10-08,1532607.9999290109
2018-10-09,1534326.9224001027
2018-10-10,1512903.3959374565
2018-10-11,1501199.1052383468
2018-10-12,1502970.368473677
2018-10-15,1502140.1856596847
2018-10-16,1509277.7238753652
2018-10-17,1508693.392794771
2018-10-18,1506957.6608173994
2018-10-19,1507438.8530305948
2018-10-22,1505260.9153841839
2018-10-23,1504137.491425196
2018-10-24,1499925.7745029412
2018-10-25,1503525.8587578118
2018-10-26,1499158.411886908
2018-10-29,1500044.8304186875
2018-10-30,1503213.1771923485
2018-10-31,1503519.6860429049
2018-11-01,1505016.6202771857
2018-11-02,1503824.2120321596
2018-11-05,1505771.7468475888
2018-11-06,1506894.2214569817
2018-11-07,1509983.8776289474
2018-11-08,1509994.7724746757
2018-11-09,1509225.5942337513
2018-11-12,1507872.408235816
2018-11-13,1507727.7937681486
2018-11-14,1507021.2938935237
2018-11-15,1508119.487479463
2018-11-16,1509862.5587731563
2018-11-19,1508681.0630962725
2018-11-20,1506317.4331147918
2018-11-21,1506780.3270569933
2018-11-23,1506157.7276792664
2018-11-26,1507756.2561726074
2018-11-27,1508511.6495179902
2018-11-28,1511299.7768511025
2018-11-29,1511247.2190581695
2018-11-30,1512669.8047045723
2018-12-03,1514307.0898427363
2018-12-04,1510555.281260048
2018-12-06,1512512.8417118257
2018-12-07,1508733.0376021161
2018-12-10,1506626.618432327
2018-12-11,1506835.0808583607
2018-12-12,1504574.260775289
2018-12-13,1505652.379170026
2018-12-14,1504861.6008450342
2018-12-17,1500500.2646101182
2018-12-18,1501193.7523884147
2018-12-19,1500157.6674291932
2018-12-20,1499641.6804729078
2018-12-21,1497869.052743959
2018-12-24,1495910.1254480558
2018-12-26,1494473.242510065
2018-12-27,1495472.7111470015
2018-12-28,1497289.9104236383
2018-12-31,1498388.880716988
2019-01-02,1499374.709811901
2019-01-03,1503610.775621184
2019-01-04,1500658.6796176783
2019-01-07,1500513.4817120833
2019-01-08,1499937.0588345279
2019-01-09,1501046.7686928331
2019-01-10,1498960.0757570243
2019-01-11,1499761.1179994384
2019-01-14,1500040.2294144053
2019-01-15,1499357.1660169088
2019-01-16,1500114.3711408577
2019-01-17,1499748.3942650487
2019-01-18,1497288.201508183
2019-01-22,1498407.4741173098
2019-01-23,1498429.8350974703
2019-01-24,1498458.7790090072
2019-01-25,1501931.7705785763
2019-01-28,1503417.803887348
2019-01-29,1505992.1100324157
2019-01-30,1510181.6729658323
2019-01-31,1512990.8274258778
2019-02-01,1509987.6080557953
2019-02-04,1510401.934615529
2019-02-05,1513141.5485016336
2019-02-06,1508473.9761072022
2019-02-07,1510752.0974008015
2019-02-08,1511760.6827285725
2019-02-11,1510483.7263060207
2019-02-12,1510289.7225052041
2019-02-13,1509429.2000753314
2019-02-14,1511807.5054335739
2019-02-15,1514875.0567477536
2019-02-19,1520123.566211005
2019-02-20,1519368.9059852122
2019-02-21,1516414.1173177694
2019-02-22,1519566.619449457
2019-02-25,1516327.9131807913
2019-02-26,1516521.3383656433
2019-02-27,1514301.486103736
2019-02-28,1513210.2162723113
2019-03-01,1510085.579402106
2019-03-04,1511567.7419531674
2019-03-05,1512967.9707230823
2019-03-06,1511183.5283096645
2019-03-07,1508663.6084033602
2019-03-08,1508903.317993992
2019-03-11,1516914.1669632338
2019-03-12,1519094.6301898607
2019-03-13,1521692.3843621237
2019-03-14,1521461.9726380813
2019-03-15,1521448.1890396967
2019-03-18,1520916.6122493504
2019-03-19,1520398.660385027
2019-03-20,1522451.0355435475
2019-03-21,1526509.803311866
2019-03-22,1519390.8098482233
2019-03-25,1521250.1943655054
2019-03-26,1524019.1216073318
2019-03-27,1521505.803867187
2019-03-28,1524257.6769134577
2019-03-29,1526972.0430599705
2019-04-01,1528934.0798076661
2019-04-02,1531086.5269859394
2019-04-03,1530825.993512537
2019-04-04,1530828.418515177
2019-04-05,1537000.0592831343
2019-04-08,1538180.6710700956
2019-04-09,1535084.2934167588
2019-04-10,1542366.8423709148
2019-04-11,1536569.9925659916
2019-04-12,1537917.374428413
2019-04-15,1536494.071152187
2019-04-16,1530968.7106935252
2019-04-17,1526983.8183339569
2019-04-18,1529828.076470427
2019-04-22,1527307.1374511989
2019-04-23,1535738.3078256438
2019-04-24,1534520.2844146206
2019-04-25,1534181.0171217066
2019-04-26,1536931.0846260602
2019-04-29,1535805.7608337426
2019-04-30,1537422.476277622
2019-05-01,1533572.8944470054
2019-05-02,1532286.8726779192
2019-05-03,1542891.1742056338
2019-05-06,1529523.9171024675
2019-05-07,1515358.0845869586
2019-05-08,1514150.4347385378
2019-05-09,1508693.2028962432
2019-05-10,1514789.8661058347
2019-05-13,1500764.0009174235
2019-05-14,1505439.0631739295
2019-05-15,1509694.7601175157
2019-05-16,1509915.8605559743
2019-05-17,1506045.3975949483
2019-05-20,1501271.1529008686
2019-05-21,1505868.286269141
2019-05-22,1506628.7772710468
2019-05-23,1506697.3470345354
2019-05-24,1507849.2490108323
2019-05-28,1506847.2564996658
2019-05-29,1504928.8665916652
2019-05-30,1508488.3297078458
2019-05-31,1508378.955680774
2019-06-03,1508249.782101304
2019-06-04,1508989.001956633
2019-06-05,1514640.9141581052
2019-06-06,1516336.9237229757
2019-06-07,1520247.0139847863
2019-06-10,1516148.8537419508
2019-06-11,1517069.945599294
2019-06-12,1518517.2603360643
2019-06-13,1521049.5375990467
2019-06-14,1522008.0173845815
2019-06-17,1525468.241969641
2019-06-18,1527013.941103037
2019-06-19,1530128.5222475587
2019-06-20,1536190.8995258207
2019-06-21,1530411.183089149
2019-06-24,1536104.1491844682
2019-06-25,1531857.9446516635
2019-06-26,1525946.0158574353
2019-06-27,1527883.5732746758
2019-06-28,1530728.4499136903
2019-07-01,1529774.7649584813
2019-07-02,1535081.159315562
2019-07-03,1540938.1841678568
2019-07-05,1536661.1153700838
2019-07-08,1534423.029322025
2019-07-09,1535868.3173060864
2019-07-10,1539829.8951608744
2019-07-11,1536324.4601685172
2019-07-12,1538151.2385887667
2019-07-15,1538734.0309070302
2019-07-16,1535864.429773858
2019-07-17,1533082.9617225959
2019-07-18,1537947.3835251026
2019-07-19,1528778.873613656
2019-07-22,1531156.6914771956
2019-07-23,1535496.6367346758
2019-07-24,1539321.4278149784
2019-07-25,1533248.4645634198
2019-07-26,1537479.998927293
2019-07-29,1538479.2309518538
2019-07-30,1538275.3482860152
2019-07-31,1528500.6154364133
2019-08-01,1526227.7262113001
2019-08-02,1521320.3834489905
2019-08-05,1510740.7510248164
2019-08-06,1519130.6321113433
2019-08-07,1521571.2776638162
2019-08-08,1529754.9433347357
2019-08-09,1526334.5839355155
2019-08-12,1532706.8152864513
2019-08-13,1532774.1556761137
2019-08-14,1535905.388461606
2019-08-15,1542186.183240521
2019-08-16,1541305.241658887
2019-08-19,1536223.465652259
2019-08-20,1539388.4894178559
2019-08-21,1538758.775463626
2019-08-22,1536782.5963347605
2019-08-23,1540684.115441415
2019-08-26,1542818.89732564
2019-08-27,1549478.7134813722
2019-08-28,1551451.2577281827
2019-08-29,1552319.6523200963
2019-08-30,1552587.7170946214
2019-09-03,1558787.8233691358
2019-09-04,1563721.8084732252
2019-09-05,1547194.7409012055
2019-09-06,1547170.1551187413
2019-09-09,1540959.2913638281
2019-09-10,1535396.779599684
2019-09-11,1536218.694996
2019-09-12,1536127.6927325276
2019-09-13,1530569.2177952188
2019-09-16,1534671.925694171
2019-09-17,1535016.0995035043
2019-09-18,1533719.2183468337
2019-09-19,1535222.472665971
2019-09-20,1538576.9423689768
2019-09-23,1539757.3724971563
2019-09-24,1540129.160134247
2019-09-25,1537109.071636384
2019-09-26,1538092.4988677413
2019-09-27,1535227.80865879
2019-09-30,1534775.382850419
2019-10-01,1532656.814906227
2019-10-02,1531745.1459308672
2019-10-03,1536517.7954083502
2019-10-04,1540141.2073979566
2019-10-07,1537287.6353174786
2019-10-08,1538377.5829842447
2019-10-09,1537977.842998314
2019-10-10,1534885.369635379
2019-10-11,1532434.5542629166
2019-10-14,1534117.7005262787
2019-10-15,1531734.4698937514
2019-10-16,1532753.928880622
2019-10-17,1533419.7740437067
2019-10-18,1534224.1089715129
2019-10-21,1533498.535529615
2019-10-22,1534446.7723390076
2019-10-23,1535233.24347705
2019-10-24,1535439.1607817991
2019-10-25,1534309.1101779013
2019-10-28,1532664.010833208
2019-10-29,1531494.6750358383
2019-10-30,1536502.2332312197
2019-10-31,1538521.7682200717
2019-11-01,1542673.1491867763
2019-11-04,1542447.0588230577
2019-11-05,1537139.8318443021
2019-11-06,1538149.0483207894
2019-11-07,1534577.5360546135
2019-11-08,1533407.7965396806
2019-11-11,1532471.3560330342
2019-11-12,1532989.1861682443
2019-11-13,1534478.0676043476
2019-11-14,1536947.748635607
2019-11-15,1540406.7458702081
2019-11-18,1541961.4141060517
2019-11-19,1543416.6933484012
2019-11-20,1542592.159226736
2019-11-21,1538869.9993227175
2019-11-22,1539139.4317881712
2019-11-25,1543262.8264543596
2019-11-26,1546688.598171279
2019-11-27,1548402.4083156888
2019-11-29,1546317.3673389337
2019-12-02,1538088.2536606248
2019-12-03,1536756.3946116369
2019-12-04,1541288.0617539515
2019-12-05,1542525.750359817
2019-12-06,1548071.253368093
2019-12-09,1546050.8101212387
2019-12-10,1545414.8607956683
2019-12-11,1547338.7926661903
2019-12-12,1549476.195194407
2019-12-13,1551146.4386532712
2019-12-16,1557507.4294035013
2019-12-17,1558806.7365688775
2019-12-18,1560125.4146441834
2019-12-19,1562908.7098269144
2019-12-20,1564337.42205202
2019-12-23,1566238.9736917021
2019-12-24,1567515.40716296
2019-12-26,1574232.0256824784
2019-12-27,1575304.0268493362
2019-12-30,1570925.005169859
2019-12-31,1571429.304470553
2020-01-02,1581802.9685516043
2020-01-03,1580424.83252044
2020-01-06,1584395.7558587303
2020-01-07,1584064.9683356807
2020-01-08,1579687.3263202885
2020-01-09,1581847.9552571855
2020-01-10,1582534.06432791
2020-01-13,1586909.7887782394
2020-01-14,1584919.2081259063
2020-01-15,1585279.1268926433
2020-01-16,1589659.4476329708
2020-01-17,1592501.958571747
2020-01-21,1586572.7328832524
2020-01-22,1586815.0619638509
2020-01-23,1586717.7003797826
2020-01-24,1582901.694389598
2020-01-27,1573506.9838840407
2020-01-28,1576959.0828232619
2020-01-29,1578521.3984969961
2020-01-30,1578980.254116618
2020-01-31,1568287.420572381
2020-02-03,1570211.9397409093
2020-02-04,1572968.5304849627
2020-02-05,1578558.3676468949
2020-02-06,1583418.6509314089
2020-02-07,1584355.9910209235
2020-02-10,1591546.5431295766
2020-02-11,1593951.8585342953
2020-02-12,1598268.8600581428
2020-02-13,1597182.456770639
2020-02-14,1602558.283627786
2020-02-18,1606595.5637717338
2020-02-19,1608756.3596848496
2020-02-20,1607428.2263551517
2020-02-21,1608867.5199615676
2020-02-24,1600601.1686285583
2020-02-25,1577654.6863213961
2020-02-26,1576922.3380996143
2020-02-27,1562758.1940931936
2020-02-28,1556712.607045642
2020-03-02,1563907.8927158413
2020-03-03,1565052.0519836098
2020-03-04,1565010.5816998885
2020-03-05,1567924.7768315878
2020-03-06,1577021.7886907323
2020-03-09,1572080.5226168807
2020-03-10,1561627.980674163
2020-03-11,1548041.3150946957
2020-03-12,1536957.9269410823
2020-03-13,1533305.6540617638
2020-03-16,1533426.1487976331
2020-03-17,1533546.653002574
2020-03-18,1533667.1666773309
2020-03-19,1533787.6898226482
2020-03-20,1533908.2224392695
2020-03-23,1534028.7645279395
2020-03-24,1534149.316089403
2020-03-25,1534269.8771244034
2020-03-26,1534390.447633686
2020-03-27,1534511.0276179952
2020-03-30,1534631.6170780754
2020-03-31,1534752.2160146714
2020-04-01,1535779.5219070485
2020-04-02,1537798.8232070678
2020-04-03,1538488.9178903725
2020-04-06,1541857.1095816237
2020-04-07,1541337.0154687641
2020-04-08,1540400.8720119288
2020-04-09,1543560.9318705979
2020-04-13,1546969.5252707312
2020-04-14,1548702.2352412795
2020-04-15,1547289.1011939368
2020-04-16,1547132.6704703625
2020-04-17,1541515.0091949173
2020-04-20,1543667.7738966958
2020-04-21,1541786.1321521366
2020-04-22,1547284.793787965
2020-04-23,1550752.7655281278
2020-04-24,1549778.9315363797
2020-04-27,1546300.858039873
2020-04-28,1546070.4656309974
2020-04-29,1547328.617233854
2020-04-30,1541108.772532383
2020-05-01,1543701.3812804772
2020-05-04,1544408.1853522488
2020-05-05,1545190.1446572773
2020-05-06,1540170.5500073098
2020-05-07,1546071.2819070134
2020-05-08,1543317.143111309
2020-05-11,1540949.5065622048
2020-05-12,1543009.5602175249
2020-05-13,1546480.6806764489
2020-05-14,1549997.404958926
2020-05-15,1551528.3937665955
2020-05-18,1547482.0922900653
2020-05-19,1550722.520191313
2020-05-20,1551767.3719304218
2020-05-21,1545793.7143091771
2020-05-22,1548815.783681369
2020-05-26,1542983.5981488843
2020-05-27,1544822.0549182633
2020-05-28,1545668.6562015899
2020-05-29,1552120.130425493
2020-06-01,1555402.3147156402
2020-06-02,1553389.1254820277
2020-06-03,1547396.503993627
2020-06-04,1547873.23651595
2020-06-05,1547635.3105629245
2020-06-08,1553604.48322664
2020-06-09,1555953.1505802406
2020-06-10,1564898.1258679854
2020-06-11,1545769.6762827043
2020-06-12,1546748.4052892888
2020-06-15,1547603.5379277575
2020-06-16,1553808.956506386
2020-06-17,1555616.6394984976
2020-06-18,1556061.3383457724
2020-06-19,1559119.261750397
2020-06-22,1564096.5314033576
2020-06-23,1568174.6376164556
2020-06-24,1561351.8723201153
2020-06-25,1563644.6954631275
2020-06-26,1559546.8442169582
2020-06-29,1562803.625592346
2020-06-30,1567606.0809013133
2020-07-01,1569477.1290717234
2020-07-02,1572869.9943812918
2020-07-06,1581620.5160750356
2020-07-07,1581477.9376136735
2020-07-08,1587067.1988231344
2020-07-09,1586485.0004451664
2020-07-10,1586915.212180377
2020-07-13,1584706.872717959
2020-07-14,1587214.2069681042
2020-07-15,1588558.1639701456
2020-07-16,1584463.1375469246
2020-07-17,1587040.7539975238
2020-07-20,1592890.986380884
2020-07-21,1596317.2653867775
2020-07-22,1603396.4026529964
2020-07-23,1601072.284510825
2020-07-24,1601702.578987365
2020-07-27,1611535.1313214388
2020-07-28,1611275.5212846182
2020-07-29,1616314.4737144224
2020-07-30,1612959.8631005534
2020-07-31,1617304.049648856
2020-08-03,1619702.5386842713
2020-08-04,1628650.5848227849
2020-08-05,1632872.5098422822
2020-08-06,1639640.9278565324
2020-08-07,1630270.5818070592
2020-08-10,1629864.0637429398
2020-08-11,1611964.347150429
2020-08-12,1618368.9243956078
2020-08-13,1621871.9313621884
2020-08-14,1620946.377549844
2020-08-17,1628619.849046223
2020-08-18,1630535.0246060716
2020-08-19,1622846.028299529
2020-08-20,1625323.7759807415
2020-08-21,1624551.0596380073
2020-08-24,1627712.5504152577
2020-08-25,1629919.2645715699
2020-08-26,1635184.7246426076
2020-08-27,1631892.1940341552
2020-08-28,1637264.47648079
2020-08-31,1635613.5884566114
2020-09-01,1640708.2769430995
2020-09-02,1642954.7391396775
2020-09-03,1626567.0024936076
2020-09-04,1623151.0262643993
2020-09-08,1616704.7476599012
2020-09-09,1627012.4004277326
2020-09-10,1609915.2990831016
2020-09-11,1611211.63170585
2020-09-14,1627168.3377366012
2020-09-15,1634577.7540439456
2020-09-16,1634401.2837857304
2020-09-17,1631689.584899974
2020-09-18,1628629.2146041857
2020-09-21,1623666.500367232
2020-09-22,1626346.3006470734
2020-09-23,1606658.2213768389
2020-09-24,1604874.023955545
2020-09-25,1611976.863033624
2020-09-28,1621266.6544158857
2020-09-29,1621733.565293219
2020-09-30,1621933.058157733
2020-10-01,1624911.386648624
2020-10-02,1621602.1898956643
2020-10-05,1626703.5787139575
2020-10-06,1624828.1056842275
2020-10-07,1629427.4981177473
2020-10-08,1632230.4105348452
2020-10-09,1634827.159170469
2020-10-12,1639232.6934091665
2020-10-13,1636742.1526511684
2020-10-14,1633695.3628327013
2020-10-15,1630396.9295314697
2020-10-16,1631830.7928328947
2020-10-19,1628345.3923045124
2020-10-20,1632408.2137971658
2020-10-21,1632162.147368144
2020-10-22,1633134.6203305947
2020-10-23,1636463.5287148163
2020-10-26,1624617.8280787193
2020-10-27,1626010.161962425
2020-10-28,1603064.0456100379
2020-10-29,1612819.9434759095
2020-10-30,1601707.1963630307
2020-11-02,1612384.534169028
2020-11-03,1618266.7637328384
2020-11-04,1629719.3626575072
2020-11-05,1637174.781682494
2020-11-06,1638360.8903831097
2020-11-09,1644515.5189731359
2020-11-10,1643868.7158703413
2020-11-11,1648431.82549093
2020-11-12,1642814.9099472882
2020-11-13,1651328.6085963524
2020-11-16,1661494.1693021997
2020-11-17,1663483.4502184235
2020-11-18,1658302.7835132207
2020-11-19,1661052.259134834
2020-11-20,1664645.0533243555
2020-11-23,1667773.4715024582
2020-11-24,1681609.0336544728
2020-11-25,1680602.3837280646
2020-11-27,1684122.015289598
2020-11-30,1670086.4509557646
2020-12-01,1680098.9102263246
2020-12-02,1682534.808187361
2020-12-03,1688003.6009818113
2020-12-04,1697444.8980162619
2020-12-07,1696084.240851046
2020-12-08,1697808.4510000572
2020-12-09,1688800.3594380626
2020-12-10,1697246.7109356634
2020-12-11,1693198.542626344
2020-12-14,1692276.186059631
2020-12-15,1706894.2179437636
2020-12-16,1711682.288678041
2020-12-17,1718741.0833252857
2020-12-18,1717596.9276519525
2020-12-21,1707847.6298054934
2020-12-22,1700729.4189894006
2020-12-23,1707577.8124902702
2020-12-24,1706232.653560986
2020-12-28,1710024.2934347403
2020-12-29,1716242.4024286335
2020-12-30,1725770.7858570362
2020-12-31,1727709.553115362
2021-01-04,1718662.3186486023
2021-01-05,1746103.0871482491
2021-01-06,1747529.0036842006
2021-01-07,1760392.5256498542
2021-01-08,1776215.9716969084
2021-01-11,1758370.2128126149
2021-01-12,1766789.9983035452
2021-01-13,1769569.3211945866
2021-01-14,1774924.5625669227
2021-01-15,1761764.2204662526
2021-01-19,1773980.2600711628
2021-01-20,1790280.8436305043
2021-01-21,1792061.04909505
2021-01-22,1783596.8328823484
2021-01-25,1790882.4453090706
2021-01-26,1785139.6738053586
2021-01-27,1756522.455773339
2021-01-28,1764009.7566978685
2021-01-29,1737050.181554465
2021-02-01,1760998.6749995556
2021-02-02,1774077.7419459915
2021-02-03,1779264.6787758037
2021-02-04,1783575.664714831
2021-02-05,1789576.7564438786
2021-02-08,1799357.9553545478
2021-02-09,1804004.8076487936
2021-02-10,1803794.9331845243
2021-02-11,1807647.6751299775
2021-02-12,1816596.4242883194
2021-02-16,1822593.3070080534
2021-02-17,1823506.6493414235
2021-02-18,1813646.5145073943
2021-02-19,1816100.5475829793
2021-02-22,1811264.001924411
2021-02-23,1811076.3207133075
2021-02-24,1823405.765453586
2021-02-25,1804900.1740386207
2021-02-26,1787869.5561324635
2021-03-01,1796315.595371581
2021-03-02,1793041.583725817
2021-03-03,1791256.7178109554
2021-03-04,1786871.744243943
2021-03-05,1797154.8211102174
2021-03-08,1787128.5074052603
2021-03-09,1792350.8548600534
2021-03-10,1796151.482495426
2021-03-11,1810414.9592588316
2021-03-12,1806665.066501531
2021-03-15,1807563.1372685572
2021-03-16,1806002.5753881386
2021-03-17,1807824.5596302997
2021-03-18,1780128.6572597814
2021-03-19,1785237.699161715
2021-03-22,1784744.363263386
2021-03-23,1773013.000589678
2021-03-24,1770440.7537379751
2021-03-25,1772668.1949569015
2021-03-26,1791402.97804103
2021-03-29,1787916.8115653852
2021-03-30,1785570.3523611405
2021-03-31,1786911.3371439306
2021-04-01,1795075.7541984627
2021-04-05,1796291.7352285653
2021-04-06,1797111.0175541798
2021-04-07,1795575.1778445865
2021-04-08,1798588.428080671
2021-04-09,1797527.979054377
2021-04-12,1796862.2070542674
2021-04-13,1801966.9019567443
2021-04-14,1807026.2503022926
2021-04-15,1815571.1569670525
2021-04-16,1817168.8837824701
2021-04-19,1814857.7986750265
2021-04-20,1810418.5545491362
2021-04-21,1820043.2341929881
2021-04-22,1816333.647374044
2021-04-23,1826567.0214216511
2021-04-26,1831743.3540001623
2021-04-27,1833948.5605816734
2021-04-28,1835317.466748087
2021-04-29,1839335.5203123873
2021-04-30,1830995.9153215224
2021-05-03,1834091.0287588856
2021-05-04,1830671.4876130323
2021-05-05,1826645.6802582068
2021-05-06,1834473.4842702642
2021-05-07,1846145.7486021863
2021-05-10,1839074.3358498027
2021-05-11,1838283.51344793
2021-05-12,1826238.144759687
2021-05-13,1820145.9813687683
2021-05-14,1839003.8628170032
2021-05-17,1842487.025514855
2021-05-18,1839042.037982923
2021-05-19,1826028.9852003923
2021-05-20,1829859.527851
2021-05-21,1829952.8717083023
2021-05-24,1837072.2707523769
2021-05-25,1837171.3453669583
2021-05-26,1838572.6333701636
2021-05-27,1841038.1613135785
2021-05-28,1842726.3436804514
2021-06-01,1848588.477761797
2021-06-02,1854032.7879879298
2021-06-03,1847622.5189432874
2021-06-04,1855208.361587017
2021-06-07,1858901.9129424258
2021-06-08,1864064.0197158775
2021-06-09,1861314.1939123021
2021-06-10,1865675.5534325538
2021-06-11,1863735.7897136942
2021-06-14,1860829.4860307588
2021-06-15,1856404.1748579377
2021-06-16,1849197.604378459
2021-06-17,1840298.808354759
2021-06-18,1832254.7489011365
2021-06-21,1850229.7963077002
2021-06-22,1851287.6256349653
2021-06-23,1853188.7686312813
2021-06-24,1857228.164859865
2021-06-25,1858962.8161916644
2021-06-28,1858731.0746662964
2021-06-29,1860866.3184663353
2021-06-30,1861099.0853173113
2021-07-01,1865489.7293911679
2021-07-02,1872680.1409999484
2021-07-06,1864829.051370123
2021-07-07,1860699.1886490835
2021-07-08,1858967.5697063117
2021-07-09,1873794.085858069
2021-07-12,1875311.4956029567
2021-07-13,1873056.599492075
2021-07-14,1873648.2034198085
2021-07-15,1870489.6617266973
2021-07-16,1864158.0343706268
2021-07-19,1842549.6701045642
2021-07-20,1857042.7684872341
2021-07-21,1864046.361495797
2021-07-22,1864281.6511052127
2021-07-23,1869356.3562534293
2021-07-26,1871253.6991164212
2021-07-27,1868980.5100349574
2021-07-28,1869756.2524288602
2021-07-29,1873474.6555051706
2021-07-30,1870833.7287253225
2021-08-02,1866215.8916558742
2021-08-03,1865650.3674023035
2021-08-04,1860707.0230541846
2021-08-05,1869314.1606653328
2021-08-06,1866096.327855323
2021-08-09,1862231.318650909
2021-08-10,1861019.0517475554
2021-08-11,1865281.380699975
2021-08-12,1864252.432790284
2021-08-13,1868081.542915534
2021-08-16,1867379.9657278196
2021-08-17,1860065.386841577
2021-08-18,1848460.402781603
2021-08-19,1848385.0842256753
2021-08-20,1854393.623734965
2021-08-23,1868401.5030323698
2021-08-24,1871368.850835191
2021-08-25,1873295.4019731493
2021-08-26,1868589.5263830395
2021-08-27,1877722.6016600684
2021-08-30,1883929.4662455153
2021-08-31,1882737.5272417872
2021-09-01,1886069.227470907
2021-09-02,1889216.921005081
2021-09-03,1892210.4409133943
2021-09-07,1885300.2291320835
2021-09-08,1884437.7017387783
2021-09-09,1877360.3626146745
2021-09-10,1865416.9060138161
2021-09-13,1868036.6148621603
2021-09-14,1863395.9915438269
2021-09-15,1870325.5462093924
2021-09-16,1869151.3155495026
2021-09-17,1858641.4534677004
2021-09-20,1843576.1837567922
2021-09-21,1840634.7756553306
2021-09-22,1850937.132666957
2021-09-23,1854763.73083105
2021-09-24,1852505.9657486414
2021-09-27,1851841.6437191344
2021-09-28,1841926.4068741156
2021-09-29,1842817.0483069564
2021-09-30,1837449.124530548
2021-10-01,1846975.8728898582
2021-10-04,1850623.2467696748
2021-10-05,1858397.8760556062
2021-10-06,1851045.9469483448
2021-10-07,1858985.7930140882
2021-10-08,1860020.2230552784
2021-10-11,1866356.804989776
2021-10-12,1866173.6335609164
2021-10-13,1871906.0600660963
2021-10-14,1878843.7990662295
2021-10-15,1885085.3812649238
2021-10-18,1881262.3646395183
2021-10-19,1886450.392750585
2021-10-20,1897089.2575204473
2021-10-21,1888576.0973699198
2021-10-22,1891637.0848100448
2021-10-25,1896401.6891102593
2021-10-26,1897051.401587468
2021-10-27,1883714.5423350858
2021-10-28,1889614.2388011469
2021-10-29,1887642.4800760967
2021-11-01,1893005.539848712
2021-11-02,1896655.0169538304
2021-11-03,1888851.2653400043
2021-11-04,1887647.343679048
2021-11-05,1893302.9689219734
2021-11-08,1894559.7720334393
2021-11-09,1895367.1765759655
2021-11-10,1886423.0434797467
2021-11-11,1887904.1735734213
2021-11-12,1891604.2349305663
2021-11-15,1893065.340349976
2021-11-16,1889569.0307726788
2021-11-17,1889305.874156131
2021-11-18,1891302.5114557275
2021-11-19,1884116.57664703
2021-11-22,1881892.2729960799
2021-11-23,1891096.252965713
2021-11-24,1893911.982337906
2021-11-26,1864367.1777251842
2021-11-29,1871633.327405261
2021-11-30,1852638.4938058367
2021-12-01,1847145.134858236
2021-12-02,1854011.3521571613
2021-12-03,1856355.2335017626
2021-12-06,1855040.2045527683
2021-12-07,1857056.1528896163
2021-12-08,1852927.0177730585
2021-12-09,1851774.617885043
2021-12-10,1852962.6865365994
2021-12-13,1855704.6462167788
2021-12-14,1851848.2600684508
2021-12-15,1855150.169926268
2021-12-16,1852711.249269651
2021-12-17,1851001.291102226
2021-12-20,1843562.7054585244
2021-12-21,1848946.3356126326
2021-12-22,1852995.353630749
2021-12-23,1851620.078336645
2021-12-27,1857692.049509419
2021-12-28,1856114.3419924295
2021-12-29,1854670.363625462
2021-12-30,1855372.6890675805
2021-12-31,1854694.9637686778
2022-01-03,1853301.745282817
2022-01-04,1851494.2858806245
2022-01-05,1834579.921669854
2022-01-06,1833505.0724183402
2022-01-07,1828213.300608797
2022-01-10,1826631.2650146466
2022-01-11,1833238.3545979855
2022-01-12,1835266.3119785062
2022-01-13,1830483.1514487453
2022-01-14,1831641.491075666
2022-01-18,1826939.6322814594
2022-01-19,1819931.124334701
2022-01-20,1811525.8012445436
2022-01-21,1802279.7592668033
2022-01-24,1791969.229697971
2022-01-25,1792695.177316068
2022-01-26,1793386.5685478305
2022-01-27,1794179.1252635207
2022-01-28,1799460.888046169
2022-01-31,1803250.1540116903
2022-02-01,1806042.6807846993
2022-02-02,1808817.5294456484
2022-02-03,1807599.6111115126
2022-02-04,1812718.9275175366
2022-02-07,1812850.1893373276
2022-02-08,1809819.7446791518
2022-02-09,1816041.480941673
2022-02-10,1811583.171077664
2022-02-11,1816160.9375995982
2022-02-14,1818683.5145722078
2022-02-15,1812099.3771206297
2022-02-16,1813985.7860801916
2022-02-17,1816598.7477799838
2022-02-18,1817666.9633691597
2022-02-22,1822564.7121027338
2022-02-23,1823637.5727431844
2022-02-24,1818244.569787829
2022-02-25,1818530.3532474786
2022-02-28,1818906.0891570183
2022-03-01,1830202.7309191201
2022-03-02,1839072.9872399145
2022-03-03,1843394.8635868726
2022-03-04,1868933.1521062609
2022-03-07,1884605.3654628522
2022-03-08,1905508.4480071666
2022-03-09,1865219.7664674325
2022-03-10,1864638.857067846
2022-03-11,1865875.0746114259
2022-03-14,1858490.9543449671
2022-03-15,1852920.5817747642
2022-03-16,1851861.4352241792
2022-03-17,1862028.8620233901
2022-03-18,1861560.1507835712
2022-03-21,1867637.9806897736
2022-03-22,1866620.3615979082
2022-03-23,1871666.0955360595
2022-03-24,1871275.0535672328
2022-03-25,1871928.3710471643
2022-03-28,1864143.3392454486
2022-03-29,1864752.9670065984
2022-03-30,1867278.4378881548
2022-03-31,1863608.3849645911
2022-04-01,1864425.4426706273
2022-04-04,1867106.668764527
2022-04-05,1864980.101950468
2022-04-06,1861864.7958393593
2022-04-07,1862875.4384903463
2022-04-08,1865550.4724064409
2022-04-11,1863855.920505029
2022-04-12,1868353.1360837787
2022-04-13,1871603.495583556
2022-04-14,1872310.5736817655
2022-04-18,1874138.8982470573
2022-04-19,1865981.741114777
2022-04-20,1866902.1296859086
2022-04-21,1866232.92771547
2022-04-22,1859613.6307014471
2022-04-25,1852493.1107745548
2022-04-26,1852799.874689277
2022-04-27,1854176.1694476274
2022-04-28,1859918.2850803395
2022-04-29,1858434.1864004717
2022-05-02,1858599.856561264
2022-05-03,1857321.9196811852
2022-05-04,1862013.5782634432
2022-05-05,1859355.6521001707
2022-05-06,1859887.079756946
2022-05-09,1847518.2184963587
2022-05-10,1845491.5811958914
2022-05-11,1852085.9484729918
2022-05-12,1851974.6582730985
2022-05-13,1854676.2123520968
2022-05-16,1859598.2351999735
2022-05-17,1856504.8541016704
2022-05-18,1851357.4706941673
2022-05-19,1855734.5588965288
2022-05-20,1856258.8913577697
2022-05-23,1858567.6890283052
2022-05-24,1859133.6348654958
2022-05-25,1860474.0006283112
2022-05-26,1863101.644924242
2022-05-27,1866764.5714864652
2022-05-31,1863092.5088898959
2022-06-01,1865212.7676386028
2022-06-02,1873876.1160070726
2022-06-03,1876871.3372768692
2022-06-06,1877364.5759946746
2022-06-07,1880535.3422681033
2022-06-08,1883953.7486849932
2022-06-09,1883885.4999121204
2022-06-10,1881789.5071364986
2022-06-13,1877054.6949417114
2022-06-14,1870088.3765673595
2022-06-15,1867485.6517094541
2022-06-16,1864196.0250970137
2022-06-17,1846021.2193841776
2022-06-21,1851538.4863895446
2022-06-22,1841477.8793120547
2022-06-23,1834117.1601098585
2022-06-24,1835114.2027465808
2022-06-27,1834941.1931983675
2022-06-28,1836131.9030943739
2022-06-29,1834487.4908214062
2022-06-30,1831121.36632423
2022-07-01,1831068.4096475057
2022-07-05,1828553.0083970712
2022-07-06,1828690.3622957869
2022-07-07,1828827.7286149606
2022-07-08,1828956.6416544917
2022-07-11,1829102.8072331436
2022-07-12,1829231.6633349636
2022-07-13,1829369.218945439
2022-07-14,1829515.4352213328
2022-07-15,1828988.362504849
2022-07-18,1831550.170046331
2022-07-19,1831527.6133983824
2022-07-20,1831666.7543159781
2022-07-21,1831825.909870129
2022-07-22,1831971.753190303
2022-07-25,1832104.0397823728
2022-07-26,1832243.0395850844
2022-07-27,1832382.051270996
2022-07-28,1832528.0595322866
2022-07-29,1832674.053335091
2022-08-01,1833171.5970856869
2022-08-02,1831300.671291891
2022-08-03,1834687.8163246647
2022-08-04,1835151.2730418742
2022-08-05,1835170.8517704378
2022-08-08,1835471.0899197196
2022-08-09,1836125.0149360823
2022-08-10,1838405.9549065877
2022-08-11,1838131.8742743826
2022-08-12,1839685.593860353
2022-08-15,1840395.206611789
2022-08-16,1840366.2061386073
2022-08-17,1839658.6851455763
2022-08-18,1840000.2827152773
2022-08-19,1838712.320281166
2022-08-22,1836970.9641529077
2022-08-23,1837029.4485697597
2022-08-24,1837386.7881732234
2022-08-25,1838739.8883481224
2022-08-26,1836671.5951990492
2022-08-29,1836809.390784106
2022-08-30,1836956.28116474
2022-08-31,1837112.3145515712
2022-09-01,1837267.4679078865
2022-09-02,1836947.711904231
2022-09-06,1836434.2308480893
2022-09-07,1835768.937173355
2022-09-08,1836235.7754079867
2022-09-09,1838193.0089819008
2022-09-12,1839379.6022596413
2022-09-13,1839535.802058248
2022-09-14,1839673.5546807032
2022-09-15,1839839.612745016
2022-09-16,1839977.4189746368
2022-09-19,1840115.12542395
2022-09-20,1840243.191473913
2022-09-21,1840400.2255146683
2022-09-22,1839206.742512732
2022-09-23,1835739.9859199403
2022-09-26,1835857.5167949433
2022-09-27,1836024.2428019329
2022-09-28,1836171.2650792517
2022-09-29,1836328.256642754
2022-09-30,1836465.4357001462
2022-10-03,1836577.7194781208
2022-10-04,1836744.7817843533
2022-10-05,1837568.0317376805
2022-10-06,1837838.2770689202
2022-10-07,1836727.2977658133
2022-10-10,1835929.9553830477
2022-10-11,1835000.3489446954
2022-10-12,1835137.3334689762
2022-10-13,1835304.1089181982
2022-10-14,1835441.242704385
2022-10-17,1835578.3708351885
2022-10-18,1835715.5735877717
2022-10-19,1835852.7937258626
2022-10-20,1836028.7888144962
2022-10-21,1836175.9077815232
2022-10-24,1836302.7897769415
2022-10-25,1836439.7408468474
2022-10-26,1836597.2459961118
2022-10-27,1836762.2507151903
2022-10-28,1836891.146977111
2022-10-31,1837058.6872385219
2022-11-01,1837248.7935337557
2022-11-02,1837503.7253901006
2022-11-03,1837758.788500367
2022-11-04,1837985.0175602236
2022-11-07,1838119.2612383296
2022-11-08,1838318.0933507767
2022-11-09,1837503.9070980474
2022-11-10,1837887.4093641608
2022-11-11,1837956.5785629565
2022-11-14,1838200.3569830447
2022-11-15,1838393.6337144622
2022-11-16,1838547.6022424027
2022-11-17,1838720.3305897969
2022-11-18,1838810.4940150487
2022-11-21,1838971.2813467947
2022-11-22,1839439.4971279255
2022-11-23,1839707.5731145723
2022-11-25,1839829.2364297465
2022-11-28,1839875.2617571843
2022-11-29,1840311.394382599
2022-11-30,1840728.9424687764
2022-12-01,1838791.6040795073
2022-12-02,1838465.465789877
2022-12-05,1827648.2074606423
2022-12-06,1819518.1520863278
2022-12-07,1819541.5883983744
2022-12-08,1824284.2625087542
2022-12-09,1818549.1968364373
2022-12-12,1826986.87345573
2022-12-13,1836465.3048977894
2022-12-14,1834603.8979269196
2022-12-15,1821045.4995660072
2022-12-16,1817159.0156342462
2022-12-19,1812035.4601768306
2022-12-20,1815642.7122824723
2022-12-21,1822428.1218365892
2022-12-22,1814463.999687473
2022-12-23,1817218.8089809855
2022-12-27,1817235.7918471263
2022-12-28,1811442.9635607926
2022-12-29,1819245.4410881505
2022-12-30,1818902.68215843
2023-01-03,1816794.7870332627
2023-01-04,1824230.1183202653
2023-01-05,1815253.9972828396
2023-01-06,1835380.864494781
2023-01-09,1836374.2556418558
2023-01-10,1837526.0324563135
2023-01-11,1840156.891736059
2023-01-12,1845176.8495622305
2023-01-13,1847700.5964262162
2023-01-17,1847267.0435371902
2023-01-18,1844274.9019324898
2023-01-19,1848177.5029698058
2023-01-20,1852255.5240262984
2023-01-23,1854527.7942722416
2023-01-24,1855033.7633630305
2023-01-25,1859723.8686711648
2023-01-26,1860946.6754452074
2023-01-27,1859051.529361035
2023-01-30,1850371.1317920755
2023-01-31,1854840.8277630133
2023-02-01,1864594.17876799
2023-02-02,1857994.7520741925
2023-02-03,1841132.50640454
2023-02-06,1833021.9534958447
2023-02-07,1842163.4324231166
2023-02-08,1837740.9245886884
2023-02-09,1835692.2173351704
2023-02-10,1834266.6880533532
2023-02-13,1838805.3169495626
2023-02-14,1839745.6018133347
2023-02-15,1838071.233061636
2023-02-16,1833984.6234994868
2023-02-17,1834540.8799056697
2023-02-21,1826771.987015557
2023-02-22,1822995.028001844
2023-02-23,1828903.09978449
2023-02-24,1816512.7059881384
2023-02-27,1822191.0653636288
2023-02-28,1820998.1286040354
2023-03-01,1824673.93433482
2023-03-02,1824797.8569210742
2023-03-03,1832057.0146282394
2023-03-06,1830810.6408626942
2023-03-07,1823865.1124507359
2023-03-08,1825433.925489715
2023-03-09,1824758.8782184457
2023-03-10,1819863.575328046
2023-03-13,1817164.9837467738
2023-03-14,1822035.1865456572
2023-03-15,1811765.8041353906
2023-03-16,1815197.2037820322
2023-03-17,1816727.4867996913
2023-03-20,1820137.4227605923
2023-03-21,1817169.246558526
2023-03-22,1821094.164653486
2023-03-23,1826860.2133066652
2023-03-24,1822591.3924220589
2023-03-27,1819787.6662551172
2023-03-28,1823205.2319691924
2023-03-29,1823611.4683074183
2023-03-30,1828419.3805793184
2023-03-31,1831444.2452950522
2023-04-03,1834119.0061980726
2023-04-04,1839675.2785388122
2023-04-05,1837124.949232625
2023-04-06,1836685.1827507971
2023-04-10,1835366.4708466874
2023-04-11,1837928.2871852105
2023-04-12,1838714.5620092999
2023-04-13,1852724.4942855034
2023-04-14,1843197.6076596433
2023-04-17,1838959.18184782
2023-04-18,1842617.8226556059
2023-04-19,1838027.9545776537
2023-04-20,1835891.859431676
2023-04-21,1833825.2461609356
2023-04-24,1836485.8888828768
2023-04-25,1825041.6776598336
2023-04-26,1825685.6645713768
2023-04-27,1839957.6932487346
2023-04-28,1841137.5462368878
2023-05-01,1839201.2484615496
2023-05-02,1838515.6965961703
2023-05-03,1839528.9011609736
2023-05-04,1839386.691635896
2023-05-05,1847095.1387166618
2023-05-08,1848038.8033374324
2023-05-09,1847506.2944080925
2023-05-10,1848836.2380919808
2023-05-11,1843316.1948523158
2023-05-12,1841380.2939061916
2023-05-15,1846453.4644152927
2023-05-16,1838226.655942467
2023-05-17,1842378.9549953225
2023-05-18,1842411.0111817818
2023-05-19,1845449.2590710414
2023-05-22,1846069.1163274187
2023-05-23,1838012.2443619976
2023-05-24,1830639.2607975611
2023-05-25,1834684.604294826
2023-05-26,1845896.0656415687
2023-05-30,1845421.7866832484
2023-05-31,1840921.0011727004
2023-06-01,1848309.715599722
2023-06-02,1851403.1612575396
2023-06-05,1851420.93682354
2023-06-06,1853331.099343491
2023-06-07,1845959.2544474278
2023-06-08,1853928.3549271442
2023-06-09,1854689.1788857603
2023-06-12,1860589.8780275981
2023-06-13,1864251.4849172991
2023-06-14,1867322.7111951294
2023-06-15,1876478.8194666952
2023-06-16,1873566.9879014662
2023-06-20,1865632.83425728
2023-06-21,1861594.9635017063
2023-06-22,1861371.520665188
2023-06-23,1853734.146032794
2023-06-26,1849567.4449419384
2023-06-27,1859658.5098249367
2023-06-28,1857649.7924645361
2023-06-29,1859707.5130053665
2023-06-30,1867410.0996605898
2023-07-03,1870815.6077188998
2023-07-05,1867971.5246346546
2023-07-06,1861060.1705889038
2023-07-07,1861148.6955888127
2023-07-10,1864131.7177744203
2023-07-11,1868766.4118571898
2023-07-12,1876745.4871197185
2023-07-13,1888612.3895128057
2023-07-14,1883292.1693474592
2023-07-17,1886610.8184307485
2023-07-18,1890929.0468540401
2023-07-19,1891700.2383338385
2023-07-20,1880630.1483943448
2023-07-21,1880806.8923759044
2023-07-24,1885008.230362608
2023-07-25,1890627.90579967
2023-07-26,1891599.0194340926
2023-07-27,1884603.0291335222
2023-07-28,1897969.5213010598
2023-07-31,1900666.3458004657
2023-08-01,1893093.2308260417
2023-08-02,1873092.2582878312
2023-08-03,1870980.2834294194
2023-08-04,1866636.6281367212
2023-08-07,1875710.5594240234
2023-08-08,1868416.8794161337
2023-08-09,1863897.4095659358
2023-08-10,1863657.104994423
2023-08-11,1859276.9658182072
2023-08-14,1861632.4358682474
2023-08-15,1850121.2660106053
2023-08-16,1842314.5566490886
2023-08-17,1837717.2050507271
2023-08-18,1838907.7041015783
2023-08-21,1841116.402519825
2023-08-22,1838947.7918798772
2023-08-23,1842706.9327638804
2023-08-24,1837684.9146223878
2023-08-25,1841188.1770081006
2023-08-28,1844435.0334431166
2023-08-29,1849506.5342423744
2023-08-30,1850309.712079659
2023-08-31,1849773.5269402459
2023-09-01,1851772.936219987
2023-09-05,1849659.195722276
2023-09-06,1848961.580114129
2023-09-07,1848026.3219702905
2023-09-08,1849222.612076157
2023-09-11,1853363.5609963227
2023-09-12,1852122.6439593756
2023-09-13,1851589.6199044085
2023-09-14,1857411.152774475
2023-09-15,1855822.9727908701
2023-09-18,1856949.8892508643
2023-09-19,1856764.3267652125
2023-09-20,1853283.642069782
2023-09-21,1846149.6166097128
2023-09-22,1845800.912538103
2023-09-25,1848125.5757428235
2023-09-26,1837556.647738812
2023-09-27,1838856.3812790865
2023-09-28,1840277.9768368434
2023-09-29,1838047.2386792838
2023-10-02,1833013.6126109967
2023-10-03,1828568.3870116072
2023-10-04,1824616.104187126
2023-10-05,1824670.273378976
2023-10-06,1827821.3929574508
2023-10-09,1835728.486750929
2023-10-10,1836360.331089558
2023-10-11,1836260.4098172272
2023-10-12,1835378.3320877734
2023-10-13,1838623.8225404252
2023-10-16,1839852.7798859926
2023-10-17,1840962.2978037826
2023-10-18,1840447.4599506408
2023-10-19,1841271.7097876614
2023-10-20,1837915.3900480308
2023-10-23,1839434.3933343892
2023-10-24,1842431.6704985497
2023-10-25,1839202.1021602072
2023-10-26,1830529.3482476822
2023-10-27,1828698.3738615124
2023-10-30,1831260.2934370746
2023-10-31,1831857.9943045767
2023-11-01,1833454.432747344
2023-11-02,1840982.368459911
2023-11-03,1841739.674417768
2023-11-06,1842305.5745155194
2023-11-07,1839445.9267965348
2023-11-08,1837273.5826231218
2023-11-09,1837889.8603348995
2023-11-10,1842442.823328478
2023-11-13,1843093.6200567388
2023-11-14,1843392.9757001346
2023-11-15,1845585.1421016045
2023-11-16,1841473.0384639124
2023-11-17,1843848.9829183347
2023-11-20,1850351.426072259
2023-11-21,1848959.74380189
2023-11-22,1851084.1975121694
2023-11-24,1851207.315430905
2023-11-27,1847980.1558501697
2023-11-28,1853816.6411352742
2023-11-29,1853890.7416339933
2023-11-30,1850853.164971456
2023-12-01,1856121.4164448043
2023-12-04,1851277.3969614496
2023-12-05,1851348.61220435
2023-12-06,1846307.02176043
2023-12-07,1849966.4160641844
2023-12-08,1853948.5213246634
2023-12-11,1854465.3472956363
2023-12-12,1856198.0544917253
2023-12-13,1865304.280809934
2023-12-14,1868864.5499788744
2023-12-15,1869568.0945106386
2023-12-18,1873087.5653868455
2023-12-19,1877433.3234282553
2023-12-20,1868402.2749809518
2023-12-21,1874612.5510812297
2023-12-22,1875091.6603328204
2023-12-26,1878750.5158263093
2023-12-27,1880896.5424699874
2023-12-28,1877464.89900177
2023-12-29,1874475.850780596
2024-01-02,1868835.2851917136
2024-01-03,1856831.5781104784
2024-01-04,1854383.483392239
2024-01-05,1854293.2089657309
2024-01-08,1871270.0765929257
2024-01-09,1866577.931926636
2024-01-10,1871658.0270867206
2024-01-11,1870099.067483038
2024-01-12,1870952.5105410689
2024-01-16,1865015.1343338457
2024-01-17,1858927.8794299103
2024-01-18,1864822.4057176118
2024-01-19,1876227.2585173422
2024-01-22,1879286.6007350236
2024-01-23,1880210.8987429822
2024-01-24,1880060.4969046793
2024-01-25,1883702.650449727
2024-01-26,1881597.461755669
2024-01-29,1887271.1091327001
2024-01-30,1884404.5287550814
2024-01-31,1873154.2404781752
2024-02-01,1881419.3916541962
2024-02-02,1885880.4055384938
2024-02-05,1883062.4782837157
2024-02-06,1885162.3508864434
2024-02-07,1889832.8743123554
2024-02-08,1890084.7085056526
2024-02-09,1893976.2476717068
2024-02-12,1892982.48456384
2024-02-13,1881908.2025925305
2024-02-14,1890356.2054272823
2024-02-15,1895545.074807095
2024-02-16,1893059.5467800095
2024-02-20,1890937.3856515842
2024-02-21,1890243.5806955341
2024-02-22,1907036.4299825144
2024-02-23,1908131.3787127943
2024-02-26,1908701.8764867755
2024-02-27,1912411.0699415912
2024-02-28,1910340.6666744633
2024-02-29,1912948.707948491
2024-03-01,1924478.0946139859
2024-03-04,1925195.68655943
2024-03-05,1913141.4954174065
2024-03-06,1923693.0039727534
2024-03-07,1934111.7954405202
2024-03-08,1930235.2384887107
2024-03-11,1928928.9298444805
2024-03-12,1935335.0924332652
2024-03-13,1937174.1417292412
2024-03-14,1931753.6808618337
2024-03-15,1927025.8379976896
2024-03-18,1930530.5696672897
2024-03-19,1931678.7355083453
2024-03-20,1941236.7258020383
2024-03-21,1941120.8196892783
2024-03-22,1936927.5667597067
2024-03-25,1937184.9024108876
2024-03-26,1935634.8069868314
2024-03-27,1942294.437002437
2024-03-28,1946517.586136794
2024-04-01,1945367.9315358247
2024-04-02,1946394.1960978422
2024-04-03,1951948.5466984306
2024-04-04,1941381.5494729094
2024-04-05,1955753.7186407635
2024-04-08,1961393.5358268083
2024-04-09,1967079.3623909235
2024-04-10,1948033.3883356557
2024-04-11,1957522.8914280494
2024-04-12,1940538.7231922615
2024-04-15,1929698.3297661091
2024-04-16,1924204.8116398207
2024-04-17,1915031.601897353
2024-04-18,1915122.5370572077
2024-04-19,1917608.805436472
2024-04-22,1922094.056623142
2024-04-23,1929174.7513158785
2024-04-24,1930439.3037923232
2024-04-25,1929470.3082671866
2024-04-26,1931838.8643299285
2024-04-29,1934091.977906375
2024-04-30,1926431.9744038163
2024-05-01,1926160.481278268
2024-05-02,1929418.0363911476
2024-05-03,1934244.1699429334
2024-05-06,1939533.0354634887
2024-05-07,1939480.8420187803
2024-05-08,1939466.4351723732
2024-05-09,1942451.392689144
2024-05-10,1943268.0790384696
2024-05-13,1944692.727792376
2024-05-14,1948590.9015567072
2024-05-15,1956454.9112102923
2024-05-16,1954500.0590057722
2024-05-17,1956493.142442054
2024-05-20,1957926.5873063824
2024-05-21,1958059.7065336474
2024-05-22,1949035.428012439
2024-05-23,1937979.1478822634
2024-05-24,1945058.5833238426
2024-05-28,1946641.7271104339
2024-05-29,1930248.4721167868
2024-05-30,1928515.3621640755
2024-05-31,1933715.1953667798
2024-06-03,1938823.7320274054
2024-06-04,1935905.721084283
2024-06-05,1945967.7174520418
2024-06-06,1948009.1823574265
2024-06-07,1940992.7234954778
2024-06-10,1943907.775288403
2024-06-11,1945174.569476546
2024-06-12,1949482.7109461362
2024-06-13,1948359.1443875206
2024-06-14,1948693.2785235236
2024-06-17,1954084.376011194
2024-06-18,1956543.3464965066
2024-06-20,1959174.4511393837
2024-06-21,1956549.8347725256
2024-06-24,1954661.2450329391
2024-06-25,1959553.6193588264
2024-06-26,1957498.6084654792
2024-06-27,1959858.9005113486
2024-06-28,1956812.3942191924
2024-07-01,1960039.2965864365
2024-07-02,1962560.9097925457
2024-07-03,1965987.5016133778
2024-07-05,1972763.315282298
2024-07-08,1971079.9969634237
2024-07-09,1973324.2649110255
2024-07-10,1980765.589033176
2024-07-11,1979560.2717406733
2024-07-12,1983828.5243349369
2024-07-15,1983860.2082971905
2024-07-16,1991338.1653478423
2024-07-17,1978091.1475955315
2024-07-18,1967125.7881696397
2024-07-19,1954539.389114197
2024-07-22,1965878.1674264758
2024-07-23,1963430.3922270206
2024-07-24,1952118.4936899804
2024-07-25,1947901.3604699306
2024-07-26,1956750.7556741366
2024-07-29,1956628.0329959616
2024-07-30,1952125.4296487193
2024-07-31,1970190.2142503476
2024-08-01,1968227.789746715
2024-08-02,1970761.0117932155
2024-08-05,1962462.302028761
2024-08-06,1964807.3688948175
2024-08-07,1961923.861920172
2024-08-08,1977524.943860398
2024-08-09,1979415.1422944793
2024-08-12,1981338.270852251
2024-08-13,1984863.9687855628
2024-08-14,1983759.3323801968
2024-08-15,1987355.9965038716
2024-08-16,1993199.5216498452
2024-08-19,1996114.7544834132
2024-08-20,1997185.9992788096
2024-08-21,1997960.3871433872
2024-08-22,1991533.0914986148
2024-08-23,2002326.72728992
2024-08-26,2002685.0390480813
2024-08-27,2004692.1020559645
2024-08-28,2000368.9956174195
2024-08-29,2002467.1289149758
2024-08-30,2002700.55561223
2024-09-03,1998875.1268289704
2024-09-04,1999579.684451891
2024-09-05,2002276.928288242
2024-09-06,1993860.350743266
2024-09-09,2001363.7879918073
2024-09-10,2007734.462164533
2024-09-11,2007906.7446260876
2024-09-12,2017187.3073698299
2024-09-13,2025226.0587475451
2024-09-16,2027986.4103479923
2024-09-17,2022086.4367364873
2024-09-18,2015604.001314978
2024-09-19,2022478.2899221855
2024-09-20,2025068.8714613472
2024-09-23,2028952.5182613835
2024-09-24,2035832.9240948793
2024-09-25,2030553.895738632
2024-09-26,2042627.1766772931
2024-09-27,2037628.4606825071
2024-09-30,2031022.3483603492
2024-10-01,2034753.3081911618
2024-10-02,2038927.0653938008
2024-10-03,2032460.9289649618
2024-10-04,2033333.869647604
2024-10-07,2030305.5110623126
2024-10-08,2016471.4502148735
2024-10-09,2011916.1002008524
2024-10-10,2013339.400795407
2024-10-11,2021548.0287378095
2024-10-14,2022808.1118013312
2024-10-15,2019520.4254139548
2024-10-16,2024043.5177312444
2024-10-17,2025591.8592398774
2024-10-18,2033587.7462921625
2024-10-21,2026844.5700755953
2024-10-22,2033400.754804905
2024-10-23,2022142.1813848047
2024-10-24,2027817.3180402953
2024-10-25,2025096.737316315
2024-10-28,2030433.918091671
2024-10-29,2036807.3108636343
2024-10-30,2036571.3380409654
2024-10-31,2017027.7119385328
2024-11-01,2014893.743453995
2024-11-04,2014703.256294045
2024-11-05,2026089.6988799337
2024-11-06,2026140.5906250682
2024-11-07,2034820.844545718
2024-11-08,2037155.6359855733
2024-11-11,2040615.3958990467
2024-11-12,2037940.4804476206
2024-11-13,2036307.7450243558
2024-11-14,2029952.2246096116
2024-11-15,2026177.8867071928
2024-11-18,2034076.4097630526
2024-11-19,2040501.863029308
2024-11-20,2042672.6530029634
2024-11-21,2050964.8958061985
2024-11-22,2055911.590910602
2024-11-25,2051042.529673106
2024-11-26,2052104.0498813593
2024-11-27,2051503.1099955018
2024-11-29,2054128.9757126174
2024-12-02,2051593.3595529026
2024-12-03,2050941.3158090576
2024-12-04,2054492.0417657292
2024-12-05,2052977.9313629798
2024-12-06,2053463.7372271144
2024-12-09,2049459.2961411725
2024-12-10,2043369.899980855
2024-12-11,2049451.4067741071
2024-12-12,2045014.1620811468
2024-12-13,2045451.2583614236
2024-12-16,2047204.1318023058
2024-12-17,2040604.3836144812
2024-12-18,2004276.501647886
2024-12-19,1999105.132416832
2024-12-20,2009700.8871369471
2024-12-23,2012351.5918337014
2024-12-24,2018038.5377637618
2024-12-26,2018124.190700787
2024-12-27,2013431.531936313
2024-12-30,2009299.689946033
2024-12-31,2009648.1165456753
2025-01-02,2006685.2701033433
2025-01-03,2014270.5815358793
2025-01-06,2015432.3024428491
2025-01-07,2013977.1271429826
2025-01-08,2014923.8684183573
2025-01-10,2013139.2580727385
2025-01-13,2016720.9789285571
2025-01-14,2020463.0428025227
2025-01-15,2034334.4819320492
2025-01-16,2038663.456450334
2025-01-17,2037223.682784135
2025-01-21,2041507.2460347058
2025-01-22,2039214.442581809
2025-01-23,2040525.1728471653
2025-01-24,2041778.6102723537
2025-01-27,2038949.7545543902
2025-01-28,2042024.140978292
2025-01-29,2037849.1863329841
2025-01-30,2045004.8011528845
2025-01-31,2041663.3309132096
2025-02-03,2041987.4305180884
2025-02-04,2050916.6029809131
2025-02-05,2054697.4782857003
2025-02-06,2054889.416485226
2025-02-07,2052759.6652809007
2025-02-10,2061491.110035104
2025-02-11,2060421.9837605858
2025-02-12,2059914.9554474861
2025-02-13,2067163.2443990768
2025-02-14,2061463.1908714545
2025-02-18,2068522.2442664078
2025-02-19,2069366.6389540022
2025-02-20,2068195.1250059688
2025-02-21,2054491.683472814
2025-02-24,2048241.736783964
2025-02-25,2036205.6264114545
2025-02-26,2037789.8116503826
2025-02-27,2021866.1078779418
2025-02-28,2025062.6669941898
2025-03-03,2021149.0859058555
2025-03-04,2020192.74550814
2025-03-05,2026064.94091986
2025-03-06,2020485.343529887
2025-03-07,2021671.837304637
2025-03-10,2015378.5688024345
2025-03-11,2015060.9876909854
2025-03-12,2017840.789492923
2025-03-13,2017422.4561757797
2025-03-14,2023474.5939334328
2025-03-17,2028459.7942016097
2025-03-18,2031108.9696207633
2025-03-19,2034891.5025732955
2025-03-20,2030635.8811945806
2025-03-21,2024171.975246741
2025-03-24,2025667.7467152842
2025-03-25,2028227.9272907379
2025-03-26,2023479.8031393897
2025-03-27,2029550.8051033511
2025-03-28,2024672.8414384995
2025-03-31,2028502.972605402
2025-04-01,2025923.7727102058
2025-04-02,2028671.5764947569
2025-04-03,2012850.7139154207
2025-04-04,1998726.2329210152
2025-04-07,1990595.0935846067
2025-04-08,1988800.4547650982
2025-04-09,1994282.4923862452
2025-04-10,1997936.538587617
2025-04-11,2000670.1840861698
2025-04-14,1998590.0773962238
2025-04-15,2000731.8688324322
2025-04-16,2013451.7111430145
2025-04-17,2011833.8253459842
2025-04-21,2024203.6402866694
2025-04-22,2018569.2281453873
2025-04-23,2007597.9938764465
2025-04-24,2009880.2368667682
2025-04-25,2008441.7012867425
2025-04-28,2010649.5713923636
2025-04-29,2009379.6864193508
2025-04-30,2008454.4941151296
2025-05-01,2004885.1492480235
2025-05-02,2007404.6714360635
2025-05-05,2011398.013490402
2025-05-06,2015389.5609832567
2025-05-07,2010793.737243433
2025-05-08,2007272.2336486536
2025-05-09,2010809.3435738098
2025-05-12,2010936.968978001
2025-05-13,2015067.1587163517
2025-05-14,2011972.7018005818
2025-05-15,2016749.1338691588
2025-05-16,2016521.3449897773
2025-05-19,2022317.7179894152
2025-05-20,2026526.061803626
2025-05-21,2025186.1705642713
2025-05-22,2025149.6689779605
2025-05-23,2024211.3493803772
2025-05-27,2035234.886152348
2025-05-28,2028468.152345574
2025-05-29,2030588.8547770309
2025-05-30,2026341.1791566832
2025-06-02,2034977.0954361288
2025-06-03,2035122.2179121051
2025-06-04,2039254.5181836877
2025-06-05,2040584.5125897585
2025-06-06,2042386.2798629338
2025-06-09,2047402.4352418976
2025-06-10,2049478.5952746137
2025-06-11,2049757.96073296
2025-06-12,2054437.2915640415
2025-06-13,2047303.0601431553
2025-06-16,2049283.2656322233
2025-06-17,2047495.8802876163
2025-06-18,2044827.604583531
2025-06-20,2040692.2012018808
2025-06-23,2039626.6846130432
2025-06-24,2044583.312075865
2025-06-25,2044124.6836198901
2025-06-26,2050826.986711181
2025-06-27,2047392.7084737457
2025-06-30,2051585.6350861564
2025-07-01,2050760.7515047265
2025-07-02,2055852.199660809
2025-07-03,2059938.3224699954
2025-07-07,2050473.836913679
2025-07-08,2052810.855110097
2025-07-09,2057782.3263576205
2025-07-10,2058725.5745805954
2025-07-11,2055835.9000749565
2025-07-14,2056709.7993649894
2025-07-15,2051644.0636386038
2025-07-16,2056669.6241905803
2025-07-17,2061040.5966655083
2025-07-18,2058811.8159953502
2025-07-21,2064780.9911141705
2025-07-22,2068459.5064378271
2025-07-23,2077342.4803845505
2025-07-24,2073931.8308415124
2025-07-25,2069659.2039972646
2025-07-28,2064630.2721674265
2025-07-29,2063552.4934658683
2025-07-30,2056434.2790696064
2025-07-31,2050992.802635744
2025-08-01,2038329.0320758559
2025-08-04,2058051.7864924849
2025-08-05,2058055.3697553636
2025-08-06,2064392.5085608612
2025-08-07,2068986.3787410446
2025-08-08,2073587.2041107833
2025-08-11,2069393.8278554457
2025-08-12,2079254.1343353635
2025-08-13,2086096.2913930127
2025-08-14,2079934.02018938
2025-08-15,2078717.8286523558
2025-08-18,2079653.0810614424
2025-08-19,2070044.7710426934
2025-08-20,2068030.355940119
2025-08-21,2062825.8891442544
2025-08-22,2084629.478590912
2025-08-25,2078054.3901574693
2025-08-26,2079322.8968071756
2025-08-27,2078606.8070330042
2025-08-28,2083304.6719811477
2025-08-29,2079958.594168061
2025-09-02,2081672.6441777523
2025-09-03,2089049.8706071358
2025-09-04,2090178.4141023026
2025-09-05,2102110.8013885524
2025-09-08,2112720.8381487164
2025-09-09,2113099.864529922
2025-09-10,2116453.148237775
2025-09-11,2128582.1646955363
2025-09-12,2129759.083809503
2025-09-15,2139873.528208087
2025-09-16,2141780.604193995
2025-09-17,2137538.180104178
2025-09-18,2137993.722917423
2025-09-19,2144087.4621092286
2025-09-22,2156769.8984083026
2025-09-23,2156863.872816346
2025-09-24,2148736.628605211
2025-09-25,2147923.4185033506
2025-09-26,2155822.647945071
2025-09-29,2169409.3219139357
2025-09-30,2176060.5305596692
2025-10-01,2183341.6646600226
2025-10-02,2182052.238734604
2025-10-03,2187279.1411758927
2025-10-06,2198545.349589779
2025-10-07,2193325.2438765764
2025-10-08,2206127.0459435973
2025-10-09,2191184.3960749605
2025-10-10,2164015.659535011
2025-10-13,2190830.2913815365
2025-10-14,2187048.7280056826
2025-10-15,2206863.849208936
2025-10-16,2219820.1730045113
2025-10-17,2211804.143549591
2025-10-20,2237385.466848597
2025-10-21,2212321.865843022
2025-10-22,2209850.9556284896
2025-10-23,2215098.383681787
2025-10-24,2219659.0472816178
2025-10-27,2223670.235765056
2025-10-28,2222435.4323578365
2025-10-29,2221120.386804429
2025-10-30,2216510.888127032
2025-10-31,2215174.656732416
2025-11-03,2218573.7591882995
2025-11-04,2204404.09163523
2025-11-05,2211982.963028381
2025-11-06,2201149.065406149
2025-11-07,2200842.8676187587
2025-11-10,2221316.8601087867
2025-11-11,2222013.1678269817
2025-11-12,2224808.087730739
2025-11-13,2216522.230060945
2025-11-14,2216651.849656039
2025-11-17,2204963.0656170603
2025-11-18,2203682.745647072
2025-11-19,2202251.01053285
2025-11-20,2182372.155369682
2025-11-21,2189552.6613593027
2025-11-24,2203277.1885880404
2025-11-25,2204593.9664610205
2025-11-26,2208856.767576488
2025-11-28,2212312.8715488976
2025-12-01,2213582.0141496104
2025-12-02,2213653.067103416
2025-12-03,2214207.2548836805
2025-12-04,2212764.104318297
2025-12-05,2215553.37287913
2025-12-08,2212808.978880923
2025-12-09,2214743.7280927706
2025-12-10,2223663.579945977
2025-12-11,2229316.349529033
2025-12-12,2223198.067670527
2025-12-15,2220848.0053957202
2025-12-16,2217509.10000635
2025-12-17,2214714.3088514423
2025-12-18,2219839.475868341
2025-12-19,2232998.2597450544
2025-12-22,2248455.0048227324
2025-12-23,2260634.2243763846
2025-12-24,2260319.3650976806
2025-12-26,2275791.6244570673
2025-12-29,2246037.396821564
2025-12-30,2248346.646676621
2025-12-31,2241241.036216204
2026-01-02,2248160.375791603
2026-01-05,2269176.037027205
2026-01-06,2275254.4884341955
2026-01-07,2268463.276170456
2026-01-08,2271602.5687425616
2026-01-09,2278992.5514323376
2026-01-12,2295255.2616929193
2026-01-13,2292243.7678709067
2026-01-14,2302548.5684304135
2026-01-15,2300660.4502641447
2026-01-16,2295886.660139531
2026-01-20,2304569.236679341
2026-01-21,2326705.0052890424
2026-01-22,2344174.1779890666
2026-01-23,2359442.1987381373
2026-01-26,2372253.739338267
2026-01-27,2398267.1581340027
2026-01-28,2420762.502694557
2026-01-29,2411062.0539108156
2026-01-30,2357693.165238475
2026-02-02,2349244.4996732064
2026-02-03,2348149.124653791
2026-02-04,2348843.0586229544
2026-02-05,2341141.47559457
2026-02-06,2369893.6241850164
2026-02-09,2372571.7835983527
2026-02-10,2374598.4566061525
2026-02-11,2377439.4189009652
2026-02-12,2368812.070075088
2026-02-13,2371233.4814307056
2026-02-17,2371718.788358342
2026-02-18,2373252.98954203
2026-02-19,2371065.7504428932
2026-02-20,2380600.982597397
2026-02-23,2375195.4368789988
2026-02-24,2384605.7725297003
2026-02-25,2391034.877271823
2026-02-26,2388092.0803741184
2026-02-27,2387833.053369597
2026-03-02,2386476.76569648
2026-03-03,2366353.080990684
2026-03-04,2373549.985896316
2026-03-05,2369424.734065616
2026-03-06,2380225.02218657
2026-03-09,2391950.58367459
2026-03-10,2391709.0144059714
2026-03-11,2397528.4455602746
2026-03-12,2388957.4840596486
2026-03-13,2385094.6932420894
2026-03-16,2391661.1579696266
2026-03-17,2397110.4238744117
2026-03-18,2395171.4301750325
2026-03-19,2391261.588777571
2026-03-20,2386917.4897313253
2026-03-23,2377467.345073734
2026-03-24,2377491.9787879908
2026-03-25,2378674.028377517
2026-03-26,2379894.829824911
2026-03-27,2383885.941841668
2026-03-30,2384980.1408775896
2026-03-31,2382687.171492162
2026-04-01,2380005.965819003
2026-04-02,2388650.4586893236
2026-04-06,2391814.370653572
2026-04-07,2391069.9785476145
2026-04-08,2364435.434113514
2026-04-09,2366245.426608047
2026-04-10,2363404.479481886
2026-04-13,2369060.2262220494
2026-04-14,2364840.55468379
2026-04-15,2366020.780156544
2026-04-16,2371441.352405397
2026-04-17,2363709.6747692553
2026-04-20,2367613.290364886
2026-04-21,2366540.6717445627
2026-04-22,2376912.5791681493
2026-04-23,2378341.7920266176
2026-04-24,2387151.952686951
2026-04-27,2389625.1693173954
2026-04-28,2389750.8194902986
2026-04-29,2399140.902877568
2026-04-30,2411562.3723034305
2026-05-01,2410316.47005127
2026-05-04,2416309.7384893363
2026-05-05,2424862.4874230754
2026-05-06,2428390.7857600376
2026-05-07,2418117.5886670193
2026-05-08,2433201.2743070726
2026-05-11,2447837.0153893232
2026-05-12,2439857.221217856
2026-05-13,2443751.9279569383
2026-05-14,2445470.3053495404
2026-05-15,2425377.03839259
2026-05-18,2426073.513615695
2026-05-19,2423105.200603779
2026-05-20,2433272.859343149
2026-05-21,2432819.3615403646
2026-05-22,2432330.517490198
2026-05-26,2445149.1776128933
2026-05-27,2437788.1770728836
2026-05-28,2441122.131460621
