,trend_following,mean_reversion,dual_momentum,breakout
2008-01-02,0.3,0.2,0.3,0.2
2008-01-03,0.3,0.2,0.3,0.2
2008-01-04,0.3,0.2,0.3,0.2
2008-01-07,0.3,0.2,0.3,0.2
2008-01-08,0.3,0.2,0.3,0.2
2008-01-09,0.3,0.2,0.3,0.2
2008-01-10,0.3,0.2,0.3,0.2
2008-01-11,0.3,0.2,0.3,0.2
2008-01-14,0.3,0.2,0.3,0.2
2008-01-15,0.3,0.2,0.3,0.2
2008-01-16,0.3,0.2,0.3,0.2
2008-01-17,0.3,0.2,0.3,0.2
2008-01-18,0.3,0.2,0.3,0.2
2008-01-22,0.3,0.2,0.3,0.2
2008-01-23,0.3,0.2,0.3,0.2
2008-01-24,0.3,0.2,0.3,0.2
2008-01-25,0.3,0.2,0.3,0.2
2008-01-28,0.3,0.2,0.3,0.2
2008-01-29,0.3,0.2,0.3,0.2
2008-01-30,0.3,0.2,0.3,0.2
2008-01-31,0.37442826046878847,0.24961884031252568,0.37442826046878847,0.0015246387498974564
2008-02-01,0.37442756947517286,0.24961837965011527,0.37442756947517286,0.0015264813995390174
2008-02-04,0.5869115573420097,0.3912743715613399,0.019516973271281702,0.002297097825368665
2008-02-05,0.5869476245936032,0.3912984163957355,0.019494949596579443,0.002259009414081852
2008-02-06,0.5869996859916514,0.3913331239944343,0.019481419464477623,0.0021857705494366256
2008-02-07,0.587144319433594,0.39142954628906274,0.019264621682049052,0.0021615125952941573
2008-02-08,0.587134849548588,0.39142323303239207,0.01927972500814705,0.0021621924108729674
2008-02-11,0.587174376984959,0.39144958465663937,0.01928723711106046,0.002088801247341108
2008-02-12,0.5872312923563895,0.39148752823759303,0.01926994866347021,0.0020112307425473605
2008-02-13,0.587399641004936,0.3915997606699574,0.019287593693867098,0.001713004631239693
2008-02-14,0.5874163468685529,0.3916108979123687,0.019269357878065226,0.001703397341013087
2008-02-15,0.5874455185003609,0.39163034566690724,0.019252730944256932,0.0016714048884750423
2008-02-19,0.5874550846802219,0.3916367231201479,0.019258299955108728,0.0016498922445213823
2008-02-20,0.587599929853317,0.391733286568878,0.019267980268407113,0.0013988033093980524
2008-02-21,0.5876175673401717,0.3917450448934478,0.019262499243213996,0.001374888523166461
2008-02-22,0.58774588297135,0.3918305886475667,0.019081636675543967,0.0013418917055392494
2008-02-25,0.5877755878511307,0.3918503919007539,0.019087365743287375,0.0012866545048278773
2008-02-26,0.5877818506275883,0.3918545670850589,0.019077725235447644,0.0012858570519052922
2008-02-27,0.5879204111735253,0.39194694078235026,0.0189786920326744,0.0011539560114500582
2008-02-28,0.5879276882895597,0.3919517921930398,0.018966155725992744,0.00115436379140771
2008-02-29,0.5879822959881053,0.3919881973254035,0.01897219837174783,0.0010573083147433625
2008-03-03,0.5880087855803633,0.3920058570535756,0.01896084917186312,0.0010245081941978164
2008-03-04,0.5880481343909526,0.3920320895939684,0.01892969738253176,0.000990078632547395
2008-03-05,0.5880885849862001,0.3920590566574668,0.01893513728002426,0.0009172210763087296
2008-03-06,0.588175082122327,0.3921167214148847,0.01893977590272708,0.0007684205600611831
2008-03-07,0.5882016746477667,0.39213444976517786,0.018898072250978643,0.0007658033360766803
2008-03-10,0.5882027702107638,0.39213518014050935,0.01890183735803559,0.0007602122906913007
2008-03-11,0.588201999333963,0.39213466622264204,0.018905382283730558,0.0007579521596643819
2008-03-12,0.588201727388138,0.3921344849254254,0.01890879313208699,0.0007549945543495043
2008-03-13,0.5882119702091815,0.3921413134727877,0.018898874934117148,0.0007478413839135891
2008-03-14,0.5882131853326825,0.3921421235551217,0.01889865718368539,0.0007460339285103299
2008-03-17,0.5884006361834399,0.3922670907889599,0.0185884580754004,0.0007438149521999161
2008-03-18,0.5884564113105469,0.39230427420703134,0.018588560275615965,0.0006507542068058537
2008-03-19,0.588582475099454,0.3923883167329694,0.01838726966294812,0.0006419385046284335
2008-03-20,0.5885970278683049,0.39239801857886997,0.018381920999822547,0.0006230325530025792
2008-03-24,0.5886129158519888,0.3924086105679926,0.018379152200245757,0.0005993213797728337
2008-03-25,0.5886787781097785,0.39245251873985243,0.018269235446997573,0.0005994677033714129
2008-03-26,0.5887120323212193,0.3924746882141462,0.018213757742142258,0.0005995217224923462
2008-03-27,0.5887548279993909,0.3925032186662606,0.018142368578800944,0.0005995847555475331
2008-03-28,0.5887589849037164,0.39250598993581093,0.018135417388790827,0.0005996077716817844
2008-03-31,0.5888206509083802,0.39254710060558684,0.018032559762417286,0.0005996887236157179
2008-04-01,0.5889313501403332,0.3926209000935555,0.017847930750532703,0.0005998190155788008
2008-04-02,0.5889638206798291,0.3926425471198861,0.01779376313735512,0.000599869062929711
2008-04-03,0.5889625564951884,0.3926417043301256,0.01779585496911771,0.0005998842055683468
2008-04-04,0.5889613320431801,0.39264088802878677,0.017797881059733015,0.0005998988682999571
2008-04-07,0.5889789083161306,0.39265260554408715,0.017768553954429472,0.0005999321853528038
2008-04-08,0.5889918176409967,0.39266121176066454,0.017747010322039784,0.0005999602762990872
2008-04-09,0.5890304935226628,0.3926869956817752,0.017682496632353037,0.0006000141632090662
2008-04-10,0.5890293702721489,0.3926862468480992,0.017684355801533498,0.0006000270782184259
2008-04-11,0.5890286963141137,0.3926857975427425,0.017686173335411295,0.0005993328077326264
2008-04-14,0.5890276079394573,0.3926850719596382,0.017687925673838895,0.0005993944270656357
2008-04-15,0.5890442639139731,0.3926961759426488,0.017660408726344497,0.0005991514170334933
2008-04-16,0.5890437917564025,0.392695861170935,0.017662111112250918,0.000598235960411598
2008-04-17,0.5890766953719476,0.39271779691463177,0.017607236789982637,0.0005982709234378756
2008-04-18,0.5890757434748748,0.39271716231658327,0.017608777142635236,0.0005983170659066025
2008-04-21,0.5891076161583976,0.3927384107722651,0.017556071443876907,0.0005979016254603716
2008-04-22,0.5891248969606915,0.39274993130712765,0.017527698208950417,0.0005974735232303045
2008-04-23,0.5891291776361085,0.39275278509073897,0.017521150591170646,0.0005968866819820233
2008-04-24,0.5891284945748458,0.39275232971656393,0.017522534056224743,0.0005966416523654908
2008-04-25,0.5891329175202145,0.3927552783468096,0.017516050678558177,0.0005957534544178182
2008-04-28,0.589132952390163,0.392755301593442,0.017517401160396167,0.0005943448559989221
2008-04-29,0.5891647485656232,0.3927764990437488,0.01746434220398184,0.0005944101866462816
2008-04-30,0.5892645861160825,0.3928430574107217,0.017300106821286278,0.0005922496519095957
2008-05-01,0.5893540952176296,0.3929027301450864,0.01715202566071454,0.0005911489765695752
2008-05-02,0.5893982895161174,0.392932193010745,0.01707852126738461,0.0005909962057530634
2008-05-05,0.5894295154405569,0.3929530102937046,0.017028964475650648,0.000588509790087761
2008-05-06,0.589434853760698,0.39295656917379873,0.017022750391031714,0.0005858266744714934
2008-05-07,0.5894490350976835,0.3929660233984557,0.017002651340020488,0.0005822901638403105
2008-05-08,0.5894863151882919,0.39299087679219463,0.016946645831975523,0.0005761621875379525
2008-05-09,0.5894995764027018,0.39299971760180125,0.0169264218789492,0.000574284116547913
2008-05-12,0.589514647924195,0.39300976528279663,0.016901592096964183,0.00057399469604433
2008-05-13,0.3,0.2,0.967176071751969,0.03282392824803101
2008-05-14,0.3,0.2,0.9672616097894211,0.03273839021057881
2008-05-15,0.3,0.2,0.9675022947513301,0.032497705248669975
2008-05-16,0.3,0.2,0.9675643817838967,0.03243561821610325
2008-05-19,0.3,0.2,0.9675270715843859,0.032472928415614055
2008-05-20,0.3,0.2,0.9675252239351353,0.03247477606486478
2008-05-21,0.3,0.2,0.9674238817591044,0.03257611824089566
2008-05-22,0.3,0.2,0.9675263388799163,0.032473661120083645
2008-05-23,0.3,0.2,0.9677195732460657,0.03228042675393428
2008-05-27,0.3,0.2,0.9675851840580839,0.03241481594191604
2008-05-28,0.3,0.2,0.9677707919600215,0.03222920803997864
2008-05-29,0.3,0.2,0.9678282833794131,0.03217171662058687
2008-05-30,0.3,0.2,0.9686220811868733,0.031377918813126585
2008-06-02,0.3,0.2,0.9686005004729257,0.03139949952707425
2008-06-03,0.3,0.2,0.9684960609705351,0.031503939029464856
2008-06-04,0.3,0.2,0.9686441367220462,0.03135586327795388
2008-06-05,0.3,0.2,0.9686503800327249,0.03134961996727519
2008-06-06,0.3,0.2,0.9685766820931232,0.03142331790687683
2008-06-09,0.3,0.2,0.9687741198751183,0.031225880124881786
2008-06-10,0.3,0.2,0.9687722208164624,0.031227779183537564
2008-06-11,0.3,0.2,0.968765431133384,0.031234568866616016
2008-06-12,0.3,0.2,0.9827441302230512,0.017255869776948783
2008-06-13,0.3,0.2,0.9825308468522205,0.01746915314777948
2008-06-16,0.3,0.2,0.9826273828295696,0.017372617170430427
2008-06-17,0.3,0.2,0.9828790514577505,0.017120948542249582
2008-06-18,0.3,0.2,0.9828813937790563,0.017118606220943824
2008-06-19,0.3,0.2,0.9828673163657714,0.017132683634228575
2008-06-20,0.3,0.2,0.9830910768478579,0.016908923152142128
2008-06-23,0.3,0.2,0.9829088024369251,0.017091197563074867
2008-06-24,0.3,0.2,0.982937342782721,0.01706265721727895
2008-06-25,0.3,0.2,0.9829128177484823,0.017087182251517674
2008-06-26,0.3,0.2,0.9829417772051976,0.017058222794802392
2008-06-27,0.3,0.2,0.9830151493025504,0.016984850697449615
2008-06-30,0.3,0.2,0.9830186661490781,0.016981333850921966
2008-07-01,0.3,0.2,0.9830582009242108,0.01694179907578916
2008-07-02,0.3,0.2,0.9829464740574269,0.017053525942573117
2008-07-03,0.3,0.2,0.9831526434147304,0.016847356585269545
2008-07-07,0.3,0.2,0.9829018493666491,0.01709815063335082
2008-07-08,0.3,0.2,0.982960793571879,0.01703920642812096
2008-07-09,0.3,0.2,0.9829806047271138,0.017019395272886206
2008-07-10,0.3,0.2,0.9829411903173193,0.01705880968268071
2008-07-11,0.3,0.2,0.9826077590633224,0.017392240936677555
2008-07-14,0.3,0.2,0.9821464501533401,0.01785354984665991
2008-07-15,0.3,0.2,0.9805593504340636,0.019440649565936323
2008-07-16,0.3,0.2,0.9809057563741242,0.019094243625875723
2008-07-17,0.3,0.2,0.9814636021850692,0.0185363978149308
2008-07-18,0.3,0.2,0.9803392030643467,0.01966079693565317
2008-07-21,0.3,0.2,0.9796350745435344,0.020364925456465736
2008-07-22,0.3,0.2,0.9791743296484017,0.02082567035159824
2008-07-23,0.3,0.2,0.9792850018261111,0.02071499817388889
2008-07-24,0.3,0.2,0.979845645245613,0.02015435475438703
2008-07-25,0.3,0.2,0.9782137857327828,0.021786214267217257
2008-07-28,0.3,0.2,0.9785182542603821,0.02148174573961797
2008-07-29,0.3,0.2,0.9780502557421528,0.021949744257847195
2008-07-30,0.3,0.2,0.9772706830524339,0.022729316947566063
2008-07-31,0.3,0.2,0.9776536491367617,0.022346350863238426
2008-08-01,0.3,0.2,0.9778979438730961,0.022102056126903958
2008-08-04,0.3,0.2,0.9373818395280575,0.06261816047194242
2008-08-05,0.3,0.2,0.8059563465626026,0.19404365343739743
2008-08-06,0.3,0.2,0.7677808183618198,0.23221918163818026
2008-08-07,0.3,0.2,0.7624982599393932,0.23750174006060673
2008-08-08,0.3,0.2,0.7526819523202791,0.24731804767972093
2008-08-11,0.3,0.2,0.7525927937881435,0.24740720621185647
2008-08-12,0.3,0.2,0.7329251591523605,0.26707484084763955
2008-08-13,0.3,0.2,0.7166313984649283,0.2833686015350716
2008-08-14,0.3,0.2,0.7126080829507093,0.2873919170492907
2008-08-15,0.3,0.2,0.7116592192018331,0.28834078079816694
2008-08-18,0.3,0.2,0.7086576590840984,0.29134234091590167
2008-08-19,0.3,0.2,0.7074079968666781,0.29259200313332207
2008-08-20,0.3,0.2,0.7058862244753403,0.2941137755246597
2008-08-21,0.3,0.2,0.7043240023308137,0.2956759976691862
2008-08-22,0.3,0.2,0.6956979995889808,0.3043020004110191
2008-08-25,0.3,0.2,0.6955544903286014,0.30444550967139866
2008-08-26,0.3,0.2,0.6794513023857063,0.3205486976142937
2008-08-27,0.3,0.2,0.6771300869050142,0.32286991309498575
2008-08-28,0.3,0.2,0.6723856431376952,0.32761435686230483
2008-08-29,0.3,0.2,0.6718631596061718,0.3281368403938281
2008-09-02,0.3,0.2,0.6702435698130392,0.32975643018696077
2008-09-03,0.3,0.2,0.6667607372492819,0.3332392627507181
2008-09-04,0.3,0.2,0.6643051540171787,0.3356948459828213
2008-09-05,0.3,0.2,0.6466597592266246,0.35334024077337534
2008-09-08,0.3,0.2,0.6440037818251914,0.3559962181748087
2008-09-09,0.3,0.2,0.6258514710405236,0.3741485289594763
2008-09-10,0.3,0.2,0.6139066005149685,0.3860933994850315
2008-09-11,0.3,0.2,0.6119026442732179,0.38809735572678217
2008-09-12,0.3,0.2,0.6075992862075589,0.3924007137924411
2008-09-15,0.3,0.2,0.6047403827673059,0.3952596172326941
2008-09-16,0.3,0.2,0.5813746934053463,0.41862530659465375
2008-09-17,0.3,0.2,0.5644349582992764,0.4355650417007236
2008-09-18,0.3,0.2,0.5467226868508444,0.4532773131491556
2008-09-19,0.3,0.2,0.5153439791614943,0.4846560208385057
2008-09-22,0.3,0.2,0.5091741728589839,0.4908258271410162
2008-09-23,0.3,0.2,0.4805632095425892,0.5194367904574108
2008-09-24,0.3,0.2,0.4775947047317692,0.5224052952682308
2008-09-25,0.3,0.2,0.47386247705911105,0.526137522940889
2008-09-26,0.3,0.2,0.47333168929180586,0.5266683107081941
2008-09-29,0.3,0.2,0.47099657564834685,0.5290034243516532
2008-09-30,0.3,0.2,0.4686671217576057,0.5313328782423942
2008-10-01,0.3,0.2,0.4656609537344949,0.5343390462655051
2008-10-02,0.3,0.2,0.46550250799976167,0.5344974920002383
2008-10-03,0.3,0.2,0.4624214835927645,0.5375785164072354
2008-10-06,0.3,0.2,0.4596206441243618,0.5403793558756381
2008-10-07,0.3,0.2,0.446809742187036,0.553190257812964
2008-10-08,0.3,0.2,0.44591941608520164,0.5540805839147984
2008-10-09,0.3,0.2,0.44489846893237583,0.5551015310676243
2008-10-10,0.3,0.2,0.4423974488803366,0.5576025511196634
2008-10-13,0.3,0.2,0.44158283005186183,0.5584171699481382
2008-10-14,0.3,0.2,0.43977505984077103,0.5602249401592291
2008-10-15,0.3,0.2,0.4362718347408513,0.5637281652591487
2008-10-16,0.3,0.2,0.43540283718295014,0.5645971628170499
2008-10-17,0.3,0.2,0.43402628825249956,0.5659737117475003
2008-10-20,0.3,0.2,0.4336710519397977,0.5663289480602022
2008-10-21,0.3,0.2,0.43308431604221825,0.5669156839577818
2008-10-22,0.3,0.2,0.4313463484614866,0.5686536515385134
2008-10-23,0.3,0.2,0.43023615347392097,0.569763846526079
2008-10-24,0.3,0.2,0.42971789388439563,0.5702821061156044
2008-10-27,0.3,0.2,0.42583734111954086,0.5741626588804593
2008-10-28,0.3,0.2,0.4149254573221427,0.5850745426778572
2008-10-29,0.3,0.2,0.41204538570721766,0.5879546142927824
2008-10-30,0.3,0.2,0.4101202458850922,0.5898797541149077
2008-10-31,0.3,0.2,0.410026922243664,0.589973077756336
2008-11-03,0.3,0.2,0.40770163653162633,0.5922983634683737
2008-11-04,0.3,0.2,0.3855100983360224,0.6144899016639777
2008-11-05,0.3,0.2,0.3840791297953015,0.6159208702046985
2008-11-06,0.3,0.2,0.38204041275776174,0.6179595872422382
2008-11-07,0.3,0.2,0.3784657114883164,0.6215342885116836
2008-11-10,0.3,0.2,0.3706515042284199,0.6293484957715801
2008-11-11,0.3,0.2,0.37057824374357407,0.629421756256426
2008-11-12,0.3,0.2,0.36671700088699577,0.6332829991130043
2008-11-13,0.3,0.2,0.3316636744886304,0.6683363255113696
2008-11-14,0.3,0.2,0.3271303377301927,0.6728696622698074
2008-11-17,0.3,0.2,0.31521609626825114,0.6847839037317488
2008-11-18,0.3,0.2,0.314326384202069,0.6856736157979311
2008-11-19,0.3,0.2,0.30606703728512896,0.6939329627148709
2008-11-20,0.3,0.2,0.283486646949522,0.716513353050478
2008-11-21,0.7980274318203974,0.2,0.04351339561540288,0.15845917256419975
2008-11-24,0.7688975032324039,0.2,0.04887948710655194,0.1822230096610441
2008-11-25,0.7424739045966189,0.2,0.05365940659003833,0.2038666888133427
2008-11-26,0.6890117253887998,0.2,0.06566511242651994,0.24532316218468014
2008-11-28,0.6379366815631872,0.2,0.06081026975188643,0.30125304868492636
2008-12-01,0.6329244508010304,0.2,0.06252552801642547,0.30455002118254404
2008-12-02,0.6099303995311337,0.2,0.07760505734944666,0.31246454311941974
2008-12-03,0.609776438503564,0.2,0.07766640402651433,0.31255715746992163
2008-12-04,0.6096950157958747,0.2,0.0776893584420904,0.3126156257620348
2008-12-05,0.6054399980730599,0.2,0.08095815074157725,0.3136018511853629
2008-12-08,0.6025508755100036,0.2,0.08377110399345035,0.3136780204965461
2008-12-09,0.6024928157141318,0.2,0.08385863220165939,0.31364855208420866
2008-12-10,0.5989512796124794,0.2,0.08688495413718415,0.31416376625033643
2008-12-11,0.5977639119472886,0.2,0.08869159602972791,0.31354449202298346
2008-12-12,0.5970550035443409,0.2,0.0897324525709621,0.31321254388469694
2008-12-15,0.5969256037867018,0.2,0.08993059830021725,0.313143797913081
2008-12-16,0.5956018261647732,0.2,0.09118432500672186,0.31321384882850495
2008-12-17,0.5908080878482265,0.2,0.09560793028254924,0.31358398186922426
2008-12-18,0.585147742091565,0.2,0.1014826504306068,0.3133696074778282
2008-12-19,0.5817758672388941,0.2,0.10520382777308199,0.31302030498802397
2008-12-22,0.5816641684601742,0.2,0.10536604965484334,0.31296978188498237
2008-12-23,0.5810853542195432,0.2,0.10613822358691394,0.31277642219354285
2008-12-24,0.5809025331557609,0.2,0.10642424442704053,0.3126732224171986
2008-12-26,0.580764736898097,0.2,0.10663900030175887,0.31259626280014413
2008-12-29,0.5806510618539522,0.2,0.10676142619396634,0.3125875119520815
2008-12-30,0.5806093622988541,0.2,0.10683044974312066,0.3125601879580252
2008-12-31,0.5799031984216354,0.2,0.10760763102931406,0.31248917054905057
2009-01-02,0.5768449841600181,0.2,0.1113661054360145,0.31178891040396745
2009-01-05,0.5685146773290195,0.2,0.11675355473138971,0.3147317679395908
2009-01-06,0.5675650275455779,0.2,0.116352527732937,0.31608244472148517
2009-01-07,0.5674798165778422,0.2,0.11655592548094901,0.31596425794120886
2009-01-08,0.567477623271995,0.2,0.11656129489387035,0.3159610818341346
2009-01-09,0.5669973744474358,0.2,0.11660119379775141,0.3164014317548128
2009-01-12,0.5662686857354193,0.2,0.11686549463480948,0.31686581962977123
2009-01-13,0.5662566107529815,0.2,0.11686021740469821,0.3168831718423201
2009-01-14,0.56461930990444,0.2,0.11878643115671687,0.3165942589388431
2009-01-15,0.5645895571467018,0.2,0.11878513818672685,0.3166253046665714
2009-01-16,0.5632457547881489,0.2,0.12083966004385152,0.3159145851679996
2009-01-20,0.5615915383345262,0.2,0.12221680477487128,0.3161916568906026
2009-01-21,0.5609393586844424,0.2,0.12205929932176122,0.3170013419937963
2009-01-22,0.5616603939562878,0.2,0.12088395123355,0.3174556548101623
2009-01-23,0.5596052661311096,0.2,0.11985518674147863,0.3205395471274118
2009-01-26,0.5457940090918469,0.2,0.12176350267499864,0.33244248823315437
2009-01-27,0.5452669573222341,0.2,0.12493798353976086,0.32979505913800505
2009-01-28,0.5437598712760594,0.2,0.12968884215824253,0.32655128656569804
2009-01-29,0.5386728486694974,0.2,0.1405320846010362,0.3207950667294665
2009-01-30,0.556172203337618,0.2,0.14616418200687054,0.29766361465551155
2009-02-02,0.550854100249121,0.2,0.16859564718094036,0.2805502525699387
2009-02-03,0.5645156191444592,0.2,0.17230003195111368,0.2631843489044271
2009-02-04,0.5644241805156794,0.2,0.17240700577962914,0.2631688137046914
2009-02-05,0.5649605729548759,0.2,0.17291416058608408,0.26212526645904
2009-02-06,0.5670583596437153,0.2,0.1764534899392701,0.25648815041701467
2009-02-09,0.5671376480286406,0.2,0.17629931295194423,0.25656303901941496
2009-02-10,0.5711638013146669,0.2,0.1766837775100245,0.2521524211753087
2009-02-11,0.5769635535482245,0.2,0.17724078020430561,0.2457956662474698
2009-02-12,0.5846353029170888,0.2,0.17792477853021169,0.23743991855269947
2009-02-13,0.5848106154383191,0.2,0.17790669523330913,0.23728268932837182
2009-02-17,0.5836128514061584,0.2,0.1788853207680162,0.23750182782582535
2009-02-18,0.5876589419348635,0.2,0.1826276899064104,0.22971336815872614
2009-02-19,0.587371584028847,0.2,0.18406967902462423,0.22855873694652873
2009-02-20,0.5887892490021471,0.2,0.18545040860408626,0.22576034239376644
2009-02-23,0.5903866081385196,0.2,0.18715639300624135,0.22245699885523904
2009-02-24,0.5895182680172621,0.2,0.18823928060718786,0.22224245137555013
2009-02-25,0.5962530248956719,0.2,0.19370663161646412,0.21004034348786393
2009-02-26,0.5956880630531455,0.2,0.19463589867415043,0.20967603827270423
2009-02-27,0.5986842154304864,0.2,0.19581830064210412,0.20549748392740927
2009-03-02,0.5982167125914386,0.2,0.19619091405981967,0.2055923733487416
2009-03-03,0.5959445895673876,0.2,0.19665341600502245,0.2074019944275898
2009-03-04,0.5953956284128492,0.2,0.1967112732504447,0.20789309833670608
2009-03-05,0.5950458197144681,0.2,0.1971832239509857,0.20777095633454626
2009-03-06,0.5972274450246726,0.2,0.1942398449034265,0.20853271007190102
2009-03-09,0.5968653093095261,0.2,0.1947284268204719,0.20840626387000183
2009-03-10,0.5977283633232412,0.2,0.19356402196644024,0.20870761471031862
2009-03-11,0.598826256015463,0.2,0.192082780283169,0.20909096370136793
2009-03-12,0.5989710981601072,0.2,0.1918873638971587,0.20914153794273424
2009-03-13,0.5995925292687351,0.2,0.19104894893374508,0.20935852179751974
2009-03-16,0.5991020506785874,0.2,0.19171068695024335,0.20918726237116916
2009-03-17,0.599204569224816,0.2,0.19157237220868628,0.20922305856649775
2009-03-18,0.5987799119072801,0.2,0.19214530627072765,0.20907478182199218
2009-03-19,0.6006815013825141,0.2,0.18957974260941415,0.20973875600807196
2009-03-20,0.6008701682835952,0.2,0.1893251992645908,0.2098046324518139
2009-03-23,0.600932060036669,0.2,0.1892416968921341,0.20982624307119702
2009-03-24,0.6015549836615888,0.2,0.18840126827350628,0.21004374806490503
2009-03-25,0.6019187366068363,0.2,0.1879105044413663,0.21017075895179746
2009-03-26,0.6020616538837655,0.2,0.18771768502527306,0.21022066109096144
2009-03-27,0.6008041814146363,0.2,0.1894142266363394,0.20978159194902427
2009-03-30,0.6006095329988577,0.2,0.1896768400493595,0.20971362695178297
2009-03-31,0.6007443537648579,0.2,0.1894949441866898,0.20976070204845212
2009-04-01,0.6005289266875069,0.2,0.1897855915049009,0.20968548180759225
2009-04-02,0.5994156423862592,0.2,0.19128759905447487,0.2092967585592658
2009-04-03,0.600833627301497,0.2,0.19468233291921783,0.2044840397792851
2009-04-06,0.6038739052215149,0.2,0.19363206255600213,0.20249403222248297
2009-04-07,0.6077098386575858,0.2,0.19069931623400527,0.20159084510840894
2009-04-08,0.6171065932102003,0.2,0.1885666533883618,0.19432675340143774
2009-04-09,0.6178865667131388,0.2,0.18882432554869008,0.19328910773817112
2009-04-13,0.6237248422035255,0.2,0.189632979940426,0.18664217785604845
2009-04-14,0.6377662738263999,0.2,0.1836332999152789,0.17860042625832112
2009-04-15,0.638846054045558,0.2,0.1838287760780055,0.1773251698764364
2009-04-16,0.6389891467055165,0.2,0.18379308706593048,0.17721776622855306
2009-04-17,0.6454078170967013,0.2,0.18116199399236743,0.17343018891093143
2009-04-20,0.649126374755854,0.2,0.17924079595642844,0.17163282928771742
2009-04-21,0.6561803734796902,0.2,0.17947983238174847,0.1643397941385614
2009-04-22,0.6622647702476281,0.2,0.17737399586547398,0.16036123388689794
2009-04-23,0.6625082774876151,0.2,0.1771726912343955,0.16031903127798944
2009-04-24,0.6636502298182105,0.2,0.1763625110611181,0.1599872591206713
2009-04-27,0.6648041871665704,0.2,0.17621128751522158,0.15898452531820795
2009-04-28,0.6676610502805744,0.2,0.17543717036304823,0.15690177935637736
2009-04-29,0.6784051126018447,0.2,0.1704093955437914,0.15118549185436408
2009-04-30,0.6966349986736278,0.2,0.1634249302731035,0.1399400710532686
2009-05-01,0.7088606992635391,0.2,0.15745312494151092,0.13368617579494996
2009-05-04,0.7093698009679879,0.2,0.15709591576082516,0.133534283271187
2009-05-05,0.7321815330346995,0.2,0.13723732120361412,0.13058114576168628
2009-05-06,0.7325314117951102,0.2,0.1369454007206388,0.13052318748425099
2009-05-07,0.7344473027128257,0.2,0.13483985551116429,0.13071284177600997
2009-05-08,0.7377803677412442,0.2,0.133681824968452,0.12853780729030384
2009-05-11,0.7408224488927756,0.2,0.1308011107678205,0.12837644033940385
2009-05-12,0.7449870404965867,0.2,0.1283450584542341,0.12666790104917924
2009-05-13,0.75775850432049,0.2,0.12169734812216806,0.12054414755734208
2009-05-14,0.7846183164802999,0.2,0.10994900765361941,0.10543267586608067
2009-05-15,0.786601324465858,0.2,0.10975576371778138,0.10364291181636069
2009-05-18,0.7875188186578425,0.2,0.11006209331832915,0.1024190880238283
2009-05-19,0.7952830133104088,0.2,0.10817744326224327,0.09653954342734795
2009-05-20,0.795719287480926,0.2,0.1077514250878256,0.09652928743124829
2009-05-21,0.796140998647318,0.2,0.10740546817395295,0.0964535331787291
2009-05-22,0.7961366814512179,0.2,0.10755226637513016,0.09631105217365199
2009-05-26,0.7964761962668594,0.2,0.10771863506474263,0.09580516866839799
2009-05-27,0.7952733290472916,0.2,0.1092361657654613,0.09549050518724708
2009-05-28,0.7939988943645359,0.2,0.10974643523331962,0.09625467040214454
2009-05-29,0.788668743643519,0.2,0.11466949842925171,0.09666175792722913
2009-06-01,0.79201415622571,0.2,0.11504527909869838,0.0929405646755916
2009-06-02,0.7776664973437266,0.2,0.12554067710074754,0.09679282555552586
2009-06-03,0.7766395264163817,0.2,0.12647934559065704,0.09688112799296127
2009-06-04,0.7740161041986082,0.2,0.13096069405513613,0.09502320174625566
2009-06-05,0.7603354683674414,0.2,0.1394967641967704,0.10016776743578815
2009-06-08,0.7615315415940856,0.2,0.13949880055253622,0.09896965785337819
2009-06-09,0.7611306916621214,0.2,0.1402685654784056,0.09860074285947297
2009-06-10,0.7592945011829249,0.2,0.14151548797711386,0.09919001083996129
2009-06-11,0.7590759100132618,0.2,0.14133950422233693,0.09958458576440145
2009-06-12,0.7584544428335499,0.2,0.1409872551193909,0.10055830204705918
2009-06-15,0.7601434052068079,0.2,0.1393898393940531,0.10046675539913895
2009-06-16,0.760378603021088,0.2,0.13846438310003717,0.1011570138788749
2009-06-17,0.4518870524513671,0.40500353613570045,0.0826614196184048,0.06044799179452766
2009-06-18,0.4561589480553622,0.39861074820276854,0.08388894663428233,0.06134135710758691
2009-06-19,0.4587184338232041,0.39489321213072404,0.08444953955487254,0.061938814491199236
2009-06-22,0.4859683190329875,0.35743346139862586,0.0904224881496926,0.06617573141869393
2009-06-23,0.5987725038875911,0.20465682735185997,0.11353371209026487,0.08303695667028406
2009-06-24,0.599686188482937,0.20347906183647627,0.11367675665720096,0.08315799302338579
2009-06-25,0.6006964899611049,0.20049756665608143,0.11448228020505048,0.08432366317776323
2009-06-26,0.6165018302010582,0.18580895720286292,0.11300769889529551,0.08468151370078349
2009-06-29,0.6199213446109568,0.18371709069726333,0.11224553558422776,0.08411602910755205
2009-06-30,0.6211866763000863,0.18285020995283627,0.11190194041849184,0.08406117332858559
2009-07-01,0.6277969573085898,0.17939754168507435,0.10980549701703425,0.08300000398930167
2009-07-02,0.6279134322839988,0.179455356184744,0.10960614058255064,0.08302507094870663
2009-07-06,0.6355893449962864,0.17569540730532957,0.10553601092288158,0.08317923677550254
2009-07-07,0.6395399810992003,0.17402793274491057,0.10377725093149251,0.08265483522439657
2009-07-08,0.6348103260160943,0.17505897837756293,0.10484654658527076,0.08528414902107209
2009-07-09,0.6379764866218303,0.17125894495140676,0.10494090062090505,0.0858236678058579
2009-07-10,0.6435604468046067,0.16786819971393904,0.10361645334802187,0.08495490013343243
2009-07-13,0.6447042312886337,0.1675531458322943,0.10288632821784034,0.08485629466123172
2009-07-14,0.6490568330896588,0.15766822026583227,0.10595591699841961,0.08731902964608945
2009-07-15,0.6486948101761522,0.15699980928858043,0.10695712880599574,0.08734825172927177
2009-07-16,0.6389020857105578,0.1609245279830395,0.10868008159040767,0.09149330471599505
2009-07-17,0.6369477661490486,0.16162765965426143,0.10953150543566796,0.09189306876102214
2009-07-20,0.6361908077846145,0.1616640377508246,0.11022582094301739,0.09191933352154354
2009-07-21,0.635986065554064,0.16236673844955374,0.10933720940374098,0.09230998659264128
2009-07-22,0.635385504300384,0.16248446736085026,0.10975909327337247,0.0923709350653933
2009-07-23,0.6320185271645056,0.16398963267896036,0.11076078448812021,0.09323105566841375
2009-07-24,0.5581579333989458,0.19788939477719286,0.13259104169941344,0.1113616301244479
2009-07-27,0.5581882285503508,0.1979177065010717,0.13266704461699838,0.11122702033157919
2009-07-28,0.5552685880740884,0.19874714577597682,0.134358111856978,0.11162615429295693
2009-07-29,0.5516507964872184,0.20036396235688342,0.13558338215599858,0.11240185899989952
2009-07-30,0.5474370514931536,0.20269555283488677,0.13635658030574455,0.1135108153662152
2009-07-31,0.5266411025283211,0.2124020975030371,0.14236595756772,0.11859084240092173
2009-08-03,0.5249814503269215,0.213040509199884,0.1430249333278098,0.11895310714538472
2009-08-04,0.4793760185465374,0.23547219139645156,0.15505492114990274,0.1300968689071083
2009-08-05,0.4771328682390622,0.23666250267363678,0.15556282136072835,0.13064180772657255
2009-08-06,0.47731966622240385,0.2367124168824326,0.15557179106542982,0.13039612582973373
2009-08-07,0.47234696796761455,0.2392355629647131,0.15692448189839375,0.13149298716927865
2009-08-10,0.45542536218980445,0.24703781497168753,0.1619466159021057,0.1355902069364022
2009-08-11,0.44960127707078285,0.24990504772774913,0.1634786085211519,0.13701506668031604
2009-08-12,0.43618873422702836,0.256406182289503,0.16747356790283138,0.13993151558063713
2009-08-13,0.4300203295584618,0.25938451679677255,0.16919397987106632,0.14140117377369932
2009-08-14,0.42511134383108085,0.2618395407346422,0.1703755247040122,0.14267359073026462
2009-08-17,0.4184324896090066,0.26531096648253744,0.17141368772522794,0.14484285618322812
2009-08-18,0.37209929359288585,0.29212215191138075,0.17957113641039477,0.1562074180853386
2009-08-19,0.3677065796370386,0.2942510351983113,0.17893893218195842,0.1591034529826916
2009-08-20,0.36684078584215185,0.29441450531979846,0.179409277981559,0.15933543085649063
2009-08-21,0.36452262315010475,0.29565726033867007,0.17943509048669157,0.16038502602453353
2009-08-24,0.35904699825034875,0.29905826558315446,0.17973181027828053,0.1621629258882162
2009-08-25,0.35872750494476036,0.2987737660604902,0.1801477084790713,0.1623510205156783
2009-08-26,0.3585686803442604,0.29878846075337934,0.18024923994942527,0.1623936189529349
2009-08-27,0.3572572063294969,0.29794549570819673,0.17993948264923149,0.16485781531307478
2009-08-28,0.3570851900858386,0.2978747430279627,0.17990341157355128,0.1651366553126474
2009-08-31,0.35705416149488167,0.2979106523177158,0.1798446323448546,0.16519055384254788
2009-09-01,0.3545063870714668,0.29963863221694303,0.17973629755146034,0.16611868316012976
2009-09-02,0.3591353078830208,0.28346279428689375,0.1819391543482603,0.17546274348182517
2009-09-03,0.3589582678695913,0.2833151932855867,0.18185744944344306,0.17586908940137896
2009-09-04,0.3603911962728765,0.2804806307556914,0.18223475560148186,0.17689341736995018
2009-09-08,0.3591212134071562,0.27429248599339273,0.18475889545560228,0.18182740514384865
2009-09-09,0.3591516393411149,0.2726828519218513,0.18395493908739502,0.18421056964963875
2009-09-10,0.35638133059194643,0.274099230548812,0.18440406529210124,0.18511537356714014
2009-09-11,0.3504355118520475,0.2720626438441274,0.19064795748263352,0.1868538868211916
2009-09-14,0.3503495679869119,0.2719769783026217,0.1908967364451198,0.18677671726534656
2009-09-15,0.35011086211812714,0.27205410057215035,0.19141018658900974,0.18642485072071266
2009-09-16,0.3491251763506047,0.272769309515968,0.19212207198395653,0.18598344214947068
2009-09-17,0.3401103269341088,0.2793738418830939,0.19281128056129623,0.18770455062150102
2009-09-18,0.3391535323869915,0.2795123129072657,0.19385183611936077,0.18748231858638215
2009-09-21,0.3392159443382809,0.2795527928384109,0.19414126208948457,0.1870900007338236
2009-09-22,0.33591927620349293,0.279332898314696,0.19461899543927666,0.19012883004253445
2009-09-23,0.33475014882994525,0.2815890377163289,0.1936683459966156,0.1899924674571102
2009-09-24,0.3313971564680006,0.2853316257011367,0.19220265867840544,0.19106855915245732
2009-09-25,0.3239016815160203,0.2892435173020624,0.19213025060938263,0.19472455057253468
2009-09-28,0.32348244993825964,0.28928953397521545,0.19248779535509764,0.1947402207314273
2009-09-29,0.32465937810784967,0.280344286741558,0.19528925743343253,0.1997070777171598
2009-09-30,0.3242621451717636,0.28056964321845873,0.19517087124992172,0.19999734035985606
2009-10-01,0.3240674741262418,0.2804284743320948,0.19507716470195552,0.20042688683970797
2009-10-02,0.3113795567763377,0.28920525566877475,0.19443962725601213,0.20497556029887534
2009-10-05,0.3115567635992403,0.2884266036422986,0.1948713327581816,0.2051453000002795
2009-10-06,0.31143560269698517,0.2780723211708064,0.1962559312046331,0.21423614492757537
2009-10-07,0.30694000009206773,0.26962279491672336,0.19858035268726507,0.22485685230394364
2009-10-08,0.3034747447741128,0.26597365808258294,0.19754154106395644,0.23301005607934785
2009-10-09,0.30240509013931416,0.26658958141213174,0.19703597983421622,0.233969348614338
2009-10-12,0.29475005873860144,0.25905302629924903,0.19516788561858425,0.25102902934356536
2009-10-13,0.29163530714706704,0.2555626461592087,0.19391153162607708,0.25889051506764704
2009-10-14,0.29010812463474606,0.25420811570662266,0.19338937375395399,0.2622943859046773
2009-10-15,0.28857383412748816,0.2571039910903024,0.19050595208500024,0.2638162226972093
2009-10-16,0.28937697489482544,0.25808819028121577,0.19089909788448772,0.261635736939471
2009-10-19,0.28879219733908784,0.25899731851673347,0.18963430506709222,0.26257617907708647
2009-10-20,0.2887759614264094,0.26117018185351804,0.18983986670773942,0.26021399001233325
2009-10-21,0.2889029686059438,0.2629194718586862,0.1910217402862275,0.25715581924914244
2009-10-22,0.288215969708917,0.2618755676588351,0.192555618857515,0.257352843774733
2009-10-23,0.28671952428359043,0.265760188853759,0.19111560909572733,0.25640467776692316
2009-10-26,0.2854607203272015,0.26683032099309034,0.19131528922933372,0.2563936694503745
2009-10-27,0.286862001976534,0.2729976960667205,0.195508529080183,0.2446317728765625
2009-10-28,0.2853617255924452,0.2753200843482117,0.1946144664294818,0.24470372362986115
2009-10-29,0.2797502799695885,0.273812553407907,0.19370192523170532,0.252735241390799
2009-10-30,0.2834620128767055,0.26025999841483394,0.19427100729923538,0.2620069814092251
2009-11-02,0.2888406297676186,0.2378663624236225,0.19979815774369974,0.2734948500650592
2009-11-03,0.2873379823170343,0.23941366768954608,0.20035412571991518,0.2728942242735044
2009-11-04,0.28757481729373485,0.2387958062362246,0.20065508211244296,0.2729742943575977
2009-11-05,0.2887246399543432,0.23598611716264334,0.20132862577368202,0.27396061710933145
2009-11-06,0.2889089891005556,0.23599007906034705,0.20096570062797814,0.27413523121111927
2009-11-09,0.2890694421950135,0.23619784242309763,0.20109497671846527,0.27363773866342356
2009-11-10,0.2894084146234745,0.23697424420292365,0.19968808391488135,0.27392925725872036
2009-11-11,0.2891909304528866,0.2367661126081551,0.20032023540342092,0.2737227215355373
2009-11-12,0.28840160176962853,0.23739160262386674,0.2010529703556392,0.2731538252508655
2009-11-13,0.2879221658714123,0.2402837655016385,0.2017226290354854,0.2700714395914638
2009-11-16,0.2878369125288917,0.2407202462681972,0.2017727558876276,0.26967008531528347
2009-11-17,0.2864669315917154,0.2419174225627559,0.20241187409072095,0.2692037717548078
2009-11-18,0.28538203023881686,0.24608946169625523,0.20098954475348904,0.2675389633114388
2009-11-19,0.28522196139505906,0.24628862512408456,0.2009712887851219,0.26751812469573455
2009-11-20,0.28252504338667483,0.24844479975856235,0.20228080984556696,0.2667493470091958
2009-11-23,0.2824916945732746,0.2485501205430696,0.20214648825897172,0.26681169662468407
2009-11-24,0.2814471016075003,0.25048171382473783,0.20316787509307177,0.2649033094746902
2009-11-25,0.28100479598890626,0.2503652240313123,0.2038033005932634,0.2648266793865181
2009-11-27,0.2801919831097007,0.2518651232379605,0.20486569795958626,0.2630771956927525
2009-11-30,0.27972387973547297,0.2588480528034694,0.2073605955572366,0.25406747190382106
2009-12-01,0.281175395604357,0.2567129955093096,0.20620566445358016,0.2559059444327532
2009-12-02,0.2796859950702388,0.25873132647308,0.20760759863358547,0.2539750798230957
2009-12-03,0.2799719121793993,0.2589998792831114,0.2071724114663829,0.25385579707110634
2009-12-04,0.2799949904851431,0.25925914800643546,0.20714864975961927,0.2535972117488022
2009-12-07,0.28039300505048387,0.2600723655496035,0.2083224822518559,0.25121214714805673
2009-12-08,0.2805728596466279,0.26017361489364016,0.20815417590349047,0.2510993495562414
2009-12-09,0.2793864640612204,0.260280020946431,0.20832795877812496,0.2520055562142236
2009-12-10,0.28080357746577855,0.2579288108538182,0.20834682780488362,0.2529207838755196
2009-12-11,0.28100911411154356,0.2576332826223779,0.20845560923246412,0.2529019940336145
2009-12-14,0.2807474224985971,0.2575691640162068,0.20859880164598213,0.253084611839214
2009-12-15,0.28033358444342954,0.2577335313802645,0.208504720093915,0.253428164082391
2009-12-16,0.28092886809187567,0.257316934420321,0.20807120902935528,0.2536829884584481
2009-12-17,0.28076357831022,0.2571916544275529,0.20813027402253617,0.25391449323969106
2009-12-18,0.27898792568371666,0.25789403445329967,0.20777907188624753,0.2553389679767361
2009-12-21,0.27918639482475816,0.25765000880847244,0.20761304357863983,0.2555505527881297
2009-12-22,0.2792647599508523,0.2571190911908272,0.20809273258465247,0.25552341627366804
2009-12-23,0.2790828395753897,0.2565175877344864,0.20847964439615715,0.2559199282939667
2009-12-24,0.2837084654505623,0.2509746496962061,0.20962567294114798,0.2556912119120836
2009-12-28,0.2836777835215214,0.2504866020984862,0.21047752928575972,0.25535808509423275
2009-12-29,0.28344981098986816,0.250531636096505,0.21058009777701314,0.2554384551366136
2009-12-30,0.28360274627940113,0.2503531157975392,0.21062278692869307,0.25542135099436664
2009-12-31,0.28462756509319903,0.24945654455651275,0.21115629236509964,0.25475959798518855
2010-01-04,0.2840781804188774,0.24982461403322356,0.21107121438061727,0.25502599116728175
2010-01-05,0.28087049062611147,0.249693377667753,0.21272017503416057,0.256715956671975
2010-01-06,0.28091261203267515,0.2496096095327188,0.2127803891101024,0.2566973893245037
2010-01-07,0.2809234213552188,0.24968459462254963,0.21285193315999915,0.25654005086223247
2010-01-08,0.28097415711947715,0.24979536368848962,0.212989307711577,0.25624117148045616
2010-01-11,0.28143875902907545,0.24934293163163831,0.21361510099597736,0.25560320834330885
2010-01-12,0.27902811016996254,0.25514994520551854,0.21542872308241426,0.2503932215421047
2010-01-13,0.2774089481377277,0.2573384725131058,0.21595572516660314,0.2492968541825633
2010-01-14,0.27581242232476044,0.25793428306955546,0.21609582236769515,0.25015747223798895
2010-01-15,0.27569482676202256,0.2604172022597208,0.21540500307174995,0.24848296790650676
2010-01-19,0.27351067779005517,0.2617256047661728,0.21745430258820955,0.24730941485556246
2010-01-20,0.2733034074374398,0.2626154807024107,0.21734610294745144,0.24673500891269812
2010-01-21,0.271233492234818,0.2638369513522758,0.21847306747882883,0.24645648893407732
2010-01-22,0.26833542194543114,0.2662419954468828,0.2165179233160039,0.24890465929168218
2010-01-25,0.26531164498631654,0.2672581002760355,0.21653660449060005,0.2508936502470479
2010-01-26,0.26437041245353443,0.26571136073472984,0.21620866675088768,0.25370956006084805
2010-01-27,0.27080758124454424,0.2490558419330419,0.2194130824853374,0.2607234943370765
2010-01-28,0.27131833653981846,0.2474805561718446,0.2196555114827553,0.2615455958055817
2010-01-29,0.27100793228719494,0.24638148263721515,0.2201454094952735,0.2624651755803164
2010-02-01,0.27254805769447266,0.24216058300310828,0.22152754250625162,0.26376381679616745
2010-02-02,0.27465204319018355,0.23325681020897007,0.22345439263181774,0.2686367539690286
2010-02-03,0.27473295814805127,0.23082876197654437,0.22434853666291313,0.2700897432124912
2010-02-04,0.2744848023295553,0.22720003504988878,0.224452369377461,0.273862793243095
2010-02-05,0.27626626084698275,0.2287429031749733,0.21917202618809073,0.27581880978995327
2010-02-08,0.2759741051118561,0.23111568922045458,0.21879818072557092,0.2741120249421184
2010-02-09,0.27672520273426043,0.22999240601785256,0.21858970651052873,0.27469268473735825
2010-02-10,0.277306319227485,0.227791051724176,0.2188563842837812,0.27604624476455786
2010-02-11,0.28157039962577185,0.22287369221960357,0.22031381480321022,0.2752420933514144
2010-02-12,0.2817915957180372,0.2233063602072914,0.21941665895814239,0.27548538511652904
2010-02-16,0.28063038276650754,0.22557875864417726,0.2195166085998359,0.2742742499894793
2010-02-17,0.282700197564847,0.2287759076368529,0.21456069570059844,0.27396319909770167
2010-02-18,0.2826537019994229,0.22873349282765476,0.2144314420318656,0.27418136314105673
2010-02-19,0.2834314952625819,0.22811261372653935,0.2145033223884152,0.27395256862246353
2010-02-22,0.2831494983129236,0.22788288931017783,0.21438915363629496,0.2745784587406036
2010-02-23,0.2832478692271201,0.22758413776076372,0.21420789346492142,0.2749600995471947
2010-02-24,0.28326946030238953,0.22758493002382535,0.21396901599094348,0.27517659368284164
2010-02-25,0.2836965605449175,0.22438583574313303,0.21758159310916927,0.27433601060278034
2010-02-26,0.2826628994694858,0.223408623921976,0.21670890398747758,0.27721957262106056
2010-03-01,0.28271070475946836,0.2226035800572323,0.21802904323088323,0.2766566719524161
2010-03-02,0.28232711715308606,0.21965942085327528,0.21815811354635253,0.2798553484472862
2010-03-03,0.281106828343265,0.2179230841626758,0.21752288925059346,0.28344719824346587
2010-03-04,0.27936736890676317,0.216550946041508,0.21655108085060742,0.28753060420112136
2010-03-05,0.27924076845901763,0.2163442667752354,0.21715775760548647,0.28725720716026054
2010-03-08,0.28002070645075533,0.21596602031649556,0.2161452210047878,0.28786805222796125
2010-03-09,0.27540338122272034,0.20976049279400721,0.21029156135234642,0.30454456463092605
2010-03-10,0.2755849085356976,0.20877653187885878,0.21078459565879873,0.30485396392664477
2010-03-11,0.27111421856941526,0.21613946662628014,0.20973914348280723,0.3030071713214973
2010-03-12,0.2687014198635968,0.22520443155191922,0.21340822245461488,0.29268592612986916
2010-03-15,0.25960278968972267,0.2578719237267186,0.20681974849689932,0.2757055380866594
2010-03-16,0.25986478344758523,0.2585216192215062,0.20636916763432303,0.2752444296965855
2010-03-17,0.2591700921437848,0.26174357326602327,0.2031672700236788,0.27591906456651316
2010-03-18,0.25604467888682936,0.2695516903370602,0.20117478906759384,0.2732288417085166
2010-03-19,0.2554648813773192,0.26965189054975724,0.2024122885989534,0.2724709394739701
2010-03-22,0.2551980115397812,0.2697669523182887,0.2011620701572644,0.2738729659846657
2010-03-23,0.25295735993652874,0.26643070296275656,0.2082190882858751,0.27239284881483955
2010-03-24,0.2528576319243775,0.26642095166948915,0.20852630672432057,0.2721951096818129
2010-03-25,0.25289095251842403,0.2659561981504213,0.2087465328243806,0.272406316506774
2010-03-26,0.25173944897697775,0.26307798813334776,0.20756971125322785,0.2776128516364467
2010-03-29,0.25155669803686176,0.2621848874887871,0.20815985196327338,0.2780985625110776
2010-03-30,0.25370746887516105,0.2570949796066663,0.2095474559037308,0.2796500956144418
2010-03-31,0.25326586379384625,0.25627592594397886,0.20988880021050624,0.2805694100516685
2010-04-01,0.2530010394670263,0.256219374278244,0.210248074615836,0.2805315116388937
2010-04-05,0.25499866600405025,0.2532110352700532,0.21077770730337733,0.2810125914225194
2010-04-06,0.2548876831725702,0.254627213425752,0.210396768485116,0.28008833491656177
2010-04-07,0.25575808027470415,0.25061406479423803,0.20728837389038315,0.28633948104067475
2010-04-08,0.255239514386838,0.25138790803589445,0.2082333612281211,0.28513921634914635
2010-04-09,0.25617245071791406,0.24742402452713635,0.2054957623380788,0.29090776241687066
2010-04-12,0.24686609634937823,0.22615407366952311,0.19348412072048296,0.3334957092606158
2010-04-13,0.24674853808721878,0.22800963873375665,0.1952064866194901,0.3300353365595345
2010-04-14,0.24427102007357746,0.21927162211460471,0.18706529443505382,0.34939206337676415
2010-04-15,0.2472380473246742,0.22318679879116293,0.19240567084097868,0.3371694830431842
2010-04-16,0.24670466204627264,0.222528462059154,0.19073617442502802,0.34003070146954517
2010-04-19,0.25921317946667455,0.24344155829377961,0.20407398222616407,0.2932712800133817
2010-04-20,0.26026662526649696,0.24271099376155883,0.2051949609102515,0.29182742006169277
2010-04-21,0.26250567244990985,0.24285619273140044,0.2045411740023797,0.29009696081631003
2010-04-22,0.2629664321116379,0.24339514306647078,0.20344426811953845,0.2901941567023529
2010-04-23,0.2627869990217422,0.24414158311178097,0.2029879174965418,0.29008350036993513
2010-04-26,0.26330614192910035,0.24488608399680237,0.20226782830740042,0.2895399457666968
2010-04-27,0.2650514616056874,0.2433733566435274,0.20275722924543216,0.2888179525053531
2010-04-28,0.2563351896851862,0.24614999657031927,0.2046291031002051,0.2928857106442894
2010-04-29,0.2572095358378959,0.24562614757695414,0.20487623710868808,0.29228807947646185
2010-04-30,0.26154894024601444,0.23527102153573862,0.20694671111391366,0.29623332710433325
2010-05-03,0.25738963957316213,0.23673985791865798,0.20689290595118695,0.2989775965569929
2010-05-04,0.25640634539271073,0.2391329769349922,0.2039915530681108,0.3004691246041862
2010-05-05,0.25233125057158007,0.24631356613561084,0.20459932660133193,0.2967558566914772
2010-05-06,0.2542245756916983,0.2459779918571953,0.2034913053887087,0.2963061270623978
2010-05-07,0.2846569117884965,0.22460475948017733,0.16653227615025804,0.3242060525810681
2010-05-10,0.2871269180935366,0.22025023180947598,0.16714727385379988,0.32547557624318757
2010-05-11,0.3092177670625585,0.16530053113993584,0.18003242296873787,0.3454492788287679
2010-05-12,0.31065733495687914,0.1639279921111665,0.18145649589643395,0.34395817703552056
2010-05-13,0.31142620451390446,0.16365186154948622,0.18143199702897836,0.343489936907631
2010-05-14,0.31994165884972925,0.16229317788914308,0.17881531751709304,0.3389498457440346
2010-05-17,0.32007801636175087,0.16226049398660772,0.17880800325770335,0.33885348639393814
2010-05-18,0.3212901551514469,0.16260077056799657,0.17918301757335628,0.3369260567072002
2010-05-19,0.32094689418503847,0.16242508277978107,0.17902666087086952,0.33760136216431097
2010-05-20,0.3220527270813256,0.1628386505024739,0.17955238618334712,0.3355562362328534
2010-05-21,0.3259235477117368,0.15266468280335577,0.18169061835041286,0.3397211511344945
2010-05-24,0.3281675902214726,0.14665339344835585,0.17970207280676706,0.3454769435234044
2010-05-25,0.33083272306767764,0.1442997441466524,0.17989012686833478,0.3449774059173353
2010-05-26,0.3308865014266012,0.1442374752306209,0.17990359438250159,0.3449724289602763
2010-05-27,0.3335534104736723,0.14285747166364116,0.1788296917678944,0.34475942609479215
2010-05-28,0.3407194310344289,0.1297099885167002,0.17927298169935865,0.3502975987495123
2010-06-01,0.3459898003729825,0.1265085493462757,0.1758158016892058,0.35168584859153607
2010-06-02,0.3565288895360827,0.12374959418868611,0.17532367549285116,0.34439784078237995
2010-06-03,0.36984270320466195,0.12045148764993889,0.17256119148713248,0.3371446176582667
2010-06-04,0.3707805101775892,0.12027495076313627,0.17239868061554198,0.3365458584437326
2010-06-07,0.3688225260368375,0.12303201680590946,0.17384211074036204,0.33430334641689113
2010-06-08,0.368797077510125,0.12339775900422263,0.17374590807468415,0.3340592554109683
2010-06-09,0.3715597591127405,0.12316338792977218,0.1729277831194563,0.33234906983803103
2010-06-10,0.37129623026717923,0.12427804045906153,0.1726667597703296,0.3317589695034295
2010-06-11,0.36888210624587486,0.12679810457607427,0.17317016426953508,0.3311496249085158
2010-06-14,0.36812255015727213,0.1271000868357586,0.17353753304088007,0.33123982996608914
2010-06-15,0.3680245615191536,0.1270783639237222,0.17388649590259722,0.331010578654527
2010-06-16,0.36582706521727243,0.12611106520267867,0.17957088670483629,0.3284909828752125
2010-06-17,0.36564819159913287,0.12604783251705529,0.1799735108324031,0.32833046505140884
2010-06-18,0.3643895941349645,0.12649366043560975,0.18095258180520543,0.32816416362422035
2010-06-21,0.36399425878685876,0.12725310923357358,0.18086345845086135,0.3278891735287064
2010-06-22,0.36413346068028934,0.12771473016524038,0.181505361350425,0.3266464478040452
2010-06-23,0.363399795415236,0.12782239830183442,0.18241676913342603,0.32636103714950365
2010-06-24,0.3633504957501918,0.1278512190913402,0.18249203406833464,0.32630625109013334
2010-06-25,0.3624935269954841,0.12654466537051423,0.18549259541234803,0.32546921222165365
2010-06-28,0.3624749916233807,0.12663992051118478,0.1858160457006689,0.32506904216476556
2010-06-29,0.36255859451739314,0.12664381208445527,0.18640803927080515,0.3243895541273464
2010-06-30,0.36471569741368554,0.12153841770741063,0.18758962486494213,0.32615626001396164
2010-07-01,0.3650921753231622,0.12100828770523471,0.18785930951136245,0.32604022746024075
2010-07-02,0.3643393800336411,0.12043107513546766,0.18826217309880014,0.326967371732091
2010-07-06,0.36437652994665876,0.12049027062945956,0.1883276576049786,0.3268055418189031
2010-07-07,0.36439590752458384,0.12057285946056467,0.1885348477744919,0.3264963852403596
2010-07-08,0.36433912975125016,0.12072972354174738,0.18877117659944298,0.32615997010755937
2010-07-09,0.3642684159667983,0.12094166735872326,0.18873284108899982,0.32605707558547864
2010-07-12,0.36415119940353274,0.12094776893846187,0.1889692300934693,0.32593180156453605
2010-07-13,0.36418104602873247,0.12095731517554181,0.1888967841078678,0.32596485468785796
2010-07-14,0.3640942996143141,0.12097589189492688,0.18892580411518428,0.32600400437557475
2010-07-15,0.3635429653206568,0.12088053188399649,0.18982947313542525,0.3257470296599214
2010-07-16,0.3635483428105477,0.1209008010348162,0.18974920549354649,0.3258016506610896
2010-07-19,0.3635408158459478,0.12091536422407624,0.1897029246066575,0.3258408953233185
2010-07-20,0.3638401329225458,0.12083228317037012,0.18933564265168645,0.32599194125539754
2010-07-21,0.3639517425769677,0.12078904948903199,0.18923732361549825,0.32602188431850204
2010-07-22,0.36355193394635826,0.12089170000841998,0.1892547009942945,0.3263016650509273
2010-07-23,0.3634037814147691,0.12092435377676714,0.18929696362685516,0.32637490118160856
2010-07-26,0.36453195392340443,0.1201663066371915,0.19064139278640743,0.3246603466529967
2010-07-27,0.3655845552214894,0.12001840018417267,0.19055287340350474,0.32384417119083303
2010-07-28,0.3657412724073886,0.12011825691699403,0.18988606841676106,0.32425440225885627
2010-07-29,0.3659644062266572,0.11987211067713113,0.19055008477122182,0.3236133983249899
2010-07-30,0.3669574869277408,0.11955109678326704,0.19017945764001906,0.32331195864897316
2010-08-02,0.36702868740287736,0.119688926027413,0.18942129898148263,0.32386108758822707
2010-08-03,0.3682185103997629,0.12019509787388616,0.19027451519316932,0.32131187653318166
2010-08-04,0.3681231983979526,0.12020848653665273,0.19037335550670176,0.32129495955869286
2010-08-05,0.3680259912123059,0.1201962821445165,0.19050589133731696,0.3212718353058606
2010-08-06,0.3685854190957996,0.12054264781021323,0.1905281914696954,0.32034374162429163
2010-08-09,0.3692226679791346,0.1208717437762663,0.19102931708828355,0.31887627115631545
2010-08-10,0.3704426490574038,0.12100752769234294,0.19116467062458922,0.31738515262566397
2010-08-11,0.37446251093884675,0.12218444259709849,0.19343884496045952,0.30991420150359533
2010-08-12,0.3795499012126147,0.12236676156469833,0.19508389332423456,0.3029994438984523
2010-08-13,0.38098328731978837,0.12179343332491903,0.19533404477769492,0.30188923457759764
2010-08-16,0.382540059252854,0.1212284519806867,0.1943350044669773,0.30189648429948196
2010-08-17,0.3820774718132688,0.12155624668191316,0.19392547406366786,0.3024408074411502
2010-08-18,0.3831910973901115,0.12109448143658554,0.1938534952637626,0.3018609259095404
2010-08-19,0.3824518124801381,0.12087089812484199,0.1936223273290708,0.303054962065949
2010-08-20,0.3832312529289115,0.12057072083102532,0.19418388181670662,0.3020141444233565
2010-08-23,0.38156300732000387,0.11857290640584917,0.1910218318903979,0.3088422543837491
2010-08-24,0.38181550179896434,0.11822776566707024,0.1913649056324748,0.3085918269014906
2010-08-25,0.36712950937591693,0.10510467871447587,0.17251152405219228,0.3552542878574149
2010-08-26,0.3636697943323258,0.1039940252459278,0.17049813244776796,0.3618380479739783
2010-08-27,0.3654079804350779,0.10365803467900893,0.17061308059193853,0.36032090429397473
2010-08-30,0.3646375094198515,0.10400726344574493,0.17237996459101174,0.35897526254339174
2010-08-31,0.3637080173157058,0.10413645978381587,0.1726421806610999,0.3595133422393785
2010-09-01,0.3633578502320573,0.10356411914296533,0.17220704286426441,0.3608709877607129
2010-09-02,0.36247357753418574,0.10372728447605069,0.1723794576331123,0.3614196803566513
2010-09-03,0.39051759861259144,0.09908949873775705,0.16518962928453404,0.3452032733651175
2010-09-07,0.3910462786651641,0.09930887027104177,0.16555409596239476,0.3440907551013994
2010-09-08,0.4119793444297719,0.09571000968203151,0.161283185953587,0.3310274599346094
2010-09-09,0.43423272480137765,0.09195262746785242,0.15585809123918234,0.31795655649158766
2010-09-10,0.44917570661937256,0.08845519766573909,0.15252508694430023,0.30984400877058815
2010-09-13,0.5270705087243782,0.07232149427483033,0.12726824873624418,0.2733397482645471
2010-09-14,0.5310966343117888,0.07168611683155028,0.1260015195634538,0.27121572929320703
2010-09-15,0.4524616707768244,0.06434781812100995,0.2524272000286347,0.23076331107353087
2010-09-16,0.45324620391521525,0.06500428301557545,0.25212556917269774,0.22962394389651147
2010-09-17,0.44399644722920484,0.08243615287509277,0.24362212031331978,0.2299452795823825
2010-09-20,0.44776426327884666,0.08227372084278124,0.2380175277732373,0.23194448810513477
2010-09-21,0.45373266168263604,0.08437897977150689,0.23461622204030608,0.2272721365055511
2010-09-22,0.4539494256640868,0.08469170905623354,0.23546846179329226,0.22589040348638753
2010-09-23,0.45294683874499264,0.08490961758020814,0.23581652152506405,0.22632702214973532
2010-09-24,0.4448615281236869,0.08596774219655064,0.23389249091288003,0.23527823876688253
2010-09-27,0.4363467474497133,0.0914612605298605,0.24723430950862701,0.2249576825117991
2010-09-28,0.43581213903968996,0.09074026374955853,0.24480264090641143,0.22864495630434
2010-09-29,0.4304442379872688,0.10295177151973989,0.24366714681214754,0.22293684368084385
2010-09-30,0.4291253558371381,0.10858474971678726,0.24175824473654603,0.2205316497095286
2010-10-01,0.4273791821104332,0.11200780236196112,0.24087443459025212,0.2197385809373535
2010-10-04,0.42154789645051016,0.11502406843763939,0.24655308501454207,0.21687495009730842
2010-10-05,0.41926115443132,0.11679912247368802,0.24913143693351864,0.2148082861614732
2010-10-06,0.3609895248905402,0.18699869587782603,0.27090106839520417,0.1811107108364296
2010-10-07,0.36236751164941766,0.18775106945185416,0.26841905206433386,0.18146236683439437
2010-10-08,0.3655459360991899,0.190628278665918,0.268365417473082,0.17546036776181004
2010-10-11,0.3659494414556062,0.19519760421578458,0.2757398035370803,0.16311315079152888
2010-10-12,0.36571201373964357,0.19508812608641754,0.27616530462278577,0.16303455555115307
2010-10-13,0.363824796592663,0.19422666100709746,0.2796488182542153,0.16229972414602423
2010-10-14,0.35180736465673806,0.20108287958772406,0.28793097261284833,0.1591787831426897
2010-10-15,0.3525535928467524,0.20135242799836267,0.28733500370760684,0.15875897544727807
2010-10-18,0.35443541766650205,0.20241403865940144,0.28392555414418874,0.15922498952990782
2010-10-19,0.3559663769811235,0.2013642041808653,0.28460877972437704,0.1580606391136341
2010-10-20,0.3173037836571364,0.2235855065675206,0.30928565179109546,0.1498250579842476
2010-10-21,0.3018826043545127,0.22881968008383663,0.31609828929048983,0.15319942627116082
2010-10-22,0.3025357123660119,0.23119446666343801,0.31147395631759944,0.15479586465295067
2010-10-25,0.3022465864242588,0.23143032128672536,0.3113660041868392,0.15495708810217657
2010-10-26,0.3026894450511618,0.23098895059289548,0.31123466912260833,0.1550869352333343
2010-10-27,0.3033985665416696,0.23156705068095756,0.3094806387210021,0.15555374405637076
2010-10-28,0.30292346301534484,0.23290079713609776,0.30733857351692384,0.15683716633163364
2010-10-29,0.3035617921765409,0.23308491316708857,0.30638847925810286,0.15696481539826776
2010-11-01,0.3045622860851757,0.23386456426549604,0.3040254713844012,0.15754767826492697
2010-11-02,0.30105704880799333,0.24189463179150245,0.300846373017502,0.15620194638300225
2010-11-03,0.296032917996577,0.24610117597295764,0.30103475442606326,0.15683115160440206
2010-11-04,0.29707805016963323,0.2480383574073722,0.29666303543380235,0.15822055698919216
2010-11-05,0.241793454182688,0.37200700591021985,0.2528717598322086,0.13332778007488358
2010-11-08,0.22896202961276427,0.40683994989338046,0.23833538382626818,0.1258626366675872
2010-11-09,0.18160102966563196,0.5282032072164382,0.19140176923895955,0.09879399387897032
2010-11-10,0.17664877335246965,0.5369588103195554,0.18684336813353597,0.09954904819443888
2010-11-11,0.1759224171544211,0.5384403337352468,0.18679861622749624,0.09883863288283584
2010-11-12,0.1743079761688343,0.5398245994466833,0.18728879981239036,0.09857862457209207
2010-11-15,0.1705847318533844,0.544176560601141,0.18828282330821228,0.09695588423726224
2010-11-16,0.18297798369863805,0.5149416717418627,0.1979156788134038,0.10416466574609552
2010-11-17,0.23144382922643944,0.3738271983054429,0.25906093649279194,0.13566803597532562
2010-11-18,0.2320752361333995,0.3729053560903641,0.259015793009037,0.13600361476719933
2010-11-19,0.2516508605877861,0.3211778813126462,0.2796316721161351,0.14753958598343256
2010-11-22,0.2518163332694813,0.320594230116817,0.2799963507714567,0.1475930858422451
2010-11-23,0.252019543403235,0.32085043539471,0.2794189852408714,0.14771103596118368
2010-11-24,0.2517155676118282,0.3207632321007798,0.2798503104113145,0.14767088987607765
2010-11-26,0.25218083036999167,0.32120871290749703,0.2785549500215985,0.14805550670091275
2010-11-29,0.2539498851049204,0.3160352424100749,0.2809586808549914,0.1490561916300133
2010-11-30,0.25443529675558996,0.3157691981768208,0.28057978762122304,0.14921571744636616
2010-12-01,0.2548056629453077,0.31529905891437676,0.28053378937910217,0.14936148876121327
2010-12-02,0.25765910413597465,0.3065819770726448,0.28448052045375966,0.1512783983376209
2010-12-03,0.2576084915289668,0.3063345977715075,0.2848133022116481,0.15124360848787757
2010-12-06,0.25791361645850924,0.3066965232905906,0.28390716782574726,0.15148269242515283
2010-12-07,0.2579475247558612,0.306731130866606,0.2838448788798722,0.15147646549766053
2010-12-08,0.25785389922660745,0.3069203939144474,0.2867830244194951,0.14844268243945002
2010-12-09,0.25789639798288144,0.30666617506393595,0.2867558269662382,0.14868159998694422
2010-12-10,0.25790309393385563,0.3067201865861909,0.28663186690419434,0.14874485257575923
2010-12-13,0.25791329956796044,0.30674638100232043,0.28665945111762625,0.14868086831209293
2010-12-14,0.25807441614966586,0.30693132726791916,0.28592584088808126,0.14906841569433363
2010-12-15,0.2579627751361071,0.3066951687817325,0.2858298618495422,0.1495121942326182
2010-12-16,0.2581199224125118,0.3075131710674315,0.2843165252685745,0.15005038125148226
2010-12-17,0.2574437524331129,0.3067437158757015,0.28405346349166394,0.15175906819952162
2010-12-20,0.25675401375457296,0.3057464607222049,0.28365534951803467,0.15384417600518754
2010-12-21,0.25606464359703923,0.3059654602356826,0.28450951802902563,0.1534603781382526
2010-12-22,0.25631882669277306,0.30661659756789617,0.28339837142704044,0.15366620431229033
2010-12-23,0.2557315596979188,0.30594362153616206,0.28539026815114993,0.15293455061476927
2010-12-27,0.25520496136443316,0.3061990955886858,0.2860339871057279,0.15256195594115307
2010-12-28,0.2552963091019613,0.3063082576415793,0.2859128854573199,0.15248254779913956
2010-12-29,0.2550411835110256,0.30649880699965637,0.28594389390199654,0.1525161155873215
2010-12-30,0.25518122699955986,0.3066779342838215,0.2854896859819757,0.15265115273464275
2010-12-31,0.2550317731138567,0.3072459708762455,0.28575839633629974,0.151963859673598
2011-01-03,0.2556317192380928,0.3085627906413733,0.2840338549857369,0.1517716351347969
2011-01-04,0.25546392289580033,0.30840043646492776,0.28408714114575645,0.15204849949351537
2011-01-05,0.25548834409049764,0.31085355571640744,0.2853746621553967,0.14828343803769817
2011-01-06,0.254280879814106,0.31337953124162027,0.2851040557510496,0.14723553319322416
2011-01-07,0.2549886542710133,0.3154649257480574,0.28313895156427393,0.14640746841665528
2011-01-10,0.2546787578943004,0.31547854325224695,0.2838632144312213,0.14597948442223138
2011-01-11,0.255077330215665,0.31516096540493443,0.28390569718177655,0.1458560071976241
2011-01-12,0.25548142409924096,0.3155726253029084,0.28255137142859726,0.14639457916925322
2011-01-13,0.25639801976982346,0.31448672212801126,0.281360820629489,0.1477544374726762
2011-01-14,0.2559243250660196,0.3149491572779686,0.28118655028504363,0.14793996737096812
2011-01-18,0.25576789031278696,0.3149868506890181,0.28135435491234967,0.14789090408584532
2011-01-19,0.2539878970750217,0.3128117641422776,0.28623084556262,0.14696949322008068
2011-01-20,0.25292153268945566,0.31368045937841266,0.28633158213010856,0.14706642580202312
2011-01-21,0.2520605986314573,0.31477038629663656,0.28651914786403987,0.14664986720786624
2011-01-24,0.2535772079871454,0.3100236119318333,0.2884000747431067,0.1479991053379146
2011-01-25,0.25639399497554294,0.3007176242264593,0.29279321554448634,0.15009516525351146
2011-01-26,0.2566000169643821,0.3000859115728609,0.29274682553393166,0.15056724592882528
2011-01-27,0.2577177774138318,0.29906566022727366,0.29081493708757045,0.15240162527132411
2011-01-28,0.2566559260244412,0.2975694377394262,0.2933994402758116,0.15237519596032112
2011-01-31,0.2519988212045117,0.30055809966304514,0.2941260114812869,0.15331706765115624
2011-02-01,0.2515167767114461,0.30225306795679724,0.29201021458203474,0.1542199407497218
2011-02-02,0.2526477162484737,0.29405838707465703,0.29647133630702455,0.15682256036984474
2011-02-03,0.2534570910477332,0.29230735102967936,0.2957250915901949,0.15851046633239244
2011-02-04,0.25380250020811923,0.2921668389825059,0.29544233841835144,0.15858832239102352
2011-02-07,0.2536901739562556,0.29181054697481906,0.29552319638545577,0.1589760826834696
2011-02-08,0.25322368076854457,0.2914628018423534,0.2962745405635639,0.1590389768255381
2011-02-09,0.25300488434083723,0.2918259206893549,0.29603741212702106,0.15913178284278676
2011-02-10,0.253400965099476,0.2911419734002705,0.2955613913105209,0.1598956701897325
2011-02-11,0.2537719118607379,0.2908405023832682,0.2950072443112333,0.16038034144476065
2011-02-14,0.25688667189409287,0.28718843142670064,0.28754147500723903,0.1683834216719676
2011-02-15,0.25637174735086243,0.28660369661003066,0.2887800134972701,0.16824454254183674
2011-02-16,0.25512761862596284,0.28560098427654573,0.28847563091184447,0.170795766185647
2011-02-17,0.2532540153750514,0.28283855031519906,0.28515776024267864,0.17874967406707082
2011-02-18,0.25327804992042613,0.28276821771427857,0.2851635977094956,0.17879013465579963
2011-02-22,0.2530801499312205,0.28251417685862684,0.2861437020603658,0.1782619711497868
2011-02-23,0.2489642143911357,0.2821361598477539,0.283562324592248,0.1853373011688624
2011-02-24,0.2503524527749104,0.2798686438700267,0.2843854931213649,0.1853934102336979
2011-02-25,0.2521567471945706,0.281478812412439,0.2887012558855117,0.17766318450747864
2011-02-28,0.2576361330201683,0.26921523649424567,0.2954454470180454,0.1777031834675406
2011-03-01,0.2648450845932227,0.2558343716205335,0.28684538078018224,0.19247516300606154
2011-03-02,0.2704877786834518,0.25591305596266706,0.2873201716429602,0.18627899371092088
2011-03-03,0.27019226691594883,0.2544680862992412,0.2906958473974903,0.18464379938731967
2011-03-04,0.26891797675110496,0.25569207440975866,0.29113592774456926,0.18425402109456707
2011-03-07,0.27073795840657666,0.25782681815295744,0.29350857929558744,0.17792664414487855
2011-03-08,0.2689757971035216,0.25856241263026125,0.2945118234567646,0.1779499668094527
2011-03-09,0.26930699004995035,0.2573627142967861,0.2962258647555127,0.17710443089775077
2011-03-10,0.2690630867548081,0.2569948325992862,0.2970370678568604,0.17690501278904522
2011-03-11,0.2643374121762211,0.261565023494908,0.29897537918933226,0.1751221851395386
2011-03-14,0.2660628314778921,0.2591126696698165,0.3012256675637969,0.1735988312884945
2011-03-15,0.2685150255111105,0.25736638225937103,0.30063498650409426,0.17348360572542418
2011-03-16,0.2690204594304596,0.2599211264895326,0.29522251900532115,0.17583589507468655
2011-03-17,0.28235348202327193,0.23526556424353146,0.2987823954638372,0.18359855826935934
2011-03-18,0.2879494697217279,0.2302914926990669,0.2935361778229241,0.18822285975628109
2011-03-21,0.2879004644528069,0.22831388527891716,0.29402381318297255,0.18976183708530334
2011-03-22,0.2935845446277469,0.21899285188616402,0.29847636506320674,0.1889462384228825
2011-03-23,0.29436581186904004,0.21749716622437898,0.29728430958575686,0.1908527123208242
2011-03-24,0.29608109253710313,0.2166957889417873,0.29613942586354003,0.19108369265756953
2011-03-25,0.3015136585302481,0.20911155112573074,0.29378736443905235,0.19558742590496886
2011-03-28,0.29898730960354664,0.2090925874270485,0.2983525842051275,0.19356751876427725
2011-03-29,0.3019626666683727,0.2234882868131631,0.28614664726446437,0.18840239925399982
2011-03-30,0.301800912571085,0.22342412171274362,0.286462614222218,0.18831235149395328
2011-03-31,0.29564643028436116,0.23864894265694872,0.28163759238890346,0.18406703466978655
2011-04-01,0.2957488366523536,0.23929845323716395,0.2808827689806672,0.1840699411298152
2011-04-04,0.2957985867060688,0.23935295803605866,0.28128455388261825,0.18356390137525444
2011-04-05,0.29594552725253065,0.23981958006342619,0.2819851039723175,0.1822497887117256
2011-04-06,0.29506052978963065,0.2391014720152935,0.2844736678876867,0.18136433030738913
2011-04-07,0.29417363197653684,0.24225771600050516,0.28345479175519905,0.18011386026775894
2011-04-08,0.29417910375498385,0.2423191392380702,0.28387043036294046,0.17963132664400555
2011-04-11,0.29582194750895524,0.2457820480687744,0.28646553695282406,0.17193046746944646
2011-04-12,0.2965769875608392,0.25403964135196583,0.2844296494327927,0.16495372165440225
2011-04-13,0.2985730012157777,0.2513728959730695,0.2873688213316006,0.16268528147955225
2011-04-14,0.29822009076438566,0.2508857420287149,0.28861015640818205,0.16228401079871743
2011-04-15,0.29858752653385645,0.25173127475354684,0.28968908049783465,0.15999211821476197
2011-04-18,0.2983028699927957,0.24913697911543675,0.29010021633416294,0.16245993455760466
2011-04-19,0.303119034296576,0.23797639063978435,0.29320417600283716,0.1657003990608025
2011-04-20,0.30298908577990935,0.23781729805950935,0.2936287109757348,0.1655649051848466
2011-04-21,0.3053767023945195,0.23354303276630714,0.29344856243520157,0.16763170240397185
2011-04-25,0.30545811520737687,0.23293438630336719,0.2947227457985782,0.16688475269067782
2011-04-26,0.3055035681622619,0.23295564436301905,0.2946267246082726,0.16691406286644653
2011-04-27,0.30537810349818667,0.23277156113221997,0.2971940623653784,0.16465627300421504
2011-04-28,0.30310267163281013,0.23381924975958385,0.29791126570621956,0.1651668129013865
2011-04-29,0.30311474699573465,0.23385893043212344,0.29783222441822266,0.16519409815391922
2011-05-02,0.30295419163281984,0.2341878381283121,0.29745924710060806,0.16539872313826
2011-05-03,0.30389911414054566,0.2351555387893837,0.2992918872551704,0.16165345981490037
2011-05-04,0.3003825573746961,0.23695055035022622,0.2998029853024728,0.1628639069726048
2011-05-05,0.2967372169655321,0.23903696474424838,0.29919635966248564,0.16502945862773388
2011-05-06,0.304090412275056,0.24883654923025822,0.2745114089514847,0.1725616295432011
2011-05-09,0.30523831158875037,0.24683350467616666,0.27514481473762975,0.1727833689974532
2011-05-10,0.3074832872394321,0.24767416966364805,0.27059721086941313,0.17424533222750668
2011-05-11,0.3070939503829019,0.2468399223057357,0.270356618342188,0.17570950896917445
2011-05-12,0.3079871461049819,0.24799708251296798,0.26587392786734637,0.17814184351470383
2011-05-13,0.3084497701457792,0.24771017214435076,0.26595745727237646,0.17788260043749354
2011-05-16,0.3075563644216046,0.24583203549840957,0.26418039986736747,0.18243120021261838
2011-05-17,0.308283744116153,0.24567952143614794,0.2625129188285861,0.18352381561911305
2011-05-18,0.30791876424383957,0.24362480190994137,0.26373712531607757,0.18471930853014157
2011-05-19,0.30924455418699764,0.24254293664608323,0.2623207128133927,0.18589179635352648
2011-05-20,0.3092885554865441,0.24261919778594976,0.26215455821355865,0.18593768851394749
2011-05-23,0.30940099277443467,0.2419093051963345,0.26299542763293343,0.1856942743962973
2011-05-24,0.3110832912926244,0.2421969052643587,0.2615022523982547,0.18521755104476217
2011-05-25,0.31227594299734507,0.2407492516882998,0.2614970460258968,0.1854777592884583
2011-05-26,0.31311081576485505,0.2409130922616324,0.2601172847084664,0.1858588072650462
2011-05-27,0.31373127721020366,0.23930110377903852,0.26064627539773655,0.1863213436130214
2011-05-31,0.315127474761215,0.23846225476779764,0.26012675918718664,0.18628351128380083
2011-06-01,0.31560314443627374,0.2374682657935412,0.2600726994754223,0.18685589029476274
2011-06-02,0.31590636073187744,0.2419603601067668,0.2542238823019848,0.18790939685937097
2011-06-03,0.31551813917241617,0.24536521120894336,0.2527819903378974,0.18633465928074291
2011-06-06,0.31514600096965856,0.2456781542406991,0.25335868712159987,0.18581715766804247
2011-06-07,0.31728181747126505,0.2452268932190963,0.2527506005337308,0.18474068877590782
2011-06-08,0.31749227542667896,0.2450703174711167,0.2523896523446216,0.1850477547575827
2011-06-09,0.3259354802974158,0.23964160541251653,0.25043828860514467,0.18398462568492316
2011-06-10,0.32903403358499717,0.23664128852274086,0.2513313821395019,0.18299329575276016
2011-06-13,0.33711773716331966,0.23395406239128588,0.2471725628465815,0.18175563759881297
2011-06-14,0.3370347990598663,0.23403411952406078,0.2472173090794447,0.18171377233662808
2011-06-15,0.3386843315106542,0.2317310420073845,0.24690370562228248,0.1826809208596788
2011-06-16,0.34158475588986204,0.23182638274337047,0.24228327595443977,0.18430558541232783
2011-06-17,0.34233970988417634,0.2315576090793106,0.24200739163869495,0.18409528939781797
2011-06-20,0.34360324673243514,0.23093116261172256,0.24172812214594852,0.18373746850989361
2011-06-21,0.3436220824656868,0.23095442897188628,0.24166877615610308,0.18375471240632368
2011-06-22,0.34366369586255735,0.23095909514944782,0.24156983775775018,0.1838073712302446
2011-06-23,0.34411432032738826,0.23099412574006947,0.24129600432017323,0.18359554961236918
2011-06-24,0.34620886496191033,0.23225877507767587,0.2370477845269488,0.18448457543346503
2011-06-27,0.34670621509287947,0.23183740710965792,0.23700114992128382,0.1844552278761787
2011-06-28,0.3485684496826182,0.23091008023667753,0.23664407292356637,0.1838773971571378
2011-06-29,0.35036657362007945,0.22951150486078334,0.23550464052188114,0.18461728099725605
2011-06-30,0.35123660136275203,0.23000661903999406,0.23342381721521793,0.185332962382036
2011-07-01,0.36310460079967755,0.22527078878777695,0.22976142957862195,0.18186318083392355
2011-07-05,0.3618767726021489,0.22659039556989868,0.2288891056702234,0.18264372615772906
2011-07-06,0.35862998465566037,0.22455124714042843,0.22570616338721156,0.19111260481669964
2011-07-07,0.3614417000042697,0.2276981000713929,0.21875717887382148,0.19210302105051588
2011-07-08,0.36625149998776146,0.22775371986017795,0.21470049088342386,0.19129428926863676
2011-07-11,0.3695739584857943,0.2238019829143613,0.2109561533393235,0.19566790526052097
2011-07-12,0.36772097315660013,0.2247551877387126,0.2102313881619126,0.1972924509427747
2011-07-13,0.37346359752123154,0.22199805095250075,0.20793005568056774,0.1966082958457001
2011-07-14,0.36932368908128144,0.21913691087511786,0.20519678090858653,0.20634261913501417
2011-07-15,0.37136055459769773,0.21828700073825608,0.20427080886964116,0.20608163579440503
2011-07-18,0.37015640246686987,0.21881398121925047,0.20392837395596955,0.20710124235791005
2011-07-19,0.37027696965612733,0.2187623354642481,0.20377261433653107,0.20718808054309346
2011-07-20,0.38357792818795766,0.21010012899101627,0.19545746068169711,0.21086448213932882
2011-07-21,0.38051035374019143,0.21094877271339266,0.19364834631528802,0.21489252723112798
2011-07-22,0.3808445013427068,0.2108636759292054,0.1936165425355227,0.21467528019256507
2011-07-25,0.38842400563267093,0.20631752643105514,0.19362620141760808,0.21163226651866585
2011-07-26,0.38032353342521946,0.22239178339728854,0.18987879622021336,0.2074058869572786
2011-07-27,0.3730991050863792,0.23134623608088675,0.19157466298700934,0.20397999584572463
2011-07-28,0.36708812672286967,0.23990647409725527,0.1929844591281503,0.20002094005172466
2011-07-29,0.36181558728617536,0.24984628514210153,0.19128983999755642,0.19704828757416679
2011-08-01,0.3621403464203953,0.24732569678047295,0.1924996012080975,0.19803435559103424
2011-08-02,0.3639590916106449,0.24285916757080744,0.1938543024834879,0.1993274383350599
2011-08-03,0.3868967971736929,0.20628570477300873,0.20812883168048998,0.19868866637280846
2011-08-04,0.386987860324439,0.20612291248985035,0.20810740664847646,0.19878182053723406
2011-08-05,0.4103400270429697,0.15759278890827888,0.2201943366491855,0.21187284739956597
2011-08-08,0.4092264122487913,0.15814145944613528,0.22129189737419935,0.211340230930874
2011-08-09,0.4024779946454024,0.16306565064732093,0.224817028024318,0.20963932668295873
2011-08-10,0.4024124411836615,0.16294628681863996,0.2250913379680203,0.20954993402967828
2011-08-11,0.39826512392639196,0.16516957533160675,0.22456525027467822,0.21200005046732304
2011-08-12,0.39030799169698827,0.1697337678349277,0.2295039046978359,0.2104543357702482
2011-08-15,0.39064234154533156,0.16957671203768362,0.22923422635491214,0.2105467200620726
2011-08-16,0.3905944134799652,0.1695151684059323,0.22888616910325893,0.2110042490108435
2011-08-17,0.39009536733977995,0.169701653544765,0.22864362445369243,0.21155935466176262
2011-08-18,0.38545963354550977,0.16652884192228493,0.22578693953703055,0.22222458499517478
2011-08-19,0.38082939268295934,0.16308454501936007,0.22151319762045363,0.23457286467722696
2011-08-22,0.378424245869922,0.1601883641003734,0.21773963939741509,0.2436477506322895
2011-08-23,0.379273001657819,0.16115846162632363,0.2167225236779066,0.2428460130379507
2011-08-24,0.38196494881824006,0.16590397177901645,0.21823635794433247,0.23389472145841103
2011-08-25,0.37983938378302284,0.1692145004652853,0.21809871163402683,0.2328474041176651
2011-08-26,0.37885072030017974,0.17236298545077527,0.21743832040742558,0.23134797384161948
2011-08-29,0.379670636760074,0.17276768689000466,0.21534175209124012,0.23221992425868118
2011-08-30,0.38034223121449423,0.17427792391730526,0.213542753989178,0.23183709087902232
2011-08-31,0.3797763943967041,0.17456126959162177,0.21076170751990386,0.23490062849177024
2011-09-01,0.3793330508427911,0.17464823666058504,0.2107507709883498,0.23526794150827404
2011-09-02,0.37738876203355004,0.17377256699027027,0.20937772117916167,0.23946094979701793
2011-09-06,0.3828566103274926,0.17439017529608253,0.2012552125198408,0.24149800185658404
2011-09-07,0.38272971495871977,0.1744490445913804,0.20127062174603927,0.24155061870386066
2011-09-08,0.3855309884371287,0.1753799696008805,0.19677387590722442,0.2423151660547663
2011-09-09,0.3812924715536782,0.17325225312877576,0.19211855609429815,0.2533367192232479
2011-09-12,0.38795324119230906,0.17132803490124443,0.19042262818109307,0.2502960957253534
2011-09-13,0.3989079518875345,0.16832852716388835,0.18698491760411645,0.24577860334446078
2011-09-14,0.4034113967715298,0.16360597235792065,0.19484786796764603,0.23813476290290342
2011-09-15,0.40294680013274636,0.16467687514055285,0.19468845466093496,0.23768787006576592
2011-09-16,0.402297786867364,0.16533875407100462,0.19554946335329712,0.23681399570833436
2011-09-19,0.40498738681665,0.1653561751233016,0.19444250646012604,0.23521393159992243
2011-09-20,0.4067588138080357,0.16388402945261335,0.1973931071948877,0.2319640495444633
2011-09-21,0.40702487632970175,0.1640170069330037,0.1968739150357002,0.23208420170159427
2011-09-22,0.4068284553817288,0.1651654551352487,0.19754369355595489,0.23046239592706755
2011-09-23,0.40441635784278757,0.16671490102029965,0.20024009877472165,0.22862864236219105
2011-09-26,0.4081224474134561,0.17005948046168765,0.19050313167281924,0.23131494045203693
2011-09-27,0.407621533388867,0.1716757274946917,0.18966001017654766,0.23104272893989358
2011-09-28,0.4064644284786288,0.1725704196688958,0.18994787288097145,0.2310172789715039
2011-09-29,0.40767886792332003,0.1722166334886965,0.18955949144447715,0.23054500714350626
2011-09-30,0.4094809684109333,0.17121722828100933,0.1900237961085764,0.22927800719948094
2011-10-03,0.4097423271001076,0.17170281023757145,0.18908678255320882,0.22946808010911213
2011-10-04,0.4099528761483829,0.1720494153793786,0.18838427625046367,0.22961343222177485
2011-10-05,0.40903654186052935,0.17387024206025747,0.1880477456908054,0.22904547038840778
2011-10-06,0.40874797019015,0.17436724217965865,0.18800733957439847,0.2288774480557929
2011-10-07,0.40879921111106404,0.1745811451170472,0.18787541013066097,0.22874423364122776
2011-10-10,0.40923506854688185,0.17325103832666722,0.1899422839679035,0.22757160915854743
2011-10-11,0.40924645565682133,0.17311801896326057,0.18929820127124897,0.22833732410866914
2011-10-12,0.4091955964296941,0.1730748031319542,0.1893330066675772,0.22839659377077437
2011-10-13,0.40935445414246,0.1727326390128166,0.18976895519117937,0.228143951653544
2011-10-14,0.4093986858698951,0.17256587290928987,0.19013178719594925,0.2279036540248658
2011-10-17,0.4093730610838503,0.1731158828307777,0.18965754985677133,0.22785350622860068
2011-10-18,0.40946404666720243,0.17432331401362602,0.18873272446615336,0.22747991485301822
2011-10-19,0.40742024342786276,0.17599068431438986,0.19024460309439484,0.2263444691633526
2011-10-20,0.4074142606764256,0.1759690561554788,0.1902755377539184,0.2263411454141771
2011-10-21,0.4060043772467582,0.17806411284418122,0.19037363268446908,0.22555787722459147
2011-10-24,0.40415606585234953,0.17783249748306745,0.19348039860216998,0.22453103806241304
2011-10-25,0.4041527745335257,0.1778310492716068,0.1934869666420193,0.22452920955284816
2011-10-26,0.40525696420809776,0.1783169031882369,0.19256860592690622,0.22385752667675904
2011-10-27,0.40587801013977115,0.17859016928124546,0.19208591470744077,0.22344590587154256
2011-10-28,0.4099553848273581,0.1803842527681248,0.19133319168265267,0.2183271707218642
2011-10-31,0.41005260204666094,0.18042702926554177,0.1911500757405935,0.21837029294720378
2011-11-01,0.41040682590274197,0.18058289111772532,0.19167779568508866,0.21733248729444396
2011-11-02,0.41253855784341076,0.18152087336518727,0.190655900833372,0.21528466795802995
2011-11-03,0.41299734829585705,0.18198411026840186,0.19040037375248278,0.21461816768325825
2011-11-04,0.41291733584730234,0.18423814309412884,0.19108343768172656,0.21176108337684224
2011-11-07,0.41222763527533784,0.1840039158906835,0.19236368845316545,0.21140476038081327
2011-11-08,0.41259223232365433,0.1841666591880066,0.19265484571211922,0.21058626277621978
2011-11-09,0.4128505558096691,0.1842819657053911,0.19293536354041943,0.20993211494452038
2011-11-10,0.4145294437633289,0.18503136223143613,0.19365296907840862,0.20678622492682644
2011-11-11,0.41495611086278794,0.18522181141621663,0.1933505659521766,0.20647151176881887
2011-11-14,0.414677359712118,0.18509738670789244,0.19559829321324934,0.20462696036674013
2011-11-15,0.41565319375054743,0.18509746145986591,0.19497964582566107,0.20426969896392566
2011-11-16,0.4194812397373788,0.18378264889951582,0.1949904942793985,0.2017456170837069
2011-11-17,0.41952749902844577,0.1837389748992872,0.19506731662336713,0.20166620944889996
2011-11-18,0.42163430857371453,0.18470016539053247,0.1958775760899258,0.19778794994582719
2011-11-21,0.42359877265582846,0.18392808137675556,0.19560972666378065,0.19686341930363532
2011-11-22,0.42574280990081614,0.182981342627899,0.19538758674426612,0.1958882607270187
2011-11-23,0.42630796921053804,0.18274040851056225,0.19522663178876123,0.19572499049013845
2011-11-25,0.4323852657901354,0.18077698563092948,0.19365169051480355,0.1931860580641316
2011-11-28,0.4324755292652606,0.18083622787441309,0.19330359674633776,0.19338464611398853
2011-11-29,0.4326475288992437,0.18090248706047776,0.1933827974372935,0.19306718660298502
2011-11-30,0.4357503225615282,0.1799514773376675,0.19256940080250792,0.1917287992982963
2011-12-01,0.4365029833552003,0.17968539906429193,0.192101471881375,0.19171014569913278
2011-12-02,0.43701475086318314,0.17944973076613704,0.19203056327508164,0.19150495509559817
2011-12-05,0.4461304170738055,0.17404715801832274,0.18836741144370006,0.1914550134641717
2011-12-06,0.4461833663587563,0.17397773275169914,0.1882992604455754,0.1915396404439692
2011-12-07,0.44749428722927276,0.17405324506688738,0.18741981330046562,0.19103265440337425
2011-12-08,0.44762680397333826,0.17501680755002577,0.18686743976388184,0.19048894871275412
2011-12-09,0.43187334658473836,0.19488112860891463,0.17800921234953196,0.1952363124568151
2011-12-12,0.4323931539667852,0.19541613724772172,0.17728084178029285,0.19490986700520027
2011-12-13,0.5392162799408116,0.2,0.2206329586632418,0.2401507613959466
2011-12-14,0.5414691254502678,0.2,0.21920088935406537,0.23932998519566698
2011-12-15,0.5579562262747637,0.2,0.20936541970848735,0.23267835401674888
2011-12-16,0.5579508078505797,0.2,0.209432608816763,0.2326165833326572
2011-12-19,0.568847061199685,0.2,0.204977030163163,0.226175908637152
2011-12-20,0.5964132230745063,0.2,0.18658438489019263,0.217002392035301
2011-12-21,0.5957281256210433,0.2,0.18590954514625233,0.21836232923270435
2011-12-22,0.5950458989299989,0.2,0.18587713320089705,0.21907696786910413
2011-12-23,0.5963565100097942,0.2,0.18520766973960795,0.21843582025059785
2011-12-27,0.5980566046746443,0.2,0.18423168574116186,0.21771170958419392
2011-12-28,0.6000145080077723,0.2,0.18323610833601817,0.2167493836562095
2011-12-29,0.5970977487421018,0.2,0.1838190810551409,0.2190831702027573
2011-12-30,0.5978583344612713,0.2,0.1826998058117291,0.2194418597269995
2012-01-03,0.6005084277777222,0.2,0.17087544252500728,0.22861612969727052
2012-01-04,0.6163832134442372,0.2,0.16078442041614838,0.22283236613961424
2012-01-05,0.6163471180068641,0.2,0.16059856413686566,0.22305431785627017
2012-01-06,0.6163002299748025,0.2,0.1619714568622068,0.2217283131629907
2012-01-09,0.6173217313256302,0.2,0.16206066093682947,0.22061760773754024
2012-01-10,0.6188874818181977,0.2,0.16273692286005514,0.21837559532174697
2012-01-11,0.6218101954343122,0.2,0.16166988769025778,0.21651991687543
2012-01-12,0.6256354768592705,0.2,0.16020344902188452,0.2141610741188449
2012-01-13,0.6347075912008812,0.2,0.1628296713658741,0.20246273743324494
2012-01-17,0.6351850774785144,0.2,0.1625601824366663,0.2022547400848193
2012-01-18,0.6346894362243914,0.2,0.16647224784015932,0.19883831593544923
2012-01-19,0.6313948497766128,0.2,0.1699034410636437,0.19870170915974353
2012-01-20,0.6313927092930669,0.2,0.16936920973266884,0.1992380809742643
2012-01-23,0.6287473090608053,0.2,0.17118236987649407,0.2000703210627006
2012-01-24,0.6306963536681265,0.2,0.1699197818690565,0.19938386446281708
2012-01-25,0.63203581049409,0.2,0.1692881415421962,0.19867604796371374
2012-01-26,0.6318626890175789,0.2,0.1718087438624281,0.19632856711999302
2012-01-27,0.6306634939498079,0.2,0.17251816166269013,0.19681834438750195
2012-01-30,0.636212166466587,0.2,0.1693850594364506,0.1944027740969624
2012-01-31,0.635327989079151,0.2,0.17042300157042006,0.19424900935042902
2012-02-01,0.6533563432799474,0.2,0.1606538121204328,0.18598984459961973
2012-02-02,0.137500720212982,0.795315989815396,0.03094442010416344,0.036238869867458626
2012-02-03,0.2057679987627382,0.6904815001701585,0.050823203142049,0.052927297925054254
2012-02-06,0.2597445300276418,0.5905326085198858,0.07453940441354302,0.07518345703892935
2012-02-07,0.268109218811031,0.5831888025788385,0.07394068858190961,0.07476129002822078
2012-02-08,0.2681250252979582,0.5834823041776291,0.07361498911049051,0.07477768141392226
2012-02-09,0.2664856284151647,0.5850797260970957,0.07392131720456488,0.07451332828317478
2012-02-10,0.26614730422666083,0.5844332734731127,0.0752098717275725,0.07420955057265397
2012-02-13,0.25784013966824043,0.5916198132172952,0.07771325174274633,0.07282679537171798
2012-02-14,0.25632922534890046,0.5894128804375127,0.08021395082305548,0.07404394339053139
2012-02-15,0.2633517331762601,0.5777557723487996,0.08264320422643263,0.07624929024850771
2012-02-16,0.26303686231469325,0.5770136381723621,0.08352493857285302,0.07642456094009173
2012-02-17,0.2504079966117109,0.5878883161838588,0.08507341986749259,0.07663026733693752
2012-02-21,0.2502615050154628,0.5875470377317108,0.08562637869540346,0.07656507855742292
2012-02-22,0.24860437013587866,0.5893148919893392,0.08554818342758838,0.07653255444719377
2012-02-23,0.24549063879301622,0.591663003294521,0.0860831849366478,0.07676317297581493
2012-02-24,0.24014752756465502,0.5964509718668551,0.08705346127074316,0.0763480392977468
2012-02-27,0.23988166885723247,0.5971562393023381,0.08771259819108966,0.07524949364933982
2012-02-28,0.24023878603805449,0.5980663160213049,0.08848332962310525,0.07321156831753524
2012-02-29,0.23985354169662712,0.598780658266926,0.08868266989980478,0.07268313013664207
2012-03-01,0.23847853262612323,0.601107815011541,0.0888924192650184,0.07152123309731759
2012-03-02,0.24148548333356157,0.5960720683595256,0.0916766305009206,0.07076581780599209
2012-03-05,0.3283131998542052,0.4520649229820512,0.12524429205633958,0.09437758510740395
2012-03-06,0.3305353065819022,0.44974518853423273,0.12565717279858796,0.09406233208527713
2012-03-07,0.3728360801011406,0.3658334465251373,0.15549653584559614,0.10583393752812607
2012-03-08,0.38190251832068095,0.3434947239280776,0.1639557473705245,0.11064701038071695
2012-03-09,0.4154787339480914,0.2702538806176194,0.18863402827244108,0.1256333571618481
2012-03-12,0.4138161045558607,0.27067565323058174,0.18960468016460386,0.1259035620489537
2012-03-13,0.4078107343497052,0.2672559261570363,0.19975164744559076,0.12518169204766766
2012-03-14,0.37471990464004173,0.27598627413999044,0.21813865348580597,0.1311551677341619
2012-03-15,0.376606516911608,0.27738276493254094,0.21364379898415578,0.1323669191716954
2012-03-16,0.37501149248376936,0.27651104706159974,0.2144498003996393,0.1340276600549915
2012-03-19,0.37489777873386626,0.2766006242086094,0.21442231519947216,0.13407928185805212
2012-03-20,0.3703097708233422,0.27840831084360096,0.2156307530869234,0.1356511652461335
2012-03-21,0.3675163266922341,0.2785688984697647,0.217533840718777,0.13638093411922422
2012-03-22,0.36372340715495854,0.2767438662447891,0.2200959786022287,0.13943674799802366
2012-03-23,0.3578947090560795,0.2746424977177047,0.22565859216682282,0.1418042010593929
2012-03-26,0.35883382572292793,0.27022795792572196,0.2261642674409536,0.14477394891039638
2012-03-27,0.35787365571348567,0.23878034995399533,0.24715535100616,0.15619064332635896
2012-03-28,0.35696493328082046,0.23870102472414376,0.24690448946514884,0.15742955252988686
2012-03-29,0.35459319984940046,0.23934231581363172,0.24822382098086332,0.15784066335610444
2012-03-30,0.3509839210484851,0.23793734687169207,0.24724033070822482,0.16383840137159805
2012-04-02,0.3501138689281506,0.2389705124635692,0.24612046350503514,0.16479515510324508
2012-04-03,0.345799109920485,0.24261934955142309,0.24448146423633307,0.16710007629175888
2012-04-04,0.34161965218749696,0.24375557953759405,0.2466925870986685,0.16793218117624034
2012-04-05,0.3250812651712141,0.2510812728683513,0.25087253522625325,0.17296492673418123
2012-04-09,0.32427312065851605,0.25045640313250456,0.25283575907039,0.1724347171385893
2012-04-10,0.32188474661059063,0.2530510632993659,0.25043621174891056,0.17462797834113303
2012-04-11,0.3335805138578458,0.2168587784490344,0.25941211657762864,0.19014859111549107
2012-04-12,0.33523832266368797,0.21029663712678906,0.26137993477134186,0.19308510543818114
2012-04-13,0.3407304971649553,0.1940746571349863,0.2645254663662504,0.20066937933380793
2012-04-16,0.3371803515756293,0.1944481397410201,0.26618777258194515,0.20218373610140528
2012-04-17,0.3377424192877496,0.19477137238854877,0.2649654566855603,0.2025207516381413
2012-04-18,0.3331028665108092,0.1973820392766835,0.26427948963204906,0.2052356045804582
2012-04-19,0.3327257417987787,0.1976950108683511,0.26395310885107715,0.20562613848179298
2012-04-20,0.33045021550444675,0.1973715965105485,0.26499908011383455,0.20717910787117028
2012-04-23,0.3289283904839223,0.1967200550265916,0.2669631791082384,0.20738837538124766
2012-04-24,0.32656291156532774,0.19771792507125585,0.26655605382682124,0.20916310953659512
2012-04-25,0.3260820471746698,0.19823499367927852,0.26498570007358,0.21069725907247155
2012-04-26,0.32672738943847895,0.1849460052248684,0.26573654443280137,0.22259006090385144
2012-04-27,0.3267678877304374,0.18511628153925647,0.2653026686865834,0.22281316204372267
2012-04-30,0.3263281204189773,0.18499423662427655,0.26601137892324667,0.22266626403349948
2012-05-01,0.3256416726732126,0.1847429868740577,0.2672514903983976,0.22236385005433212
2012-05-02,0.3242575316637934,0.1838748794049747,0.2705486268174515,0.22131896211378035
2012-05-03,0.3240946710909512,0.1833343679604743,0.27190257944860363,0.22066838149997076
2012-05-04,0.3239790391040318,0.18365020606630875,0.2713222182916245,0.22104853653803502
2012-05-07,0.3238599207959279,0.1849221713376385,0.26863838441704635,0.22257952344938717
2012-05-08,0.32430635153762266,0.1839179100975715,0.26879827924490185,0.2229774591199039
2012-05-09,0.3239166182217436,0.18116194815099013,0.2722175791411692,0.222703854486097
2012-05-10,0.3251154701953892,0.17884702837847283,0.27261412429333504,0.22342337713280308
2012-05-11,0.3251636848050555,0.1787470324741814,0.2726997032323848,0.22338957948837845
2012-05-14,0.32551347220962806,0.17703126888878362,0.2747527761240895,0.22270248277749885
2012-05-15,0.3301724535837602,0.1695164087512301,0.27502938506489705,0.22528175260011274
2012-05-16,0.3306869921284906,0.16869948116081038,0.2745380769884266,0.2260754497222723
2012-05-17,0.3320607716893447,0.16651196496739623,0.2744961258687453,0.2269311374745137
2012-05-18,0.34128284296942557,0.16095032291267108,0.2656815654994403,0.2320852686184631
2012-05-21,0.34393475555623704,0.15728214710219215,0.26479368483830457,0.2339894125032662
2012-05-22,0.3508307681337992,0.15072175814758715,0.25957036307960396,0.23887711063900968
2012-05-23,0.3500498472501601,0.15021805062418864,0.2592864388674246,0.24044566325822672
2012-05-24,0.3497638890381064,0.14987753503471854,0.25996075825383813,0.24039781767333693
2012-05-25,0.34983634897938115,0.14991728197466417,0.2599114414645843,0.24033492758137037
2012-05-29,0.3499718490105571,0.14969497598234435,0.26036732344293917,0.23996585156415937
2012-05-30,0.3517808865742288,0.15016974238633382,0.25742353315126904,0.24062583788816824
2012-05-31,0.3544869299066252,0.15212154041002207,0.252251641160992,0.24113988852236062
2012-06-01,0.35455129797700946,0.1522185602120153,0.2523834736358133,0.24084666817516193
2012-06-04,0.3587227756276847,0.1550051142733988,0.24318895247775743,0.2430831576211591
2012-06-05,0.3582688176281066,0.1547371629482954,0.24265028793296975,0.24434373149062832
2012-06-06,0.359886882194301,0.1545921455797079,0.24066082149080587,0.2448601507351853
2012-06-07,0.36663165693273486,0.14706896624716567,0.23591127271225779,0.25038810410784174
2012-06-08,0.36698222280139453,0.14513169404015938,0.23656049687659209,0.2513255862818541
2012-06-11,0.3675130175448718,0.14531255514238375,0.2352339421502663,0.251940485162478
2012-06-12,0.36958603818254987,0.14506042451278994,0.23001411553977452,0.25533942176488567
2012-06-13,0.37040378339883967,0.14536934636961088,0.228326587951398,0.25590028228015144
2012-06-14,0.37295664370680226,0.14349036671075793,0.22688426878362217,0.25666872079881764
2012-06-15,0.37382955609708846,0.14377232959687133,0.22505332642173254,0.25734478788430776
2012-06-18,0.37400275248974985,0.14383593405236644,0.2246750139651073,0.2574862994927764
2012-06-19,0.3739393579143887,0.14364444013290983,0.2239067769782041,0.25850942497449747
2012-06-20,0.3738917303115018,0.14362542088929797,0.22334382096187835,0.25913902783732184
2012-06-21,0.37212344851835677,0.14181991609110686,0.22137259609319446,0.26468403929734186
2012-06-22,0.37481195590516075,0.14154117349921008,0.21508844977802644,0.26855842081760267
2012-06-25,0.3749987211743159,0.14149588582498987,0.21483383908736292,0.2686715539133313
2012-06-26,0.3766655101316404,0.14146370579438886,0.21324414694857138,0.26862663712539936
2012-06-27,0.3787280431585287,0.139857565377222,0.2107543016993733,0.270660089764876
2012-06-28,0.3789472125852147,0.13993840893705906,0.21021034189416832,0.270904036583558
2012-06-29,0.37892793667466435,0.13962081107388585,0.20995670380414888,0.2714945484473009
2012-07-02,0.38286213245298567,0.1404935826468653,0.20307022130468738,0.27357406359546166
2012-07-03,0.38288332868302605,0.1394564188755351,0.20093026380898657,0.27672998863245224
2012-07-05,0.38052521492370983,0.13852271349917789,0.19925576270467615,0.28169630887243613
2012-07-06,0.37579496975502413,0.136880537490115,0.19680025969265197,0.2905242330622088
2012-07-09,0.37421936340719236,0.13620483185323823,0.19571879316387472,0.2938570115756947
2012-07-10,0.3708218922552304,0.13463301176240355,0.1936009834167742,0.30094411256559184
2012-07-11,0.36059050913568985,0.13045993219512528,0.1866110452028227,0.32233851346636216
2012-07-12,0.3537397342298533,0.12886773539389723,0.18313378618057766,0.3342587441956717
2012-07-13,0.3496423091134417,0.1263028438375974,0.18141371534974413,0.3426411316992168
2012-07-16,0.2990313078213273,0.10247084306150099,0.15006737894997363,0.4484304701671981
2012-07-17,0.2994597481717072,0.10234097660998545,0.149410018570983,0.4487892566473242
2012-07-18,0.2978339519076113,0.1039545970773544,0.14764189924229262,0.45056955177274166
2012-07-19,0.29802262766857707,0.10383101997054664,0.1475325172651395,0.4506138350957368
2012-07-20,0.2978900404417569,0.1038802106621097,0.1474295417117264,0.4508002071844069
2012-07-23,0.3036310892476703,0.10026655280473591,0.1418266320740593,0.4542757258735345
2012-07-24,0.3030123590735517,0.10007092372710412,0.14272239163409295,0.4541943255652514
2012-07-25,0.3050030754716375,0.09973022593663534,0.14344275052696115,0.451823948064766
2012-07-26,0.3051673854107767,0.0996790469952456,0.14344671183199098,0.45170685576198677
2012-07-27,0.3097260799181135,0.09780612103917855,0.14256324183973645,0.4499045572029715
2012-07-30,0.31914119806537333,0.1002262520572554,0.14497173093150964,0.4356608189458615
2012-07-31,0.3187566852724692,0.10025801061348306,0.14517692882436176,0.4358083752896859
2012-08-01,0.3220792123998833,0.09997333314264013,0.14423698924361952,0.43371046521385714
2012-08-02,0.3225757445963186,0.10001528527948467,0.14433799138917844,0.43307097873501843
2012-08-03,0.3304340864140041,0.09861542124748829,0.13855268724628086,0.4323978050922268
2012-08-06,0.33041922913577304,0.09861831280874796,0.13843736978753116,0.4325250882679478
2012-08-07,0.3314248878732533,0.09832437925033588,0.13812498365779105,0.4321257492186199
2012-08-08,0.3306663752872213,0.09894798547175775,0.13776763790641555,0.4326180013346053
2012-08-09,0.3323068013586586,0.09864784169445727,0.13744143757439972,0.43160391937248455
2012-08-10,0.3392367428673726,0.09744259642458643,0.13677863745549085,0.4265420232525501
2012-08-13,0.3426332837908196,0.09712430972932556,0.1363821598826406,0.4238602465972142
2012-08-14,0.3603566965137008,0.09291902899615782,0.1313474532120991,0.41537682127804226
2012-08-15,0.35985017247781614,0.09276318218640636,0.13068187785504734,0.41670476748073015
2012-08-16,0.365908307534364,0.09202568405464046,0.1304463931631274,0.4116196152478683
2012-08-17,0.38136755196024796,0.09213732883939697,0.12593231276588998,0.40056280643446507
2012-08-20,0.3881448434387959,0.09277882085332477,0.12581991522741076,0.3932564204804685
2012-08-21,0.40082615275627104,0.09452608473281839,0.12338572112797026,0.3812620413829403
2012-08-22,0.41305370531423846,0.09314796267630854,0.12180905868408476,0.37198927332536835
2012-08-23,0.4168813520519041,0.09408050277322036,0.12289641348351882,0.3661417316913568
2012-08-24,0.44902507444663164,0.09259715093341757,0.12203547693927422,0.3363422976806766
2012-08-27,0.44769805494693016,0.09264507699891406,0.12263857768632214,0.3370182903678336
2012-08-28,0.4536616460128016,0.09215846153015993,0.12206145598582545,0.33211843647121303
2012-08-29,0.4574517963309652,0.09225710277342282,0.12252995367444751,0.3277611472211644
2012-08-30,0.47811333604460965,0.09131643409630942,0.12204793020640213,0.3085222996526787
2012-08-31,0.48525111219336015,0.09233639976341439,0.1245490189463108,0.2978634690969147
2012-09-04,0.5522703619465573,0.1066159066732301,0.1382362158600261,0.2028775155201866
2012-09-05,0.5537979489495547,0.10601807153089396,0.1380293736601454,0.20215460585940603
2012-09-06,0.5556637648299324,0.10557916355320088,0.13774590581036078,0.20101116580650594
2012-09-07,0.5234831376556913,0.10712127945329034,0.1520538297710673,0.217341753119951
2012-09-10,0.5432265119923769,0.10918084008157196,0.1560461826700884,0.19154646525596272
2012-09-11,0.5338335381687278,0.1125214014203017,0.16078022974974507,0.1928648306612254
2012-09-12,0.5315599343381326,0.11311583432814293,0.1619661968466677,0.1933580344870568
2012-09-13,0.5337788787763649,0.11220226156794635,0.16223314848591852,0.19178571116977022
2012-09-14,0.4945164357661553,0.12250331641612329,0.17629566185950846,0.20668458595821304
2012-09-17,0.48575582811911566,0.12619248577240025,0.17917485903964966,0.20887682706883437
2012-09-18,0.48467116391286685,0.13363156974325208,0.1879864867546033,0.1937107795892777
2012-09-19,0.48062505161228974,0.13471907534706581,0.18935639578226374,0.1952994772583806
2012-09-20,0.48076097908135507,0.13538481649649575,0.18939938221372296,0.19445482220842616
2012-09-21,0.47494926365196694,0.14071972925193224,0.19030768150728133,0.19402332558881943
2012-09-24,0.4745885971416345,0.14133269882480123,0.19041770214788983,0.1936610018856744
2012-09-25,0.472279745883005,0.1435062147559117,0.19120303562380675,0.19301100373727656
2012-09-26,0.4503787022467582,0.1544659487890002,0.20160938331930695,0.1935459656449346
2012-09-27,0.4433531138026989,0.15987387922935628,0.20438536702387586,0.19238763994406904
2012-09-28,0.42226362160215364,0.1686556303249847,0.21388162436892535,0.19519912370393633
2012-10-01,0.41328002849137957,0.17071148393172217,0.2174112531015606,0.19859723447533773
2012-10-02,0.41326896495794097,0.17097155560115762,0.21724456748531032,0.19851491195559107
2012-10-03,0.4132348167547043,0.17091821500753798,0.21729971821311617,0.19854725002464144
2012-10-04,0.412495799194779,0.17107213104768612,0.21777638852075085,0.19865568123678407
2012-10-05,0.4098868329270566,0.17096450357883466,0.22057087881858953,0.19857778467551926
2012-10-08,0.4092957920439005,0.16898454484356143,0.2238449574405305,0.19787470567200757
2012-10-09,0.4088072350919035,0.16910374990630533,0.22403079653122684,0.19805821847056443
2012-10-10,0.4009186375932875,0.16709241990343648,0.23520520893645647,0.1967837335668196
2012-10-11,0.4013613297359825,0.16572049240183873,0.23573142447358775,0.19718675338859087
2012-10-12,0.3997771016800066,0.16556271227998115,0.23817735757763356,0.19648282846237888
2012-10-15,0.3874883361238311,0.17989577591012934,0.24262194816745775,0.18999393979858167
2012-10-16,0.38686006651099586,0.18202538578172353,0.2414292117225708,0.18968533598470985
2012-10-17,0.38453581471159826,0.18140101994734048,0.24442096380138895,0.18964220153967218
2012-10-18,0.38073437446134173,0.1797434199516203,0.2516288111169903,0.18789339447004771
2012-10-19,0.37956123625240057,0.17933064225228756,0.2536462210021232,0.1874619004931887
2012-10-22,0.37603080140079487,0.1800182947107102,0.2557701712140587,0.1881807326744362
2012-10-23,0.3740714542316475,0.17877613511119936,0.2599517117395376,0.18720069891761548
2012-10-24,0.3730997962001386,0.1769793093404528,0.2626152933074819,0.18730560115192674
2012-10-25,0.3741158922163151,0.17522235946936934,0.2628460410806478,0.18781570723366775
2012-10-26,0.3734191103252965,0.17487617799972813,0.2642388066987684,0.18746590497620685
2012-10-31,0.37414749872786834,0.1752011728450812,0.2628197539195135,0.18783157450753682
2012-11-01,0.3689359471178711,0.17263522946384066,0.2732135805656772,0.1852152428526109
2012-11-02,0.37138893922705457,0.1682308105990196,0.2739335428008008,0.18644670737312508
2012-11-05,0.37152563745348693,0.16793450718152939,0.2740245220002631,0.1865153333647206
2012-11-06,0.37159531566096493,0.16796600265385886,0.2738883680854843,0.18655031359969196
2012-11-07,0.37122526297119174,0.16779873393853087,0.2746114653666962,0.18636453772358114
2012-11-08,0.3723899825888899,0.1683252026267847,0.27233555814535426,0.1869492566389712
2012-11-09,0.36368527632985886,0.1637861732902604,0.28994927800598835,0.1825792723738923
2012-11-12,0.36262846831758,0.16327834633522642,0.2920444575140865,0.18204872783310708
2012-11-13,0.36182104533977494,0.16284962571500597,0.29373402031102297,0.18159530863419612
2012-11-14,0.3614717245907783,0.16235721475607318,0.2948269469497079,0.18134411370344064
2012-11-15,0.362121008742989,0.1603664759902591,0.29588044919393214,0.18163206607281973
2012-11-16,0.36246865022720326,0.1604438541360488,0.295292601887947,0.1817948937488008
2012-11-19,0.36113696501153253,0.15880291134560248,0.29922936291350244,0.18083076072936247
2012-11-20,0.3633715308556066,0.15416373228081626,0.3005259789076332,0.18193875795594383
2012-11-21,0.36340911411659044,0.15654302679441337,0.29814272561531824,0.18190513347367795
2012-11-23,0.3539616510329098,0.1664909495168014,0.30295235637279544,0.17659504307749324
2012-11-26,0.35468386611940944,0.16703783356146476,0.3013511961179042,0.1769271042012216
2012-11-27,0.35353668560963286,0.16613295632759226,0.30436170324534356,0.17596865481743118
2012-11-28,0.35360278475564316,0.16610417159662438,0.30435487772606074,0.1759381659216716
2012-11-29,0.3546535157344979,0.16633893718780138,0.3028207165551573,0.1761868305225433
2012-11-30,0.35367874945260325,0.16583526397314272,0.30483264862302384,0.1756533379512302
2012-12-03,0.3524560607759037,0.1653509862157002,0.3072641476122603,0.17492880539613587
2012-12-04,0.35231671062481823,0.1689916045012649,0.30379988827817167,0.17489179659574514
2012-12-05,0.3525227799069135,0.16915309906588358,0.30335011301674614,0.1749740080104569
2012-12-06,0.34615226104284136,0.1750390078982429,0.3067353721971616,0.17207335886175404
2012-12-07,0.34052605148383863,0.1737562773051568,0.3152239003190456,0.17049377089195877
2012-12-10,0.33678452680155435,0.1746676255811511,0.31715798438233406,0.17138986323496044
2012-12-11,0.3363268617546072,0.17476890023695643,0.31746766932153747,0.1714365686868988
2012-12-12,0.3368245887267457,0.17526912633426814,0.3160194578355311,0.17188682710345507
2012-12-13,0.3367192219498374,0.17509691098796007,0.31647257154049974,0.17171129552170275
2012-12-14,0.3367193311341324,0.1750686394657996,0.31660593451208835,0.17160609488797965
2012-12-17,0.33688384750276984,0.17541923729176478,0.31577441285292085,0.17192250235254444
2012-12-18,0.3347941193905553,0.17282027553427656,0.32288063534278943,0.1695049697323787
2012-12-19,0.33472801205128916,0.1737156169705103,0.3212657378938618,0.17029063308433864
2012-12-20,0.3345443469501334,0.17363765229822056,0.3213445829760381,0.17047341777560793
2012-12-21,0.33469097730473907,0.17425890312331055,0.31994220327966827,0.17110791629228195
2012-12-24,0.3357579744728797,0.17579408585372877,0.31614613609262515,0.17230180358076624
2012-12-26,0.3341602459762414,0.1750092541610076,0.31932315215508805,0.17150734770766296
2012-12-27,0.33356101503637037,0.1746490917453498,0.3203805936101445,0.17140929960813542
2012-12-28,0.33387066131497317,0.17489456144307094,0.31897161293450876,0.172263164307447
2012-12-31,0.3346285878955742,0.17314360227470776,0.31920854131499193,0.17301926851472607
2013-01-02,0.34289678868048556,0.16222625964254622,0.3151500579160047,0.1797268937609635
2013-01-03,0.35146197424690734,0.15158319901373182,0.3096121889489259,0.18734263779043503
2013-01-04,0.3505175434058654,0.15212981396518258,0.3088749880564951,0.18847765457245694
2013-01-07,0.35106363264743723,0.1517346430216427,0.30744476495838763,0.1897569593725325
2013-01-08,0.3518523285108797,0.15248901404960163,0.305651439757259,0.19000721768225967
2013-01-09,0.3515528045285792,0.15332293740159494,0.3043770455006844,0.19074721256914148
2013-01-10,0.35111239146501894,0.1535661181242239,0.30393897517686325,0.19138251523389402
2013-01-11,0.349441185545299,0.1551465173560837,0.30074198815425907,0.1946703089443583
2013-01-14,0.3500343014695427,0.15542496282852905,0.29900011991457953,0.1955406157873487
2013-01-15,0.33492544027107923,0.14832003727100992,0.28866809552105993,0.22808642693685088
2013-01-16,0.3345681366145609,0.14897451706081566,0.288315358362917,0.2281419879617064
2013-01-17,0.33414213675070153,0.14931135473341245,0.2881962013385953,0.22835030717729066
2013-01-18,0.3343873103001582,0.16324935410964972,0.27713633367741497,0.22522700191277714
2013-01-22,0.31855678229022727,0.15609863123891485,0.26445220538648045,0.26089238108437734
2013-01-23,0.31905866881115746,0.15391765510262265,0.26126129454582164,0.26576238154039833
2013-01-24,0.3203335514001217,0.1538143188045177,0.2606078257247546,0.26524430407060595
2013-01-25,0.32138409762436676,0.15326468859979853,0.2610588660108684,0.2642923477649664
2013-01-28,0.33468389778646973,0.14869590228118518,0.25365920567321393,0.26296099425913105
2013-01-29,0.33773594701276427,0.1450370624508155,0.2506984883432844,0.2665285021931359
2013-01-30,0.30061482487251856,0.12663330423313304,0.21659806648357616,0.35615380441077216
2013-01-31,0.3015229195944699,0.12632243865632964,0.21644913533181548,0.35570550641738485
2013-02-01,0.29866675487132605,0.12541048322678633,0.21481410555227257,0.3611086563496151
2013-02-04,0.2989661630899452,0.1269574229437612,0.21771622551756592,0.3563601884487276
2013-02-05,0.30559259576819814,0.13585767389448236,0.22167985562409742,0.3368698747132221
2013-02-06,0.30963240428327277,0.1378106286079699,0.22461011886362758,0.3279468482451297
2013-02-07,0.31221612904371776,0.1328787412260404,0.21561723716372672,0.33928789256651526
2013-02-08,0.30752046591809906,0.1324456683380932,0.20938872140260925,0.35064514434119837
2013-02-11,0.3190886568371402,0.13589387253606966,0.2031333736023694,0.34188409702442063
2013-02-12,0.3308716181648162,0.13434396988372663,0.19916989692854328,0.3356145150229139
2013-02-13,0.3297939945138504,0.13470033581768875,0.19916534829360724,0.3363403213748538
2013-02-14,0.329798808372334,0.13477381911876202,0.1989127685307985,0.33651460397810534
2013-02-15,0.32983993611593426,0.1346051589564698,0.19827583655043712,0.337279068377159
2013-02-19,0.337257325952044,0.13647976527762898,0.20092811261047153,0.32533479615985544
2013-02-20,0.33331324342247437,0.13730930959484638,0.20391564562093187,0.3254618013617474
2013-02-21,0.34773349000100917,0.14581284823202018,0.21303461968492354,0.2934190420820471
2013-02-22,0.35108025303254287,0.14628338583255387,0.2068295601868676,0.29580680094803563
2013-02-25,0.34528642525984515,0.1499690907967974,0.20706234016644323,0.29768214377691427
2013-02-26,0.3290183865521289,0.1546032664735398,0.20678191116871922,0.3095964358056121
2013-02-27,0.3290311153107922,0.1554700848169083,0.20601983126024928,0.30947896861205026
2013-02-28,0.32774831935581217,0.15709559786578728,0.2044026136989996,0.310753469079401
2013-03-01,0.32865190322404986,0.15724727248867765,0.20408919100466943,0.31001163328260306
2013-03-04,0.3283916931380121,0.1571569175144247,0.20458367689113827,0.30986771245642497
2013-03-05,0.32774606045635113,0.15716040895200986,0.20521893403622044,0.3098745965554186
2013-03-06,0.3312731956366042,0.15701645985849405,0.20211957367617334,0.30959077082872843
2013-03-07,0.3310450735210778,0.1574886262093452,0.2022087578968521,0.30925754237272496
2013-03-08,0.33160187454956336,0.15895661210196568,0.20139687462525974,0.30804463872321125
2013-03-11,0.33028782812510293,0.1610881145268955,0.20160844447473017,0.30701561287327156
2013-03-12,0.330206984145892,0.16116992086525775,0.20160666650847245,0.3070164284803778
2013-03-13,0.3293913822296173,0.16172726557778586,0.20108069483828503,0.30780065735431184
2013-03-14,0.3294497024957528,0.16194562564767342,0.20076135165296302,0.30784332020361077
2013-03-15,0.32451015497321317,0.16871316890309798,0.20022441929512472,0.3065522568285642
2013-03-18,0.32360780196734545,0.16825544572674947,0.20256214698103833,0.30557460532486674
2013-03-19,0.321854776539104,0.1689576469461618,0.20097319219318993,0.3082143843215442
2013-03-20,0.3213406719869894,0.16885101893707713,0.20096396476886808,0.3088443443070655
2013-03-21,0.31932596756013404,0.16875512992878783,0.20294878542038453,0.30897011709069366
2013-03-22,0.3150290366069423,0.17021173375318002,0.20540177364252915,0.3093574559973484
2013-03-25,0.3121102071013268,0.17166923187606611,0.20609762106198062,0.31012293996062645
2013-03-26,0.31075889333541823,0.1724417116768356,0.20558032226996908,0.3112190727177771
2013-03-27,0.3089731906271288,0.17342726591608085,0.20459811409792605,0.31300142935886427
2013-03-28,0.30790722275605903,0.1762602124369795,0.20389694428497723,0.3119356205219843
2013-04-01,0.3072847716953827,0.17647689526692367,0.20425687598346914,0.3119814570542245
2013-04-02,0.30564099120932126,0.17852824304454737,0.2035473841775979,0.3122833815685335
2013-04-03,0.30065141015184077,0.18863311281993814,0.20142109726846133,0.3092943797597598
2013-04-04,0.29824787782184353,0.18838182088590305,0.20339372831295685,0.30997657297929665
2013-04-05,0.2966186853149394,0.18972929067058955,0.2013453343207644,0.3123066896937066
2013-04-08,0.2976834546695153,0.19088991971311667,0.20322831404769154,0.30819831156967664
2013-04-09,0.2970700103586846,0.18999416845121905,0.20376188664689657,0.3091739345431999
2013-04-10,0.2972821085546391,0.18842490460373773,0.20430749164919054,0.30998549519243257
2013-04-11,0.2900664873789155,0.19067846311515305,0.20609980945741463,0.31315524004851675
2013-04-12,0.28977600897555433,0.19101120755636222,0.2055759448700199,0.3136368385980635
2013-04-15,0.28948251090774213,0.1909001819701501,0.20615561424029172,0.313461692881816
2013-04-16,0.27344442389742785,0.1991918782360482,0.20647611766120189,0.32088758020532204
2013-04-17,0.26829394965488834,0.20241521204885152,0.20562354147696188,0.32366729681929823
2013-04-18,0.26386095374243224,0.1988900927786618,0.20694817411841163,0.3303007793604942
2013-04-19,0.2620591795037954,0.19933141712651495,0.2075758973101725,0.33103350605951715
2013-04-22,0.26407682843482494,0.19920852457682722,0.20531074118123413,0.3314039058071137
2013-04-23,0.2641567152506396,0.19841522697924366,0.2054017479483896,0.3320263098217271
2013-04-24,0.26420720448413754,0.1981949871859799,0.2044547048247141,0.33314310350516857
2013-04-25,0.26426223551329486,0.19820298868832484,0.20412792478921532,0.3334068510091649
2013-04-26,0.26427912184105123,0.19804550023968936,0.20435309805942461,0.33332227985983476
2013-04-29,0.26410721812477855,0.19793212526308102,0.2043582486769214,0.33360240793521895
2013-04-30,0.26321635106598673,0.19861521941117014,0.20321925715610473,0.3349491723667384
2013-05-01,0.2626949783006061,0.1984991566572694,0.20365166061918674,0.3351542044229377
2013-05-02,0.26130189532142045,0.19924831938595433,0.20324629210750797,0.3362034931851171
2013-05-03,0.26054459806976515,0.20020427009221678,0.2044817848904586,0.33476934694755955
2013-05-06,0.2584235242174019,0.2000979424684993,0.2052267393637785,0.33625179395032023
2013-05-07,0.25846351262273404,0.20013837039396484,0.2054556617788235,0.33594245520447774
2013-05-08,0.258278356951782,0.20015446388515856,0.20533810647337786,0.3362290726896816
2013-05-09,0.25778424764698366,0.20036079085458472,0.20531910015321786,0.3365358613452137
2013-05-10,0.25633582286721823,0.20334315171216216,0.20379996874776055,0.33652105667285914
2013-05-13,0.24665941473138048,0.22924066275812932,0.1986725176366668,0.3254274048738234
2013-05-14,0.22135283130385153,0.3010542747994781,0.1815382628252271,0.2960546310714432
2013-05-15,0.22125132648742896,0.30056052915525994,0.1827019834498572,0.2954861609074539
2013-05-16,0.22088577141810734,0.3009544328345552,0.18228929793643772,0.2958704978108997
2013-05-17,0.22050004402462445,0.3008378946316395,0.1821766783463208,0.2964853829974153
2013-05-20,0.2198460267961077,0.30114587764297235,0.18304111275983598,0.29596698280108386
2013-05-21,0.21983263762695718,0.30094737979144376,0.18300412413644304,0.296215858445156
2013-05-22,0.22015159306291604,0.2995726726738482,0.1838703024432816,0.2964054318199543
2013-05-23,0.2170866173108835,0.3031628104131369,0.1799926708521792,0.2997579014238003
2013-05-24,0.21675465909875488,0.3042281220234516,0.17630915897368613,0.3027080599041073
2013-05-28,0.21736229224452272,0.30274405485170625,0.17627905314290437,0.3036145997608667
2013-05-29,0.2175496361553383,0.303008298231162,0.17647538490686587,0.30296668070663385
2013-05-30,0.22032772947200452,0.2979214458574726,0.1750208398997555,0.3067299847707674
2013-05-31,0.22039215910930213,0.29806774421477167,0.17499338672930947,0.3065467099466168
2013-06-03,0.22211947267744325,0.2944773614248618,0.1731304941334969,0.31027267176419787
2013-06-04,0.22350536017328054,0.2878879301634034,0.17408833361582726,0.3145183760474889
2013-06-05,0.22538404365400108,0.282495135543654,0.17454763176612945,0.31757318903621534
2013-06-06,0.22885159045161532,0.2719838762189234,0.1760321846058965,0.3231323487235647
2013-06-07,0.23180760116304905,0.26471222489348845,0.17644800413721848,0.3270321698062441
2013-06-10,0.23628471056491746,0.2500146772663164,0.17959323743460553,0.3341073747341608
2013-06-11,0.2369169339882513,0.24936700793796693,0.17932340283349582,0.33439265524028594
2013-06-12,0.23758508427054967,0.2497632273933837,0.1774997654434387,0.3351519228926278
2013-06-13,0.23752226999567294,0.24777312483531405,0.1754119159268652,0.3392926892421479
2013-06-14,0.23491592041926515,0.2400708119642714,0.16781326214584266,0.3572000054706209
2013-06-17,0.23073051895554536,0.23548363933938415,0.16469568976738233,0.3690901519376881
2013-06-18,0.23075316647611352,0.2355077648741098,0.16437271473622406,0.3693663539135526
2013-06-19,0.23103959051109518,0.23399154162778849,0.16375343808444556,0.3712154297766707
2013-06-20,0.23123948549519707,0.23345879243232967,0.15818239031297746,0.3771193317594958
2013-06-21,0.236423310244511,0.23870133260870094,0.15585695131434607,0.3690184058324421
2013-06-24,0.23692920994795733,0.23743287539951327,0.15609868434438834,0.3695392303081409
2013-06-25,0.2405288802793302,0.22585929343014857,0.15830707999414306,0.37530474629637817
2013-06-26,0.24330334811056195,0.21767173209216714,0.15974028483887176,0.37928463495839915
2013-06-27,0.24288350098499467,0.20584302000523702,0.15920435257856985,0.3920691264311986
2013-06-28,0.2437009113707663,0.20205893899185953,0.15913354073266053,0.3951066089047138
2013-07-01,0.22372051019586103,0.18375714900767157,0.1454907296979231,0.44703161109854433
2013-07-02,0.2237610150066525,0.18202511775883287,0.14602954373382265,0.44818432350069204
2013-07-03,0.22383250825659648,0.18007618949096396,0.14540914758084753,0.4506821546715921
2013-07-05,0.2282761113854335,0.179811692041783,0.1452464350476319,0.4466657615251516
2013-07-08,0.2339614264064266,0.18442194160239275,0.1488304945092716,0.432786137481909
2013-07-09,0.2338035930942694,0.18622814969182352,0.14965577861493662,0.43031247859897037
2013-07-10,0.23526133324738285,0.18735438401342455,0.15047261890840385,0.4269116638307888
2013-07-11,0.23939738981915265,0.1906024484600482,0.15308061080631236,0.41691955091448685
2013-07-12,0.24110125674195668,0.19168342489791218,0.15345927503375123,0.41375604332637994
2013-07-15,0.24492400391797062,0.19418278754343837,0.15690097612733384,0.4039922324112571
2013-07-16,0.2450218725440271,0.1941104983702644,0.15696163633572283,0.40390599274998573
2013-07-17,0.245225732942583,0.1943629014409108,0.15723390575560425,0.4031774598609019
2013-07-18,0.24646249782395904,0.19529808711599128,0.15834233436011885,0.39989708069993085
2013-07-19,0.24792934739981404,0.19638136338697196,0.15912043335670245,0.3965688558565117
2013-07-22,0.24846780370881807,0.19642310391503387,0.15995242108235228,0.3951566712937959
2013-07-23,0.24955008619118982,0.19727162847240284,0.16101245081422816,0.39216583452217924
2013-07-24,0.2505223459169391,0.19597760393594035,0.16146472502293363,0.39203532512418693
2013-07-25,0.2524991103509407,0.1976631838880966,0.16284174201650634,0.3869959637444564
2013-07-26,0.25438517658849463,0.19860576841380018,0.16444005069097373,0.3825690043067315
2013-07-29,0.25473774786234415,0.1989275168561301,0.16465866774551885,0.38167606753600697
2013-07-30,0.2549471100975507,0.19924090008132708,0.16437087049446467,0.3814411193266575
2013-07-31,0.25636595514553895,0.1986073371322122,0.1642353469698636,0.3807913607523852
2013-08-01,0.257519558972063,0.19732631671703624,0.1636524686971594,0.3815016556137412
2013-08-02,0.2590366804241361,0.19666599731355225,0.16461625078736233,0.37968107147494945
2013-08-05,0.2601722498474782,0.19695408857956506,0.16496097700740134,0.3779126845655554
2013-08-06,0.26007734750506833,0.19727444091837834,0.16484374773294685,0.3778044638436065
2013-08-07,0.260189615507101,0.1974599403489156,0.16495248482060748,0.3773979593233759
2013-08-08,0.26091285028598,0.19679085528743184,0.164925393194151,0.37737090123243716
2013-08-09,0.2616061742182407,0.19726406893832202,0.16426073585244422,0.37686902099099306
2013-08-12,0.2626265700214409,0.19781439595581948,0.16334353581764294,0.37621549820509664
2013-08-13,0.2643945309061689,0.19642726106228048,0.16478704207231754,0.37439116595923316
2013-08-14,0.26201642717141965,0.194024213412845,0.16269197873653674,0.38126738067919863
2013-08-15,0.2622969478717223,0.1943170840135588,0.16235730297586656,0.3810286651388523
2013-08-16,0.26432316501307007,0.19333969697420886,0.16387137534398932,0.3784657626687318
2013-08-19,0.27085768064846194,0.19045560754069452,0.16319924017708443,0.37548747163375923
2013-08-20,0.2724259883366139,0.18727020562557867,0.16380913078102097,0.37649467525678637
2013-08-21,0.2740301575783992,0.18268719351392143,0.16487868984551676,0.37840395906216273
2013-08-22,0.29447390657192796,0.17114959170507177,0.1615518830616759,0.37282461866132444
2013-08-23,0.30659126572202094,0.16642095121069447,0.16014271693180948,0.36684506613547513
2013-08-26,0.3234102226609348,0.16614665625011144,0.15490412259392558,0.3555389984950281
2013-08-27,0.32933095137145235,0.1650855376835959,0.15352232995855306,0.35206118098639866
2013-08-28,0.3284243351948176,0.16905958621545975,0.15498057890966346,0.3475354996800592
2013-08-29,0.3294921089415895,0.17057488943938773,0.15551405990854408,0.3444189417104787
2013-08-30,0.3494648212401247,0.18067444675231875,0.16578126431303727,0.3040794676945193
2013-09-03,0.3572225526520823,0.18475360255758197,0.16949076052811154,0.28853308426222424
2013-09-04,0.37315650745488316,0.19269702765054286,0.17458374357230128,0.25956272132227276
2013-09-05,0.38339330014676815,0.1983455175589374,0.1782692550419729,0.23999192725232157
2013-09-06,0.38864004959336285,0.19676700895546273,0.1790646672825229,0.23552827416865138
2013-09-09,0.39228732605760763,0.19611534059932392,0.17913885853753989,0.23245847480552856
2013-09-10,0.3984445545752817,0.19492300757215275,0.1762075397026679,0.23042489814989756
2013-09-11,0.40616522016335915,0.1927646425291066,0.17308805609650202,0.22798208121103228
2013-09-12,0.4176969804919422,0.18895654742046228,0.17030546877193822,0.22304100331565724
2013-09-13,0.41828085920594754,0.1887443612212411,0.1699854825188242,0.22298929705398704
2013-09-16,0.41951319460962283,0.1884836883605701,0.16975969866823004,0.2222434183615769
2013-09-17,0.42338064385476426,0.18742553903828355,0.16855866559765414,0.22063515150929805
2013-09-18,0.42666065437497575,0.18609087837384647,0.1682012241519844,0.21904724309919338
2013-09-19,0.4095292998814391,0.19369816054402697,0.1690257036266813,0.22774683594785267
2013-09-20,0.40966403247916505,0.19365702222033435,0.16893649008847725,0.2277424552120234
2013-09-23,0.4126412646620576,0.19411806955132663,0.16876761862724785,0.22447304715936794
2013-09-24,0.4161592171994025,0.1926706367618447,0.1683336917698509,0.22283645426890178
2013-09-25,0.4189771518403569,0.1915558755351836,0.1680511332279469,0.22141583939651255
2013-09-26,0.42790166747230923,0.18795998908183673,0.16573970202499125,0.2183986414208629
2013-09-27,0.4261795412388654,0.1886386862136733,0.16647322430056577,0.21870854824689553
2013-09-30,0.4267604259368707,0.18806542260406722,0.16651016483172415,0.21866398662733788
2013-10-01,0.44882354791946927,0.17851869428062073,0.16316231070414514,0.20949544709576493
2013-10-02,0.4552022759642654,0.1707232401108984,0.1662153629974315,0.20785912092740472
2013-10-03,0.45555564288408584,0.169549519968001,0.16686887257107647,0.20802596457683675
2013-10-04,0.4492486558321685,0.17185019478142047,0.1682291969527534,0.21067195243365755
2013-10-07,0.4448181708794619,0.1735837260534626,0.17175010091770018,0.20984800214937532
2013-10-08,0.4385521045905752,0.1759955476177704,0.1726121586817152,0.21284018910993918
2013-10-09,0.43254664968523593,0.1786980512424172,0.17658326988437856,0.21217202918796824
2013-10-10,0.4322703930874542,0.1794082666398694,0.17621691381612584,0.21210442645655067
2013-10-11,0.4287442877350188,0.1699982488658486,0.1789682850781944,0.2222891783209383
2013-10-14,0.4283625962708804,0.17251445953958824,0.17897930118468877,0.22014364300484265
2013-10-15,0.42544097697968775,0.17501497557602086,0.18047594907670866,0.21906809836758284
2013-10-16,0.4212497225912416,0.18195086700269492,0.17917460457608544,0.21762480582997812
2013-10-17,0.4192565777362589,0.18374449489635564,0.17884880507049364,0.21815012229689187
2013-10-18,0.4159432453195175,0.18448126559046765,0.18090488870739185,0.21867060038262304
2013-10-21,0.4112159228803123,0.18604944151986866,0.18431087324004478,0.2184237623597742
2013-10-22,0.4080880171124207,0.18466692689396527,0.1905207542706197,0.21672430172299423
2013-10-23,0.4065391884601421,0.18550755772509134,0.1902854252078041,0.21766782860696252
2013-10-24,0.4032705435442831,0.18704572435370742,0.19086856123745286,0.21881517086455665
2013-10-25,0.4017722307312622,0.1874287034626929,0.19151485215945163,0.21928421364659315
2013-10-28,0.3973064810148922,0.18566891996957016,0.2015456136125621,0.21547898540297558
2013-10-29,0.38900572309060016,0.18179149761388,0.21405074908816582,0.21515203020735393
2013-10-30,0.38849982091142793,0.18266822795260268,0.21391613368525214,0.2149158174507172
2013-10-31,0.38368737520482504,0.19123858341309607,0.2128223706281741,0.21225167075390466
2013-11-01,0.3797027395650365,0.19869030402128499,0.2110957404335477,0.2105112159801308
2013-11-04,0.37477960596332505,0.20905843680575287,0.20875634963398373,0.2074056075969383
2013-11-05,0.3732938480908628,0.21208823461427953,0.20815323496222007,0.20646468233263754
2013-11-06,0.37418417906210844,0.21264685242357903,0.2083289302095103,0.2048400383048023
2013-11-07,0.3736676692076543,0.21304691754901672,0.20792857573392035,0.20535683750940856
2013-11-08,0.361585582745131,0.22080750210845013,0.2084136591906775,0.20919325595574154
2013-11-11,0.3629169200749697,0.2105511075773145,0.21239983163982987,0.21413214070788597
2013-11-12,0.36203170232523774,0.20910541464245927,0.21245271878180286,0.21641016425050005
2013-11-13,0.36205524885858625,0.20909550114257514,0.21233973309141904,0.21650951690741949
2013-11-14,0.35960847048314026,0.21001795470862036,0.2130565805047773,0.21731699430346205
2013-11-15,0.35896906888842,0.20827215083017492,0.2128615243570448,0.21989725592436032
2013-11-18,0.35819128032348835,0.20769154490728725,0.21339477747890626,0.22072239729031812
2013-11-19,0.3561469144035705,0.20770435831095432,0.213208930614357,0.2229397966711183
2013-11-20,0.3557388229663556,0.20780879635688207,0.21304416894307251,0.22340821173368983
2013-11-21,0.35511629169166015,0.20823048083778326,0.2126706770188111,0.2239825504517456
2013-11-22,0.3527156677739445,0.20923235534257986,0.21268224147095313,0.22536973541252245
2013-11-25,0.351714181084099,0.2092971139349698,0.21257417468841547,0.22641453029251568
2013-11-26,0.35226514754457167,0.20918876768011957,0.21222948698438307,0.22631659779092578
2013-11-27,0.3521513153065856,0.2091732353731963,0.2121810456535838,0.2264944036666342
2013-11-29,0.3520019365757981,0.21024222638517373,0.21202651760746175,0.22572931943156643
2013-12-02,0.35126767439068624,0.21058548240258113,0.2119046944208216,0.22624214878591112
2013-12-03,0.3501868516689694,0.21098961858516976,0.2111937159192726,0.22762981382658837
2013-12-04,0.34960658758214,0.21165724561261695,0.2105129831322214,0.2282231836730216
2013-12-05,0.349836146263686,0.21138485788243755,0.2104415777789351,0.2283374180749413
2013-12-06,0.34997914123550167,0.21025345990535982,0.21036153994632956,0.22940585891280907
2013-12-09,0.35219296442743037,0.200743098703428,0.21232984110843497,0.23473409576070667
2013-12-10,0.35317152947916286,0.20059592587080807,0.2119673990412884,0.23426514560874065
2013-12-11,0.35284107043606083,0.200552406090237,0.2120423343623753,0.23456418911132687
2013-12-12,0.3480844986441662,0.20328958257137586,0.2118189775908503,0.23680694119360762
2013-12-13,0.34826093602908725,0.20326135404429585,0.21145949041666987,0.23701821950994698
2013-12-16,0.3483596795875432,0.2028495674368027,0.21185708782420035,0.2369336651514538
2013-12-17,0.3497150493182781,0.19936958443198952,0.2128156978906472,0.2380996683590852
2013-12-18,0.3500621141998138,0.19920559383888914,0.21246896403984578,0.23826332792145116
2013-12-19,0.3499893881289248,0.19960286076522,0.20962847747057253,0.24077927363528256
2013-12-20,0.34974746295645465,0.19958360811836898,0.20974793271409078,0.24092099621108565
2013-12-23,0.34928589249565384,0.20097151820924405,0.20961085902505106,0.2401317302700511
2013-12-24,0.3494634151687894,0.20510960543250195,0.20858326425565954,0.236843715143049
2013-12-26,0.34927963766622366,0.20580530487398138,0.20837795621784663,0.23653710124194827
2013-12-27,0.3476245936844507,0.209255544970112,0.20817669729078975,0.23494316405464746
2013-12-30,0.3454529910733621,0.214169385632457,0.20677056943592548,0.23360705385825548
2013-12-31,0.34357283013595624,0.21703647350362465,0.20763456495648758,0.23175613140393148
2014-01-02,0.3427827057016331,0.21780047622946694,0.20821704660493645,0.23119977146396337
2014-01-03,0.3381209027982084,0.22112138674597495,0.20609790614868728,0.23465980430712938
2014-01-06,0.3374772530884698,0.22094879683730329,0.20696841790992765,0.2346055321642991
2014-01-07,0.3403629868755564,0.21682224887489135,0.21072294429514218,0.23209181995441014
2014-01-08,0.33890945727068594,0.2175564708236554,0.2108510861601625,0.23268298574549617
2014-01-09,0.33338712089809003,0.2138846641288625,0.2073221705949838,0.24540604437806368
2014-01-10,0.32905134246226164,0.21130013095832503,0.20653312434628657,0.25311540223312684
2014-01-13,0.31628221752132535,0.20401132647325576,0.20130752732175738,0.27839892868366145
2014-01-14,0.29716720410157577,0.19768049841240046,0.19246164941261487,0.3126906480734089
2014-01-15,0.2929076016638705,0.19942503544618903,0.1929326572985506,0.3147347055913899
2014-01-16,0.2907367367279584,0.19855108533974525,0.19213619178770774,0.31857598614458854
2014-01-17,0.28955564646359333,0.1974199262061657,0.1936673291503886,0.31935709817985236
2014-01-21,0.28696998533439694,0.19642927799768276,0.1939378647892915,0.3226628718786288
2014-01-22,0.28680315613400165,0.19670676647948718,0.19437188249011533,0.32211819489639587
2014-01-23,0.28687297674798207,0.19654097550631902,0.19484095987028513,0.3217450878754138
2014-01-24,0.2856435728313472,0.19718963047925853,0.19377055586031355,0.32339624082908075
2014-01-27,0.277593922982746,0.20261570578964197,0.18788650868743215,0.33190386254017984
2014-01-28,0.2810035191237433,0.19330934494889604,0.191086948728544,0.33460018719881673
2014-01-29,0.28753044020046775,0.1860528057274536,0.19508826323492212,0.3313284908371565
2014-01-30,0.292458792253502,0.17629000732982736,0.19592948817574246,0.3353217122409281
2014-01-31,0.29312377679276247,0.1620010427775886,0.19524778013975122,0.34962740028989764
2014-02-03,0.29779468368706885,0.15321951856421623,0.19519453074660717,0.3537912670021079
2014-02-04,0.30103817702527885,0.15500959601924624,0.18743671272227913,0.3565155142331957
2014-02-05,0.3024266016597848,0.15575301299863809,0.18663428572780033,0.3551860996137769
2014-02-06,0.3033566906089722,0.1556730420557565,0.1868037235349571,0.35416654380031426
2014-02-07,0.30499268095944965,0.1561384798205165,0.1835952535172229,0.35527358570281087
2014-02-10,0.3061217740336574,0.1569517501241863,0.18164058937046249,0.3552858864716937
2014-02-11,0.3057044577369502,0.15940395789428785,0.18047828099536511,0.3544133033733967
2014-02-12,0.30616783889294674,0.16097382039169023,0.17793755801872413,0.3549207826966389
2014-02-13,0.3076154941815209,0.15952513541970975,0.17753436036512432,0.35532501003364503
2014-02-14,0.3085337953100765,0.15926724104424142,0.17734446963961634,0.3548544940060657
2014-02-18,0.31222509054988457,0.15887998402489698,0.17845221351557045,0.35044271190964804
2014-02-19,0.31569960673309777,0.15734747754020473,0.17842033822133152,0.34853257750536587
2014-02-20,0.3240141571750443,0.16245934279129828,0.1823102262987694,0.3312162737348881
2014-02-21,0.32965797275602654,0.17607510274707464,0.18668017684387675,0.307586747653022
2014-02-24,0.33073295341613224,0.17653675396809304,0.1872546881379989,0.3054756044777758
2014-02-25,0.33649168417934155,0.17934423336648575,0.18958598031956675,0.2945781021346061
2014-02-26,0.33784667228812837,0.17989309484937063,0.19099683296322417,0.2912633998992768
2014-02-27,0.344099561617602,0.18209818600897396,0.1952330148098102,0.27856923756361385
2014-02-28,0.3441839444315786,0.18160572481395665,0.19623146781564982,0.27797886293881496
2014-03-03,0.3459176310478329,0.18026470898431493,0.19543217028967824,0.27838548967817384
2014-03-04,0.3562203569520878,0.18887199808889446,0.2000701728519964,0.25483747210702135
2014-03-05,0.34629651953341,0.19511920163041194,0.20208089267786228,0.25650338615831575
2014-03-06,0.3490069025288103,0.19496636820831303,0.203182192198355,0.2528445370645218
2014-03-07,0.3524922046840776,0.1962178485000199,0.20423212301148574,0.24705782380441657
2014-03-10,0.3562752167965485,0.19966939224874333,0.2076248439809732,0.236430546973735
2014-03-11,0.35595944463964446,0.1999482149536731,0.2075990315282947,0.23649330887838768
2014-03-12,0.3560179097707381,0.2000842356668636,0.20703246093756203,0.2368653936248363
2014-03-13,0.3562540508757078,0.19966168117415378,0.20722207192680375,0.23686219602333483
2014-03-14,0.35120533517968494,0.20197036612804797,0.20614425065951922,0.24068004803274778
2014-03-17,0.3507792392440731,0.20209155861688222,0.20592963990191032,0.24119956223713432
2014-03-18,0.3514378769294925,0.19993116077611697,0.20544942691779722,0.24318153537659326
2014-03-19,0.3486820654174173,0.19989722286545977,0.2050747996244233,0.2463459120926997
2014-03-20,0.34703383468819915,0.20120537941589525,0.20553553335538455,0.24622525254052113
2014-03-21,0.3528974524598895,0.19666122758084464,0.2050948190632687,0.24534650089599705
2014-03-24,0.35252497058996457,0.20266917294343895,0.20325397264813422,0.2415518838184622
2014-03-25,0.35245836452989754,0.20237071411897406,0.20375881482281055,0.24141210652831774
2014-03-26,0.3524875058040084,0.2027214420346306,0.20309768158692615,0.24169337057443482
2014-03-27,0.3550462804028648,0.19754119805282838,0.20393368715514018,0.24347883438916662
2014-03-28,0.35563661028506705,0.19726112099745774,0.20398697622626777,0.24311529249120736
2014-03-31,0.35652552016800043,0.19750808561480962,0.2035952542199021,0.2423711399972877
2014-04-01,0.36113988550624637,0.18825763594366987,0.20504308864113446,0.2455593899089493
2014-04-02,0.3621241421440718,0.18803396648253687,0.20467735334791776,0.24516453802547347
2014-04-03,0.36249039364216423,0.18774646117974902,0.20495216190480958,0.24481098327327727
2014-04-04,0.3648621393863714,0.1866939934365682,0.20449530023020498,0.2439485669468554
2014-04-07,0.36534098234238144,0.18658258026054536,0.20410853234895684,0.24396790504811636
2014-04-08,0.36520477373680255,0.18647823876836184,0.204093913963111,0.2442230735317246
2014-04-09,0.3669118266844464,0.18398902687418142,0.20453051150152748,0.24456863493984463
2014-04-10,0.3718632287475888,0.17456329918416483,0.20647082147813597,0.24710265059011047
2014-04-11,0.3706406462542112,0.17639923357558754,0.20371424919442177,0.24924587097577938
2014-04-14,0.3710609414441027,0.17645644382367587,0.20312382167363874,0.24935879305858266
2014-04-15,0.37153722392286526,0.17626832956817765,0.20293311460972682,0.24926133189923036
2014-04-16,0.37023634067950023,0.17734368698576225,0.20299988732715787,0.24942008500757967
2014-04-17,0.3710637517076158,0.17853243791401666,0.202935743792285,0.2474680665860826
2014-04-21,0.371390096118838,0.18278505938570486,0.20188632420300232,0.24393852029245477
2014-04-22,0.371664566346249,0.18304186630224192,0.2015542687997999,0.24373929855170906
2014-04-23,0.37153261031499096,0.18306538135462203,0.2016363761727017,0.24376563215768543
2014-04-24,0.3753358342762696,0.1810494964808999,0.20142417070375843,0.2421904985390721
2014-04-25,0.37480301683479683,0.18108983599482098,0.20198008427424857,0.24212706289613373
2014-04-28,0.37566802658841614,0.181848272415868,0.2016762224963484,0.24080747849936737
2014-04-29,0.37538189699001184,0.18364337335672457,0.2010718756958137,0.2399028539574499
2014-04-30,0.3756603496212423,0.18278041459698477,0.2015074023965069,0.24005183338526595
2014-05-01,0.3770864877348768,0.18221537586005238,0.20324789274321114,0.23745024366185977
2014-05-02,0.3767999681251725,0.18252359707788376,0.20357171803062338,0.23710471676632033
2014-05-05,0.3777329524822842,0.18196387970556985,0.2034283417573043,0.2368748260548418
2014-05-06,0.3786053569304268,0.18121873471922706,0.20361030963705817,0.23656559871328806
2014-05-07,0.37907518922817557,0.18137507899936528,0.20290740562156173,0.23664232615089748
2014-05-08,0.37910423670104104,0.1815159979366334,0.2022801926392526,0.23709957272307303
2014-05-09,0.37906096501344805,0.18150183469300776,0.2023752375529876,0.23706196274055655
2014-05-12,0.3788086900376104,0.18157440422549279,0.2024943105038198,0.23712259523307697
2014-05-13,0.37990367456437735,0.18129151641629512,0.2017422333429049,0.23706257567642267
2014-05-14,0.38401601570403104,0.1789915246472915,0.20311495691513035,0.23387750273354713
2014-05-15,0.38302647780272253,0.17950189870610656,0.2035235066935612,0.23394811679760957
2014-05-16,0.3814650147169728,0.18006709803640075,0.2037125850771564,0.23475530216946994
2014-05-19,0.3805348300163507,0.1803901358692906,0.20395490144725736,0.23512013266710133
2014-05-20,0.3802394163385684,0.18051739185352841,0.2041528498585056,0.23509034194939765
2014-05-21,0.3788940202176057,0.18108568502914332,0.20425954821031073,0.2357607465429402
2014-05-22,0.3791026817113618,0.18082488756231868,0.20457664189194377,0.23549578883437575
2014-05-23,0.3841269159559511,0.17812362486336694,0.20438777515662404,0.23336168402405794
2014-05-27,0.38922124434738115,0.17597969932323965,0.2025132849840554,0.23228577134532372
2014-05-28,0.39073747294668965,0.17568924202321118,0.20149843695758143,0.23207484807251783
2014-05-29,0.390505996084048,0.17594522842505567,0.20145808476461935,0.23209069072627694
2014-05-30,0.3905161144970296,0.17587705308091253,0.20153185377056365,0.2320749786514942
2014-06-02,0.39172494591026913,0.176228949248603,0.20179917973048506,0.23024692511064296
2014-06-03,0.3919962287825384,0.1762687763936149,0.201826362154255,0.22990863266959172
2014-06-04,0.3930052763508247,0.17583603256986519,0.20176961168965682,0.22938907938965314
2014-06-05,0.4122335855620213,0.1666198708066643,0.20389596631140525,0.21725057731990927
2014-06-06,0.3991898108064372,0.17611271624630032,0.20514590222284226,0.21955157072442016
2014-06-09,0.39532218940796865,0.17994465281195968,0.20623950465631913,0.21849365312375246
2014-06-10,0.3889417781411212,0.1899433240329581,0.20522728963850556,0.2158876081874151
2014-06-11,0.38056731645286795,0.20736253829534682,0.20103734266088308,0.2110328025909021
2014-06-12,0.3662763324839504,0.23080585950531932,0.19837313369585347,0.20454467431487683
2014-06-13,0.35772824905854594,0.22850904565588523,0.210733410377774,0.2030292949077947
2014-06-16,0.3563531751055368,0.22809047761573215,0.21238899074253526,0.20316735653619575
2014-06-17,0.35587099175009995,0.22824613617772474,0.21225943008738077,0.20362344198479462
2014-06-18,0.3537588999239167,0.2262111042143567,0.21751119597583088,0.20251879988589574
2014-06-19,0.3446158170575874,0.22874837042897253,0.22350576337649625,0.2031300491369437
2014-06-20,0.3443838569540754,0.2289283426512684,0.223459481225799,0.20322831916885717
2014-06-23,0.3426286083207685,0.22782335055549,0.22762953626501503,0.2019185048587263
2014-06-24,0.3421025727077842,0.2284062456313466,0.22748073294805476,0.20201044871281448
2014-06-25,0.3416100365710217,0.22855435884711464,0.2273077756406761,0.20252782894118757
2014-06-26,0.3410871747409201,0.22885380871198938,0.22821328346786154,0.20184573307922904
2014-06-27,0.34040623629209,0.22834750425793576,0.22834151457473417,0.20290474487524018
2014-06-30,0.336817824782281,0.2267687351568274,0.22878174581313562,0.207631694247756
2014-07-01,0.3339812522574931,0.22522079347149582,0.22783488906079252,0.21296306521021854
2014-07-02,0.32773760676525004,0.22787125261205138,0.23034060417541238,0.21405053644728636
2014-07-03,0.3254261063716899,0.2262776536679417,0.2284961702992438,0.21980006966112464
2014-07-07,0.32504325802950557,0.2262660924494103,0.2275756390740053,0.22111501044707876
2014-07-08,0.32157586255005194,0.22452904871875337,0.22527095298506564,0.22862413574612916
2014-07-09,0.31902406819235274,0.22623702208413926,0.22603955409888576,0.2286993556246222
2014-07-10,0.3174854792552277,0.22727446256799796,0.22716029476835373,0.22807976340842068
2014-07-11,0.306248532099042,0.21699708127265233,0.2256388408380091,0.2511155457902966
2014-07-14,0.3170659911842337,0.20768306603329847,0.22743287150815483,0.24781807127431293
2014-07-15,0.31448143492442776,0.21048802852876236,0.23059969703159397,0.24443083951521588
2014-07-16,0.3110094457528557,0.20701982855412646,0.22985700738831238,0.2521137183047054
2014-07-17,0.30081803854087474,0.19962840095233778,0.2217185966288603,0.2778349638779271
2014-07-18,0.290307823899928,0.20530480721931163,0.23171166898501355,0.27267569989574675
2014-07-21,0.2838374753060832,0.20547324079656298,0.2413169551199186,0.26937232877743533
2014-07-22,0.283663374306577,0.2045516073021352,0.24152845763272598,0.2702565607585619
2014-07-23,0.28441230042358634,0.202299831701254,0.2510145073333908,0.26227336054176875
2014-07-24,0.28424207028268456,0.2022586655800946,0.25173070088660543,0.2617685632506154
2014-07-25,0.28213897340640437,0.20688090748558477,0.25274052639188915,0.2582395927161218
2014-07-28,0.28222628241077635,0.20664680543690628,0.25385055666000056,0.2572763554923168
2014-07-29,0.28276805560163104,0.203854887829989,0.2564620206671103,0.25691503590126963
2014-07-30,0.28173538009175314,0.20424423832117033,0.256817598557103,0.2572027830299736
2014-07-31,0.28290223873512493,0.20537423134225513,0.2541292063387534,0.25759432358386647
2014-08-01,0.2693072373112573,0.20363083744589974,0.2690825539574283,0.25797937128541476
2014-08-04,0.2690295879761181,0.20198854376536293,0.2717366336378925,0.2572452346206265
2014-08-05,0.2706018897576607,0.2001021874712323,0.27118760547126874,0.25810831729983824
2014-08-06,0.27316055862959127,0.1980806493278967,0.2662187133724308,0.2625400786700813
2014-08-07,0.2726830358671295,0.19789451603093147,0.26687920680850385,0.26254324129343515
2014-08-08,0.26760659302445317,0.21178397862648016,0.2638888059513249,0.2567206223977417
2014-08-11,0.26860884550030506,0.204631925248949,0.2662551460626996,0.2605040831880464
2014-08-12,0.2684726548030926,0.20532527991624122,0.26372092284662246,0.26248114243404363
2014-08-13,0.26831193814031173,0.20535916080736918,0.2640749141756037,0.26225398687671536
2014-08-14,0.2666181418608272,0.20620139336456766,0.26305991910280496,0.2641205456718001
2014-08-15,0.2662330644617965,0.20659019776182055,0.26403638025694925,0.2631403575194338
2014-08-18,0.2640747907782481,0.21155581731178533,0.2629077214730716,0.261461670436895
2014-08-19,0.2558948796176402,0.23840114033493512,0.251927602486719,0.2537763775607057
2014-08-20,0.25422412323593047,0.2335689554715838,0.2623956893548832,0.24981123193760263
2014-08-21,0.25343907428707885,0.23226399562945954,0.2658830966784353,0.2484138334050262
2014-08-22,0.25304011660214526,0.23221117631149324,0.26679879769549036,0.2479499093908712
2014-08-25,0.25246738896872745,0.23168328851518913,0.26720737313467346,0.24864194938141004
2014-08-26,0.25008514398447235,0.23174752965284728,0.26938048246749285,0.24878684389518735
2014-08-27,0.25056614586556164,0.23238078231247136,0.26881144299849186,0.24824162882347509
2014-08-28,0.2503935735383033,0.23265261709654886,0.2698237306227025,0.24713007874244522
2014-08-29,0.25071572452249735,0.233249769829464,0.2686816408193052,0.24735286482873362
2014-09-02,0.2502948635893753,0.23306443230473728,0.2694952226667168,0.2471454814391707
2014-09-03,0.25030291963559437,0.2339001497665304,0.27070278947028026,0.24509414112759487
2014-09-04,0.24957792190954306,0.23342041953879694,0.2702749695780644,0.24672668897359562
2014-09-05,0.24838767028231276,0.2347473703791732,0.27133663308249656,0.2455283262560175
2014-09-08,0.24732691370991308,0.2406526940590382,0.2672401829558061,0.24478020927524263
2014-09-09,0.2476158752365959,0.242078529183069,0.26540708868392127,0.24489850689641376
2014-09-10,0.24728907688638305,0.24601506858501912,0.2633296833242683,0.24336617120432957
2014-09-11,0.24847107603506435,0.24781185043141626,0.258626560199506,0.24509051333401333
2014-09-12,0.2489413061400271,0.24669563740724063,0.25849797426333887,0.24586508218939354
2014-09-15,0.2526440000248691,0.24568601009528254,0.24670068033750858,0.25496930954233976
2014-09-16,0.25198519304143085,0.2458839851660013,0.24857629331358788,0.25355452847897997
2014-09-17,0.2575444615519428,0.2344219574918409,0.24884271146867082,0.25919086948754533
2014-09-18,0.2581021482238409,0.23440869148814772,0.24796813231418582,0.25952102797382554
2014-09-19,0.2576774568003282,0.2342270911466994,0.24906318779040557,0.2590322642625669
2014-09-22,0.25759841230436087,0.23405047673190763,0.2487907644604249,0.2595603465033068
2014-09-23,0.25860477518391123,0.23534240714930016,0.24457646249198295,0.2614763551748058
2014-09-24,0.2598451828551399,0.23487099815746632,0.24386508769370296,0.26141873129369075
2014-09-25,0.2618409709873177,0.23057075867189777,0.2452731677733502,0.26231510256743434
2014-09-26,0.26466747519731615,0.22503582619289234,0.2450832591365645,0.265213439473227
2014-09-29,0.2658385342400083,0.2243155032140543,0.2435004531693413,0.2663455093765961
2014-09-30,0.2672032642065136,0.22511437774862222,0.24027929693012445,0.26740306111473977
2014-10-01,0.2677602606721505,0.22390271972428938,0.24045396258561577,0.2678830570179444
2014-10-02,0.26789899957676844,0.22078394811222143,0.241970372512099,0.26934667979891125
2014-10-03,0.26756646095224884,0.22021339685753966,0.24307645078803494,0.2691436914021765
2014-10-06,0.27226862614407304,0.20839942552206317,0.24519211452035103,0.2741398338135128
2014-10-07,0.2727457347854653,0.20692628848753103,0.2459415242530989,0.27438645247390475
2014-10-08,0.2719120608681672,0.20569467897946264,0.2449456074177494,0.2774476527346207
2014-10-09,0.27240898530760765,0.20607381890712537,0.2425075236621708,0.2790096721230963
2014-10-10,0.2737055294066036,0.2067751149033059,0.23976515685394287,0.2797541988361476
2014-10-13,0.27375567290147534,0.20695589508845533,0.2400312520176091,0.27925717999246014
2014-10-14,0.27731582583776454,0.2047585473144836,0.24047283898250954,0.27745278786524236
2014-10-15,0.27938140846533793,0.1998101184096086,0.2403671502809846,0.28044132284406875
2014-10-16,0.28121319829736247,0.19835843790907842,0.24382339464580813,0.27660496914775107
2014-10-17,0.2816379361177435,0.19770090119043662,0.24594844631794294,0.27471271637387695
2014-10-20,0.2849096445002946,0.1901740372741844,0.2478393842982677,0.27707693392725324
2014-10-21,0.2866356674968721,0.18952806879928402,0.24634561514068443,0.2774906485631594
2014-10-22,0.28694428080727064,0.1896872639547807,0.2454313153616321,0.2779371398763165
2014-10-23,0.2871677612267311,0.18966893937751553,0.2451933485699918,0.2779699508257615
2014-10-24,0.2866668427417718,0.19070140017531803,0.24494444829741263,0.27768730878549747
2014-10-27,0.2894724630989442,0.18871192494137315,0.24375602450267783,0.27805958745700476
2014-10-28,0.2896111588983572,0.1886154397582093,0.24374963599968483,0.2780237653437487
2014-10-29,0.28903120254796205,0.18831961891008045,0.2443093867494243,0.27833979179253326
2014-10-30,0.2890015801159177,0.18799366388789046,0.24430506640819144,0.27869968958800045
2014-10-31,0.28899466320281103,0.18783132528026197,0.24471527746797025,0.2784587340489567
2014-11-03,0.28631470352568117,0.18747142626139565,0.2434627548377845,0.28275111537513864
2014-11-04,0.2859736376174265,0.1874717818588464,0.24304608607929842,0.2835084944444287
2014-11-05,0.28637135573738903,0.18727618543328642,0.24319212121502304,0.2831603376143014
2014-11-06,0.28646614562084216,0.18715628451712182,0.242843015729754,0.28353455413228196
2014-11-07,0.2893193731256186,0.18537938048558145,0.24049624860413688,0.2848049977846631
2014-11-10,0.2889879701695471,0.1850786905168439,0.24158860797934728,0.2843447313342618
2014-11-11,0.28854343824164075,0.18507487901261624,0.24116547877718936,0.2852162039685536
2014-11-12,0.28844194406386,0.1846393880090701,0.24151308705881547,0.28540558086825435
2014-11-13,0.2898327997615392,0.1832372785453779,0.24096065418984938,0.28596926750323354
2014-11-14,0.2900957591810165,0.18243926450448233,0.23953566087440414,0.287929315440097
2014-11-17,0.2911933381134339,0.18222553772090624,0.23900826779479495,0.2875728563708649
2014-11-18,0.2908925469736077,0.1819051056848655,0.23877218745282947,0.28843015988869725
2014-11-19,0.28855759131233816,0.17878144716788594,0.23364042616063593,0.29902053535913997
2014-11-20,0.28748485224219866,0.17826064483718507,0.23246005617351942,0.3017944467470969
2014-11-21,0.28826206063793963,0.1774449331343279,0.23257199707052806,0.30172100915720446
2014-11-24,0.2946265334341342,0.17164305661767879,0.22380538463226668,0.30992502531592037
2014-11-25,0.2997330207685407,0.16960775023998922,0.21666099368781314,0.3139982353036569
2014-11-26,0.2993222757855295,0.16984982493657264,0.21635730554545446,0.31447059373244346
2014-11-28,0.2997936055810716,0.16855130847107552,0.21367018381524205,0.3179849021326109
2014-12-01,0.30013807537893383,0.16838676718161125,0.2134656420005179,0.31800951543893696
2014-12-02,0.2976164018082297,0.1699730689737369,0.21393168410078778,0.3184788451172456
2014-12-03,0.2981843036187423,0.16946008573697055,0.21405519062407805,0.31830042002020903
2014-12-04,0.2984494721583033,0.1688561776964769,0.21404500455927522,0.31864934558594454
2014-12-05,0.2993058657974501,0.16878553252093575,0.21293801630538553,0.3189705853762287
2014-12-08,0.2984626559969285,0.16755044614699477,0.2124541145499267,0.3215327833061501
2014-12-09,0.31823609489915594,0.16056162454359574,0.19001688983197676,0.33118539072527153
2014-12-10,0.3184990787335581,0.15858031099175454,0.1901057614241929,0.3328148488504944
2014-12-11,0.3174014051277727,0.16174983693234832,0.1928218056348902,0.32802695230498874
2014-12-12,0.31737349280748706,0.1638681832123793,0.1934113948657599,0.32534692911437374
2014-12-15,0.31852637627383484,0.1565607993202441,0.19690729417023228,0.3280055302356888
2014-12-16,0.3147204921067339,0.1522951374929817,0.19847038847999382,0.3345139819202905
2014-12-17,0.3175155148965328,0.14816805398776509,0.19937455391659548,0.33494187719910656
2014-12-18,0.3259959860732674,0.13034002745252113,0.2040147497013945,0.33964923677281694
2014-12-19,0.33166382076280804,0.12120400359693256,0.20692864728982197,0.34020352835043743
2014-12-22,0.33744464208412467,0.11976908060523968,0.20604430164511722,0.3367419756655185
2014-12-23,0.3366751359328943,0.12002336762404847,0.20383178687050643,0.3394697095725509
2014-12-24,0.33354147839682025,0.12059680187067873,0.2008728858267946,0.34498883390570645
2014-12-26,0.33335260604348704,0.11952144263890215,0.20212059943956678,0.34500535187804404
2014-12-29,0.33363329754493093,0.11948028964078104,0.2019982188210049,0.34488819399328313
2014-12-30,0.33373198393867953,0.11969270481973238,0.20106822727935428,0.34550708396223373
2014-12-31,0.33340220085535205,0.119641846175086,0.2012077078880003,0.34574824508156166
2015-01-02,0.32940994868159207,0.12039066243888913,0.2016142920750001,0.34858509680451866
2015-01-05,0.3295836684783905,0.11854610134635238,0.19643914882180175,0.3554310813534554
2015-01-06,0.33275912285369585,0.11129295811982862,0.19594618246668463,0.36000173655979084
2015-01-07,0.334088046009196,0.10784842310888584,0.19154604167215603,0.36651748920976207
2015-01-08,0.33366990603151014,0.10549862273263746,0.19198024311542194,0.3688512281204304
2015-01-09,0.3383314805379305,0.10015274083087725,0.19366903649745637,0.36784674213373586
2015-01-12,0.3375002781387151,0.09960228890684757,0.19207354953454764,0.3708238834198898
2015-01-13,0.3358297925306418,0.09906043606467135,0.19141084106147957,0.3736989303432072
2015-01-14,0.33575033861987064,0.09798978620603643,0.1896467217697999,0.3766131534042931
2015-01-15,0.33655639423322475,0.0970005788165164,0.18839315518075794,0.37804987176950094
2015-01-16,0.33800065249808564,0.09775155197968399,0.18937536464794175,0.37487243087428873
2015-01-20,0.33714066572829815,0.0911295845463221,0.1850639040591191,0.38666584566626055
2015-01-21,0.3518521078642453,0.0944600443021872,0.19508748680043,0.35860036103313747
2015-01-22,0.3513559944156327,0.09474076209851426,0.19451381213905913,0.35938943134679385
2015-01-23,0.35989676573105595,0.09310907691266201,0.20385315011859523,0.34314100723768687
2015-01-26,0.358764691701303,0.09268505830777614,0.20352201390548036,0.3450282360854406
2015-01-27,0.37098292511773023,0.09648254537762532,0.21263132603482576,0.31990320346981865
2015-01-28,0.375520184088937,0.09766664806375215,0.21647359658592522,0.3103395712613855
2015-01-29,0.3757894697690657,0.09702216082039547,0.21647563393032546,0.31071273548021355
2015-01-30,0.4089291692695315,0.10488420371068283,0.2360736012894946,0.25011302573029115
2015-02-02,0.4101204394586939,0.10294072119808635,0.24096892532025146,0.24596991402296822
2015-02-03,0.4085444836471664,0.102200688974665,0.24301853408073554,0.246236293297433
2015-02-04,0.4091756023764475,0.10329251143037556,0.24280148701028836,0.2447303991828886
2015-02-05,0.4156085458746462,0.10104240439871087,0.24345462642817442,0.23989442329846852
2015-02-06,0.41597515565831983,0.10061629115393278,0.24483287913800636,0.238575674049741
2015-02-09,0.4240089220675218,0.1029370250993078,0.22900607657822167,0.24404797625494873
2015-02-10,0.424220655000489,0.1031863099770721,0.22844855125894087,0.24414448376349807
2015-02-11,0.4289317081511715,0.10256990497926567,0.22701815600072897,0.241480230868834
2015-02-12,0.4292277513372045,0.10237987031989208,0.22749564699921196,0.24089673134369155
2015-02-13,0.42787474786331,0.10406417161878764,0.22792369922402114,0.2401373812938813
2015-02-17,0.42894044488689415,0.1047400379069799,0.2254150171552373,0.24090450005088856
2015-02-18,0.4303806398394668,0.10509668637485792,0.22280897362190963,0.24171370016376575
2015-02-19,0.4302221350890971,0.10504281469323504,0.22316194749720888,0.2415731027204589
2015-02-20,0.43146149007956935,0.105269532884474,0.22124769354136267,0.24202128349459393
2015-02-23,0.4311396907464837,0.10540899657258263,0.22063209055421054,0.24281922212672313
2015-02-24,0.4317965738675337,0.10547442382740059,0.2194169805232337,0.24331202178183206
2015-02-25,0.43160638681885655,0.10633585509645202,0.21865719886986787,0.24340055921482362
2015-02-26,0.4305604924524885,0.10606140725661733,0.21672098312160482,0.24665711716928934
2015-02-27,0.4349473878125035,0.10592495381607217,0.21047791328600188,0.24864974508542245
2015-03-02,0.43437337301999496,0.10781769332263738,0.20905954485632608,0.24874938880104155
2015-03-03,0.4332100969640993,0.10848752320490654,0.20923908068744762,0.24906329914354647
2015-03-04,0.4330220256647669,0.10852895195891268,0.20950210229245067,0.24894692008386976
2015-03-05,0.4324904299205839,0.10875280307180134,0.20943381471652261,0.24932295229109225
2015-03-06,0.43293868315177725,0.10867403719850205,0.2092839426550319,0.24910333699468873
2015-03-09,0.43610868295597377,0.11234480517839879,0.19531883572864778,0.2562276761369797
2015-03-10,0.4364789638144593,0.11257107634620567,0.194290498701345,0.2566594611379901
2015-03-11,0.4287277494369278,0.11336355165990349,0.1984098901722687,0.25949880873090003
2015-03-12,0.4289475266422282,0.11309475955439836,0.1983959368718362,0.25956177693153726
2015-03-13,0.4275622232938502,0.11298274121847321,0.19842253035004692,0.26103250513762966
2015-03-16,0.4319868069419483,0.11191074764782472,0.19706447172581049,0.2590379736844165
2015-03-17,0.4285800415235054,0.11238273724190011,0.19735909734624021,0.2616781238883544
2015-03-18,0.4288754475258065,0.11229829421076366,0.1971429829018675,0.2616832753615625
2015-03-19,0.4288050649484502,0.11383554496457034,0.19209367022272658,0.26526571986425296
2015-03-20,0.42870893697912893,0.11385318558135905,0.19199255196702808,0.26544532547248395
2015-03-23,0.42879541276764177,0.11460988769562147,0.1893890490031837,0.2672056505335531
2015-03-24,0.429966868326468,0.11428442992904977,0.1891291014671463,0.26661960027733583
2015-03-25,0.42911892483864117,0.11440352839710892,0.18943687926829905,0.267040667495951
2015-03-26,0.42029708365982504,0.11679289852889527,0.19023508489019555,0.2726749329210842
2015-03-27,0.42173070720569755,0.11684111270264715,0.18820198645813124,0.2732261936335241
2015-03-30,0.4217264695128191,0.11676531991261925,0.1880370553778658,0.2734711551966958
2015-03-31,0.4194174019413054,0.1147974148665598,0.18964029009843897,0.2761448930936959
2015-04-01,0.41880933578716706,0.11443243189607398,0.18971452023205454,0.27704371208470446
2015-04-02,0.4196328407326162,0.11439389376476793,0.18947406400473468,0.27649920149788115
2015-04-06,0.41999930493677,0.1143534030062731,0.18917748959703412,0.2764698024599227
2015-04-07,0.41956132766578697,0.11451687939936932,0.18953210062332085,0.2763896923115229
2015-04-08,0.42078277306189765,0.11424151806190061,0.18859944986962632,0.2763762590065753
2015-04-09,0.42202655605212946,0.11497588803347367,0.1898136912336312,0.2731838646807658
2015-04-10,0.4260759200671993,0.11526240398408114,0.18543518512111445,0.27322649082760525
2015-04-13,0.4252088104226951,0.11537764002693104,0.1856228481352927,0.27379070141508116
2015-04-14,0.4299959237191114,0.11397101408406408,0.18462254470416173,0.2714105174926629
2015-04-15,0.43017607814353376,0.1140648304718086,0.18437531210577057,0.27138377927888696
2015-04-16,0.4294041788284744,0.11446881693806128,0.18452428341010058,0.2716027208233638
2015-04-17,0.4301770911939828,0.11441493407302261,0.1847269301866601,0.2706810445463345
2015-04-20,0.42094223902108785,0.11679994506567104,0.18905558596165742,0.27320222995158355
2015-04-21,0.4164163989876531,0.11738555624355504,0.19101452525519705,0.27518351951359477
2015-04-22,0.41614825360398533,0.11807222514580051,0.19110765620123657,0.2746718650489775
2015-04-23,0.41892614030008707,0.11851751064222822,0.18886914705813876,0.27368720199954594
2015-04-24,0.42001749097088914,0.11844694885790802,0.18857341713516848,0.27296214303603444
2015-04-27,0.41911127430032946,0.12050314975564876,0.18758078798598338,0.2728047879580385
2015-04-28,0.42528477894643596,0.12079804942346822,0.1853857546213599,0.26853141700873584
2015-04-29,0.42439472546770846,0.12409352188748117,0.18398022065560327,0.26753153198920715
2015-04-30,0.4214268748787691,0.13408536539411137,0.18035125187185178,0.26413650785526777
2015-05-01,0.41007616860859647,0.1451654301804604,0.18140277758010187,0.26335562363084114
2015-05-04,0.40436862192244183,0.14560148980594032,0.1841866745616013,0.2658432137100165
2015-05-05,0.40621820914126305,0.1445021851105763,0.18442772888306108,0.2648518768650996
2015-05-06,0.39938664539770086,0.1448880210484002,0.18786880670874095,0.267856526845158
2015-05-07,0.3995937695868625,0.14516387382403678,0.1874306313955033,0.26781172519359736
2015-05-08,0.40520837596902615,0.14706312677856773,0.1898417817769368,0.25788671547546915
2015-05-11,0.3946919060275609,0.14966047049934167,0.1927610639549064,0.26288655951819107
2015-05-12,0.39490956123043114,0.1506597370361123,0.18997582075828245,0.2644548809751742
2015-05-13,0.40043769707774524,0.15030903601505521,0.1903242386599825,0.2589290282472171
2015-05-14,0.3991453237229946,0.15159420465748466,0.19201666004856302,0.2572438115709577
2015-05-15,0.38717821247881506,0.16526390886899758,0.19189404705128565,0.25566383160090156
2015-05-18,0.3831562064711668,0.1731555287521433,0.1909823812028631,0.2527058835738268
2015-05-19,0.3816818057653999,0.17854137723718902,0.1889970416795631,0.2507797753178479
2015-05-20,0.3872467840281616,0.20758797040146632,0.1912639679281193,0.21390127764225264
2015-05-21,0.3872856147928961,0.20750981723129955,0.19144273160915307,0.2137618363666513
2015-05-22,0.3889559184070049,0.20833668048423587,0.19143037391087836,0.2112770271978808
2015-05-26,0.38862684074293075,0.20868735683295678,0.19166231497606528,0.21102348744804722
2015-05-27,0.38420464521436587,0.21272250968076922,0.19674777635125607,0.20632506875360876
2015-05-28,0.38202254428624616,0.20765843969517747,0.2001593198401583,0.210159696178418
2015-05-29,0.3742315189800525,0.22356581571978226,0.19615168490214735,0.20605098039801778
2015-06-01,0.37020788834784946,0.22280934740057762,0.1959899357385492,0.21099282851302373
2015-06-02,0.3708854935282942,0.22232515640370037,0.19607819566128654,0.21071115440671903
2015-06-03,0.3694179633622811,0.22451761426457595,0.1953930110996016,0.21067141127354128
2015-06-04,0.3693761478377849,0.22423633127035758,0.1957061898396368,0.2106813310522208
2015-06-05,0.3655541362896201,0.22280386459791535,0.19532510372922973,0.21631689538323476
2015-06-08,0.3630285806075973,0.2225033844655753,0.19480939739962425,0.21965863752720333
2015-06-09,0.361271185291149,0.2243403762996952,0.19501478349836923,0.21937365491078653
2015-06-10,0.3477403232740602,0.22046676549405003,0.18766433822100892,0.2441285730108808
2015-06-11,0.35026908658484923,0.21140284110637048,0.18639953437275184,0.2519285379360284
2015-06-12,0.34896760988082504,0.21605764467971716,0.1848633263989027,0.2501114190405551
2015-06-15,0.34852600877890033,0.215669866066576,0.18367563223380037,0.2521284929207232
2015-06-16,0.34810665185923706,0.21574141236359265,0.18348932513319638,0.25266261064397394
2015-06-17,0.3481836633625889,0.21577000647597644,0.1833502319129957,0.25269609824843886
2015-06-18,0.34557972334416015,0.21379958295980256,0.1902322300561628,0.25038846363987455
2015-06-19,0.3435881986259823,0.21497515347345492,0.18967143089784785,0.2517652170027148
2015-06-22,0.3431987642186699,0.21512723646485382,0.18973067239401825,0.25194332692245813
2015-06-23,0.34349449209976773,0.21588451268448255,0.18779079458400338,0.25283020063174644
2015-06-24,0.34338240767713574,0.21581645184896428,0.18805064836077431,0.2527504921131256
2015-06-25,0.34274746864988587,0.2158649129328414,0.18826261914998174,0.2531249992672909
2015-06-26,0.3422574243717103,0.21565376944330972,0.1891870042255506,0.25290180195942935
2015-06-29,0.34164246663579,0.21546440395146332,0.19017047258582778,0.2527226568269189
2015-06-30,0.3378973158381936,0.21553156813043364,0.1875018130133448,0.2590693030180281
2015-07-01,0.3380844482702035,0.21478633489594914,0.1879765905563343,0.2591526262775131
2015-07-02,0.3380278682357945,0.21153160102406937,0.190168157434252,0.26027237330588415
2015-07-06,0.3381574814973782,0.211427185852685,0.19008606355044783,0.26032926909948895
2015-07-07,0.3408983890953584,0.2127401985090417,0.18386837270212728,0.2624930396934726
2015-07-08,0.3401181891090573,0.2123954234389798,0.18497471053331205,0.26251167691865096
2015-07-09,0.3426269860009036,0.2073310067668007,0.18078829874183072,0.2692537084904651
2015-07-10,0.3456066897812633,0.2053374158554839,0.17761128991641795,0.2714446044468349
2015-07-13,0.35204312767934565,0.19506137388681963,0.17312148467419672,0.2797740137596379
2015-07-14,0.35053464715138555,0.19329640530694261,0.17423504780301055,0.2819338997386612
2015-07-15,0.35023487276217474,0.193460903391333,0.17405797874075096,0.28224624510574126
2015-07-16,0.3495002167724659,0.19106301261378117,0.1797826752520423,0.27965409536171054
2015-07-17,0.34802904291941456,0.19160294703904798,0.17983128187557712,0.2805367281659603
2015-07-20,0.3483411252604474,0.19559003887396884,0.1775627077797995,0.27850612808578423
2015-07-21,0.34793778434378125,0.19684466100084855,0.1773643410301296,0.2778532136252405
2015-07-22,0.34764114743407043,0.19863023847411956,0.17735568418685713,0.2763729299049529
2015-07-23,0.3477380797338349,0.199920124832074,0.1764690345331426,0.2758727609009486
2015-07-24,0.348334292685048,0.2013280693682715,0.17636738957813813,0.2739702483685424
2015-07-27,0.3475928592649072,0.20166837014606778,0.17602588983864176,0.27471288075038314
2015-07-28,0.34774626292043803,0.19933612585486377,0.17949387325871968,0.2734237379659786
2015-07-29,0.3492446251920041,0.19471424879994115,0.17956680816393414,0.27647431784412063
2015-07-30,0.3489220709243666,0.19353142541497653,0.18184413686972106,0.2757023667909357
2015-07-31,0.3490184062471945,0.19344184567593822,0.18173833570285777,0.2758014123740094
2015-08-03,0.3497065752576208,0.1935755201210546,0.1807464755495728,0.2759714290717519
2015-08-04,0.35469477076158074,0.19178910636819468,0.1800914990762365,0.273424623793988
2015-08-05,0.35434035124458335,0.19177419463619316,0.18095173994693178,0.2729337141722917
2015-08-06,0.35382695622017823,0.1921704034449182,0.18140198729407186,0.2726006530408317
2015-08-07,0.34891395149653015,0.20314694211210937,0.17942810244478014,0.26851100394658023
2015-08-10,0.3502582237171087,0.20461917747271838,0.17902794633975244,0.26609465247042047
2015-08-11,0.3494449577861172,0.20575216432294427,0.17827553851759545,0.26652733937334294
2015-08-12,0.34885236059948665,0.20717903671167054,0.17801243332521235,0.2659561693636304
2015-08-13,0.3487653564417746,0.2071624466476391,0.17815216468267872,0.26592003222790755
2015-08-14,0.34875859924910635,0.20709302572129712,0.17823221226666822,0.2659161627629284
2015-08-17,0.34780471115322564,0.20615584245996965,0.17729579971216916,0.2687436466746355
2015-08-18,0.34675277254300635,0.20526990552706534,0.17956002376922392,0.2684172981607044
2015-08-19,0.3473720783183392,0.20522561240853218,0.179346522319305,0.26805578695382354
2015-08-20,0.348376590842262,0.2054068929042735,0.1788674160383778,0.26734910021508673
2015-08-21,0.34891257988056396,0.2070355575597956,0.17542776083024728,0.2686241017293931
2015-08-24,0.36198006375915764,0.18465768478938216,0.1747831681536493,0.278579083297811
2015-08-25,0.3983945378035765,0.12234429607839677,0.1717860069389337,0.30747515917909307
2015-08-26,0.4043583664129372,0.12090842894361892,0.17001760385069217,0.3047156007927516
2015-08-27,0.4070473013099145,0.12046610432830059,0.16919730105170114,0.3032892933100837
2015-08-28,0.40749232030340937,0.12031948743859497,0.1688764600664196,0.303311732191576
2015-08-31,0.4075412926111178,0.11997791369288605,0.16851106232176058,0.30396973137423555
2015-09-01,0.40760375907495494,0.11974967285970345,0.16842887465763018,0.3042176934077115
2015-09-02,0.40963857250481023,0.11921800577606731,0.16800397021735275,0.30313945150176963
2015-09-03,0.40965477826414654,0.11922356865437918,0.16799135300508802,0.3031303000763862
2015-09-04,0.4096098741478396,0.11919793012301443,0.16816074090005984,0.303031454829086
2015-09-08,0.4091686249056661,0.11836031265773246,0.16857555963478263,0.303895502801819
2015-09-09,0.4130849814368849,0.11666897062261028,0.16616228575609848,0.3040837621844063
2015-09-10,0.41853010562546505,0.11589777937743136,0.1640699274192794,0.30150218757782404
2015-09-11,0.41842500141612615,0.1161653052577914,0.164033449805712,0.30137624352037046
2015-09-14,0.42730663305351113,0.11453607847101381,0.1614006278387127,0.2967566606367625
2015-09-15,0.42740341284483774,0.11440817031892078,0.16141011353607268,0.29677830330016886
2015-09-16,0.4204127027453844,0.11252319286595891,0.1589581276542963,0.3081059767343605
2015-09-17,0.4323738455223941,0.10986521482601624,0.15603585462094574,0.30172508503064394
2015-09-18,0.433275415442427,0.1092949936384338,0.15698317046947138,0.30044642044966785
2015-09-21,0.43016525108033604,0.10834794803462006,0.155658793797026,0.3058280070880179
2015-09-22,0.43079956864052127,0.10821536641266284,0.1554588978531052,0.3055261670937108
2015-09-23,0.4399621438948257,0.10630799516388964,0.15340029237070008,0.30032956857058457
2015-09-24,0.43944701362709215,0.10615659992545788,0.154426926711234,0.29996945973621597
2015-09-25,0.4393206695492434,0.10605277791066539,0.1547985198347118,0.2998280327053794
2015-09-28,0.3767743034510334,0.09091014520399747,0.1328150840948686,0.3995004672501005
2015-09-29,0.3758072896110172,0.0906599225453349,0.13251768773204856,0.40101510011159935
2015-09-30,0.36382550870641406,0.08724637425284819,0.12843432757369488,0.42049378946704286
2015-10-01,0.36153230076020987,0.08650595012058279,0.1273297266317688,0.4246320224874385
2015-10-02,0.3037914835302959,0.06931177755829668,0.10200482381045586,0.5248919151009516
2015-10-05,0.31260333088137593,0.06928558129449436,0.10085847757106797,0.5172526102530618
2015-10-06,0.31272664384303933,0.06930371705062374,0.10081866341970859,0.5171509756866283
2015-10-07,0.3161059222518571,0.06897871059283857,0.10031860464609887,0.5145967625092055
2015-10-08,0.3180080652743534,0.06936443696207828,0.10088687550950098,0.5117406222540674
2015-10-09,0.3346452136435789,0.07301317328948775,0.10622448337090316,0.4861171296960302
2015-10-12,0.33867338241234696,0.07351894096517801,0.10715566827106796,0.4806520083514071
2015-10-13,0.34425781909534153,0.07295329471317216,0.10653356191689288,0.47625532427459333
2015-10-14,0.34735047230341165,0.0726476687763029,0.10622296742940464,0.47377889149088087
2015-10-15,0.3601831430024623,0.07461849597528639,0.10902848444992076,0.4561698765723305
2015-10-16,0.36031467281833157,0.07466420992713294,0.10904649617709562,0.45597462107743975
2015-10-19,0.3717224677463019,0.07712747461897186,0.11155757420404057,0.43959248343068563
2015-10-20,0.3787304792803452,0.07854598833766387,0.11366881827104522,0.42905471411094565
2015-10-21,0.3848599916860324,0.07899526281678469,0.11454304094067184,0.421601704556511
2015-10-22,0.39746567748707096,0.0812965756214678,0.11793620161833716,0.403301545273124
2015-10-23,0.40011748742081016,0.08139699019814332,0.1181909157564127,0.40029460662463373
2015-10-26,0.4003645670208315,0.08136801577432627,0.11814041939317504,0.40012699781166716
2015-10-27,0.40712981158103884,0.0803252019848347,0.11754136078283155,0.3950036256512949
2015-10-28,0.4087597396688929,0.08034948669384179,0.11756974763398381,0.3933210260032814
2015-10-29,0.41175453354175845,0.08027212745899154,0.1188394685310277,0.38913387046822223
2015-10-30,0.4255235988598658,0.08293967098904831,0.1228611204731981,0.36867560967788776
2015-11-02,0.42873205414208826,0.08299704263668707,0.12319789805309236,0.36507300516813224
2015-11-03,0.4303205388274683,0.08322275085362743,0.12253329044736344,0.3639234198715407
2015-11-04,0.4351078105930841,0.08397663641114275,0.12324626094477631,0.3576692920509968
2015-11-05,0.45963026124384504,0.07996665685431759,0.12129020283415856,0.33911287906767884
2015-11-06,0.46040785709013105,0.07995906984566012,0.12123281548704737,0.3384002575771614
2015-11-09,0.5027264416440773,0.08656889701344633,0.1268823364453341,0.28382232489714226
2015-11-10,0.5038398303640418,0.086754793771914,0.12666388056302796,0.2827414953010162
2015-11-11,0.5025841106077699,0.08635085693925912,0.12947959001720524,0.2815854424357658
2015-11-12,0.5036666326755052,0.08612387643493193,0.12937480249278882,0.28083468839677406
2015-11-13,0.5208049424687929,0.08252145764502687,0.12983284565697398,0.2668407542292063
2015-11-16,0.5227421488705802,0.08107375897548469,0.13379974434331646,0.26238434781061865
2015-11-17,0.5324959071930911,0.07779495988979696,0.13790855445853611,0.2518005784585758
2015-11-18,0.5504722148325539,0.07524822639851768,0.1327672344224022,0.2415123243465261
2015-11-19,0.5547743467417384,0.07292639124638527,0.13203559088734984,0.24026367112452654
2015-11-20,0.5548872083424269,0.07292663450484965,0.1319039484063273,0.24028220874639614
2015-11-23,0.5680802316601844,0.07056173304968459,0.12886781844042436,0.23249021684970658
2015-11-24,0.5758703683289185,0.06919632718401493,0.12615900125613927,0.22877430323092718
2015-11-25,0.5764152108761006,0.06905701999845332,0.12589473347476446,0.22863303565068155
2015-11-27,0.5769281485210519,0.06902159817391311,0.12556168121144262,0.22848857209359238
2015-11-30,0.5806808815133085,0.06809837305874739,0.1245069569513516,0.22671378847659254
2015-12-01,0.5828496779185033,0.06770343699353479,0.1240168493949569,0.22543003569300496
2015-12-02,0.5957972967187136,0.06566816359363525,0.11912486018711158,0.21940967950053944
2015-12-03,0.6001314018775803,0.06487912902575614,0.11810054192868953,0.21688892716797414
2015-12-04,0.608595258152293,0.06469475356711654,0.11352984155158515,0.21318014672900537
2015-12-07,0.5944000576543222,0.06745123173504923,0.11639520699259037,0.2217535036180381
2015-12-08,0.5951634398776173,0.06733633963146576,0.11611171020289131,0.22138851028802561
2015-12-09,0.5947323734570897,0.06726497821846938,0.11686394714152785,0.22113870118291304
2015-12-10,0.588909722930291,0.06813923004369506,0.11893817687348819,0.22401287015252572
2015-12-11,0.5882020646722902,0.06822607046417363,0.11907372895609326,0.22449813590744294
2015-12-14,0.5815358742167471,0.06932076957606714,0.12055615912622604,0.22858719708095973
2015-12-15,0.5992938599647858,0.06601202898056148,0.11519532225476915,0.21949878879988366
2015-12-16,0.5978591995999826,0.06571218127737323,0.1147092423752287,0.22171937674741538
2015-12-17,0.6206790017052669,0.06133587923076067,0.10842962863046982,0.2095554904335025
2015-12-18,0.6382564246820147,0.057691293052100835,0.10296213388880962,0.20109014837707492
2015-12-21,0.6474492545538161,0.05619382866581858,0.10029169781806345,0.19606521896230183
2015-12-22,0.6474673869387657,0.05620018955947355,0.10022580678405266,0.19610661671770802
2015-12-23,0.6482593793643375,0.05602915866381982,0.10004435452858383,0.1956671074432588
2015-12-24,0.6500898757023982,0.05566302275204085,0.09941536883029403,0.1948317327152669
2015-12-28,0.6499243170033592,0.05560000630062755,0.0993129718219274,0.19516270487408582
2015-12-29,0.6514459648983811,0.05505024957594237,0.09856963543014251,0.19493415009553414
2015-12-30,0.6722535019030333,0.05084358003279166,0.09513119961021997,0.18177171845395504
2015-12-31,0.6735064618405696,0.051763791242748845,0.09863357524364996,0.17609617167303157
2016-01-04,0.6055354162877944,0.1042960013181981,0.12838189780042333,0.1617866845935841
2016-01-05,0.5949811886175457,0.10653798854386844,0.1309561316921985,0.1675246911463874
2016-01-06,0.5726351757313749,0.11210089565040125,0.13734213076725751,0.1779217978509663
2016-01-07,0.5742464054341294,0.110015641270429,0.13709759354660367,0.17864035974883785
2016-01-08,0.565038418701886,0.10172605869012653,0.14329154405108577,0.18994397855690173
2016-01-11,0.5605988341237078,0.10227808761604557,0.14463152770853224,0.1924915505517142
2016-01-12,0.5608978908531779,0.1020269433203447,0.1444809288436569,0.19259423698282066
2016-01-13,0.5621237114650197,0.10053322752804107,0.1443279167800989,0.1930151442268404
2016-01-14,0.5624014232737552,0.10020708186372528,0.1442809933616069,0.19311050150091247
2016-01-15,0.563109637357863,0.10033326942969929,0.14343465957809362,0.19312243363434384
2016-01-19,0.5657003410105887,0.10079487361893152,0.14344957645723272,0.19005520891324698
2016-01-20,0.5655525335758569,0.10083902124278576,0.1434872444137813,0.19012120076757605
2016-01-21,0.5616339750610921,0.10255324820426323,0.1443428945027944,0.19146988223185019
2016-01-22,0.5601610138042019,0.10299538164165364,0.144945992282854,0.19189761227129049
2016-01-25,0.5617310775778794,0.10345270718365546,0.1421253020319767,0.19269091320648846
2016-01-26,0.5604029435220779,0.10390501693644218,0.14274516581596083,0.19294687372551914
2016-01-27,0.5618957451594665,0.10419631112998741,0.1404368967561204,0.1934710469544256
2016-01-28,0.5636808115684863,0.10452002285909226,0.13859018886769203,0.1932089767047293
2016-01-29,0.564099486712377,0.10467121163143507,0.1385835215819061,0.1926457800742817
2016-02-01,0.5644013633356846,0.10628231541517752,0.13607908561916213,0.19323723562997583
2016-02-02,0.5647138732777429,0.10644841109779818,0.13613613747646475,0.1927015781479942
2016-02-03,0.5536985492055551,0.11089429409888317,0.139742844578903,0.19566431211665877
2016-02-04,0.5513285450509315,0.11151143550998333,0.14050889164977798,0.19665112778930696
2016-02-05,0.5532020453195826,0.1123796406018384,0.1400944803306377,0.19432383374794118
2016-02-08,0.5592376740615205,0.11364670077713185,0.14022243030551357,0.18689319485583408
2016-02-09,0.5590725484595616,0.12180387941143178,0.1438266402448939,0.17529693188411274
2016-02-10,0.5592354756972345,0.12186493233569572,0.14387983113784591,0.17501976082922371
2016-02-11,0.5586589284614927,0.12310682214544522,0.14411932536110947,0.17411492403195267
2016-02-12,0.5799878746518932,0.12869302149224704,0.14059876175916322,0.1507203420966964
2016-02-16,0.5740396316281354,0.13214326476159166,0.14173656314270439,0.1520805404675685
2016-02-17,0.5815288350321384,0.13565806941926176,0.13803220607380948,0.14478088947479034
2016-02-18,0.5810071995085404,0.13579535806154516,0.138171477295731,0.14502596513418334
2016-02-19,0.583243530313535,0.13631804236333211,0.13421387210673466,0.1462245552163981
2016-02-22,0.5833629967768753,0.1363459645494588,0.1340878001301138,0.14620323854355205
2016-02-23,0.5850619105863547,0.1367430415723754,0.13313192487183392,0.145063122969436
2016-02-24,0.5856507854270249,0.1368806757874245,0.13224975639277323,0.14521878239277733
2016-02-25,0.5850902446845941,0.13674966393268181,0.132130249876888,0.14602984150583606
2016-02-26,0.585120149724146,0.1367566534597604,0.13207468857753082,0.14604850823856266
2016-02-29,0.5853218658514047,0.1368037993707767,0.1310685237515918,0.1468058110262268
2016-03-01,0.5852958366176944,0.1367977157127519,0.13026196761673783,0.14764448005281602
2016-03-02,0.5862891702843521,0.1370298816842794,0.12835439471483184,0.14832655331653663
2016-03-03,0.585428862693563,0.13682880710648915,0.12784339349730975,0.14989893670263807
2016-03-04,0.5859792699047274,0.13695745051122313,0.12684608257477029,0.15021719700927916
2016-03-07,0.5854515741500116,0.13721452753436628,0.1268264999954566,0.1505073983201654
2016-03-08,0.5846846584401924,0.1374735533970471,0.12704650292048966,0.1507952852422709
2016-03-09,0.58418266485021,0.1376241866308,0.12714235693784554,0.15105079158114446
2016-03-10,0.5828683496482646,0.13823117938196436,0.12695926001637203,0.1519412109533989
2016-03-11,0.5745173931265865,0.1401715979981342,0.1284154548824847,0.15689555399279462
2016-03-14,0.5687663308816725,0.14276455268922175,0.1283718594089245,0.16009725702018132
2016-03-15,0.5654819019813695,0.14364527996341855,0.1296197173111595,0.1612531007440524
2016-03-16,0.5642113210056832,0.14336076945369505,0.1303724459406089,0.16205546360001274
2016-03-17,0.5400753629446303,0.15184908043785747,0.13642060248717444,0.17165495413033768
2016-03-18,0.5379041429812749,0.1525532629447901,0.13704629885895347,0.17249629521498158
2016-03-21,0.5249123763217807,0.14942393892987385,0.14078239746932872,0.1848812872790168
2016-03-22,0.5193327934751684,0.15062836397402957,0.1428909302731025,0.18714791227769967
2016-03-23,0.5187913265302343,0.15079252538974464,0.14330456003876693,0.18711158804125405
2016-03-24,0.5104579317223854,0.15659850323192387,0.14778758729357014,0.18515597775212056
2016-03-28,0.5075153287128313,0.16127740472921825,0.14694189924044582,0.18426536731750462
2016-03-29,0.4942259880452159,0.17789043232162036,0.14460537225059641,0.18327820738256723
2016-03-30,0.45760946375581657,0.2112733205415861,0.14498963025195138,0.18612758545064606
2016-03-31,0.45557802147916215,0.2130046328540651,0.14381622422520896,0.18760112144156385
2016-04-01,0.43545694363747633,0.24599226974306213,0.13825288066608105,0.1802979059533805
2016-04-04,0.43191489357420937,0.24774252996758422,0.1393779361801892,0.18096464027801723
2016-04-05,0.4325454926398575,0.24811491900625474,0.13962007041191382,0.17971951794197397
2016-04-06,0.43440346757735476,0.24967935039117584,0.13956236761413257,0.1763548144173368
2016-04-07,0.4358986524738047,0.2506459826605038,0.13985450264881208,0.17360086221687934
2016-04-08,0.4384740881386441,0.25256409428137516,0.13985271423127493,0.16910910334870588
2016-04-11,0.43801411108069926,0.2527832965286902,0.13995379220217868,0.16924880018843172
2016-04-12,0.43803384305686305,0.25282230247837667,0.13994611510239746,0.1691977393623627
2016-04-13,0.4368244286037286,0.25290449868091386,0.1412555920233101,0.16901548069204747
2016-04-14,0.43677639074812874,0.25247702208721123,0.14233340602822842,0.1684131811364316
2016-04-15,0.4372648613545078,0.24970620408605154,0.14694112559830613,0.16608780896113448
2016-04-18,0.4423991889090751,0.24647678084784144,0.14719087704945005,0.1639331531936334
2016-04-19,0.44242781857685315,0.24664867994567083,0.14703696378384548,0.16388653769363054
2016-04-20,0.44681008660183746,0.24909862005061792,0.148505633528073,0.15558565981947156
2016-04-21,0.4493678768988226,0.2515850175585546,0.14914160368192012,0.14990550186070262
2016-04-22,0.4434252086273286,0.25522687377378656,0.14938471412941162,0.15196320346947315
2016-04-25,0.4464304861679139,0.2537474346598624,0.14877886032439427,0.15104321884782954
2016-04-26,0.4449034597534476,0.25672519490243445,0.14893075007574746,0.14944059526837042
2016-04-27,0.4442813132797733,0.25831783795244606,0.14894681074512828,0.1484540380226524
2016-04-28,0.4423793079659911,0.26124498864802553,0.14913961686803823,0.14723608651794512
2016-04-29,0.44682108433236173,0.25370049655229443,0.15105473207585637,0.14842368703948755
2016-05-02,0.44860945623776444,0.24947559874632286,0.1525387495697627,0.14937619544614997
2016-05-03,0.4549715205989365,0.24333022181147712,0.15697980039561668,0.14471845719396972
2016-05-04,0.46340032270224407,0.2369035141485573,0.1602864352197382,0.13940972792946035
2016-05-05,0.4683588008086816,0.22871856773167543,0.1620875839569552,0.14083504750268772
2016-05-06,0.4685649690316954,0.22849674553960186,0.16218629176823351,0.1407519936604691
2016-05-09,0.4666730626260607,0.22904661943658333,0.16335762178338617,0.14092269615396974
2016-05-10,0.47009785772239127,0.23154344326050594,0.16405338474336084,0.13430531427374195
2016-05-11,0.47376786933711595,0.22612674919632314,0.16543118700113302,0.13467419446542783
2016-05-12,0.47311841756735934,0.22701789717683715,0.16549818200793032,0.1343655032478733
2016-05-13,0.47492579880321556,0.22649683071584212,0.16457758456454488,0.13399978591639747
2016-05-16,0.47810727609588866,0.22609026290132225,0.16312349391776365,0.13267896708502527
2016-05-17,0.47465593281578844,0.2310488722839158,0.16282381177618593,0.1314713831241097
2016-05-18,0.44572656258478943,0.2784998949366405,0.15331827028228628,0.12245527219628385
2016-05-19,0.42728814553453626,0.2931654194439012,0.15439707293188387,0.12514936208967872
2016-05-20,0.42533631881375594,0.29535445065451776,0.15433074374515154,0.12497848678657467
2016-05-23,0.41807902929915863,0.3072344772200098,0.1518372910507361,0.1228492024300955
2016-05-24,0.41621897834718435,0.3104769633321458,0.1512385465111363,0.12206551180953332
2016-05-25,0.41668623949447975,0.3108255150072075,0.1503283674378129,0.12215987806049972
2016-05-26,0.416887834267857,0.3109758938614115,0.15044898412990898,0.12168728774082228
2016-05-27,0.4169443270979375,0.31097408796591675,0.15044704701016343,0.12163453792598238
2016-05-31,0.4179810384728966,0.31012927113024435,0.15050398864439613,0.12138570175246306
2016-06-01,0.41836278942783334,0.31007101612001564,0.15041952101977143,0.12114667343237955
2016-06-02,0.41783031718741037,0.30965686300398254,0.15169707522171721,0.1208157445868899
2016-06-03,0.4172528868753027,0.30999924164978393,0.1518075210299729,0.12094035044494056
2016-06-06,0.4186993136944932,0.3112993584450459,0.14855883484205823,0.12144249301840276
2016-06-07,0.41932521510647897,0.30865340459399865,0.15086382966411996,0.12115755063540225
2016-06-08,0.4174086488371948,0.3092934575902131,0.15155801273884115,0.1217398808337509
2016-06-09,0.411752881002944,0.31237828039465326,0.15435402428353037,0.12151481431887254
2016-06-10,0.4118896129638885,0.31248904253547516,0.15416372253625535,0.12145762196438109
2016-06-13,0.4126622759883218,0.3122354284672657,0.15495028905302666,0.12015200649138577
2016-06-14,0.4136374711597987,0.31159302773492403,0.1546199415599424,0.12014955954533497
2016-06-15,0.41645338110176183,0.3069210682435463,0.15682273649006917,0.11980281416462271
2016-06-16,0.4172249447544424,0.30423530997419623,0.15766292313488378,0.12087682213647766
2016-06-17,0.4101162905634028,0.3042259217180536,0.16199985842426126,0.12365792929428225
2016-06-20,0.40693218802843156,0.30409426923871713,0.1648865991984269,0.12408694353442454
2016-06-21,0.4260593000254465,0.2748528733721047,0.17187467983453603,0.12721314676791293
2016-06-22,0.4147447467745382,0.27124540623773435,0.1789215847539127,0.1350882622338146
2016-06-23,0.4153421036613079,0.2694684635812256,0.18015836982237846,0.13503106293508813
2016-06-24,0.4097731338304463,0.2664915116371625,0.18544812858872134,0.13828722594366985
2016-06-27,0.3942548973464665,0.2851463960703924,0.17343301533118988,0.14716569125195114
2016-06-28,0.3913499053820589,0.2855387214715321,0.17539695557004933,0.14771441757635959
2016-06-29,0.3854675018075954,0.2876157101315933,0.17743592233560748,0.14948086572520375
2016-06-30,0.3791268525449052,0.28557549963173195,0.1822318256829707,0.1530658221403922
2016-07-01,0.3748362820632561,0.28742689446388986,0.18485434413604962,0.15288247933680446
2016-07-05,0.37082656841654615,0.2957545813724277,0.18685135359877392,0.14656749661225213
2016-07-06,0.37056153885342324,0.297365041287222,0.18638024401539632,0.1456931758439583
2016-07-07,0.3700382056426694,0.29713723476139065,0.18748532619367103,0.14533923340226898
2016-07-08,0.35932168115743385,0.3022288177699037,0.19171468538753547,0.14673481568512692
2016-07-11,0.3518445467195842,0.3056658311731131,0.19650003656141676,0.14598958554588584
2016-07-12,0.3519676474290585,0.30638383227819693,0.1956567977133521,0.14599172257939233
2016-07-13,0.3516725902588368,0.30958214532619704,0.1943533792799943,0.14439188513497186
2016-07-14,0.3512156008893902,0.31110819579763327,0.19396276950953284,0.14371343380344379
2016-07-15,0.3523173149505511,0.3120038034275944,0.19227353510491618,0.14340534651693848
2016-07-18,0.3516173869513453,0.31276812011030225,0.19212931046514226,0.14348518247321027
2016-07-19,0.3502453061872614,0.3131053435446738,0.19332292407693358,0.1433264261911312
2016-07-20,0.3512287825216343,0.31282244348653143,0.19356482423263183,0.14238394975920263
2016-07-21,0.35145855326959463,0.31189970897270297,0.19478399316044512,0.14185774459725733
2016-07-22,0.35185690506702727,0.31196383642925113,0.19433932690453184,0.14183993159918978
2016-07-25,0.3507411446981519,0.3126597390978128,0.19458864261937334,0.14201047358466198
2016-07-26,0.3557265420903792,0.30497650979166235,0.19725289979132546,0.14204404832663292
2016-07-27,0.3562128116460909,0.304481449241134,0.19726622618414516,0.14203951292862993
2016-07-28,0.3569576799110185,0.30473906703702774,0.19538919522668197,0.14291405782527175
2016-07-29,0.35699950065062275,0.3042613737053775,0.1960376796630548,0.14270144598094492
2016-08-01,0.3540858935639811,0.3051991453413169,0.19667247060442877,0.14404249049027315
2016-08-02,0.3565103852379135,0.302098472663658,0.19611602990145002,0.14527511219697856
2016-08-03,0.353223244033364,0.30389466991418607,0.1969746887360333,0.1459073973164165
2016-08-04,0.35673288270510595,0.29825772127517525,0.1979460668936026,0.1470633291261161
2016-08-05,0.3616629935954224,0.29434041091365426,0.19876432946219638,0.14523226602872694
2016-08-08,0.3626543225846863,0.2913192467271846,0.20061807929941258,0.1454083513887166
2016-08-09,0.36278104862517063,0.291015382314471,0.2009469339986704,0.14525663506168798
2016-08-10,0.36257421328794187,0.29121644980488504,0.20079084329267194,0.14541849361450113
2016-08-11,0.3623902403600202,0.2910703636518477,0.2008036548276031,0.145735741160529
2016-08-12,0.36227010383103725,0.2907939844405746,0.2003675386298116,0.1465683730985767
2016-08-15,0.3615781609143862,0.29038258804218303,0.20074142481527507,0.1472978262281555
2016-08-16,0.3582803865742963,0.2903161186201243,0.20233394941767102,0.14906954538790831
2016-08-17,0.35608669889134115,0.2914326623482975,0.20305588443602246,0.14942475432433885
2016-08-18,0.3557460350374902,0.291558641293168,0.20323110923711776,0.14946421443222407
2016-08-19,0.35379135376563614,0.291963682400042,0.20460604685607375,0.14963891697824808
2016-08-22,0.3521035031878258,0.2932054799163542,0.20442969093511842,0.1502613259607017
2016-08-23,0.35149627397764316,0.29347928834535975,0.20474985876716442,0.15027457890983273
2016-08-24,0.35164296322516336,0.293358920331498,0.20480360779515147,0.15019450864818715
2016-08-25,0.35024478546708676,0.2941361362502449,0.2049187115163985,0.15070036676626983
2016-08-26,0.3488535235632236,0.29257736257726663,0.20422250240876272,0.15434661145074716
2016-08-29,0.34752054327414916,0.2909268727100629,0.2039626053929884,0.1575899786227995
2016-08-30,0.34857161472893355,0.28802802697634533,0.20592946516628968,0.1574708931284313
2016-08-31,0.3479074150357661,0.28838920793440276,0.20601323860771695,0.1576901384221142
2016-09-01,0.3464066153011331,0.28877388230031587,0.20629676836285843,0.1585227340356926
2016-09-02,0.3443532115558963,0.2898282662770916,0.20655145003212386,0.15926707213488822
2016-09-06,0.3373067689627604,0.29579552790879726,0.20619617926816566,0.16070152386027672
2016-09-07,0.32598602578244934,0.308468406636205,0.20442403552224206,0.16112153205910346
2016-09-08,0.32277308558867,0.3142223900925242,0.20295229016649424,0.16005223415231162
2016-09-09,0.3161206020338741,0.3222723750589791,0.19837168075278028,0.16323534215436653
2016-09-12,0.28527040854029356,0.3587776509966106,0.18590498801962468,0.1700469524434712
2016-09-13,0.3107017248900039,0.2952730190729765,0.20569816013891512,0.18832709589810448
2016-09-14,0.3154528102557154,0.2665883705524231,0.2138029393315175,0.20415587986034398
2016-09-15,0.3155105763845528,0.2661732182230524,0.2134599344270191,0.20485627096537576
2016-09-16,0.317598307885137,0.24824755007021773,0.2151174155968221,0.21903672644782324
2016-09-19,0.31681827155477726,0.24897097325940087,0.21448855609012896,0.21972219909569285
2016-09-20,0.3166681174625603,0.2485390893746513,0.21390467992760667,0.22088811323518173
2016-09-21,0.3164253275871653,0.24837778042299918,0.21431506200072678,0.22088182998910869
2016-09-22,0.315481579406587,0.25039214603032034,0.21134088966431253,0.22278538489878014
2016-09-23,0.31499349456432485,0.25036544099629404,0.20981410562514863,0.22482695881423248
2016-09-26,0.3150547818536828,0.25014449443328923,0.2092812879137839,0.22551943579924408
2016-09-27,0.31637839546279106,0.24813914910300494,0.21038423396300215,0.22509822147120187
2016-09-28,0.3166574151799193,0.24779078340120114,0.2105316218110726,0.22502017960780696
2016-09-29,0.31689852794776513,0.2479762315553291,0.20991309064746858,0.22521214984943708
2016-09-30,0.3172298565375869,0.24890366715995238,0.20751593008070557,0.22635054622175507
2016-10-03,0.31648466527619157,0.2484320479063901,0.20880880435260615,0.22627448246481216
2016-10-04,0.3157060022362507,0.2478821326030843,0.2085063508765312,0.22790551428413375
2016-10-05,0.3148565047313097,0.24836213945417676,0.2082403153154333,0.22854104049908028
2016-10-06,0.31495561577881515,0.24858866816626804,0.20763064496159447,0.2288250710933224
2016-10-07,0.31481798177796244,0.2482770349246441,0.2075739653983434,0.22933101789905
2016-10-10,0.31489052841941545,0.24838883118724087,0.20744327124122586,0.22927736915211772
2016-10-11,0.3163420980135635,0.24964718726023769,0.20720514686558889,0.22680556786060987
2016-10-12,0.3150822585766425,0.2501720584899258,0.20958623692304074,0.22515944601039092
2016-10-13,0.3146058832008919,0.24967734187532192,0.20886503169877532,0.22685174322501087
2016-10-14,0.3149593202474417,0.2495788923576736,0.20875527986440745,0.22670650753047725
2016-10-17,0.3155923705172946,0.24499915028184577,0.2090263159027516,0.23038216329810812
2016-10-18,0.3157764999503778,0.2439962818876449,0.20958251057491847,0.23064470758705877
2016-10-19,0.318227949893696,0.2356272320877221,0.21027290951723165,0.23587190850135023
2016-10-20,0.3188926258516126,0.23604491639641373,0.21064586911651795,0.23441658863545564
2016-10-21,0.3180442446404747,0.2370194167200557,0.20945849465978064,0.23547784397968902
2016-10-24,0.3177562723698037,0.23712769190811686,0.20963657870177588,0.23547945702030362
2016-10-25,0.3183483822510695,0.23603944400766752,0.2087274132269481,0.2368847605143149
2016-10-26,0.31793360700737133,0.2359287609572288,0.20732530682033073,0.2388123252150692
2016-10-27,0.3133707667902364,0.24151924334153244,0.20442243810098337,0.24068755176724774
2016-10-28,0.31413976751072403,0.2410754348538212,0.20528312886422656,0.23950166877122817
2016-10-31,0.31516386497284227,0.24130568156925356,0.20565613181163647,0.23787432164626773
2016-11-01,0.31603524252201154,0.2416718053316452,0.20683874939770822,0.23545420274863518
2016-11-02,0.31854379903435276,0.22814642007859512,0.2218992168867186,0.2314105640003335
2016-11-03,0.3213439964877969,0.22123595156401252,0.225316606579071,0.2321034453691196
2016-11-04,0.32429372027184095,0.2193262345851256,0.22581808258229857,0.23056196256073483
2016-11-07,0.32711984808814754,0.21964676528436078,0.223730524884725,0.22950286174276663
2016-11-08,0.34394345016302247,0.18702701646160064,0.22666549032848465,0.2423640430468923
2016-11-09,0.33687222851321796,0.17959576995830553,0.2213073139297474,0.262224687598729
2016-11-10,0.3353292670776837,0.17829497932210558,0.2187194267578048,0.2676563268424059
2016-11-11,0.3363291425371558,0.17875220605865363,0.21497636612626703,0.26994228527792363
2016-11-14,0.34235224324184776,0.17752056721468445,0.20896041921187058,0.2711667703315972
2016-11-15,0.3422739975392725,0.17394478635832342,0.2055114821510318,0.2782697339513722
2016-11-16,0.3444830385219108,0.17396306404846715,0.2010351193624988,0.28051877806712333
2016-11-17,0.3407537622243173,0.17059324808121443,0.19952027261012273,0.28913271708434546
2016-11-18,0.33755663358329197,0.16831495956416398,0.1985019812723822,0.29562642558016183
2016-11-21,0.33606483595126474,0.167452479142643,0.19892421640131425,0.2975584685047781
2016-11-22,0.33782289697060924,0.167758038834777,0.19497370323776148,0.29944536095685226
2016-11-23,0.33800097969039294,0.16675510061266896,0.19365763091647253,0.30158628878046556
2016-11-25,0.3366305314718562,0.16595620772969147,0.1928515416103511,0.30456171918810127
2016-11-28,0.3362420301216386,0.16570662098699282,0.1936249579237426,0.304426390967626
2016-11-29,0.33610631544995906,0.16552634330590096,0.1942120315060864,0.30415530973805366
2016-11-30,0.33672583932701244,0.16516489332943451,0.19287794500840838,0.3052313223351447
2016-12-01,0.33852429951563373,0.16591708416580045,0.1897000964267,0.3058585198918658
2016-12-02,0.3385133144667429,0.16511284800948983,0.18963714752253397,0.30673669000123344
2016-12-05,0.33789971649334777,0.16460148397509783,0.19128162904621354,0.3062171704853408
2016-12-06,0.3390107462973239,0.16271648991260745,0.19125906835320255,0.3070136954368662
2016-12-07,0.34152963730211605,0.16169660925846116,0.19090914695569214,0.3058646064837307
2016-12-08,0.34234890819098207,0.16235485336110253,0.18869879112220989,0.30659744732570554
2016-12-09,0.34412149499579986,0.16157068905492797,0.18778226211253482,0.3065255538367374
2016-12-12,0.3434963828515952,0.1623604644461732,0.18810672097942227,0.30603643172280937
2016-12-13,0.3435881745172355,0.16234972301918796,0.18796211914153232,0.3060999833220443
2016-12-14,0.3437408821101704,0.1626120790736426,0.1878148534825561,0.3058321853336308
2016-12-15,0.3441975337867329,0.1636038369310203,0.18506056413081823,0.3071380651514285
2016-12-16,0.34482193504805503,0.1630761279216277,0.18462392523209784,0.30747801179821943
2016-12-19,0.34487241975369753,0.16310017306757785,0.18460838038385227,0.3074190267948724
2016-12-20,0.34318743379047195,0.16225373108666147,0.18445400272217918,0.3101048324006875
2016-12-21,0.34316111858702786,0.16260201779984979,0.18470449814049342,0.30953236547262897
2016-12-22,0.34380229504924836,0.16167048948055965,0.18356080447586606,0.3109664109943259
2016-12-23,0.34518261647361825,0.16125891702769377,0.1827748337383685,0.3107836327603194
2016-12-27,0.3453794561669526,0.1612911344068643,0.18271413442409648,0.31061527500208663
2016-12-28,0.3458125660713032,0.16162777490731844,0.1829606560555233,0.30959900296585496
2016-12-29,0.34829519154931365,0.16215956980671734,0.18414984834581935,0.3053953902981496
2016-12-30,0.3488967062805999,0.1620927614939114,0.18343231743784183,0.3055782147876469
2017-01-03,0.34882590462265356,0.16222865044980123,0.18334406469338044,0.30560138023416483
2017-01-04,0.35336086939590367,0.16315569833501006,0.1842386489690611,0.2992447833000253
2017-01-05,0.35531649932077614,0.1648893287301856,0.1854094683115215,0.29438470363751695
2017-01-06,0.3603743144527751,0.16700479288513717,0.18786837325818107,0.2847525194039066
2017-01-09,0.36075073469364205,0.16693658412850435,0.18784149698409078,0.28447118419376294
2017-01-10,0.36106882236114685,0.16697994300977434,0.18816009765928776,0.28379113696979097
2017-01-11,0.36196919898796454,0.16633070051154775,0.18770191033884437,0.2839981901616433
2017-01-12,0.36220585411931516,0.16639304343478897,0.1877472232961586,0.28365387914973733
2017-01-13,0.367255157767276,0.16420606616297084,0.18680494301536377,0.2817338330543893
2017-01-17,0.3742346950388814,0.15989125521027547,0.18419546047103427,0.28167858927980877
2017-01-18,0.3740079994639452,0.1599785721771372,0.18418482583899143,0.2818286025199261
2017-01-19,0.37479556215987864,0.15947933112969892,0.18436470361022486,0.28136040310019755
2017-01-20,0.4127445361928098,0.13842210160712673,0.17507842617435077,0.2737549360257126
2017-01-23,0.41623083656613585,0.14734435377263183,0.1701212746484761,0.2663035350127563
2017-01-24,0.46903826450125513,0.14158374787922748,0.15644465236182117,0.23293333525769616
2017-01-25,0.46651158072518084,0.14257890989375008,0.15735066289086044,0.23355884649020855
2017-01-26,0.4604862523978053,0.15087320829697864,0.15662910446381545,0.23201143484140072
2017-01-27,0.46075318165305024,0.15135959115069583,0.15636789540604953,0.23151933179020429
2017-01-30,0.4593846877414511,0.15158505226420338,0.15733871058716853,0.2316915494071771
2017-01-31,0.45263074646118234,0.15443882990979607,0.1596258161898112,0.23330460743921058
2017-02-01,0.46348537279075447,0.14993722641374482,0.16039104559340833,0.2261863552020925
2017-02-02,0.4619222795379704,0.15055724430158007,0.16284617002913898,0.22467430613131056
2017-02-03,0.4632764063359071,0.15000254237632457,0.16270223743664686,0.22401881385112138
2017-02-06,0.4650569621781123,0.14930219716181478,0.16261503952861822,0.22302580113145465
2017-02-07,0.46242814262097615,0.1501796195330225,0.16300999331350294,0.22438224453249844
2017-02-08,0.46151499269293367,0.15018681477304072,0.16396825388984307,0.22432993864418263
2017-02-09,0.46281128323526044,0.14967580989831195,0.1670677898892007,0.22044511697722705
2017-02-10,0.45832205933974846,0.15099153056904213,0.16800009798721313,0.22268631210399628
2017-02-13,0.45614836726659475,0.15527570912922153,0.17205615331533555,0.21651977028884822
2017-02-14,0.46310165784701396,0.1536031387926654,0.1708874780727843,0.21240772528753643
2017-02-15,0.46288128427731584,0.15354836610160166,0.1723644146525847,0.21120593496849768
2017-02-16,0.4586571507175209,0.15567028449092724,0.1745245695287205,0.21114799526283132
2017-02-17,0.4573661860153829,0.15561328849355902,0.1744700735498291,0.212550451941229
2017-02-21,0.4542913903689179,0.15402715706303102,0.17469922651733905,0.216982226050712
2017-02-22,0.4548251658445375,0.1517701820967495,0.17622996206315708,0.21717468999555584
2017-02-23,0.4535871082782597,0.15066487854665522,0.17615440322477854,0.21959360995030672
2017-02-24,0.45514261938919914,0.15061910768254438,0.17614268457610516,0.2180955883521513
2017-02-27,0.45015512303643745,0.15312409665338625,0.1772248079039475,0.21949597240622867
2017-02-28,0.45131098398659597,0.15374668076160106,0.1772899902365459,0.21765234501525704
2017-03-01,0.4466340698653187,0.1594660442116771,0.17755163996416298,0.21634824595884125
2017-03-02,0.42034449074187286,0.16508648000839035,0.1856704147374694,0.22889861451226742
2017-03-03,0.4110714345057038,0.17507909628658055,0.19648715880239975,0.21736231040531578
2017-03-06,0.40861378411404037,0.17577525665820692,0.19718989687215,0.2184210623556028
2017-03-07,0.4094765945614523,0.17570543480581144,0.19707514806257853,0.21774282257015778
2017-03-08,0.40791934773646193,0.17559357678037735,0.19670438367739745,0.21978269180576324
2017-03-09,0.39827186772937856,0.17727704727638519,0.19791629832984622,0.22653478666439
2017-03-10,0.3985685384703914,0.1769584201083797,0.19746576343037434,0.22700727799085454
2017-03-13,0.39587545719130246,0.17655108574091172,0.19715506477020972,0.2304183922975762
2017-03-14,0.39346618234513436,0.17502644441672377,0.19642153039213495,0.23508584284600686
2017-03-15,0.39108389481690564,0.18017463816796075,0.19489621244555919,0.2338452545695744
2017-03-16,0.38292021162409434,0.18764048486400228,0.19514382472603686,0.23429547878586657
2017-03-17,0.3809997806100645,0.18897039747935365,0.19309547598693574,0.236934345923646
2017-03-20,0.38006004649350644,0.18926049894282945,0.19434731064569644,0.23633214391796756
2017-03-21,0.32909580922219334,0.2911312052268492,0.17573023424533168,0.20404275130562582
2017-03-22,0.3263283098991939,0.28318055929529945,0.18214547685096014,0.20834565395454657
2017-03-23,0.3245673492819272,0.2818120539474537,0.18640950080364324,0.2072110959669758
2017-03-24,0.3219313512789206,0.27940849431140785,0.1931682605297833,0.20549189387988842
2017-03-27,0.3185128732823294,0.27656382951465586,0.20160497102963712,0.20331832617337772
2017-03-28,0.318299951061644,0.27632981976264914,0.2022163055484068,0.20315392362730006
2017-03-29,0.31200406236917794,0.27598911209433674,0.2115900185443737,0.20041680699211167
2017-03-30,0.3102436918531882,0.27631162671940046,0.2142127636114348,0.19923191781597668
2017-03-31,0.3102203579614328,0.2764469870071814,0.21411393115122188,0.19921872388016396
2017-04-03,0.3094658339806797,0.2774366594454069,0.21423196091653282,0.19886554565738057
2017-04-04,0.3051244726207219,0.27520291221387344,0.22378431413229813,0.1958883010331065
2017-04-05,0.30322920660368113,0.2781539711421838,0.22393992561279114,0.194676896641344
2017-04-06,0.30284705942953216,0.27837824716949616,0.22408744355938864,0.1946872498415831
2017-04-07,0.3038994988160571,0.2757897994037996,0.2249866080711978,0.19532409370894538
2017-04-10,0.3041634497619079,0.2750590455034056,0.22541316093570452,0.1953643437989818
2017-04-11,0.30297521967194907,0.2732799126337157,0.22915755857169443,0.1945873091226408
2017-04-12,0.2989802519817048,0.2708712024564042,0.23829701521199811,0.1918515303498929
2017-04-13,0.29772536184397874,0.2744261802003626,0.23683515217705536,0.1910133057786032
2017-04-17,0.3013603857409242,0.2654301046081119,0.2386265210245056,0.1945829886264583
2017-04-18,0.3030504176559855,0.2561367146074903,0.24261908359624937,0.19819378414027464
2017-04-19,0.3029683402880826,0.25355650083060577,0.2442198394625997,0.1992553194187119
2017-04-20,0.30008629538059295,0.25150968642972826,0.2533190206635289,0.19508499752614988
2017-04-21,0.29778881071615787,0.2534665134745453,0.2521387421044152,0.19660593370488152
2017-04-24,0.2978326672263624,0.2534671983140649,0.2520093961178245,0.19669073834174802
2017-04-25,0.29996232146451396,0.2585379758455996,0.2407026599857592,0.20079704270412727
2017-04-26,0.29724649002305653,0.2593081362884365,0.2429786914634945,0.20046668222501252
2017-04-27,0.2920364222181175,0.25358257854829264,0.25736152670819135,0.19701947252539848
2017-04-28,0.2919972626154663,0.25354504574908243,0.25764793810532977,0.19680975353012153
2017-05-01,0.2915287308060623,0.2537128305967375,0.25836748337412224,0.19639095522307787
2017-05-02,0.299497887190907,0.26257149409770436,0.2674013347027269,0.17052928400866157
2017-05-03,0.2995234300907976,0.2628396076500494,0.26793875182142385,0.16969821043772926
2017-05-04,0.30258333833218676,0.2661150268561914,0.2720022546877574,0.1592993801238645
2017-05-05,0.3023854990405116,0.2656315708197908,0.2735446405276531,0.1584382896120446
2017-05-08,0.30198916286668437,0.26833558770271787,0.2736622457712305,0.1560130036593674
2017-05-09,0.30521785669533164,0.2694685966835208,0.27378684282983196,0.15152670379131566
2017-05-10,0.31248346764464685,0.27473838366474557,0.2788565392959906,0.13392160939461709
2017-05-11,0.3112428865067911,0.27391495277448064,0.28131326110412713,0.13352889961460113
2017-05-12,0.31131596659990196,0.27313234883247356,0.282249977231622,0.13330170733600263
2017-05-15,0.3078436680916043,0.27399563105662766,0.2854093410102488,0.1327513598415193
2017-05-16,0.30512304339708723,0.2749699718224205,0.2870842381037156,0.1328227466767766
2017-05-17,0.30389734182722444,0.2739482853260449,0.28646131425461646,0.13569305859211425
2017-05-18,0.288990749873023,0.2881446933851815,0.2838862842045333,0.13897827253726205
2017-05-19,0.29178811877269467,0.28269845130322285,0.2858201298865581,0.1396933000375244
2017-05-22,0.29440565489898735,0.27858227697430127,0.2851037949545854,0.14190827317212604
2017-05-23,0.29533718077620685,0.2770922498004927,0.2855180674383815,0.14205250198491898
2017-05-24,0.2955464474753449,0.27699576395084846,0.2853802763493243,0.14207751222448242
2017-05-25,0.29536439017371846,0.2770546194853216,0.2855673238794916,0.14201366646146835
2017-05-26,0.29509378033712397,0.2772639427789304,0.2860684427639503,0.1415738341199953
2017-05-30,0.29643173375493514,0.27880888015570804,0.28672191988373946,0.13803746620561724
2017-05-31,0.2966569132554247,0.27839397194395393,0.2870529473113949,0.1378961674892264
2017-06-01,0.2974953094543624,0.27738357100058103,0.28756481768469505,0.13755630186036147
2017-06-02,0.29966214526531715,0.2708151340264638,0.2897451286392763,0.13977759206894289
2017-06-05,0.29864447094943497,0.2721501793560085,0.28880659976533024,0.1403987499292265
2017-06-06,0.29835858131721066,0.2706592109194574,0.29140620639132847,0.1395760013720034
2017-06-07,0.29772376363701053,0.2707342082540826,0.29192343628846723,0.1396185918204397
2017-06-08,0.29810009168192986,0.27048520718360647,0.2919146005525657,0.13950010058189802
2017-06-09,0.29965258965304437,0.26823191512858224,0.2930640872203343,0.13905140799803925
2017-06-12,0.2892519047450261,0.27481281589811846,0.29734359363705054,0.13859168571980496
2017-06-13,0.28946888307764973,0.27463250985557736,0.297436198156517,0.1384624089102559
2017-06-14,0.2906761416108243,0.2731432033073323,0.29688222212365284,0.13929843295819055
2017-06-15,0.2911237652340742,0.2725030256967155,0.29725647688531026,0.1391167321839
2017-06-16,0.29271218038074737,0.2735962934554527,0.29339867376975837,0.14029285239404168
2017-06-19,0.29317598538742295,0.27332338023660213,0.29290759361880936,0.14059304075716553
2017-06-20,0.29723309004997533,0.26359212511709573,0.2956675129894999,0.1435072718434291
2017-06-21,0.29778861667335266,0.26517756544627025,0.292645113243504,0.1443887046368731
2017-06-22,0.29848526856115454,0.2629446680081601,0.2931451036536938,0.1454249597769916
2017-06-23,0.2982357419105796,0.26269880629120224,0.2932448170152061,0.1458206347830121
2017-06-26,0.2983056538644383,0.2627780784471666,0.29287289147148665,0.1460433762169084
2017-06-27,0.2995427991489617,0.2626031398754725,0.2915136913029457,0.14634036967262015
2017-06-28,0.2967708563451686,0.2644439880296593,0.292269877936568,0.14651527768860392
2017-06-29,0.29770264923126993,0.2622296417249768,0.29171144673928817,0.14835626230446508
2017-06-30,0.2945423999657077,0.26416387367490096,0.2904816768103003,0.15081204954909097
2017-07-03,0.29330271639207856,0.26670012614858185,0.2897453584738059,0.15025179898553376
2017-07-05,0.29286463967248777,0.2657550972435505,0.29046405950169807,0.15091620358226365
2017-07-06,0.2931132499774959,0.26596485220966487,0.29014673174296834,0.1507751660698708
2017-07-07,0.2898092673461237,0.2682806933240466,0.2892211178493665,0.1526889214804632
2017-07-10,0.2903694786282867,0.26743804363846796,0.2893824713189097,0.15281000641433568
2017-07-11,0.29431675938599666,0.2704289775002653,0.28555685172228684,0.14969741139145126
2017-07-12,0.2959244258731703,0.2666097236752079,0.2833658318337161,0.15410001861790576
2017-07-13,0.2964615398204991,0.2701406287060287,0.27777562139400336,0.1556222100794689
2017-07-14,0.2964695804141433,0.2700755174782894,0.2775264111345962,0.15592849097297107
2017-07-17,0.296194142591099,0.2713331898300188,0.2754646939122619,0.15700797366662023
2017-07-18,0.2973516589095785,0.2693010122878697,0.27879211866593895,0.15455521013661283
2017-07-19,0.29692998783487085,0.2693210516866259,0.27938742383494186,0.15436153664356142
2017-07-20,0.29684649000777563,0.27003166172609266,0.2786916890296178,0.15443015923651401
2017-07-21,0.2963168386385261,0.27150830053838326,0.2781617922015748,0.15401306862151581
2017-07-24,0.29654682434244906,0.271362607763382,0.2783422439571255,0.15374832393704338
2017-07-25,0.29795398410833046,0.26963181656068225,0.27966138115458095,0.15275281817640649
2017-07-26,0.29788281655883875,0.26959124424639197,0.2798699266513165,0.1526560125434528
2017-07-27,0.29776536604823156,0.2705084712309876,0.27863166479183643,0.15309449792894433
2017-07-28,0.2976689187397489,0.2708165385965482,0.27825240814330104,0.15326213452040202
2017-07-31,0.2978768504444899,0.27618636794085694,0.27564706274614453,0.1502897188685086
2017-08-01,0.2981858737620521,0.27633253562991805,0.2753076773194668,0.15017391328856314
2017-08-02,0.2982024970440519,0.275571961859965,0.2757069047648774,0.1505186363311057
2017-08-03,0.29826861535512167,0.2755260695250708,0.2756858809842719,0.15051943413553556
2017-08-04,0.2980257783864691,0.275703714439989,0.27579177175023734,0.1504787354233045
2017-08-07,0.2973641465044306,0.27790181381250406,0.2753049871621702,0.1494290525208952
2017-08-08,0.2967140557884292,0.27818338546039023,0.27579915394908583,0.1493034048020947
2017-08-09,0.2966849058813004,0.2780380312228464,0.2757231908746117,0.1495538720212416
2017-08-10,0.29768120572018547,0.27765303572854655,0.2746067109680135,0.1500590475832544
2017-08-11,0.29135504454092254,0.2856074783228768,0.2673101618870656,0.155727315249135
2017-08-14,0.2914912378383729,0.28508286062865146,0.26756525567092554,0.15586064586205003
2017-08-15,0.3006688894798332,0.2650324675252626,0.27682799369563815,0.1574706492992661
2017-08-16,0.30150475252337205,0.2674979124030982,0.277592103569834,0.15340523150369584
2017-08-17,0.3019106380278451,0.26849997501055206,0.2758639477262476,0.15372543923535514
2017-08-18,0.2977810451049045,0.2733955042294394,0.2725410152733452,0.15628243539231101
2017-08-21,0.29749845015860005,0.27527667760568675,0.27106199407043297,0.15616287816528013
2017-08-22,0.29669685371959836,0.27678990742246334,0.27080604264119923,0.15570719621673906
2017-08-23,0.29407343278942616,0.2797325501169197,0.2707281308750972,0.1554658862185569
2017-08-24,0.2878470403977008,0.2967721639454706,0.2644411667284754,0.15093962892835305
2017-08-25,0.286357907615043,0.30078218808430296,0.26312279924826293,0.14973710505239107
2017-08-28,0.2860671837808784,0.30063465313357274,0.262737313736759,0.15056084934878983
2017-08-29,0.287549046300059,0.29934160780928204,0.26324375990751003,0.14986558598314895
2017-08-30,0.2878143546722133,0.30004510412892044,0.2633975168623477,0.1487430243365186
2017-08-31,0.2860560839499117,0.29653321702677704,0.2737504758882479,0.1436602231350634
2017-09-01,0.2857086313375434,0.2984626455604441,0.27640720220222204,0.13942152089979057
2017-09-05,0.2867232032257423,0.29853292220434224,0.2762026905088432,0.13854118406107235
2017-09-06,0.28803016108291135,0.30053127080547054,0.2720248060634897,0.13941376204812841
2017-09-07,0.2884880512854822,0.3006353691777594,0.27114670349052006,0.13972987604623835
2017-09-08,0.28658932483858474,0.294918160860787,0.2701082745171026,0.14838423978352572
2017-09-11,0.28661682508114744,0.2948812988525749,0.27027417485405125,0.14822770121222645
2017-09-12,0.2871407056282148,0.2914885070094446,0.26706551369809184,0.15430527366424868
2017-09-13,0.2867231114207913,0.29113079018043553,0.26756016943875977,0.15458592896001347
2017-09-14,0.286497048170476,0.2901383387709928,0.26678131906266633,0.15658329399586482
2017-09-15,0.28493131702264635,0.28847135727299117,0.2661817334901943,0.16041559221416807
2017-09-18,0.27653685165920744,0.27962619045306464,0.2580490116145647,0.18578794627316322
2017-09-19,0.2766016998746595,0.279942544318258,0.25826638191642987,0.18518937389065265
2017-09-20,0.2763920854605167,0.2799334771664614,0.25847597566074443,0.18519846171227755
2017-09-21,0.2765453400072632,0.2801647826276764,0.25783540544127465,0.18545447192378575
2017-09-22,0.2774189708036997,0.2788406866258417,0.257974486538256,0.18576585603220258
2017-09-25,0.27762277586534834,0.2787634616475916,0.25777200771896397,0.18584175476809614
2017-09-26,0.2888379222510247,0.2649853596511246,0.2575603240397235,0.1886163940581272
2017-09-27,0.2879671704425398,0.26763156024727525,0.2560826822928548,0.1883185870173303
2017-09-28,0.28715110933780646,0.26938469836701057,0.256703171805081,0.1867610204901019
2017-09-29,0.28703307835930564,0.2705562566212718,0.25609836057796354,0.18631230444145894
2017-10-02,0.28827566183693804,0.26871533176872664,0.25522984847572117,0.18777915791861421
2017-10-03,0.28945897298034284,0.269658080561333,0.25610424243860525,0.18477870401971888
2017-10-04,0.2907605858267571,0.2703732870372986,0.2533847025138288,0.18548142462211548
2017-10-05,0.2886275048639394,0.26837967174640054,0.25160749742151295,0.191385325968147
2017-10-06,0.28838135486782823,0.26896324115765446,0.25200606963178906,0.19064933434272827
2017-10-09,0.288883249245689,0.26968370180497186,0.2516147844278089,0.18981826452153014
2017-10-10,0.2873742736685288,0.275526482321856,0.24938879400804115,0.187710450001574
2017-10-11,0.2886350101153472,0.27526936713049627,0.24754476794662045,0.188550854807536
2017-10-12,0.28842201435114595,0.2752890423198485,0.24801125574797409,0.1882776875810314
2017-10-13,0.2886434712252285,0.27515742307457125,0.24797694684364507,0.18822215885655522
2017-10-16,0.2882849712472142,0.2761986283534856,0.24729837146684683,0.18821802893245348
2017-10-17,0.28831366047624235,0.2762396944801658,0.24726405479555288,0.18818259024803885
2017-10-18,0.29755326041485763,0.2688407107665222,0.2419863903666568,0.19161963845196328
2017-10-19,0.2976937152201647,0.26824556261673915,0.24270677929952073,0.1913539428635755
2017-10-20,0.29679757199423923,0.27071691878445936,0.24180765760205816,0.19067785161924314
2017-10-23,0.2957729586564667,0.2718517162146473,0.24131468488443583,0.1910606402444503
2017-10-24,0.2946836578079801,0.27160797082395155,0.24384389421595365,0.18986447715211469
2017-10-25,0.29440044298057494,0.27197910325644353,0.2440786729993645,0.18954178076361694
2017-10-26,0.2897602297476777,0.2838617167732103,0.24032366892132415,0.18605438455778794
2017-10-27,0.291035374134544,0.2818758886145241,0.2424094156314771,0.1846793216194547
2017-10-30,0.2857871553384755,0.2798614595678515,0.2480367283689676,0.18631465672470546
2017-10-31,0.2876622325431929,0.279443878335324,0.24935354685064623,0.1835403422708368
2017-11-01,0.2871522296497551,0.28023166957101203,0.2489366117007213,0.18367948907851164
2017-11-02,0.28719319966386986,0.2796701155860532,0.24914469880153914,0.18399198594853775
2017-11-03,0.2905369535594387,0.27701133830657915,0.24900151823259317,0.18345018990138892
2017-11-06,0.29068394663009406,0.28170889871646737,0.24903845414493408,0.17856870050850446
2017-11-07,0.2964629068325479,0.28355163927096366,0.2507713711905977,0.16921408270589075
2017-11-08,0.29586367814816794,0.2847169744422537,0.250021376710645,0.1693979706989334
2017-11-09,0.2957174365431381,0.28650078777618454,0.2488452114533887,0.1689365642272887
2017-11-10,0.29544425638466987,0.2877723571384456,0.24741100587762407,0.16937238059926046
2017-11-13,0.3011387166870442,0.28513682300814197,0.24670029193182966,0.1670241683729842
2017-11-14,0.30075394679953227,0.2869969121342988,0.24558853441966608,0.16666060664650278
2017-11-15,0.2992317053843261,0.28971118424334824,0.24826282860198398,0.16279428177034166
2017-11-16,0.29634198160429004,0.2909171503057613,0.24916229134083268,0.16357857674911602
2017-11-17,0.3014509496986516,0.2688150575864484,0.25847186524642557,0.17126212746847452
2017-11-20,0.30145743545637643,0.2685228419510275,0.25879285816506326,0.17122686442753277
2017-11-21,0.30192057542167483,0.2666579294470116,0.26075059614631657,0.170670898984997
2017-11-22,0.29576434968975834,0.27073186911266334,0.26062113632826345,0.17288264486931496
2017-11-24,0.295719235288297,0.2707203346532947,0.2606223343216216,0.17293809573678665
2017-11-27,0.2964649180367578,0.27101086438489835,0.26227604185974007,0.17024817571860384
2017-11-28,0.30096358756421293,0.27878390167295486,0.26342830009489693,0.15682421066793525
2017-11-29,0.30228993757353606,0.28085541356720783,0.26411575604653803,0.15273889281271805
2017-11-30,0.30124570948217644,0.28873259385546646,0.26590398755893263,0.1441177091034245
2017-12-01,0.3016413140020235,0.28918592419664896,0.2648818278132231,0.14429093398810444
2017-12-04,0.3020992561800339,0.2883054314417858,0.26537432553809337,0.14422098684008708
2017-12-05,0.2992091475675048,0.29069358293439856,0.2656113776024017,0.144485891895695
2017-12-06,0.29949736867823995,0.2918822235341857,0.26648804013305777,0.14213236765451673
2017-12-07,0.3040373329737213,0.2919669581694388,0.26048864105513714,0.14350706780170264
2017-12-08,0.30399128253923424,0.29188189622740796,0.2606667983059939,0.14346002292736387
2017-12-11,0.30451635017900497,0.29155448918249716,0.25958269451085325,0.14434646612764465
2017-12-12,0.3045567224773334,0.2916272448927165,0.25936366132960786,0.1444523713003422
2017-12-13,0.3053550787276325,0.29225621211195696,0.25756722550114897,0.14482148365926162
2017-12-14,0.30573163645124735,0.29206639392137856,0.25723626660918547,0.14496570301818865
2017-12-15,0.3054453554169812,0.2925169816696909,0.2571876599282275,0.14485000298510045
2017-12-18,0.30444101094216336,0.2944890268865322,0.2587007157099221,0.1423692464613824
2017-12-19,0.31108781499817134,0.289503615481116,0.2620937873580863,0.13731478216262633
2017-12-20,0.3088010068578851,0.29278303854997995,0.26456294327477736,0.13385301131735763
2017-12-21,0.2948691650735455,0.3223077500504315,0.25322279162435174,0.12960029325167136
2017-12-22,0.2940629362171792,0.32153310998364265,0.2521534207635359,0.13225053303564224
2017-12-26,0.2939271253384978,0.3211797257354381,0.25279187162811034,0.13210127729795385
2017-12-27,0.30007031045745075,0.31579586161121753,0.2543005623406608,0.12983326559067088
2017-12-28,0.29970048012288003,0.3157403743295212,0.2549033383783403,0.12965580716925867
2017-12-29,0.30017485625171386,0.31592613070733055,0.2540905469682464,0.12980846607270916
2018-01-02,0.2984116078013941,0.32151286050918004,0.2522402081248946,0.12783532356453128
2018-01-03,0.30087294485554683,0.3132399874409322,0.25470139125228086,0.13118567645124019
2018-01-04,0.29862469321653856,0.31595880011549987,0.25476171942658776,0.13065478724137375
2018-01-05,0.29759983864064987,0.31601225145747874,0.2558497227856393,0.130538187116232
2018-01-08,0.29576610621113486,0.3167599391837215,0.25666144429081267,0.13081251031433114
2018-01-09,0.2960872528477703,0.3158615824681162,0.2565588199038372,0.13149234478027624
2018-01-10,0.2957298258855759,0.3149173555699219,0.2557628206833224,0.13358999786117984
2018-01-11,0.2970075288413771,0.3118175245977082,0.2534861430734426,0.13768880348747195
2018-01-12,0.29494083383132297,0.3123054607649272,0.2542361309951294,0.13851757440862048
2018-01-16,0.29150935391982113,0.31362519601164307,0.2586497488761606,0.13621570119237525
2018-01-17,0.2904677886006105,0.31449795971785094,0.25909399743115447,0.13594025425038403
2018-01-18,0.28641758915108234,0.3205131427391452,0.2568219303509418,0.1362473377588307
2018-01-19,0.2869175798793528,0.3203130528442734,0.2562868045858657,0.136482562690508
2018-01-22,0.28327634485971215,0.3236662374188874,0.2572904398622747,0.13576697785912575
2018-01-23,0.2812022828855695,0.325236976435034,0.2579215758069634,0.13563916487243305
2018-01-24,0.2818366643183668,0.32514419334473316,0.25880661618914574,0.13421252614775434
2018-01-25,0.2831954323270061,0.3269725866970983,0.25688513846857663,0.132946842507319
2018-01-26,0.2825740443662323,0.328017617885729,0.25703823757882605,0.13237010016921266
2018-01-29,0.2773581010082093,0.3335039036768476,0.25680650596163185,0.13233148935331132
2018-01-30,0.27322231423395227,0.33878804689798037,0.25572433117008386,0.13226530769798348
2018-01-31,0.2683581597117116,0.3449403138104853,0.25516884704702736,0.13153267943077573
2018-02-01,0.2697644927923817,0.3424516432922488,0.25570841736674665,0.1320754465486228
2018-02-02,0.2712975784100881,0.3404440905954496,0.25556909250227905,0.13268923849218311
2018-02-05,0.2858154788224769,0.3033978257120299,0.26506236342573325,0.14572433203975999
2018-02-06,0.3502413610227891,0.20127855734525418,0.27143085661977345,0.17704922501218337
2018-02-07,0.3610133917092514,0.19204963323115623,0.2639903330704535,0.18294664198913885
2018-02-08,0.36631467277683627,0.1887749255205133,0.2590418987752983,0.18586850292735208
2018-02-09,0.3848893682750334,0.17234698371136453,0.24766956305719184,0.19509408495641023
2018-02-12,0.3842180593737548,0.17141862455620555,0.24727138850587083,0.1970919275641688
2018-02-13,0.3852489715327928,0.16875574348820824,0.24833471995795736,0.1976605650210417
2018-02-14,0.3853803526189092,0.1684577757837028,0.24818321052963233,0.19797866106775575
2018-02-15,0.3865974643812769,0.16878416899669998,0.24598621261615944,0.19863215400586376
2018-02-16,0.38690540105049753,0.1689378172451201,0.24451240070266747,0.19964438100171483
2018-02-20,0.38701583696302905,0.16892183106102235,0.24442124301007773,0.19964108896587085
2018-02-21,0.3877175216030365,0.16860795074484825,0.24441075833083983,0.19926376932127554
2018-02-22,0.387783553570129,0.1685399062023126,0.24448485800443592,0.19919168222312256
2018-02-23,0.38790407054023474,0.16849414324097328,0.24442940506543642,0.19917238115335553
2018-02-26,0.3887035027068418,0.1684128913678903,0.24366776988262476,0.19921583604264323
2018-02-27,0.38882729002014343,0.1684814212971152,0.24340914050458773,0.19928214817815365
2018-02-28,0.3904127375697746,0.1691602411290289,0.24041421031556304,0.20001281098563337
2018-03-01,0.3906784617994779,0.1694052867510221,0.2397650985208412,0.20015115292865884
2018-03-02,0.39129887343639336,0.16919430114620473,0.2392159104720941,0.20029091494530782
2018-03-05,0.3922420954934921,0.16736421838358792,0.23970646734407985,0.2006872187788401
2018-03-06,0.39407660516403054,0.16526161028307185,0.23971455319190116,0.20094723136099651
2018-03-07,0.39415987662708574,0.16509561078495022,0.23975245197691142,0.2009920606110526
2018-03-08,0.3949413411223418,0.16492134962547866,0.23914271621626346,0.20099459303591607
2018-03-09,0.3950453020564667,0.16488618087548643,0.23914064566377885,0.20092787140426807
2018-03-12,0.40172806006480516,0.16312437416977407,0.23593576401886543,0.19921180174655545
2018-03-13,0.4011167215625184,0.16291988838848612,0.23553686564975518,0.20042652439924027
2018-03-14,0.4012082236663527,0.1628067158295481,0.23600091251905392,0.19998414798504527
2018-03-15,0.4011835620077586,0.16277816839455364,0.23607484464288828,0.19996342495479952
2018-03-16,0.40116712917750946,0.1627330308385283,0.2360493958052049,0.2000504441787573
2018-03-19,0.40058865138054095,0.16248076394304492,0.23565014200811613,0.20128044266829806
2018-03-20,0.40053934819639997,0.1612284098808744,0.23428358837968857,0.203948653543037
2018-03-21,0.4011919647052355,0.16087056733227142,0.23402992131667977,0.20390754664581334
2018-03-22,0.4018130146677865,0.16080203696526083,0.23332006454160284,0.2040648838253499
2018-03-23,0.40841866135337446,0.14770205729230398,0.23690476150353565,0.2069745198507859
2018-03-26,0.41261795423083886,0.1389649381759679,0.23917102479630378,0.2092460827968894
2018-03-27,0.4184513673037574,0.12657036103985692,0.2426674669876923,0.21231080466869337
2018-03-28,0.4190756082114135,0.12536951811133035,0.24054057870936005,0.21501429496789615
2018-03-29,0.4216475004959223,0.12461255677775246,0.23945276054646175,0.21428718217986356
2018-04-02,0.4279607356217726,0.12347877746494339,0.23794060072674256,0.2106198861865413
2018-04-03,0.4290032194832506,0.12377603371143794,0.23606634863710918,0.21115439816820233
2018-04-04,0.42930114224596283,0.12383706353519511,0.23558828038530039,0.21127351383354173
2018-04-05,0.43662067530539583,0.12186659941337573,0.2334321780075893,0.20808054727363923
2018-04-06,0.4368505333819171,0.12185160908905804,0.23328042633793256,0.20801743119109234
2018-04-09,0.43771880016246856,0.12172775600560165,0.23067964167802552,0.20987380215390436
2018-04-10,0.43210515756791845,0.11879391420194532,0.226058470630171,0.22304245759996522
2018-04-11,0.4314036383505449,0.11804825524459987,0.22088269896475007,0.22966540744010513
2018-04-12,0.42672572857116636,0.11314291323246566,0.2129479808088796,0.24718337738748836
2018-04-13,0.4268144692167383,0.11310534001562468,0.21318425786953593,0.24689593289810113
2018-04-16,0.4268493152315505,0.11310525691149154,0.21315484710334415,0.24689058075361375
2018-04-17,0.4312117642387402,0.11219897827673316,0.21177900477421646,0.2448102527103101
2018-04-18,0.42807028678982223,0.11102725734109402,0.20956710368117276,0.251335352187911
2018-04-19,0.43012999731668083,0.11198342884302565,0.21222276644578,0.24566380739451357
2018-04-20,0.43077583271538744,0.11214711562483712,0.21205042322758505,0.24502662843219036
2018-04-23,0.43193034218083165,0.11202317460584056,0.21166406910990734,0.24438241410342043
2018-04-24,0.4326514677572542,0.1119969242245755,0.21143222630093111,0.2439193817172391
2018-04-25,0.4333971058240998,0.11218010804059902,0.2123961452578772,0.24202664087742404
2018-04-26,0.4334730606951332,0.1121326218142857,0.21238258080901534,0.24201173668156573
2018-04-27,0.4352501137353526,0.11073805965457696,0.21173630484923978,0.24227552176083064
2018-04-30,0.43446137445013727,0.10921263779948343,0.2093859483582646,0.2469400393921147
2018-05-01,0.43760111918851663,0.10819552211242943,0.20813307103626508,0.24607028766278888
2018-05-02,0.4345183986526166,0.1055993407165343,0.20276155513370156,0.25712070549714755
2018-05-03,0.43540897998872335,0.1054072014562728,0.20239665237742685,0.256787166177577
2018-05-04,0.4358439261067064,0.10549778939740398,0.20270847483912025,0.2559498096567695
2018-05-07,0.43692541124978,0.10569620255602795,0.20343716648237317,0.2539412197118188
2018-05-08,0.4369546134931999,0.1055491628034169,0.20359116705482824,0.2539050566485549
2018-05-09,0.43698835436953054,0.10556289781936185,0.20348303199695372,0.25396571581415384
2018-05-10,0.4384358150479814,0.10602406004491449,0.20438917056866934,0.2511509543384347
2018-05-11,0.4397876331008981,0.10608954048622854,0.2027600924096935,0.2513627340031798
2018-05-14,0.44573192396665307,0.10494986069008526,0.2011599737369448,0.2481582416063168
2018-05-15,0.4491309109267862,0.10322128346858168,0.19837806715845244,0.24926973844617964
2018-05-16,0.4514273147659724,0.10287729197485226,0.1967520993378266,0.24894329392134867
2018-05-17,0.4557447953442681,0.10228353158739178,0.19451815483782697,0.24745351823051326
2018-05-18,0.45598293818032254,0.10229641181982602,0.19404136916192705,0.24767928083792437
2018-05-21,0.45599544009772014,0.1021712859997485,0.19373483608063105,0.24809843782190025
2018-05-22,0.4575850012728341,0.10243818393455795,0.19369458153904764,0.2462822332535603
2018-05-23,0.4611936999399885,0.10162146105808008,0.19220284685170683,0.24498199215022465
2018-05-24,0.46502493552503693,0.09875915915832714,0.18750320943682725,0.2487126958798088
2018-05-25,0.4668134178717971,0.09861814193950405,0.18705604041455626,0.2475123997741426
2018-05-29,0.4800369467205526,0.09773392232886405,0.18576057969349943,0.2364685512570839
2018-05-30,0.4809166331749156,0.09810655810168711,0.18385778882736464,0.23711901989603265
2018-05-31,0.4832501791444127,0.09717441733642351,0.18244588126317993,0.23712952225598394
2018-06-01,0.48953570241984806,0.09539445997195639,0.17937010371222928,0.2356997338959662
2018-06-04,0.49051048767361566,0.0937432553604461,0.17663777663192934,0.23910848033400897
2018-06-05,0.4858880193362831,0.0925795280306064,0.17544623529805206,0.24608621733505825
2018-06-06,0.4854005532634136,0.09204865938566097,0.17446518420753945,0.24808560314338593
2018-06-07,0.5067016662003898,0.08511100705878079,0.1622725079988271,0.24591481874200224
2018-06-08,0.5187251339540603,0.08128763535769656,0.15569698328786172,0.24429024740038136
2018-06-11,0.5395308159059911,0.0746833755395079,0.14395663069043416,0.2418291778640668
2018-06-12,0.5435692163250955,0.07387586441872893,0.14261799149010487,0.23993692776607067
2018-06-13,0.5416956022478988,0.0736158082366384,0.14224063098862288,0.24244795852683973
2018-06-14,0.6690982285762349,0.051655871497834835,0.10177525039742112,0.17747064952850913
2018-06-15,0.6492338386202026,0.057696715044849606,0.11169002148631008,0.1813794248486378
2018-06-18,0.6494308556959445,0.058691246286768216,0.11457347264861298,0.17730442536867436
2018-06-19,0.6461823086272579,0.05942938310334558,0.11803354911683073,0.17635475915256577
2018-06-20,0.6296057518144621,0.0649750997544145,0.1334447096394539,0.17197443879166951
2018-06-21,0.6275355375569718,0.06554285162405613,0.13425142662716044,0.1726701841918118
2018-06-22,0.6241946788443355,0.06695623781818434,0.1355074034917893,0.17334167984569082
2018-06-25,0.6250430638122076,0.06728963429055174,0.13402014764778386,0.1736471542494567
2018-06-26,0.6101826679493402,0.069993398240453,0.1417037054976054,0.1781202283126015
2018-06-27,0.6084974520849387,0.06996714698733833,0.14340510454201394,0.17813029638570896
2018-06-28,0.6038688708362739,0.06941130986538825,0.14572720840885706,0.18099261088948068
2018-06-29,0.6010077538931016,0.06930500812738342,0.14760581119833177,0.1820814267811832
2018-07-02,0.6014914758864889,0.06944726430641221,0.14707368955942093,0.181987570247678
2018-07-03,0.6012965809654643,0.0698288323922482,0.14610099504933413,0.18277359159295334
2018-07-05,0.5964544871704918,0.07035806425049637,0.14904122948092863,0.18414621909808324
2018-07-06,0.5922995482920439,0.07127580760095319,0.15053075011836145,0.1858938939886416
2018-07-09,0.5809489339032943,0.07260814201156429,0.1580377196569208,0.18840520442822076
2018-07-10,0.5807022856815962,0.07258764431064087,0.15838580876061892,0.1883242612471441
2018-07-11,0.5797066480491343,0.07259543499305843,0.15939558815053814,0.18830232880726921
2018-07-12,0.5871491460408701,0.07644898132407815,0.15583170461332427,0.18057016802172754
2018-07-13,0.5662298208997459,0.0812404573824485,0.16282485355459672,0.18970486816320892
2018-07-16,0.5661305095290851,0.08135571446841632,0.1628643581782952,0.18964941782420325
2018-07-17,0.5656329945490163,0.08185057362984557,0.16195813832135197,0.19055829349978623
2018-07-18,0.5653915747941887,0.08191390463734331,0.16211603020135565,0.19057849036711236
2018-07-19,0.5651859041641197,0.08201649579558418,0.16217302981666876,0.1906245702236273
2018-07-20,0.5651932699318393,0.08203388551170714,0.16209272583977366,0.19068011871667997
2018-07-23,0.5663513811887085,0.08173527438351459,0.16138271813734617,0.19053062629043077
2018-07-24,0.5662811874685046,0.08178900211079582,0.16135504634492667,0.19057476407577287
2018-07-25,0.5662960195250254,0.08186149920928218,0.16110336172612025,0.19073911953957207
2018-07-26,0.5496283864799979,0.08568227624129263,0.16632795355036867,0.19836138372834075
2018-07-27,0.5536690914171707,0.08481954995863548,0.16484804374937745,0.19666331487481642
2018-07-30,0.5363584857270022,0.08842814965570972,0.17137452712846138,0.20383883748882672
2018-07-31,0.5249595594974846,0.09047558930657686,0.17669342669498958,0.20787142450094892
2018-08-01,0.5184035748634193,0.10239731263741662,0.17439677202232134,0.20480234047684262
2018-08-02,0.508810024155823,0.11853718730701783,0.17159424277666918,0.2010585457604901
2018-08-03,0.4684502780831909,0.18072174445248637,0.16153778821252357,0.18929018925179916
2018-08-06,0.4680822048683838,0.18117027232563296,0.16104884178795756,0.18969868101802576
2018-08-07,0.4673480245544052,0.18139212529389714,0.16133594416221647,0.1899239059894811
2018-08-08,0.4665085530743746,0.18221512542397073,0.16145701412884433,0.1898193073728103
2018-08-09,0.4655530656875389,0.18169029358124023,0.16296264282858852,0.18979399790263232
2018-08-10,0.4650236740942558,0.18153567333063805,0.16380817125621666,0.18963248131888935
2018-08-13,0.45759058264496594,0.18413649231256532,0.16592362367407948,0.19234930136838924
2018-08-14,0.45686605932932417,0.18439107834238871,0.16612761994864217,0.19261524237964492
2018-08-15,0.4514051511298681,0.1847470157772356,0.17037245860727376,0.1934753744856225
2018-08-16,0.4499352863358439,0.18420243529474511,0.17122215926212964,0.19464011910728132
2018-08-17,0.4432878036429446,0.18326363359125059,0.17799268250696154,0.1954558802588432
2018-08-20,0.4416863856533173,0.1840136939939672,0.17803353067553682,0.1962663896771786
2018-08-21,0.44144081978619715,0.18358279525316493,0.17798458585715968,0.1969917991034783
2018-08-22,0.44142870047839833,0.18313543907815621,0.17837905886822447,0.197056801575221
2018-08-23,0.4409760822919285,0.18287937550008862,0.17776048864849905,0.19838405355948383
2018-08-24,0.4405276976003612,0.1830331807913951,0.17782636037540892,0.1986127612328348
2018-08-27,0.4279885817571448,0.17882030972180724,0.17706608305960703,0.2161250254614409
2018-08-28,0.4250889978920758,0.17918571743125902,0.17802436444597694,0.21770092023068824
2018-08-29,0.42239993525444397,0.17977742002492017,0.17935528494651407,0.2184673597741217
2018-08-30,0.4193439378811631,0.1807775008040432,0.1801046341116705,0.21977392720312322
2018-08-31,0.41499136355825944,0.18172999029532919,0.17966209079010312,0.22361655535630837
2018-09-04,0.414372794110306,0.18229989764626883,0.17965102039116643,0.22367628785225874
2018-09-05,0.4001885890411386,0.2020080817885676,0.17755371706712186,0.22024961210317195
2018-09-06,0.3969966544318582,0.2072857820888654,0.17727489410319364,0.21844266937608284
2018-09-07,0.39722053156628045,0.20487662456317682,0.17812350187950876,0.21977934199103405
2018-09-10,0.39331180665541204,0.2050150669727058,0.17807782062968516,0.22359530574219683
2018-09-11,0.39206837090028435,0.20568198327025888,0.178326669581756,0.22392297624770083
2018-09-12,0.3914892714178742,0.20205941550036868,0.17869127475094082,0.2277600383308163
2018-09-13,0.3876309820687046,0.20111099974953192,0.17746534045697168,0.2337926777247918
2018-09-14,0.3834409165981197,0.20251847417071375,0.1784383747691933,0.23560223446197318
2018-09-17,0.38268671759207945,0.20237920379282054,0.1788884207635926,0.23604565785150736
2018-09-18,0.37478204978910973,0.2001237547086461,0.17762786718677054,0.24746632831547366
2018-09-19,0.37227026463361707,0.19920580152121287,0.1809286103188441,0.24759532352632604
2018-09-20,0.3701514507808115,0.1988058740427606,0.18024667570357136,0.2507959994728566
2018-09-21,0.3621247733945769,0.20019155373865166,0.17999672927464488,0.2576869435921267
2018-09-24,0.3606801263820706,0.199822573738674,0.1820485849484438,0.2574487149308116
2018-09-25,0.35730687760918944,0.20029218497102028,0.18218688466093427,0.26021405275885595
2018-09-26,0.3567713497251394,0.19998580850126205,0.18312585524060226,0.26011698653299636
2018-09-27,0.357454498330493,0.2009329949463168,0.1828620947616566,0.25875041196153364
2018-09-28,0.35384447158969673,0.19906382638934933,0.18244789474566686,0.264643807275287
2018-10-01,0.3593877344027165,0.20089005606391513,0.1841620569956794,0.25556015253768893
2018-10-02,0.37017429036773875,0.20675591487397776,0.1896976802023182,0.23337211455596532
2018-10-03,0.36828086922537745,0.20541471332563194,0.18942776381439658,0.236876653634594
2018-10-04,0.3639131275154901,0.200262094092092,0.1858632741075143,0.24996150428490366
2018-10-05,0.3548510223557048,0.2037480750155559,0.19721429066084625,0.24418661196789312
2018-10-08,0.35024048021946513,0.20734378031596817,0.19958590347952834,0.24282983598503846
2018-10-09,0.34959805592429816,0.20815856335556152,0.19867573575074496,0.24356764496939542
2018-10-10,0.3507004080851213,0.20876975305162115,0.19940410617885868,0.2411257326843988
2018-10-11,0.3897379831914631,0.14313066384188108,0.21216651555751279,0.25496483740914294
2018-10-12,0.40360622864019796,0.12921226817034817,0.20346079685893084,0.263720706330523
2018-10-15,0.40400031375180445,0.12881066711907269,0.2035427208261343,0.2636462983029886
2018-10-16,0.404381019238538,0.12808844678130427,0.20354295014033424,0.26398758383982357
2018-10-17,0.41126825692209296,0.12361179658387883,0.19663655565735313,0.268483390836675
2018-10-18,0.41130952894904527,0.12355726565263332,0.19656225137372066,0.26857095402460074
2018-10-19,0.4118894743426093,0.12360246243452491,0.19539287638278863,0.26911518684007707
2018-10-22,0.41207291608498336,0.12360705962007375,0.19508701546244708,0.26923300883249573
2018-10-23,0.41286068886385324,0.12330628562175172,0.1935901659723576,0.2702428595420374
2018-10-24,0.4117223791724446,0.12225995826701495,0.19653528394127323,0.26948237861926727
2018-10-25,0.41372763943418933,0.11971952410497196,0.19576719368467108,0.2707856427761677
2018-10-26,0.41550314553224577,0.11983018306498515,0.19273734299709078,0.2719293284056783
2018-10-29,0.41883454255886127,0.12049671664281751,0.18627358898423194,0.27439515181408936
2018-10-30,0.41872817278758945,0.12044687143140863,0.1863766165264006,0.27444833925460116
2018-10-31,0.4193882837190699,0.12034553401527576,0.18540408327440097,0.27486209899125336
2018-11-01,0.4180302441367112,0.11984841432053672,0.1848995289759446,0.2772218125668076
2018-11-02,0.41826178775681455,0.11997479052997898,0.18456282523188616,0.27720059648132045
2018-11-05,0.4183212445522659,0.12304731422980965,0.1828398685122553,0.275791572705669
2018-11-06,0.41893264042164197,0.12458054998479379,0.18096861325206273,0.2755181963415014
2018-11-07,0.4184809439707691,0.12440969653415351,0.18096126435002594,0.27614809514505134
2018-11-08,0.41981694831275695,0.12483027001611192,0.17837745650999587,0.27697532516113527
2018-11-09,0.4206471206806704,0.12470594577157389,0.17814948495597702,0.27649744859177866
2018-11-12,0.4213568121778703,0.12427228982194531,0.17794539673790913,0.27642550126227533
2018-11-13,0.42334782686189354,0.12350650150378369,0.17653560769532406,0.27661006393899873
2018-11-14,0.42299187627252643,0.12339286639495928,0.17726140046686345,0.2763538568656508
2018-11-15,0.4232255084811953,0.12337455208620654,0.17695111002048833,0.27644882941210985
2018-11-16,0.4083782513788903,0.11760957034298089,0.17727635748550172,0.29673582079262706
2018-11-19,0.4160073621381244,0.11585560471163121,0.1751932531077504,0.292943780042494
2018-11-20,0.41631651566132416,0.11593742801872388,0.17440267589827754,0.29334338042167446
2018-11-21,0.4170792211512222,0.11589649024976435,0.17312207479931863,0.2939022137996949
2018-11-23,0.41708318199425054,0.11581732081046402,0.17306154700838924,0.2940379501868962
2018-11-26,0.4168169464900479,0.11569837229116008,0.1732098344941559,0.29427484672463616
2018-11-27,0.4173995341936959,0.11582052922758154,0.17215521802551484,0.2946247185532078
2018-11-28,0.41770061089841376,0.11547130474943464,0.17154643845855322,0.29528164589359834
2018-11-29,0.4193404298487919,0.11587036672904372,0.1682844059185658,0.29650479750359865
2018-11-30,0.419161922061202,0.11587387265012404,0.16850879089871235,0.29645541438996165
2018-12-03,0.42629701213796256,0.11352297208807871,0.1661420126162005,0.29403800315775835
2018-12-04,0.4269772718348292,0.11284185995276308,0.1638436299034601,0.29633723830894765
2018-12-06,0.4380779639553826,0.1114257440424115,0.1545945608165723,0.29590173118563345
2018-12-07,0.4453788215217826,0.11011351249819021,0.1509135417890973,0.2935941241909299
2018-12-10,0.4478798293510419,0.11038454653206754,0.14748125011059873,0.2942543740062919
2018-12-11,0.447968644800636,0.11085539467448907,0.14653146710669604,0.29464449341817894
2018-12-12,0.4525738355055115,0.1099497038203992,0.14532081041781156,0.2921556502562776
2018-12-13,0.4511636917344688,0.11011030577743072,0.1457941910103459,0.2929318114777545
2018-12-14,0.4515714899072785,0.11004956367517348,0.1456156558126337,0.29276329060491435
2018-12-17,0.45202368357152606,0.11010492325305025,0.14562828035641687,0.2922431128190069
2018-12-18,0.45152533613792795,0.11095859114261575,0.14376156242677676,0.29375451029267957
2018-12-19,0.4517294546567485,0.11097667968118625,0.1434856628733146,0.29380820278875075
2018-12-20,0.45714862693089686,0.10981186904657426,0.14202454261513847,0.29101496140739036
2018-12-21,0.4589213165330384,0.1098935887023297,0.1419483490876967,0.28923674567693514
2018-12-24,0.46346181333513126,0.10915671937455795,0.14068557975937193,0.28669588753093883
2018-12-26,0.4684896156675601,0.10911326682926616,0.13886730796809493,0.28352980953507895
2018-12-27,0.47496519783824726,0.10869869376029691,0.13847377181235843,0.2778623365890976
2018-12-28,0.4782450008646099,0.10825929233055893,0.13852986763850025,0.27496583916633094
2018-12-31,0.4813593605381132,0.10905829432528065,0.13941003599892454,0.2701723091376817
2019-01-02,0.48222875978854274,0.10945957691656333,0.13966479951336475,0.2686468637815293
2019-01-03,0.4825375794378197,0.10953856638822508,0.13999481637409675,0.2679290377998585
2019-01-04,0.4903959583850305,0.1112351885471836,0.1408704678355717,0.25749838523221424
2019-01-07,0.5007714472434843,0.11030482365051733,0.1395470304365488,0.24937669866944942
2019-01-08,0.5048764344084076,0.10945052315086266,0.13845865999844686,0.2472143824422829
2019-01-09,0.5091915327515523,0.10846934984832188,0.13754422900586444,0.24479488839426142
2019-01-10,0.5147920322748135,0.1070444350278121,0.13608045848206468,0.24208307421530972
2019-01-11,0.5186393699477173,0.10710461170749422,0.1360037422486167,0.23825227609617192
2019-01-14,0.5195072302649469,0.10695036230446527,0.13579031680213924,0.23775209062844863
2019-01-15,0.5237298013815679,0.10593223176558622,0.13469605181902894,0.23564191503381693
2019-01-16,0.5242187465598814,0.1054761048607922,0.13417517280469846,0.23612997577462802
2019-01-17,0.5246705327364506,0.1053446214066066,0.13363446663692685,0.23635037922001587
2019-01-18,0.5289468325520765,0.104423085841395,0.13274552512484375,0.23388455648168477
2019-01-22,0.5341575188200525,0.10476405012911687,0.1327549957011266,0.2283234353497041
2019-01-23,0.536853174029326,0.10495580017785726,0.131560771386575,0.2266302544062417
2019-01-24,0.5368036452856305,0.10494695216977666,0.13159663950343536,0.2266527630411575
2019-01-25,0.5476688588882721,0.10249337922693379,0.12883577655814257,0.22100198532665155
2019-01-28,0.5567033224776261,0.1038910630449168,0.13006594797239118,0.20933966650506594
2019-01-29,0.5616285715151954,0.10292406898957344,0.12880002123003584,0.20664733826519535
2019-01-30,0.5638620746080398,0.10269659310950878,0.12823904188683247,0.20520229039561882
2019-01-31,0.5707781149114551,0.10311000590840638,0.12933494688424074,0.19677693229589774
2019-02-01,0.5878015966742295,0.09895993135765531,0.12470375126972037,0.18853472069839478
2019-02-04,0.5890879068542891,0.0993439383928216,0.12498713373841278,0.1865810210144765
2019-02-05,0.5954584707955684,0.09769529975591464,0.12366315993304754,0.18318306951546956
2019-02-06,0.5938799052825027,0.09836056080733119,0.1242635020851926,0.18349603182497362
2019-02-07,0.5948619312449065,0.09947932222224595,0.1257564802209112,0.17990226631193637
2019-02-08,0.5950657018758677,0.09925333162584907,0.1253285276150294,0.18035243888325383
2019-02-11,0.5919392470734101,0.09902585125551007,0.1254448735477664,0.18359002812331343
2019-02-12,0.5862256456410259,0.0976435585865563,0.12364925481778166,0.19248154095463613
2019-02-13,0.5865057599467686,0.09775613273138219,0.1237762080985262,0.19196189922332302
2019-02-14,0.5860218552623618,0.09803957880177004,0.12376283068148557,0.19217573525438256
2019-02-15,0.6246055725408529,0.08735257939272043,0.11028576989689158,0.17775607816953515
2019-02-19,0.6321803457295375,0.08639339140427342,0.10747510705097285,0.1739511558152162
2019-02-20,0.6349934514858203,0.08766837459581737,0.10895559234599064,0.16838258157237154
2019-02-21,0.6341484112078568,0.08796671778902708,0.10924954421264298,0.16863532679047324
2019-02-22,0.6574861273587314,0.09969380192662851,0.09360304796435642,0.1492170227502837
2019-02-25,0.6304149703336447,0.1312644337192751,0.09519226736927486,0.14312832857780544
2019-02-26,0.6290720518110933,0.13459960730154835,0.0970388096229488,0.1392895312644097
2019-02-27,0.6272025120775087,0.1373611315469771,0.09680718632299766,0.13862917005251651
2019-02-28,0.5945333750982873,0.17118254682117293,0.09852256024836983,0.13576151783216994
2019-03-01,0.5944513474084588,0.17199921777966418,0.09869493250115564,0.13485450231072132
2019-03-04,0.593376379340998,0.1740635932061453,0.09944242599014877,0.13311760146270796
2019-03-05,0.5920829389274029,0.17541723705306983,0.09987246316104088,0.13262736085848625
2019-03-06,0.5910151370101618,0.1769424350962578,0.10047553233663582,0.13156689555694454
2019-03-07,0.5852843334367822,0.18638354014128167,0.09986830302824715,0.12846382339368895
2019-03-08,0.5483063789131369,0.24020118220215897,0.09445959585554654,0.1170328430291576
2019-03-11,0.5466481927236674,0.24472527576356617,0.0960527673010887,0.11257376421167772
2019-03-12,0.5733336801473413,0.19690615503893819,0.10938099461040064,0.12037917020331979
2019-03-13,0.5730119161883551,0.19674547038121165,0.10957851925007071,0.1206640941803625
2019-03-14,0.570980319809267,0.19911831564064833,0.11167414422217385,0.11822722032791078
2019-03-15,0.5703331013851914,0.20018989395398978,0.11133257661466811,0.11814442804615068
2019-03-18,0.5694789597960295,0.20028288366033567,0.11216181355575607,0.11807634298787884
2019-03-19,0.5681513657255396,0.20077936280543748,0.11293885441502978,0.11813041705399316
2019-03-20,0.5664917306187954,0.2008724400529787,0.11444473487593819,0.11819109445228768
2019-03-21,0.5660263948692915,0.20150061331495284,0.11492655083840915,0.11754644097734653
2019-03-22,0.5486967026132554,0.20806507032914212,0.1220154255186011,0.12122280153900132
2019-03-25,0.5085256787217354,0.22995040627294278,0.13479220438720374,0.12673171061811817
2019-03-26,0.5080573769831029,0.2300698633603721,0.13491527827509994,0.12695748138142493
2019-03-27,0.5052965645800614,0.2313906353873075,0.13669112133359154,0.1266216786990395
2019-03-28,0.5067930147102357,0.22933606527033218,0.13717576956249591,0.12669515045693613
2019-03-29,0.49714392510933175,0.23322378400400748,0.14034105805859529,0.12929123282806554
2019-04-01,0.4943220508780033,0.23663532943804172,0.14044227304989315,0.12860034663406184
2019-04-02,0.4954678376912103,0.23519423109439053,0.14161986186530026,0.12771806934909896
2019-04-03,0.49512034901362206,0.23554872436663607,0.1422278919532711,0.12710303466647085
2019-04-04,0.4936986520482102,0.2349995029563489,0.14497903110489022,0.12632281389055075
2019-04-05,0.49339612997350846,0.23663828274876902,0.14608828841905838,0.12387729885866415
2019-04-08,0.48218582098809903,0.24511288202873396,0.1511855980745594,0.1215156989086076
2019-04-09,0.4846250845623583,0.24735126331855561,0.15382797049855396,0.11419568162053222
2019-04-10,0.4792281904314425,0.25048441627684637,0.1561421016690367,0.11414529162267444
2019-04-11,0.4658791500499787,0.25852958782154156,0.1660873667732326,0.10950389535524703
2019-04-12,0.46087570703792646,0.2651085710455161,0.17014539134814352,0.10387033056841388
2019-04-15,0.4551537556250875,0.2642752277982937,0.17489425094916136,0.10567676562745763
2019-04-16,0.45222805618055406,0.26435855063406316,0.17777555842610243,0.10563783475928024
2019-04-17,0.4510357502801506,0.25502300557381746,0.18782193713310336,0.1061193070129287
2019-04-18,0.45661230734842834,0.2407856765986636,0.19514330555225629,0.1074587105006518
2019-04-22,0.45333734790451496,0.23845582142197574,0.20176048464047303,0.10644634603303632
2019-04-23,0.44951712544267425,0.23982318693392124,0.20426189938343559,0.10639778823996895
2019-04-24,0.43313232097354637,0.24581888484175896,0.21045896582484797,0.11058982835984668
2019-04-25,0.4317969575541032,0.24801108650818535,0.21048986715074677,0.10970208878696464
2019-04-26,0.4320395218910909,0.24766772023288905,0.21079290891586253,0.10949984896015758
2019-04-29,0.42891569177641475,0.2502884279370581,0.21185538333152887,0.10894049695499837
2019-04-30,0.426160802368261,0.24718031475265298,0.2200442525804354,0.10661463029865073
2019-05-01,0.42617788399743806,0.24854520265492383,0.21869072703270698,0.10658618631493096
2019-05-02,0.41762553494278337,0.25416343428948407,0.22127487264014112,0.10693615812759147
2019-05-03,0.41506673715414916,0.2573746883151726,0.22261603777238576,0.10494253675829247
2019-05-06,0.38648643989880327,0.27170308396904447,0.23183408426111843,0.10997639187103386
2019-05-07,0.3788284517306927,0.253872329395096,0.2529732814661822,0.1143259374080292
2019-05-08,0.3395733788606587,0.2781555357156386,0.257326826549867,0.12494425887383571
2019-05-09,0.33953495161541974,0.2780406185278933,0.25737649457263656,0.1250479352840504
2019-05-10,0.33644490162668195,0.27796399757677903,0.25862141143822237,0.12696968935831654
2019-05-13,0.33950839129022725,0.27416990437725636,0.2581327115753744,0.12818899275714205
2019-05-14,0.39323859015179624,0.18201657773285507,0.28516141643581444,0.1395834156795343
2019-05-15,0.39565655162477276,0.17550890724648624,0.2885029465873265,0.14033159454141442
2019-05-16,0.39517032925458445,0.17188112088978427,0.29202842720282074,0.1409201226528105
2019-05-17,0.39511658716251413,0.1718819179952348,0.2920426228842665,0.14095887195798454
2019-05-20,0.39710412848529203,0.17178468363284624,0.28940314186764843,0.14170804601421333
2019-05-21,0.39725552984203494,0.17283665453602914,0.2872438095156857,0.14266400610625019
2019-05-22,0.3984242270170422,0.1730781930102229,0.2847598206412685,0.14373775933146624
2019-05-23,0.39790725010513495,0.17312074671974262,0.2851982426029437,0.14377376057217872
2019-05-24,0.397437502479145,0.1735352347103878,0.2849114577148013,0.14411580509566607
2019-05-28,0.3973144034078671,0.17353387731386843,0.28495932755302456,0.14419239172523993
2019-05-29,0.39739848749322704,0.1736108653881052,0.2847525755531657,0.14423807156550217
2019-05-30,0.3971056686897716,0.17387802590381754,0.28454594699950647,0.14447035840690448
2019-05-31,0.39568210385128216,0.173668008009655,0.28548700279061123,0.14516288534845162
2019-06-03,0.3966220559005632,0.16882296449981363,0.2882443770619526,0.1463106025376706
2019-06-04,0.39906708529299156,0.16541167756818742,0.28829104063945415,0.1472301964993669
2019-06-05,0.405326507228442,0.1526545710339638,0.29178642217254547,0.15023249956504864
2019-06-06,0.40496159764014955,0.15153622366017142,0.29083484262965975,0.15266733607001925
2019-06-07,0.404976095548845,0.1515741953861331,0.29066658809805695,0.15278312096696492
2019-06-10,0.4046150393165954,0.15182529269263095,0.2905923297226731,0.1529673382681005
2019-06-11,0.4038267939416793,0.15235006818138522,0.2894584675791099,0.15436467029782563
2019-06-12,0.4039913233758598,0.15209197088054374,0.28974208717734673,0.15417461856624967
2019-06-13,0.40356706498860734,0.1517644442788947,0.2903012961191131,0.15436719461338488
2019-06-14,0.40359872912772615,0.15191889861385624,0.28997622458411376,0.15450614767430385
2019-06-17,0.4034561860748773,0.1517115503606979,0.29026348604690677,0.1545687775175181
2019-06-18,0.4029131693945166,0.1514165857091149,0.2896721945441307,0.15599805035223777
2019-06-19,0.4028985543107545,0.15116111699014143,0.2902812572787046,0.1556590714203995
2019-06-20,0.40215844046381977,0.1514669497208761,0.290442647740532,0.15593196207477214
2019-06-21,0.3981290634063829,0.15277071674910786,0.29228761551637483,0.1568126043281344
2019-06-24,0.39893718419145063,0.15437627380039043,0.2881390832034319,0.15854745880472695
2019-06-25,0.39914843153130813,0.1554049913726238,0.2899335078594175,0.15551306923665056
2019-06-26,0.3966797204560211,0.1562597530756412,0.29068318131500753,0.15637734515333016
2019-06-27,0.3942759406360747,0.15893039081547897,0.2898713749449185,0.15692229360352772
2019-06-28,0.396826368044204,0.15963391176310796,0.28932936851108565,0.15421035168160238
2019-07-01,0.39641879047638756,0.15921876085526737,0.28982406330918675,0.15453838535915837
2019-07-02,0.3965342776385766,0.15885674490947108,0.2902286964624573,0.154380280989495
2019-07-03,0.39753118295180145,0.1594681570277842,0.2877493861302016,0.15525127389021262
2019-07-05,0.39690598451477943,0.16014472579728026,0.28551413778972323,0.15743515189821705
2019-07-08,0.39628396892301004,0.16082833226650078,0.2865235433297573,0.15636415548073176
2019-07-09,0.3952233627558476,0.16077393690629754,0.2877881029791531,0.15621459735870172
2019-07-10,0.3952094831501964,0.1606981381613792,0.28759608098749706,0.15649629770092738
2019-07-11,0.3935358401590486,0.16002640874125432,0.2895798377871937,0.15685791331250326
2019-07-12,0.3925725469042036,0.16059843815763036,0.28922342562818854,0.1576055893099775
2019-07-15,0.3921424514785785,0.160629422511742,0.28934601328319626,0.1578821127264832
2019-07-16,0.3917761975594832,0.16042601091196712,0.2893078408171594,0.1584899507113903
2019-07-17,0.39034526234433675,0.16080937752577487,0.2890705062806279,0.15977485384926035
2019-07-18,0.38838532317631086,0.16082548089599122,0.2891809546112507,0.16160824131644713
2019-07-19,0.3843612009322566,0.16506949162153842,0.289080499554955,0.16148880789124995
2019-07-22,0.37820664918445973,0.1681064581871815,0.2902875071688551,0.16339938545950358
2019-07-23,0.377111517049671,0.16785286854996243,0.29127600648251706,0.1637596079178494
2019-07-24,0.3774958524192531,0.16848717413010184,0.28964069822313915,0.1643762752275058
2019-07-25,0.37689696561795943,0.16887841546928042,0.29003084273067914,0.16419377618208086
2019-07-26,0.37448793949619996,0.1701089222949056,0.2912062354846203,0.16419690272427417
2019-07-29,0.3737425816507284,0.17066690565977882,0.2908921694126282,0.1646983432768646
2019-07-30,0.37332088961296434,0.17045048859893522,0.29137920502941583,0.16484941675868459
2019-07-31,0.3731465472422566,0.17007637075349233,0.29224433189083043,0.1645327501134206
2019-08-01,0.371584003529429,0.17072189595849813,0.2920925598485358,0.1656015406635371
2019-08-02,0.3731798484842768,0.16742569305847332,0.2940599097671458,0.16533454869010406
2019-08-05,0.3737724044736123,0.16371832447445658,0.29577440714704906,0.16673486390488204
2019-08-06,0.38586290971303905,0.13720893864754158,0.30475024275532264,0.17217790888409668
2019-08-07,0.3892493014682192,0.13487335052194643,0.3025058936651828,0.17337145434465148
2019-08-08,0.3885023149767327,0.1351366333162128,0.30270166785916847,0.17365938384788598
2019-08-09,0.39261243251500233,0.12947441209422322,0.3021897760690503,0.17572337932172413
2019-08-12,0.39247610164163355,0.12918093603870534,0.3022743552899659,0.17606860702969535
2019-08-13,0.3905643571956727,0.12987914359611819,0.3039206602905482,0.1756358389176609
2019-08-14,0.3904873106266098,0.12981358023396466,0.3026912396176635,0.177007869521762
2019-08-15,0.39097640158609076,0.12921003378629867,0.30168341189753484,0.1781301527300757
2019-08-16,0.3864911200353425,0.1289694552785792,0.3001643549616534,0.1843750697244248
2019-08-19,0.38709317601790433,0.12877878339201335,0.2995964486640384,0.18453159192604388
2019-08-20,0.38565968312742616,0.12756755497960123,0.29780174835114875,0.18897101354182383
2019-08-21,0.382069316533142,0.1258402705817841,0.29409584186177734,0.19799457102329643
2019-08-22,0.38344397965452176,0.12564427146365315,0.2934244771824171,0.19748727169940797
2019-08-23,0.3837935135554945,0.12564251152444067,0.29293310742346895,0.19763086749659592
2019-08-26,0.3806671934601954,0.1255817686843805,0.2998882671782917,0.19386277067713242
2019-08-27,0.3802087963554199,0.12604425380996576,0.30017741795607333,0.19356953187854112
2019-08-28,0.3800184518579483,0.12668516176381803,0.30176950237210126,0.1915268840061324
2019-08-29,0.37950683241237815,0.12608025841605344,0.3026836840633461,0.19172922510822227
2019-08-30,0.383323866856833,0.1248596570344687,0.3013879441636623,0.19042853194503595
2019-09-03,0.38282722001902336,0.12411497897412598,0.3018097854010012,0.1912480156058495
2019-09-04,0.3829790693748648,0.1252797697206219,0.3047706439557588,0.1869705169487545
2019-09-05,0.3826253937798673,0.1248991740029028,0.30444757561145086,0.18802785660577903
2019-09-06,0.38494107907620784,0.13001834517365504,0.30084449693910625,0.18419607881103087
2019-09-09,0.38421468671438674,0.12976728098750745,0.30215012567506183,0.18386790662304395
2019-09-10,0.3849016408088416,0.1303545254915846,0.2992180543885917,0.18552577931098205
2019-09-11,0.3856338560042806,0.13090506494804088,0.2943078040320413,0.18915327501563728
2019-09-12,0.3936817177575134,0.12834442955084802,0.291643002781997,0.1863308499096415
2019-09-13,0.39617536682203647,0.12758696912406634,0.29041839215402804,0.1858192718998692
2019-09-16,0.42301006003517355,0.12075288808395436,0.2793123489936028,0.17692470288726928
2019-09-17,0.4244193487043069,0.12124103084846322,0.2766025169465087,0.17773710350072114
2019-09-18,0.42958181372061127,0.12064100812890168,0.2759030564341643,0.17387412171632272
2019-09-19,0.428833146439026,0.1206090685522392,0.27727447874974587,0.17328330625898897
2019-09-20,0.41226736082093424,0.1321883637350342,0.27601914371554515,0.17952513172848636
2019-09-23,0.41157651033575826,0.13448159155802558,0.27241396281721436,0.18152793528900166
2019-09-24,0.41099523621632933,0.13562546647707546,0.27224282193788407,0.181136475368711
2019-09-25,0.4127920568348673,0.13434889796488933,0.2709168974968911,0.1819421477033522
2019-09-26,0.4158715347342328,0.13468210841383554,0.2661425724225601,0.18330378442937145
2019-09-27,0.41597795268127474,0.13366352749057323,0.2679562276125958,0.18240229221555618
2019-09-30,0.4152737219321209,0.13180990641261833,0.2708154722192152,0.18210089943604563
2019-10-01,0.4164277000315443,0.13143880558598506,0.26974089981431454,0.1823925945681561
2019-10-02,0.41758386297254546,0.12915862574380174,0.2705719885941057,0.1826855226895471
2019-10-03,0.4192287378313337,0.12702232422157117,0.27032018014983417,0.1834287577972609
2019-10-04,0.4198304792303345,0.1259553758228987,0.2702407089462854,0.18397343600048152
2019-10-07,0.4207421782553891,0.12445341773701578,0.27067451631334993,0.1841298876942452
2019-10-08,0.4223170345810268,0.12461393539374606,0.2686784447426681,0.18439058528255906
2019-10-09,0.42283963838026867,0.12620173440524746,0.26714900876986963,0.18380961844461427
2019-10-10,0.4218301775444797,0.12760461902230905,0.2671252895226722,0.18343991391053907
2019-10-11,0.4206383199175297,0.13502748414538754,0.2620877971660264,0.18224639877105628
2019-10-14,0.4216163828763092,0.13594266025686452,0.2605720118347708,0.1818689450320554
2019-10-15,0.422057548499861,0.13601731438805084,0.2599354591032925,0.18198967800879567
2019-10-16,0.423489117133711,0.136055458857451,0.25811664893013864,0.1823387750786993
2019-10-17,0.42351081383863975,0.13557817434671177,0.25815857958255767,0.18275243223209076
2019-10-18,0.4233303477387512,0.13560410128603723,0.2582691586214322,0.18279639235377945
2019-10-21,0.4230770428106809,0.13563372274057417,0.2584411673000815,0.18284806714866336
2019-10-22,0.42336779019340964,0.13572021239515356,0.2578481088670809,0.18306388854435576
2019-10-23,0.4235848849414468,0.13579745500651966,0.25746099907119285,0.18315666098084074
2019-10-24,0.4238654277292937,0.13543982953466008,0.25802816912590865,0.18266657361013744
2019-10-25,0.4237973022079703,0.13544469755944788,0.2579606284258191,0.18279737180676267
2019-10-28,0.42451671885206094,0.13517936427013275,0.25781291766037573,0.1824909992174307
2019-10-29,0.43030218144181864,0.1339041998526866,0.2535543903833856,0.1822392283221091
2019-10-30,0.4306171228641542,0.132749951828071,0.25640304811601483,0.1802298771917599
2019-10-31,0.42908525341903614,0.1318315090464731,0.25150265925209436,0.1875805782823965
2019-11-01,0.43382302514816534,0.13141756595533313,0.24786971369278832,0.1868896952037132
2019-11-04,0.4344751825693699,0.12915164205415225,0.2493801516839893,0.18699302369248863
2019-11-05,0.4303708962078875,0.12781199158635248,0.24742851993894954,0.1943885922668104
2019-11-06,0.4312435863224772,0.12918899427880623,0.2436974316906448,0.19586998770807182
2019-11-07,0.4312987914449146,0.1293058082340208,0.24306583988662428,0.1963295604344404
2019-11-08,0.43423566266750296,0.12966293440234136,0.23891393859150667,0.1971874643386489
2019-11-11,0.43593182051578483,0.12871387392706793,0.2395718352289316,0.1957824703282156
2019-11-12,0.4361629567369138,0.12775553493419192,0.2379008250314022,0.19818068329749208
2019-11-13,0.43801479136747123,0.12740101121304473,0.23680063816349223,0.19778355925599175
2019-11-14,0.4382881680871727,0.12760946093279937,0.23647287326887936,0.19762949771114857
2019-11-15,0.43917459798682557,0.1276220251478411,0.23555696342326884,0.19764641344206454
2019-11-18,0.4372844682674804,0.1278233300889707,0.23688664719525587,0.19800555444829301
2019-11-19,0.43756666906011044,0.12777065833920648,0.2366833673101996,0.19797930529048358
2019-11-20,0.4378740425358269,0.1278426464280332,0.23619371007993237,0.19808960095620753
2019-11-21,0.43784315653761824,0.12802126438954042,0.23582230234236282,0.19831327673047872
2019-11-22,0.43730160714929633,0.12818235158734712,0.23589206621432063,0.19862397504903595
2019-11-25,0.44064580530457487,0.1270566423768751,0.233788725849962,0.19850882646858795
2019-11-26,0.4479886745989148,0.12427241022014751,0.23204719935399543,0.1956917158269424
2019-11-27,0.44693824517028474,0.12443395172795903,0.23158921519047912,0.19703858791127715
2019-11-29,0.44518322530831433,0.12439677260736906,0.23354626917944304,0.19687373290487353
2019-12-02,0.4432572201976824,0.12444477017222232,0.23375279803132487,0.19854521159877056
2019-12-03,0.4403097167086885,0.12538057743625147,0.23194168176568222,0.20236802408937776
2019-12-04,0.44151942394227023,0.12491865396428047,0.23200735682785453,0.20155456526559482
2019-12-05,0.43818094729418344,0.12532993489623234,0.23341446067393948,0.20307465713564468
2019-12-06,0.4397205925118614,0.12478179272031649,0.23295774760885413,0.20253986715896805
2019-12-09,0.44458449970925296,0.12090404776843539,0.22884453515389167,0.20566691736842002
2019-12-10,0.44153087529672974,0.12268159839232129,0.22807305605822326,0.20771447025272582
2019-12-11,0.44294271385372863,0.12470627556238266,0.22622304547304858,0.20612796511084006
2019-12-12,0.42240131301869577,0.16491010384325056,0.21557885179021352,0.19710973134784013
2019-12-13,0.4178478847990239,0.1727246321588788,0.21508489146479448,0.1943425915773029
2019-12-16,0.4189321937308958,0.17232391580368997,0.21439266391903322,0.19435122654638104
2019-12-17,0.3946191098496329,0.20636720160642238,0.21099315240759173,0.1880205361363531
2019-12-18,0.39400985917652787,0.2086437969490517,0.21048936465634524,0.18685697921807523
2019-12-19,0.3965789828866199,0.2061698715497518,0.2086599304063442,0.18859121515728425
2019-12-20,0.39627548836599025,0.20584792152129802,0.20887155900581594,0.18900503110689573
2019-12-23,0.3942486496198154,0.20436904653616272,0.20726972277786856,0.19411258106615342
2019-12-24,0.3976699621140341,0.20234092821436284,0.2064469692104174,0.19354214046118556
2019-12-26,0.3971529195985532,0.20192777398989228,0.20561111097557475,0.1953081954359798
2019-12-27,0.3931291551194916,0.2017109568057251,0.20431375754731226,0.20084613052747097
2019-12-30,0.3926829177685308,0.2010925186591459,0.2037814130268574,0.2024431505454659
2019-12-31,0.3874298680749153,0.20342080931546053,0.20608770645819904,0.20306161615142507
2020-01-02,0.3876755095110111,0.20331346050303664,0.20614667596071967,0.20286435402523262
2020-01-03,0.3712045293624647,0.20868809542506966,0.21010691249267613,0.21000046271978948
2020-01-06,0.36353645181663874,0.21194762245277815,0.21334374850301166,0.21117217722757145
2020-01-07,0.36249913535266853,0.20997959113357548,0.2110253960046011,0.21649587750915497
2020-01-08,0.36201767633664517,0.21005396915231433,0.21140341927218184,0.21652493523885877
2020-01-09,0.36807652817444875,0.2153148321482594,0.21517242345239235,0.20143621622489943
2020-01-10,0.3672072247084718,0.21582191117330568,0.21542666347180744,0.20154420064641512
2020-01-13,0.3641927611512578,0.21134191740305858,0.21088453013007658,0.21358079131560698
2020-01-14,0.36163889968294693,0.2114617974009805,0.2114151055310025,0.21548419738507016
2020-01-15,0.35726156292586986,0.19579460893212677,0.20800093646953305,0.23894289167247046
2020-01-16,0.3576423530527359,0.19602361237408647,0.2078146442160023,0.2385193903571754
2020-01-17,0.35881022428865983,0.1950555904220926,0.21057202682218226,0.23556215846706527
2020-01-21,0.35744706352991223,0.19370855694089542,0.21529301902304393,0.23355136050614847
2020-01-22,0.3553814249079515,0.19471781627501003,0.21896522788686906,0.23093553093016939
2020-01-23,0.35545107177839497,0.19421231375740416,0.21931978377449854,0.23101683068970225
2020-01-24,0.35303880270095994,0.19228943109361082,0.2258804103953501,0.2287913558100792
2020-01-27,0.34919416845471296,0.19204788264966544,0.23018255563599252,0.22857539325962925
2020-01-28,0.32983469446044006,0.19462893133555717,0.23489876400303733,0.24063761020096539
2020-01-29,0.3298821891802393,0.1903701663270499,0.2369505767792645,0.24279706771344625
2020-01-30,0.3303607671461807,0.19048637491392184,0.23753485196176924,0.24161800597812833
2020-01-31,0.3282859046737551,0.18911030868417547,0.24238663196338908,0.2402171546786803
2020-02-03,0.32709460639287846,0.17177486035066042,0.2509162266260197,0.2502143066304414
2020-02-04,0.32626959534722566,0.17352546148881756,0.25466687499299734,0.24553806817095938
2020-02-05,0.3273448221548155,0.16345655771627712,0.27057143825840035,0.23862718187050713
2020-02-06,0.3303609628899416,0.16221881367908283,0.2716027529017741,0.23581747052920143
2020-02-07,0.32837890228157923,0.16799098923504893,0.27080172459719865,0.23282838388617313
2020-02-10,0.3273037064636182,0.16910354649659323,0.2722723312597458,0.2313204157800429
2020-02-11,0.3223070409311591,0.17963297066504483,0.27260499749010064,0.22545499091369536
2020-02-12,0.31906628823822514,0.19207625305215614,0.27188018782431245,0.21697727088530627
2020-02-13,0.3166081961798456,0.1982292251682323,0.2726789496055912,0.21248362904633086
2020-02-14,0.3163372773551854,0.20772326528754056,0.273276211990727,0.20266324536654706
2020-02-18,0.31533409129835094,0.20870527841648842,0.27850143496347335,0.1974591953216872
2020-02-19,0.3154174458242082,0.2089012717350559,0.27910883959863725,0.19657244284209857
2020-02-20,0.31567469395326436,0.20909610923593797,0.2785324140244183,0.19669678278637928
2020-02-21,0.3140092482385517,0.2080514326806103,0.2874576655065744,0.19048165357426367
2020-02-24,0.31189149252589277,0.2069597184372492,0.29260054447867795,0.18854824455818003
2020-02-25,0.29967265092507833,0.2135168670482216,0.29259213602928597,0.19421834599741397
2020-02-26,0.33126389603871415,0.15712689927469647,0.2968530604295333,0.2147561442570561
2020-02-27,0.33099999911113026,0.15712768179371073,0.2973538869361898,0.21451843215896918
2020-02-28,0.35197242747345525,0.12783098637342188,0.2921906393677444,0.22800594678537855
2020-03-02,0.36706528309145153,0.13386729505035302,0.26181570550534455,0.2372517163528509
2020-03-03,0.37260730528622515,0.12266397218100823,0.26410500819228655,0.24062371434048005
2020-03-04,0.37265549593196295,0.12263779395769925,0.26415429980398203,0.2405524103063558
2020-03-05,0.37211605222019206,0.12280160831655483,0.2642086094593244,0.24087373000392875
2020-03-06,0.370689349973315,0.1230590016645312,0.2648730447115752,0.24137860365057875
2020-03-09,0.36769866867826645,0.12507138307024687,0.2619040850981189,0.24532586315336768
2020-03-10,0.3707187452585595,0.1272463461639047,0.25902455214153647,0.2430103564359993
2020-03-11,0.36168672303851984,0.13069652090509368,0.26542984455599283,0.24218691150039368
2020-03-12,0.3731014447773188,0.1356252588719368,0.23975184544118253,0.2515214509095619
2020-03-13,0.3801043510811417,0.13857170011797626,0.22395736280485246,0.25736658599602963
2020-03-16,0.3821287548656263,0.1383616648438615,0.2204116842679988,0.2590978960225134
2020-03-17,0.38160372208013216,0.13812277062006306,0.220704322770431,0.25956918452937383
2020-03-18,0.3820344391715939,0.13749645171122907,0.22198927626205098,0.2584798328551261
2020-03-19,0.38175276161353455,0.1373899677027155,0.22235749312349162,0.25849977756025827
2020-03-20,0.380173238231797,0.13681922904723123,0.22521646280374072,0.25779106991723116
2020-03-23,0.37997663277379784,0.1367545851996376,0.2254005671851217,0.2578682148414429
2020-03-24,0.37986117371912725,0.13668120780610554,0.22526860862089393,0.2581890098538733
2020-03-25,0.3797505105958673,0.1366160620067472,0.22545180165672676,0.2581816257406588
2020-03-26,0.3793079468656466,0.1364520500364596,0.22572783485882414,0.25851216823906953
2020-03-27,0.3789203313652063,0.13630644682011878,0.22652289427707806,0.2582503275375968
2020-03-30,0.38047142219663443,0.13600355123360355,0.2258740722556476,0.2576509543141144
2020-03-31,0.38049133778569233,0.13596707298077187,0.2259685474471783,0.2575730417863576
2020-04-01,0.38031388742056327,0.13590824393965292,0.22632832010948925,0.2574495485302946
2020-04-02,0.3810933969230133,0.13561170819972812,0.22613565360871032,0.2571592412685482
2020-04-03,0.38275465783030616,0.1354325985242469,0.22493121887418546,0.2568815247712614
2020-04-06,0.38280971826724836,0.13545926756831567,0.22480644831346822,0.2569245658509678
2020-04-07,0.3862824454801347,0.1353105777877951,0.22128925751142478,0.2571177192206454
2020-04-08,0.38673949791386125,0.135104312772143,0.2214413474490022,0.2567148418649935
2020-04-09,0.38758353214965774,0.1348990728407566,0.221060323434718,0.25645707157486775
2020-04-13,0.39002121952379665,0.13492907003154805,0.2183632429189273,0.256686467525728
2020-04-14,0.3944289915927811,0.13361002684617188,0.21711236478015014,0.25484861678089693
2020-04-15,0.39496426550433417,0.13346929440793956,0.21660977985884217,0.2549566602288841
2020-04-16,0.396286480829579,0.1334602366855671,0.2160992985933722,0.2541539838914817
2020-04-17,0.3962001819888616,0.13358570114067012,0.21611411283036502,0.25410000404010324
2020-04-20,0.398383087497604,0.1344470751989624,0.2147259381270169,0.2524438991764167
2020-04-21,0.39894546337345893,0.1343637070182868,0.21436949601610886,0.2523213335921455
2020-04-22,0.39915933801605563,0.1343990144885289,0.21432691264034712,0.25211473485506836
2020-04-23,0.3995206965397427,0.13488307818262574,0.21390491172408282,0.2516913135535488
2020-04-24,0.3994117126933368,0.1350112699073661,0.21378603082707215,0.25179098657222493
2020-04-27,0.39947145653725247,0.13500938382921537,0.21385983306209438,0.25165932657143775
2020-04-28,0.40068483391239673,0.13418707581301006,0.21264853986688262,0.2524795504077106
2020-04-29,0.40042147020130797,0.1341153451980921,0.21250018120266828,0.25296300339793165
2020-04-30,0.40032244405276896,0.1340594209858138,0.21225160936645077,0.25336652559496653
2020-05-01,0.39866540306727016,0.1347831832390054,0.21256310297782344,0.25398831071590106
2020-05-04,0.3985197256935883,0.13479982895703024,0.21253546324201195,0.25414498210736947
2020-05-05,0.39849690264822085,0.13472295833057782,0.2124445756392915,0.2543355633819098
2020-05-06,0.3983462188531291,0.13465470500121837,0.21260102433039998,0.2543980518152525
2020-05-07,0.39728679343054507,0.1338791568821698,0.2116332333821856,0.2572008163050995
2020-05-08,0.3956482686635592,0.13466866816089781,0.21184718009148598,0.2578358830840571
2020-05-11,0.397052228182485,0.13408602255790425,0.21087143971996292,0.25799030953964786
2020-05-12,0.3964991157684792,0.1341603504350092,0.21103093875033602,0.2583095950461757
2020-05-13,0.4044309011745231,0.1305450640060734,0.20632355865611746,0.2587004761632859
2020-05-14,0.407924736109405,0.12929454423824727,0.2040674070603876,0.2587133125919602
2020-05-15,0.4071823902786438,0.12921964123139612,0.20438550905893152,0.2592124594310286
2020-05-18,0.40743147715813954,0.12924270928262166,0.2042524917166576,0.2590733218425812
2020-05-19,0.39624491130205663,0.12697636666638124,0.2005551705805854,0.27622355145097677
2020-05-20,0.3968250414346243,0.12700030175331742,0.20016201585272722,0.2760126409593311
2020-05-21,0.3967452407498296,0.12701280221733746,0.2001981960520333,0.2760437609807997
2020-05-22,0.40029550391456276,0.12718601850924868,0.19990558434916833,0.2726128932270202
2020-05-26,0.4007333314080378,0.1272818080101752,0.19984847229088387,0.27213638829090314
2020-05-27,0.39955772756432567,0.12809401252293134,0.20091837378289665,0.27142988612984636
2020-05-28,0.4025506745618825,0.12748580250426284,0.20014968616774628,0.2698138367661084
2020-05-29,0.4037800497439887,0.12708705137360313,0.19955053451796753,0.26958236436444055
2020-06-01,0.41001343162410364,0.12827621861681407,0.2007052049747832,0.2610051447842991
2020-06-02,0.41267462823458295,0.12907414283369212,0.20172282324745103,0.2565284056842739
2020-06-03,0.41252990475587514,0.12913292115354053,0.20183475129747558,0.2565024227931088
2020-06-04,0.4116702828779035,0.12968021854568781,0.2016300473751,0.25701945120130865
2020-06-05,0.42389090015744135,0.12660256133380587,0.1960745191273437,0.253432019381409
2020-06-08,0.42708162865889865,0.12725782272396552,0.1946583024917619,0.2510022461253739
2020-06-09,0.42805356978488895,0.1282588709553599,0.19576355340756305,0.24792400585218805
2020-06-10,0.42748909706995425,0.12860065864759304,0.19581588841823588,0.24809435586421677
2020-06-11,0.43842889267741764,0.13342951450550417,0.19472991119799704,0.2334116816190812
2020-06-12,0.45718721247927396,0.14726164892048468,0.21297573418697258,0.18257540441326875
2020-06-15,0.4552238272283078,0.1502876498155268,0.21198319576253402,0.18250532719363144
2020-06-16,0.45369112230750425,0.1513263011948277,0.21215717449171878,0.1828254020059492
2020-06-17,0.4561567361811191,0.14870669502636003,0.21287319412457112,0.1822633746679498
2020-06-18,0.4561475814320751,0.14859841390655823,0.2128381132790394,0.18241589138232714
2020-06-19,0.4610275680902682,0.14668794327585086,0.2105860015398698,0.18169848709401112
2020-06-22,0.4599792063133026,0.14664503511429255,0.2099119384647659,0.18346382010763904
2020-06-23,0.4603526068646848,0.14677902701539086,0.2100398741203723,0.18282849199955206
2020-06-24,0.45874097535273617,0.14658676220196204,0.20951579524982142,0.18515646719548043
2020-06-25,0.4608020036325441,0.14720193516742694,0.21058939651435735,0.18140666468567168
2020-06-26,0.46131822543611856,0.14698959926628125,0.21077300155204415,0.18091917374555602
2020-06-29,0.46151803416064663,0.14768457754436617,0.2121528431230052,0.17864454517198194
2020-06-30,0.46129197718854015,0.1477405972429541,0.21222177790216737,0.17874564766633852
2020-07-01,0.4592777704929641,0.14842657568415235,0.21321323554973487,0.1790824182731488
2020-07-02,0.4775888707261535,0.1432405781906535,0.20718062299031267,0.17198992809288044
2020-07-06,0.4654428119410176,0.16599544965966423,0.2048583252362338,0.16370341316308437
2020-07-07,0.46551833453571184,0.1687445166197594,0.20803723590618362,0.15769991293834523
2020-07-08,0.42110324628451207,0.2438653507625017,0.19301559450700254,0.14201580844598366
2020-07-09,0.4158635646031525,0.2405775701723413,0.20674739399515893,0.13681147122934714
2020-07-10,0.32036242873310616,0.41427945115515763,0.16045935670085204,0.1048987634108842
2020-07-13,0.32009671473946255,0.41449956691152495,0.1605880484403977,0.10481566990861473
2020-07-14,0.31903984436528837,0.4153193190459419,0.16109600135514648,0.10454483523362333
2020-07-15,0.32124780312895823,0.4143594655449619,0.1606595981950407,0.10373313313103924
2020-07-16,0.33039903883647914,0.4068281004837705,0.16137703615395296,0.10139582452579733
2020-07-17,0.33259321569833566,0.403695693185294,0.16467161769346253,0.0990394734229078
2020-07-20,0.3540075222312613,0.3902308505773635,0.1591503695993872,0.09661125759198788
2020-07-21,0.34100781931991464,0.38040934763299006,0.18734525268872157,0.09123758035837377
2020-07-22,0.32566908957547375,0.3605833446894492,0.2302904014195414,0.08345716431553571
2020-07-23,0.3196384172151504,0.35901513062118856,0.24280466098661088,0.07854179117705026
2020-07-24,0.31490757417929094,0.3625846083471625,0.24436259506845717,0.07814522240508932
2020-07-27,0.31479203933988287,0.3630712477783157,0.24392392777549216,0.07821278510630941
2020-07-28,0.30819313904792306,0.37232034022562804,0.2443320894600801,0.07515443126636885
2020-07-29,0.3066812695290665,0.373495897671009,0.24449163130841217,0.07533120149151243
2020-07-30,0.2973025280872764,0.378783878048917,0.2475315088925286,0.07638208497127792
2020-07-31,0.29600145678164963,0.3806596111270708,0.24706526632545234,0.07627366576582734
2020-08-03,0.2923713391746959,0.38303491966437214,0.24784148403543443,0.0767522571254975
2020-08-04,0.29063712291894195,0.38393586403674823,0.24849379543715658,0.07693321760715338
2020-08-05,0.28328774272587093,0.39188509045561465,0.24719037352612458,0.07763679329238994
2020-08-06,0.2825750493029039,0.39288788683227927,0.247126460344558,0.07741060352025889
2020-08-07,0.2780303768325691,0.39676396790899104,0.24764701481968207,0.07755864043875776
2020-08-10,0.269895945130769,0.40687412810296636,0.24779483542074243,0.07543509134552229
2020-08-11,0.2697056849361092,0.4071906120712973,0.24766872444818153,0.07543497854441204
2020-08-12,0.2574141722580347,0.4397606765396093,0.22520563204707744,0.07761951915527861
2020-08-13,0.2584839055120493,0.4323745783149755,0.23011433739565743,0.0790271787773177
2020-08-14,0.25822167786107025,0.4319742206764953,0.23078604674581285,0.07901805471662168
2020-08-17,0.2579177644465135,0.4321016147843872,0.2309294296977066,0.0790511910713926
2020-08-18,0.2568515125299109,0.4353650603936828,0.2295350494673413,0.0782483776090651
2020-08-19,0.2556167398895127,0.43349472552772994,0.23301916380717932,0.0778693707755779
2020-08-20,0.2565788359069817,0.43909661667414523,0.2262065131733529,0.07811803424552018
2020-08-21,0.25649459377050576,0.43916288482994154,0.22628711211328678,0.07805540928626578
2020-08-24,0.2566354434995979,0.43945358738613305,0.2259421193813968,0.07796884973287234
2020-08-25,0.2539329936239338,0.4413276851395062,0.22651676955636982,0.07822255168019014
2020-08-26,0.25333235094829765,0.43917176331560626,0.2294460307281318,0.07804985500796438
2020-08-27,0.2508956075332567,0.4411398438352419,0.22965918563665585,0.07830536299484567
2020-08-28,0.2503471635891344,0.44217011467808937,0.22908032234088868,0.0784023993918876
2020-08-31,0.2491007628879067,0.4427826785813866,0.22964980741747218,0.07846675111323434
2020-09-01,0.24764818153397256,0.4433525383663535,0.2305614234421886,0.07843785665748539
2020-09-02,0.24458117033851068,0.44525371309421813,0.2315693447889666,0.07859577177830465
2020-09-03,0.24397432426851892,0.44527421305720194,0.23214619381706147,0.07860526885721758
2020-09-04,0.22120357719092287,0.46898401427946634,0.22888388638463592,0.0809285221449749
2020-09-08,0.21859823530955105,0.47066777075773514,0.22957306294750665,0.08116093098520719
2020-09-09,0.21931395119324956,0.472644041251339,0.227028568393675,0.08101343916173635
2020-09-10,0.2263652001927125,0.459402865152773,0.23017650689000121,0.08405542776451315
2020-09-11,0.26739907103057736,0.3629065364183939,0.2699590484434265,0.09973534410760232
2020-09-14,0.26713008132059934,0.3628286666744879,0.2702356075805138,0.09980564442439899
2020-09-15,0.29139684317848197,0.3077826058225064,0.29220580889371706,0.10861474210529462
2020-09-16,0.29671207871441563,0.29459713514148544,0.2983991900691744,0.11029159607492449
2020-09-17,0.2970847997652044,0.2942441217828118,0.29848002945210184,0.11019104899988193
2020-09-18,0.29786433190426886,0.29460097051407397,0.297194172088453,0.11034052549320414
2020-09-21,0.2977426092578274,0.2950532878874981,0.2967643241513015,0.11043977870337313
2020-09-22,0.3008894174447852,0.29308320801981563,0.2935880956444851,0.112439278890914
2020-09-23,0.30220385927246046,0.28984158053050846,0.29516014632813375,0.11279441386889731
2020-09-24,0.3216588297760838,0.25884418783128155,0.29909681029990415,0.1204001720927304
2020-09-25,0.3221865975988543,0.25838902506979333,0.2991400610926332,0.1202843162387191
2020-09-28,0.32618379909899686,0.24981251716125036,0.30231871242033864,0.1216849713194141
2020-09-29,0.33090374497579206,0.24399774876476282,0.3016647293145691,0.12343377694487592
2020-09-30,0.3304589792894312,0.24325220200079978,0.3025016989575348,0.12378711975223414
2020-10-01,0.33048955376962663,0.2431591035625919,0.30260241341356353,0.12374892925421789
2020-10-02,0.3315175702937382,0.24276144223070295,0.3019037019681512,0.12381728550740759
2020-10-05,0.33253425003589837,0.24350662494866784,0.2997228496678276,0.12423627534760621
2020-10-06,0.3344209207990952,0.24488892940932044,0.2957613505472464,0.1249287992443379
2020-10-07,0.3345991798419522,0.24483610690910754,0.2949110586091723,0.12565365463976796
2020-10-08,0.3359601984240757,0.24582309574121608,0.29174198992269484,0.12647471591201329
2020-10-09,0.33650273721110036,0.24601514314137374,0.2908785864775173,0.12660353317000866
2020-10-12,0.3374202351361377,0.2451149827726985,0.291213099743674,0.1262516823474897
2020-10-13,0.33841159670122284,0.24570409307228322,0.28931557168385436,0.12656873854263972
2020-10-14,0.33748975228131783,0.24518234163570998,0.29090412980706487,0.12642377627590726
2020-10-15,0.3378157797540222,0.24522876178105632,0.2901743789368046,0.12678107952811676
2020-10-16,0.3375055755942456,0.24540767556473972,0.2902142412682459,0.12687250757276872
2020-10-19,0.33751125867526355,0.24456778263196366,0.2903054821954372,0.12761547649733554
2020-10-20,0.33819314386077104,0.2398773039390541,0.2830454449293458,0.13888410727082903
2020-10-21,0.33690686079850235,0.2432415732492711,0.28120012018044693,0.13865144577177965
2020-10-22,0.33681238305485933,0.24329403147197978,0.2811072441183005,0.1387863413548603
2020-10-23,0.3342164360590039,0.24935228338127702,0.27853182645446495,0.13789945410525406
2020-10-26,0.33411068875587246,0.24962769890247388,0.2783066884405423,0.13795492390111144
2020-10-27,0.33677453956121584,0.24645575756578814,0.27683959247455653,0.13993011039843953
2020-10-28,0.33685974230205784,0.2458390471591297,0.2773870004995732,0.1399142100392392
2020-10-29,0.34898413744330353,0.23091341232995513,0.2736421210727532,0.14646032915398816
2020-10-30,0.3533184472828618,0.22315948273476238,0.27532443821682173,0.1481976317655541
2020-11-02,0.36000708711187174,0.20902082230835034,0.27755963527329186,0.15341245530648615
2020-11-03,0.3636043696329318,0.20857641228586124,0.2725968894003597,0.15522232868084718
2020-11-04,0.3654961901660305,0.20427755962727426,0.27300649512826064,0.15721975507843453
2020-11-05,0.36676141340860513,0.20574483231867538,0.26840750753993914,0.15908624673278046
2020-11-06,0.3679722998844121,0.20614583274199486,0.2672992200431947,0.15858264733039842
2020-11-09,0.36786165129377635,0.20604557709454152,0.26732272360644793,0.15877004800523437
2020-11-10,0.3662772485204681,0.2067792026059341,0.2670635157911661,0.15988003308243162
2020-11-11,0.3662128152056867,0.20565205586301089,0.2655516964959864,0.16258343243531603
2020-11-12,0.3661416513550807,0.20585465130916736,0.2658471644984316,0.16215653283732032
2020-11-13,0.3634025888217293,0.20640437172229686,0.2654594019266568,0.16473363752931697
2020-11-16,0.35672732488643144,0.2084643026221839,0.2679221279350337,0.1668862445563509
2020-11-17,0.3548378937238924,0.20989644052442546,0.26828833345474357,0.1669773322969387
2020-11-18,0.3555115867894878,0.2098045807999153,0.2681720412334963,0.1665117911771007
2020-11-19,0.35335186467312785,0.21051159926774485,0.2690521838276373,0.16708435223148993
2020-11-20,0.35294508589361967,0.2105396031563648,0.2691053389486064,0.16740997200140917
2020-11-23,0.3525644825445969,0.2099080132020166,0.26858860861724554,0.168938895636141
2020-11-24,0.35260953776233306,0.20986521836662758,0.26870088127433417,0.16882436259670514
2020-11-25,0.3476574200079089,0.21170180276969316,0.26690786754261625,0.17373290967978158
2020-11-27,0.346064526109331,0.2106445007803298,0.26606754744684463,0.17722342566349444
2020-11-30,0.34297160351779094,0.208181836276898,0.2637894839283172,0.18505707627699397
2020-12-01,0.3387611150320034,0.21059931897947812,0.26259665797063547,0.18804290801788287
2020-12-02,0.3346830661945366,0.21235149578207865,0.2632965824522462,0.18966885557113836
2020-12-03,0.3308646687793174,0.20788906139968696,0.25918656070398555,0.20205970911700996
2020-12-04,0.33094620924892504,0.20803091402336818,0.2592311384787651,0.20179173824894167
2020-12-07,0.331205581368351,0.20848206400128924,0.25887995718053824,0.20143239744982147
2020-12-08,0.3308658383434869,0.2080063983171324,0.25859912016771136,0.2025286431716693
2020-12-09,0.33179021156349897,0.2076120678159477,0.2583540141335473,0.20224370648700601
2020-12-10,0.33069370347969695,0.20884820309305396,0.25854836923740815,0.20190972418984107
2020-12-11,0.33221772813467887,0.20776572518024325,0.2585397597430949,0.2014767869419831
2020-12-14,0.3316272442873219,0.20738764841194,0.2580338534691714,0.20295125383156673
2020-12-15,0.33255289901307505,0.20597158937742896,0.25656902695043293,0.20490648465906303
2020-12-16,0.32529181941627927,0.20293089209064083,0.25292223755188614,0.21885505094119378
2020-12-17,0.32483719887785467,0.20302890120773273,0.2530545972608116,0.21907930265360104
2020-12-18,0.32126942006078857,0.19243169140865263,0.25388153473557096,0.23241735379498774
2020-12-21,0.3209783888597315,0.19200648418017968,0.2527385897911283,0.23427653716896055
2020-12-22,0.3182391623439884,0.19341539003720465,0.25512384520012404,0.23322160241868298
2020-12-23,0.31954596237389593,0.19385478642022022,0.256075640515752,0.2305236106901319
2020-12-24,0.3154625828643252,0.18987818286451089,0.2535878369658287,0.24107139730533533
2020-12-28,0.315756206283763,0.18990000044645966,0.25421689113666807,0.24012690213310933
2020-12-29,0.3123002038407872,0.18749631948944412,0.25644141549896127,0.2437620611708075
2020-12-30,0.3122257019456488,0.1874887196309551,0.2561501295007154,0.24413544892268066
2020-12-31,0.3121897360171672,0.1859935056558891,0.25675400041960483,0.24506275790733895
2021-01-04,0.3133016321527505,0.1850631446092947,0.25594252103584586,0.24569270220210887
2021-01-05,0.31157092917653695,0.18608545553543931,0.25757243606118,0.2447711792268437
2021-01-06,0.32264559288847205,0.19695909694326805,0.27064891010514863,0.20974640006311115
2021-01-07,0.32309257196737134,0.19670732269822858,0.27122810069838627,0.2089720046360138
2021-01-08,0.32176063340759764,0.19640895161582414,0.2716600121762464,0.2101704028003318
2021-01-11,0.3188828842806497,0.19878374276429958,0.27091698287512533,0.21141639007992535
2021-01-12,0.3210274844179883,0.20349988519911832,0.27496488581629364,0.2005077445665998
2021-01-13,0.3217294032291866,0.20396640836664698,0.2753863975879515,0.1989177908162148
2021-01-14,0.3377533812152005,0.1938325747997371,0.2707353082421171,0.19767873574294528
2021-01-15,0.3405767593799728,0.19301594909783673,0.26986658371434724,0.19654070780784325
2021-01-19,0.3379662687752286,0.19406501060596615,0.27297128123068964,0.19499743938811556
2021-01-20,0.33655519601882616,0.19532578990941396,0.27459089672245834,0.19352811734930156
2021-01-21,0.32829181644933547,0.20552148561470954,0.2736813698723258,0.1925053280636292
2021-01-22,0.32846062938884163,0.2055015614675251,0.27361095005928737,0.19242685908434598
2021-01-25,0.3233096348066826,0.2166061464058679,0.2717568390436254,0.18832737974382407
2021-01-26,0.32132820543545465,0.22068856430097156,0.2710285516453769,0.18695467861819687
2021-01-27,0.3230677299672621,0.21741629069744137,0.27174330270052477,0.18777267663477173
2021-01-28,0.31170896330230197,0.2230280260982042,0.2723268463669113,0.1929361642325824
2021-01-29,0.31211737738250084,0.2215612637105091,0.27294659186952663,0.19337476703746345
2021-02-01,0.31134675760318975,0.2109936660688046,0.27814554859245205,0.19951402773555357
2021-02-02,0.3114486755793665,0.2067980377954687,0.2790332828103145,0.2027200038148504
2021-02-03,0.305971686019806,0.21002495867981988,0.2838974827447574,0.20010587255561665
2021-02-04,0.30669544692278633,0.21013008776340172,0.2836138648698562,0.19956060044395574
2021-02-05,0.3045129772866983,0.21401454033790124,0.28269268784240664,0.1987797945329938
2021-02-08,0.30265374448745325,0.2175314933872919,0.28272028402447985,0.1970944781007751
2021-02-09,0.30278110501795075,0.21833548983503911,0.2830351468458245,0.19584825830118568
2021-02-10,0.30285653929820705,0.21841555672225538,0.28275450888569936,0.19597339509383827
2021-02-11,0.30282122835030767,0.21836004721257077,0.28329320262273266,0.19552552181438876
2021-02-12,0.30195988077538904,0.21778716533499357,0.2851889895006981,0.19506396438891924
2021-02-16,0.301315789797946,0.21781879343658148,0.2877245995347101,0.19314081723076237
2021-02-17,0.30118623926366284,0.21770303333189467,0.2883386589779979,0.19277206842644462
2021-02-18,0.3003207313071355,0.21725476003085809,0.29001862141166496,0.19240588725034158
2021-02-19,0.3002691930253557,0.21880271170883805,0.29020173463960386,0.19072636062620232
2021-02-22,0.30030764944709537,0.21849086159346848,0.29070088537961075,0.19050060357982546
2021-02-23,0.2995119517566955,0.21737169382847502,0.2928971517407588,0.1902192026740708
2021-02-24,0.2988002514855664,0.2173068080628787,0.2936729953884057,0.19021994506314918
2021-02-25,0.2992824423775105,0.21456168727427577,0.2962580419778382,0.18989782837037558
2021-02-26,0.298824899654356,0.2130949874418525,0.2957324045129149,0.1923477083908767
2021-03-01,0.29963178778251803,0.21688334220921388,0.29383648339778634,0.18964838661048175
2021-03-02,0.30150110116928835,0.21196360715946821,0.29659456013999397,0.18994073153124943
2021-03-03,0.3012243548342533,0.21207198315075293,0.29680282981083295,0.18990083220416085
2021-03-04,0.3009177958216199,0.2123054913795209,0.29710081980729025,0.18967589299156884
2021-03-05,0.30065945574338393,0.21269313825729472,0.29697232412509117,0.18967508187423024
2021-03-08,0.30146982903492237,0.2133032446317351,0.29475014220190976,0.19047678413143274
2021-03-09,0.3029752142074183,0.2162489275165405,0.2909927161873209,0.18978314208872019
2021-03-10,0.30328005448401407,0.21679798939027614,0.29008709143176453,0.18983486469394542
2021-03-11,0.2953668677226027,0.223763649330502,0.29617005915771516,0.18469942378918017
2021-03-12,0.2948565020232514,0.2317237872674289,0.28913637789960445,0.1842833328097154
2021-03-15,0.289596026652123,0.24677498814025445,0.28310308721762667,0.18052589798999588
2021-03-16,0.28699570022561177,0.24790275543273674,0.28629591004355964,0.17880563429809204
2021-03-17,0.28476423045325844,0.2535151839087814,0.28440539486213273,0.1773151907758276
2021-03-18,0.2833043590020015,0.2520439895142104,0.2886006033895132,0.176051048094275
2021-03-19,0.288167804756206,0.2538292473104115,0.2783642116261635,0.1796387363072191
2021-03-22,0.28905399702476,0.25488019303144877,0.27565333494615574,0.18041247499763563
2021-03-23,0.28954564764867924,0.25419679223116753,0.27595156471860066,0.1803059954015527
2021-03-24,0.29167873941213224,0.25598320381306355,0.26915995312058394,0.18317810365422035
2021-03-25,0.2914347225482018,0.2550490133082673,0.2692928228364121,0.18422344130711885
2021-03-26,0.29385822078207646,0.2524536925562509,0.2691600215643739,0.18452806509729877
2021-03-29,0.3003276462604525,0.24693884490250254,0.2655192490109575,0.18721425982608744
2021-03-30,0.30106383777437196,0.24540081915472048,0.26565922690969634,0.18787611616121114
2021-03-31,0.3010204941536953,0.2452947471427527,0.2647190763641209,0.18896568233943112
2021-04-01,0.3023326320551048,0.2447028291715318,0.2639370517966656,0.18902748697669775
2021-04-05,0.3020199861818541,0.24544495522825757,0.26282792377837877,0.18970713481150958
2021-04-06,0.30125839114807257,0.24542560345419082,0.26233847470584154,0.1909775306918951
2021-04-07,0.300897795799721,0.24537826979872424,0.2621312915248554,0.19159264287669947
2021-04-08,0.30343065629114774,0.24350245315477592,0.26267633754966396,0.19039055300441238
2021-04-09,0.30339697458075776,0.2435224199883924,0.262193745382438,0.19088686004841193
2021-04-12,0.30356605929563907,0.24379830110847803,0.26168825877588214,0.19094738082000076
2021-04-13,0.3066385845280815,0.24086285907729998,0.2621482475489935,0.19035030884562495
2021-04-14,0.3089496506962933,0.23976706637459982,0.26180541671290825,0.18947786621619872
2021-04-15,0.30972457926802216,0.23893909499964872,0.26088215191526004,0.19045417381706906
2021-04-16,0.3082979905540977,0.239476075123466,0.26114042278039995,0.1910855115420364
2021-04-19,0.30949646943953185,0.23858058832743317,0.26099529965993407,0.190927642573101
2021-04-20,0.3094937561764592,0.23863422664247022,0.2610361964025063,0.19083582077856423
2021-04-21,0.30888034808200665,0.23905023548173646,0.26099066767740414,0.19107874875885275
2021-04-22,0.3115187386505034,0.23303858301609287,0.26277804365324786,0.1926646346801559
2021-04-23,0.31019307375709815,0.2323914794739307,0.26270666662603837,0.19470878014293275
2021-04-26,0.30937127494042,0.23281061407763876,0.26235509901099785,0.1954630119709435
2021-04-27,0.30923333481269905,0.23273032694192558,0.2627285576448918,0.19530778060048357
2021-04-28,0.3119458872872394,0.23130481102608746,0.26178116926934775,0.19496813241732536
2021-04-29,0.3120951203829526,0.23116586899512753,0.2615335708115226,0.1952054398103972
2021-04-30,0.3131800795099096,0.23070439373179213,0.2612777218509885,0.19483780490730973
2021-05-03,0.3137245896705327,0.23129740384623323,0.2593312293978336,0.19564677708540062
2021-05-04,0.31559393021570126,0.22982865442820077,0.25911145950723846,0.19546595584885954
2021-05-05,0.3143891201359996,0.22926005031423866,0.25929637755631807,0.1970544519934437
2021-05-06,0.3146998594854771,0.2296186072236053,0.2587289110370237,0.19695262225389396
2021-05-07,0.3142734856938748,0.22874689251245084,0.259044068355332,0.1979355534383424
2021-05-10,0.3136944848714512,0.22865968224147487,0.2589729096631861,0.19867292322388785
2021-05-11,0.31123405259502174,0.22917490072388677,0.25979820349742067,0.19979284318367072
2021-05-12,0.30993731747738235,0.23121259729058785,0.25950180625367975,0.19934827897835003
2021-05-13,0.30442164920769055,0.2339690032256008,0.2600238358307319,0.20158551173597675
2021-05-14,0.3078543756039484,0.2344380390533812,0.2589274284733707,0.19878015686929965
2021-05-17,0.3050305962377293,0.21542519197958276,0.25442137559384465,0.22512283618884318
2021-05-18,0.3053732287744064,0.21450460447329436,0.2543106087504801,0.22581155800181915
2021-05-19,0.3064476731495395,0.21460132475385443,0.2542386605558851,0.22471234154072087
2021-05-20,0.3089682640494046,0.2141631955841625,0.254535459804715,0.222333080561718
2021-05-21,0.3059004154458374,0.2085299109599128,0.24935052460824159,0.23621914898600818
2021-05-24,0.30575950698537446,0.2074325307317347,0.24811052908223533,0.23869743320065556
2021-05-25,0.30590340402994354,0.20795666292634196,0.24682018485565965,0.23931974818805482
2021-05-26,0.30595535529544354,0.20757919065953392,0.24635417128387005,0.2401112827611526
2021-05-27,0.30578301112222883,0.2046744168337057,0.24456876337497485,0.2449738086690907
2021-05-28,0.3059315879491201,0.20280698691716526,0.2434607740881282,0.24780065104558646
2021-06-01,0.30962294188363365,0.1995361951652583,0.2423625839803045,0.2484782789708035
2021-06-02,0.3106035783186858,0.19978317550131722,0.23975638534226212,0.24985686083773487
2021-06-03,0.3106496686274882,0.19854152825682447,0.23827865136102744,0.25253015175465987
2021-06-04,0.310938676429195,0.19825862839665473,0.2373682534148133,0.25343444175933694
2021-06-07,0.3096055166852488,0.20161646640380212,0.23731479519837317,0.251463221712576
2021-06-08,0.32117911086156514,0.1963458090225669,0.23492675497444268,0.24754832514142522
2021-06-09,0.32137584773813077,0.19728492362140454,0.2342117895715725,0.2471274390688921
2021-06-10,0.3241998698943704,0.2102958092643448,0.22977741803562465,0.23572690280566022
2021-06-11,0.32608637104548577,0.21635616034603736,0.2269097803555523,0.2306476882529246
2021-06-14,0.32435705446539576,0.22542376285554583,0.22394845828477344,0.22627072439428497
2021-06-15,0.3237428442211965,0.22440091733641807,0.22374667245740784,0.22810956598497767
2021-06-16,0.3247047796003324,0.22442251609152625,0.2227527156517993,0.22811998865634223
2021-06-17,0.3235307203603457,0.2248175198142859,0.22291034047667616,0.22874141934869222
2021-06-18,0.3239831556225552,0.2206558361753297,0.21989023031476473,0.23547077788735044
2021-06-21,0.3221418368944014,0.21757412053024933,0.2229239165748676,0.2373601260004817
2021-06-22,0.3200264631730362,0.21231856100435692,0.22483634946789746,0.2428186263547094
2021-06-23,0.3201754845765182,0.21219014034115286,0.22482773718130108,0.2428066379010279
2021-06-24,0.31873194642080305,0.20976626899501102,0.2227315396862435,0.24877024489794242
2021-06-25,0.31731178748951494,0.2092890428358842,0.22293420958590032,0.25046496008870056
2021-06-28,0.31720508667036545,0.2091435254445592,0.22279212471910004,0.2508592631659753
2021-06-29,0.3165211405167993,0.20677569237084228,0.22145565140910262,0.2552475157032558
2021-06-30,0.31656613678572454,0.2070814899260471,0.22154763081562454,0.2548047424726039
2021-07-01,0.3151512630880543,0.20736663392378962,0.21893739673480558,0.25854470625335046
2021-07-02,0.31600325131306783,0.20750099018252124,0.21912776852180527,0.2573679899826056
2021-07-06,0.312374794968643,0.20988525843134156,0.21607525812319317,0.2616646884768223
2021-07-07,0.3152019770076228,0.2143432522680224,0.2131680324391298,0.25728673828522497
2021-07-08,0.31396572531949385,0.2076718337676682,0.21041496501537207,0.26794747589746587
2021-07-09,0.30804625950986164,0.2163326377367463,0.20857112759733962,0.26704997515605244
2021-07-12,0.3122303993742078,0.20265714732139956,0.21157804366758087,0.2735344096368117
2021-07-13,0.31307052092242155,0.20101314027945333,0.21148696905085854,0.2744293697472666
2021-07-14,0.31363982446937544,0.20061385889385738,0.21126076282487713,0.27448555381189005
2021-07-15,0.31341941993345535,0.19992561193879727,0.21311713788201278,0.2735378302457345
2021-07-16,0.30974608704645057,0.19780882615018158,0.21756278816921265,0.27488229863415514
2021-07-19,0.3107088909116347,0.1931543841249926,0.21996295888708475,0.2761737660762878
2021-07-20,0.3092087962544796,0.1911829459921647,0.21316890927855156,0.2864393484748041
2021-07-21,0.30806968391010364,0.18080543428264093,0.2166067820034504,0.29451809980380506
2021-07-22,0.3089847041451234,0.17748972652900455,0.21814908597825364,0.2953764833476183
2021-07-23,0.30923332713875745,0.17740242899681005,0.21807928212876956,0.29528496173566293
2021-07-26,0.30807147923580247,0.17760778494799787,0.21786372681492183,0.29645700900127775
2021-07-27,0.3081054539136424,0.17774880691928374,0.21775091847590358,0.2963948206911703
2021-07-28,0.29988855007033677,0.17126593332110399,0.22143552385534418,0.307409992753215
2021-07-29,0.29901976512554307,0.17048871718126016,0.2246699893497405,0.3058215283434564
2021-07-30,0.29943717383130763,0.17086134438311637,0.22380996545895637,0.3058915163266197
2021-08-02,0.2967340165355891,0.16931545254200234,0.23222131590328512,0.3017292150191235
2021-08-03,0.2970821994192355,0.17033761638847433,0.2311450019654173,0.3014351822268728
2021-08-04,0.2966280468062644,0.17127168968763112,0.2323298287592669,0.2997704347468375
2021-08-05,0.29443591252778034,0.1744280945416912,0.23680318791957097,0.2943328050109576
2021-08-06,0.29327736156882667,0.17613644923132452,0.23516952413864642,0.29541666506120234
2021-08-09,0.29281438630326245,0.17616762685771978,0.2355894200316252,0.29542856680739266
2021-08-10,0.2929874337489514,0.1769405408892155,0.23426524650847627,0.29580677885335677
2021-08-11,0.29432859708435116,0.1761858655056375,0.2360937220478127,0.29339181536219866
2021-08-12,0.29612895775438736,0.17600941848761828,0.2359157752362927,0.2919458485217017
2021-08-13,0.29695793002740545,0.17636758676909306,0.23658669939963392,0.2900877838038675
2021-08-16,0.29763589797456785,0.17685365301383485,0.23831725883822943,0.28719319017336775
2021-08-17,0.29754192156900683,0.17676726738503917,0.23868541853379832,0.2870053925121556
2021-08-18,0.2973193747406799,0.17770242023890392,0.23994722093253337,0.28503098408788274
2021-08-19,0.29765485252904367,0.17727563482945524,0.24013948271604618,0.2849300299254548
2021-08-20,0.30086484269064745,0.1772139886784982,0.241879423594563,0.2800417450362913
2021-08-23,0.3028408325997586,0.17714321720423712,0.24517612550799783,0.27483982468800655
2021-08-24,0.30945655695804464,0.1728194888106428,0.2417274306271802,0.2759965236041324
2021-08-25,0.31017644131770694,0.1729591021063082,0.24066089306414962,0.2762035635118353
2021-08-26,0.31055826464742853,0.17282720848987515,0.24030653020974213,0.27630799665295425
2021-08-27,0.31207031346170433,0.17294676758415695,0.24068153091950353,0.2743013880346353
2021-08-30,0.3127359833618349,0.17801834679023193,0.23833294630475857,0.27091272354317464
2021-08-31,0.31349984094225175,0.17812449184995732,0.23751597157325668,0.27085969563453427
2021-09-01,0.3165687544862104,0.17684905631203543,0.23777804939576905,0.26880413980598516
2021-09-02,0.316085543083063,0.17661109815538148,0.23758608175099905,0.2697172770105564
2021-09-03,0.316155102803427,0.1767058729306427,0.23772035470744773,0.2694186695584826
2021-09-07,0.31701847829436186,0.1771938345239499,0.23864014811396192,0.2671475390677263
2021-09-08,0.31943979981494014,0.17805873839045436,0.2385026927839884,0.2639987690106171
2021-09-09,0.3196979401289939,0.17674185264703118,0.2407358924278666,0.26282431479610835
2021-09-10,0.31919624988817197,0.1777123453990995,0.23858334765810535,0.26450805705462316
2021-09-13,0.32081494006346606,0.17540031697144232,0.23813105567306023,0.2656536872920314
2021-09-14,0.32041802349063164,0.17575832733840424,0.2388020817691853,0.26502156740177896
2021-09-15,0.32188259034956024,0.17540109266321924,0.238319132670057,0.2643971843171635
2021-09-16,0.32535238165443453,0.1732525811904703,0.2385159186586347,0.26287911849646045
2021-09-17,0.3297095390213698,0.17218464871305084,0.23714825806349155,0.2609575542020879
2021-09-20,0.3246261764256083,0.17378607463120033,0.23751477734774779,0.26407297159544363
2021-09-21,0.3293341116336341,0.17233009337974445,0.23792263398676475,0.2604131609998567
2021-09-22,0.32371345566740256,0.16800883381350376,0.2358033462606718,0.2724743642584219
2021-09-23,0.3219588505814636,0.17341150697701213,0.23162608064550186,0.2730035617960224
2021-09-24,0.32050812494555514,0.17189074199247406,0.23093336922044005,0.2766677638415308
2021-09-27,0.3201969921062452,0.17173921784731982,0.2305910229934529,0.2774727670529821
2021-09-28,0.3196969556977195,0.16769727263621517,0.22712428274805932,0.285481488918006
2021-09-29,0.3218043589984506,0.1689344520274894,0.22529680452381343,0.28396438445024663
2021-09-30,0.32137707307135566,0.16849605282729443,0.2250260762850496,0.28510079781630027
2021-10-01,0.3239747768136299,0.16727196722467166,0.22451054383780372,0.28424271212389474
2021-10-04,0.3269259960226432,0.1672134973716529,0.22356954286385416,0.28229096374184964
2021-10-05,0.3325242145721428,0.16380503035981656,0.2268629245804201,0.27680783048762064
2021-10-06,0.33494268375356195,0.16355106193758778,0.2295907163775573,0.27191553793129297
2021-10-07,0.3383500928335022,0.16532106881594713,0.23188509351473421,0.26444374483581645
2021-10-08,0.33878664238374767,0.16483344525912244,0.23672214030700273,0.25965777205012724
2021-10-11,0.33903572389143694,0.1645089750357492,0.23743467124718193,0.259020629825632
2021-10-12,0.34144710471491924,0.16505020571939696,0.23865747835959553,0.2548452112060884
2021-10-13,0.3432939431798049,0.16444688507620045,0.23775723908789126,0.25450193265610344
2021-10-14,0.34548278772562485,0.16512298996968663,0.2387750446384622,0.25061917766622627
2021-10-15,0.3472083682487141,0.16554017587300227,0.23870848994310404,0.2485429659351796
2021-10-18,0.3495514863969921,0.16668851909499013,0.24019799712900675,0.24356199737901107
2021-10-19,0.34981709886416096,0.16716153815421053,0.2400225596728537,0.24299880330877477
2021-10-20,0.35238007020548634,0.1684403918982175,0.2420602720841379,0.23711926581215825
2021-10-21,0.3565255348187427,0.17088570942501863,0.24181210138691553,0.2307766543693231
2021-10-22,0.36141278618578,0.17259440789793332,0.24444601124037785,0.2215467946759088
2021-10-25,0.3621653190440798,0.17159904967034417,0.2435843576797812,0.22265127360579484
2021-10-26,0.3613840422024185,0.17239683335368494,0.24662111972284975,0.21959800472104699
2021-10-27,0.3663394874277355,0.17330593675977465,0.24334170059315388,0.217012875219336
2021-10-28,0.3804051403464093,0.17868975714428637,0.24244273369698302,0.19846236881232132
2021-10-29,0.3809481627136303,0.17910876103714038,0.24141018566327238,0.19853289058595694
2021-11-01,0.38143864044157777,0.17942503675537033,0.2402721092704028,0.1988642135326491
2021-11-02,0.382675722373947,0.17942688591826852,0.2395699925588171,0.19832739914896735
2021-11-03,0.3821823987324686,0.17962622226169528,0.23962801029516292,0.19856336871067323
2021-11-04,0.3856629329433689,0.1812233587128224,0.2393168451086739,0.1937968632351348
2021-11-05,0.3862552056144762,0.18142676081082937,0.2382894903617326,0.19402854321296184
2021-11-08,0.38550749077792507,0.1820687518731471,0.23770016767528301,0.19472358967364473
2021-11-09,0.3859839285793511,0.18173110422319944,0.23742806085856719,0.19485690633888225
2021-11-10,0.38940069125551824,0.1804457288032638,0.23611792103026397,0.19403565891095398
2021-11-11,0.3863192704583135,0.18118786479956858,0.23814392946635077,0.19434893527576724
2021-11-12,0.3852254876900047,0.1808416744038239,0.23809760506385202,0.1958352328423193
2021-11-15,0.3865498653201308,0.18039749041220732,0.23788145928458915,0.19517118498307273
2021-11-16,0.38594528994986005,0.18945857837572294,0.23494327379538374,0.18965285787903327
2021-11-17,0.3874549766488619,0.19082226859447096,0.23493678156421197,0.18678597319245518
2021-11-18,0.38780495020150485,0.1908925402727929,0.2349801326472516,0.18632237687845057
2021-11-19,0.3867923962385115,0.19120236609358512,0.23539590358507742,0.18660933408282593
2021-11-22,0.3878189962287521,0.19125129561834942,0.2338612285299856,0.18706847962291284
2021-11-23,0.38853737669492466,0.19450260945651132,0.2339466877705684,0.18301332607799561
2021-11-24,0.3944998914288049,0.1903254231700033,0.24016370465327816,0.17501098074791357
2021-11-26,0.39307648058757166,0.19935544957286114,0.2388595925529789,0.16870847728658833
2021-11-29,0.3751270850499837,0.21786502469894128,0.22303025407376753,0.1839776361773075
2021-11-30,0.3702288014049422,0.21931407347121532,0.22480787997379587,0.18564924515004672
2021-12-01,0.37423380403515655,0.21002748366963991,0.22434761824257157,0.19139109405263208
2021-12-02,0.3783120753495456,0.20112789311189877,0.226900490767743,0.19365954077081268
2021-12-03,0.3816906419183772,0.19520475851409172,0.22767444910049356,0.19543015046703757
2021-12-06,0.3813376429996207,0.19533717694341454,0.22790365465331758,0.19542152540364718
2021-12-07,0.3809796032616404,0.19445841076724638,0.22949049753283018,0.19507148843828304
2021-12-08,0.38175355098498237,0.19371934030010798,0.22921321920384796,0.19531388951106168
2021-12-09,0.3820609994634554,0.19364989438837196,0.2291205341951452,0.1951685719530273
2021-12-10,0.38231809818332063,0.19349723710305083,0.22898098005990078,0.19520368465372787
2021-12-13,0.3829459426403955,0.1928535064503009,0.2296417121185024,0.19455883879080116
2021-12-14,0.3855992611335749,0.19103970850823263,0.23055324676744252,0.19280778359074993
2021-12-15,0.3847450101687434,0.19125001636691102,0.2309518652171037,0.19305310824724192
2021-12-16,0.3837706447567308,0.19100855105721656,0.23223404355552893,0.19298676063052378
2021-12-17,0.38383620154104786,0.1908006074828393,0.2321966289833946,0.19316656199271814
2021-12-20,0.38396534840207364,0.18954078106868433,0.23318318700998497,0.19331068351925704
2021-12-21,0.3820001186977815,0.19007546022415167,0.23299577854350603,0.1949286425345608
2021-12-22,0.3829585633629008,0.18840379601961013,0.23251645539768181,0.19612118521980723
2021-12-23,0.38257026997651666,0.18877010779383632,0.2321163162987389,0.19654330593090802
2021-12-27,0.38341919559661125,0.18796635910801743,0.23174941656238526,0.19686502873298617
2021-12-28,0.38208132517113813,0.1894210880606326,0.23139519779521656,0.19710238897301272
2021-12-29,0.38061411856083927,0.19003428675204345,0.23100355390837457,0.19834804077874268
2021-12-30,0.379534485223741,0.19177925742629318,0.22987100544340153,0.19881525190656427
2021-12-31,0.3758782120492249,0.1966022171092192,0.23138017785177142,0.19613939298978444
2022-01-03,0.37517822686330393,0.19649349225695475,0.2324642414462814,0.19586403943345992
2022-01-04,0.375259427937221,0.19666821323318154,0.23202662666573542,0.196045732163862
2022-01-05,0.37469561549242697,0.1964570362115634,0.232042642568589,0.19680470572742068
2022-01-06,0.3638575667493857,0.20130898459762103,0.23142066005412829,0.20341278859886494
2022-01-07,0.36570337104438194,0.20036670173871376,0.23130651347128134,0.20262341374562298
2022-01-10,0.3665964879609459,0.19822626564151233,0.23159607458968942,0.2035811718078525
2022-01-11,0.3676654416623238,0.19761240559767862,0.231295889800643,0.2034262629393545
2022-01-12,0.36978948081946383,0.19284189278707178,0.2324872820947927,0.20488134429867177
2022-01-13,0.36965375338891465,0.19224013205058849,0.2321576796416381,0.20594843491885875
2022-01-14,0.36891192835242154,0.19187194463986737,0.23162351296389305,0.207592614043818
2022-01-18,0.3696295190590814,0.1922483101233394,0.23202576006686934,0.20609641075070995
2022-01-19,0.37141037348097317,0.1921870718369599,0.23133412249034818,0.20506843219171877
2022-01-20,0.37395977777289613,0.19089553944214027,0.23038063038160764,0.204764052403356
2022-01-21,0.37737458696268084,0.18648275129930866,0.23006920329789463,0.20607345844011585
2022-01-24,0.3831610791248871,0.17609245152669858,0.23178165464067826,0.208964814707736
2022-01-25,0.3910782509635908,0.16114756887092016,0.23599519558530044,0.21177898458018854
2022-01-26,0.3913300221297377,0.16149558015650164,0.2361726255093726,0.21100177220438798
2022-01-27,0.3990629478895983,0.1590156298653542,0.23359519638378864,0.20832622586125893
2022-01-28,0.4121757342816619,0.15502579857487403,0.22854829312357738,0.20425017401988663
2022-01-31,0.41323356037257986,0.15543779393696566,0.22631911342666966,0.2050095322637848
2022-02-01,0.41629240047964333,0.15782162754298687,0.22369966871391045,0.20218630326345932
2022-02-02,0.4156573094984745,0.15929303470896608,0.2230933001417034,0.20195635565085604
2022-02-03,0.41636529970231045,0.1592583983266664,0.2223201032452308,0.20205619872579234
2022-02-04,0.41655597351485557,0.1593421244699566,0.22172297502867017,0.2023789269865176
2022-02-07,0.41972313508485526,0.15809146136401536,0.22166169617742823,0.20052370737370118
2022-02-08,0.4195407561643671,0.1580593622600487,0.22198580550834404,0.20041407606724004
2022-02-09,0.4186086220827831,0.15845137908272613,0.22451635960685873,0.19842363922763212
2022-02-10,0.4170676740403483,0.15975415651330604,0.22453990741004187,0.1986382620363038
2022-02-11,0.41476244343015256,0.16344416733915967,0.22181356132696925,0.19997982790371843
2022-02-14,0.41409419699628436,0.16555340088628243,0.2220642184948117,0.19828818362262135
2022-02-15,0.41280125076379043,0.16472796199121909,0.2210444342443929,0.20142635300059772
2022-02-16,0.4142783177307172,0.16678116426242515,0.22334334243386758,0.19559717557299022
2022-02-17,0.4135264150568865,0.16687673414975507,0.22346968837665912,0.19612716241669928
2022-02-18,0.41095041429247575,0.16701064967466042,0.2237630754960112,0.1982758605368527
2022-02-22,0.41007683127809286,0.16670386579980936,0.22427443947993556,0.19894486344216222
2022-02-23,0.40853274099429476,0.16678740933673736,0.22517820525094526,0.19950164441802273
2022-02-24,0.4072797794785338,0.16594352381222646,0.22747062423042233,0.19930607247881738
2022-02-25,0.4061747821428893,0.16488519767742324,0.22579734449437708,0.20314267568531036
2022-02-28,0.4076985859906282,0.15889885341080492,0.22655052308472845,0.2068520375138384
2022-03-01,0.4065177008497719,0.15704716347562309,0.22419046429078737,0.21224467138381758
2022-03-02,0.40400673552189104,0.1576894237869502,0.21507808419142624,0.22322575649973245
2022-03-03,0.39975099409096054,0.1570811240747264,0.2121154466787267,0.2310524351555863
2022-03-04,0.3988405141125397,0.15741326107780007,0.21164956153842868,0.23209666327123163
2022-03-07,0.4071612175531718,0.16847370939455505,0.2130907903708763,0.21127428268139672
2022-03-08,0.40862963268231733,0.17223644052209228,0.21299239658292177,0.20614153021266865
2022-03-09,0.40903837069770976,0.17583552994121376,0.21320701806752665,0.2019190812935497
2022-03-10,0.42056898878127086,0.19542330296616114,0.20267573995150528,0.1813319683010628
2022-03-11,0.42047762653220333,0.1953652668739339,0.2029243298212458,0.18123277677261687
2022-03-14,0.4210756934601411,0.19508210311298466,0.2026741253629948,0.18116807806387927
2022-03-15,0.42353281624508093,0.19572181086273527,0.19956114647487042,0.18118422641731338
2022-03-16,0.42305866746659776,0.19549672334915053,0.1966625043467228,0.18478210483752894
2022-03-17,0.4229341700611423,0.19537140191779878,0.19691257869764356,0.18478184932341524
2022-03-18,0.42758499431397956,0.19361507119951785,0.19291515774892137,0.1858847767375812
2022-03-21,0.42758946075793697,0.1935926416844481,0.19295990413979514,0.1858579934178198
2022-03-22,0.42924821851639816,0.19434272542236747,0.18972938596744113,0.1866796700937932
2022-03-23,0.4326237914722411,0.19285687332603946,0.18857150991358623,0.18594782528813314
2022-03-24,0.43401238791964075,0.19321361298622286,0.18627771503238014,0.1864962840617563
2022-03-25,0.43454400623973277,0.19321596249498396,0.18592538122397437,0.18631465004130893
2022-03-28,0.4345344748413004,0.1931338346852589,0.1858658683585809,0.18646582211485982
2022-03-29,0.4363413894915748,0.1939028603162768,0.18045788516848985,0.18929786502365858
2022-03-30,0.43632810076488043,0.1938223549276731,0.18034513797361293,0.18950440633383345
2022-03-31,0.43776899538741515,0.1938025033164742,0.1791687827816966,0.189259718514414
2022-04-01,0.43843659048547345,0.1938529675004096,0.17908326942208694,0.1886271725920301
2022-04-04,0.4367239244310473,0.19468673508424192,0.1780461814095117,0.19054315907519906
2022-04-05,0.4357963279424887,0.19770451950284018,0.1768508089820232,0.18964834357264793
2022-04-06,0.43649446644414136,0.19748904529081715,0.17655904382587506,0.18945744443916634
2022-04-07,0.46113896029815077,0.18758583527047115,0.17521255970923644,0.17606264472214173
2022-04-08,0.4673123891851562,0.18574825354381158,0.1730470810401982,0.1738922762308341
2022-04-11,0.47405535487440553,0.18736704393678708,0.17014924559814001,0.16842835559066738
2022-04-12,0.4712685492015361,0.19337755505199558,0.16881847572776257,0.16653542001870567
2022-04-13,0.4686500285599631,0.19988226482104382,0.1658263671130986,0.16564133950589457
2022-04-14,0.4697396936306586,0.19990282268718335,0.1646316857657995,0.16572579791635852
2022-04-18,0.4698790604245362,0.20049711995845906,0.16410002100042906,0.16552379861657562
2022-04-19,0.4695160692252989,0.20153649412189104,0.1636223884327578,0.16532504822005226
2022-04-20,0.4690054915767086,0.2025821908538843,0.16206805913987526,0.16634425842953174
2022-04-21,0.4693925955238916,0.20244763698436827,0.16191979853986882,0.1662399689518712
2022-04-22,0.46937562353616663,0.20244924961928545,0.16194745850813252,0.16622766833641542
2022-04-25,0.47007891727158807,0.2028571593072715,0.16104186280312774,0.16602206061801278
2022-04-26,0.47069119092098327,0.20314266659907196,0.16077467263868325,0.1653914698412614
2022-04-27,0.4727015267315451,0.20217044964160497,0.16008902302124214,0.1650390006056079
2022-04-28,0.47333719687682024,0.2014424634034872,0.16017524339805267,0.16504509632163986
2022-04-29,0.4761175023596077,0.1970391506188461,0.1608302288627383,0.16601311815880787
2022-05-02,0.4804518131268493,0.19542124618842016,0.15964421927118513,0.1644827214135454
2022-05-03,0.47931635547481866,0.19736984873726765,0.15936404983818603,0.16394974594972758
2022-05-04,0.4802331764687795,0.1970176037041319,0.15910544402442595,0.1636437758026626
2022-05-05,0.4819051667386122,0.1973627859476415,0.15680156146788987,0.16393048584585637
2022-05-06,0.48517917301196617,0.19603169596178505,0.15596425496917946,0.16282487605706927
2022-05-09,0.4854809901320659,0.1959119613203723,0.15588162466353075,0.16272542388403105
2022-05-10,0.4812549598175207,0.1994424594935047,0.1536447079239622,0.1656578727650123
2022-05-11,0.481258673216106,0.19950565360016906,0.153525311087665,0.16571036209605988
2022-05-12,0.4802408965272277,0.2004675891304259,0.15278216393615365,0.16650935040619264
2022-05-13,0.48029538664264954,0.200377219305366,0.15289310526015204,0.16643428879183236
2022-05-16,0.48061645596779573,0.20028920167693234,0.15273316143189022,0.16636118092338162
2022-05-17,0.5094123983632007,0.18868565785989136,0.14529191347474332,0.15661003030216455
2022-05-18,0.5092280854359802,0.1889163486453577,0.14507359447423895,0.15678197144442305
2022-05-19,0.5071352448588795,0.19122879530581482,0.1446775320312044,0.15695842780410113
2022-05-20,0.5080150271638025,0.19140895027528962,0.14377550765276723,0.15680051490814056
2022-05-23,0.5050326104015478,0.1964685590953324,0.14283645128004926,0.15566237922307052
2022-05-24,0.5046353069590561,0.1970827106115726,0.142653733824544,0.15562824860482735
2022-05-25,0.5055908507222422,0.19650269938426754,0.1424787044289211,0.15542774546456925
2022-05-26,0.505075241343322,0.19640144161342155,0.1424822568867795,0.15604106015647692
2022-05-27,0.5067888394753799,0.1952966276187669,0.14242623248003095,0.15548830042582226
2022-05-31,0.5030817643899598,0.2003884368426459,0.14201654477614573,0.15451325399124857
2022-06-01,0.4993491264623458,0.20629537542024529,0.1413332448111564,0.15302225330625258
2022-06-02,0.4858275667375778,0.22728186597040131,0.13800178015448,0.14888878713754072
2022-06-03,0.4399652444813949,0.3004598837228541,0.1247124118802283,0.13486245991552281
2022-06-06,0.43969288755757746,0.3010043664058762,0.12481108238237873,0.13449166365416756
2022-06-07,0.43940743993902254,0.3013682116383461,0.12476238394748838,0.13446196447514303
2022-06-08,0.43948891462106154,0.30154596252973676,0.12474927220300365,0.13421585064619812
2022-06-09,0.43633145892083736,0.3064823515746182,0.12431870857112974,0.13286748093341477
2022-06-10,0.4362221675875657,0.30647928685572823,0.12448336105778998,0.13281518449891605
2022-06-13,0.4357234442520072,0.3069123743967091,0.12475720473372,0.13260697661756374
2022-06-14,0.4355816445131243,0.307753251160263,0.12381631442527287,0.13284878990133978
2022-06-15,0.4375185635215187,0.3044687279182093,0.12477487484580492,0.13323783371446724
2022-06-16,0.4406541043969516,0.29916352722974443,0.12556609216506487,0.13461627620823916
2022-06-17,0.45049202341143996,0.2837103760420694,0.12822986177615034,0.13756773877034031
2022-06-21,0.45878111665400506,0.2702288933264596,0.1308389862739873,0.14015100374554798
2022-06-22,0.4690480922471026,0.25355692671908664,0.13402518794332877,0.143369793090482
2022-06-23,0.47025353027924993,0.24699452738627645,0.13668875493729582,0.14606318739717783
2022-06-24,0.4758497029910517,0.23845679806634668,0.13674193701369958,0.14895156192890202
2022-06-27,0.4758158730375151,0.23834026296839067,0.1365976268635844,0.14924623713050983
2022-06-28,0.47578438141844487,0.2367126043253158,0.13563582457246248,0.15186718968377697
2022-06-29,0.4764067673589553,0.23649320626253564,0.13538144951558287,0.15171857686292622
2022-06-30,0.4781871636932028,0.2356101223043177,0.1343383906687488,0.1518643233337306
2022-07-01,0.4789271857318678,0.2359410249224744,0.13291366323391968,0.1522181261117381
2022-07-05,0.4798874662835315,0.23510474004512832,0.13244656428444954,0.1525612293868907
2022-07-06,0.4798530891195423,0.23652507738438064,0.1310304705780259,0.15259136291805112
2022-07-07,0.47897262462018597,0.23792314235029258,0.13099385681981157,0.1521103762097099
2022-07-08,0.46832241672878505,0.2561569351185607,0.12760657880639004,0.1479140693462642
2022-07-11,0.4646837715667827,0.26168481519805237,0.12686656671828866,0.1467648465168762
2022-07-12,0.46742649991897256,0.2590235146654895,0.128277718297666,0.1452722671178719
2022-07-13,0.46942137868635864,0.2572480913137592,0.12796041234676853,0.1453701176531136
2022-07-14,0.4709885956228635,0.2563387825755678,0.12780903508010463,0.14486358672146396
2022-07-15,0.48466975506183035,0.24072682904825798,0.12351787211712127,0.15108554377279032
2022-07-18,0.4919286611403892,0.2334295642205521,0.12134480224299521,0.15329697239606352
2022-07-19,0.5005030947254462,0.21631070206428776,0.11668750829155085,0.16649869491871508
2022-07-20,0.5238931049327857,0.16178117650830226,0.09884117487999014,0.21548454367892195
2022-07-21,0.5233943731789871,0.16162716530042057,0.09883059588927537,0.21614786563131702
2022-07-22,0.5232548774755313,0.16158408823219725,0.0989625258020434,0.216198508490228
2022-07-25,0.5203915939850154,0.16069988997226423,0.10064679831483385,0.21826171772788655
2022-07-26,0.5192296566526853,0.16034107710207499,0.10265488620877229,0.2177743800364675
2022-07-27,0.5190604747525165,0.1606034564770997,0.10263264670588614,0.21770342206449772
2022-07-28,0.513463177116142,0.16587834082363778,0.10530266862520503,0.21535581343501528
2022-07-29,0.5134635510875369,0.1658675475526193,0.10531293107441043,0.2153559702854333
2022-08-01,0.5118149861871485,0.16533500066310866,0.1081854810256935,0.21466453212404932
2022-08-02,0.5119096561530461,0.16536558253213726,0.10830420665178621,0.21442055466303053
2022-08-03,0.512975028011174,0.16570973669257374,0.11107501614526999,0.21024021915098226
2022-08-04,0.5200224412538892,0.16798630948665652,0.11261232133593278,0.19937892792352135
2022-08-05,0.5200959175149531,0.16801004501218736,0.11267428935302687,0.19921974811983253
2022-08-08,0.5238697438238091,0.16242933998243392,0.12069468796572526,0.1930062282280315
2022-08-09,0.5239574427179226,0.1622493733449405,0.12076579239856876,0.19302739153856846
2022-08-10,0.5241663931095687,0.16043166850410567,0.12233907030558429,0.19306286808074125
2022-08-11,0.525234918251165,0.16071576568871457,0.12331797280925051,0.19073134325087002
2022-08-12,0.5236103279560974,0.16065601112802835,0.1229417565413587,0.19279190437451568
2022-08-15,0.524144249275838,0.16089488769952182,0.12448199820368396,0.19047886482095622
2022-08-16,0.5240909029282017,0.16104870097060667,0.12488052033346442,0.1899798757677272
2022-08-17,0.522049715505334,0.1606301777273577,0.12446105757017793,0.19285904919713026
2022-08-18,0.5223058681106576,0.16071000723383272,0.12465922900729332,0.1923248956482163
2022-08-19,0.5214410898380935,0.16100862355862086,0.12534892782605028,0.19220135877723535
2022-08-22,0.5217138434823113,0.1611172433032838,0.12543642915491968,0.1917324840594853
2022-08-23,0.5216296602776589,0.16109124559201835,0.12922835147285514,0.18805074265746757
2022-08-24,0.520450676083961,0.1607271481359899,0.13118829747470986,0.1876338783053392
2022-08-25,0.5204322097744642,0.160721445314573,0.13129986986644496,0.18754647504451777
2022-08-26,0.520992783601133,0.1608924179738153,0.13221357864597863,0.18590121977907303
2022-08-29,0.5288754312823843,0.15828082755398848,0.13457275436472063,0.17827098679890646
2022-08-30,0.5288293366839966,0.15824319468266512,0.13468117371652757,0.17824629491681068
2022-08-31,0.5288137908655405,0.1582435659356503,0.13470455183156227,0.17823809136724697
2022-09-01,0.5310791442826263,0.15617191807913136,0.13532864069685485,0.17742029694138756
2022-09-02,0.5390058307535571,0.15193195029553946,0.13303558847607888,0.17602663047482456
2022-09-06,0.5379160215805311,0.15272941568898588,0.1336838383064709,0.1756707244240122
2022-09-07,0.5376543658380872,0.1531338604863306,0.13362649986464092,0.17558527381094113
2022-09-08,0.5313595843147689,0.16234077179047773,0.1327700977177338,0.1735295461770196
2022-09-09,0.5312370711281453,0.1623731930593197,0.13290019956156746,0.17348953625096755
2022-09-12,0.533344674064689,0.15904784159980573,0.1334296545223328,0.1741778298131725
2022-09-13,0.533822144013439,0.1578223750129019,0.13402172070215745,0.1743337602715016
2022-09-14,0.5302289391939764,0.15676005842511134,0.1398506983150543,0.1731603040658579
2022-09-15,0.5330398530613712,0.15574926151518403,0.13916712789393193,0.17204375752951265
2022-09-16,0.5330377717550489,0.15573410165394144,0.1392011149482283,0.17202701164278142
2022-09-19,0.5616479953870499,0.14106219094672198,0.1414696888083413,0.15582012485788685
2022-09-20,0.5619493522411555,0.14069509263735083,0.1419409344176074,0.15541462070388617
2022-09-21,0.5705819757119375,0.13600929349406193,0.14317013778872018,0.15023859300528036
2022-09-22,0.5709037688187565,0.13582067525924726,0.14324531440127763,0.15003024152071853
2022-09-23,0.576199010570886,0.1325679428092587,0.14247060403442327,0.14876244258543195
2022-09-26,0.5881657030652779,0.11844989341794965,0.14566560727481373,0.14771879624195863
2022-09-27,0.5901938462961253,0.11740932804897636,0.14597571790619512,0.14642110774870323
2022-09-28,0.6009704029891085,0.11342356268250846,0.1441555723527414,0.14145046197564162
2022-09-29,0.602533005161288,0.11161819547664091,0.14664980982536568,0.1391989895367053
2022-09-30,0.6025608285874255,0.11159425106358917,0.1466757918764874,0.1391691284724978
2022-10-03,0.6035215160757222,0.1109858415576543,0.14708226105079675,0.1384103813158267
2022-10-04,0.6033407344285442,0.11094839210090936,0.14734719535141033,0.1383636781191361
2022-10-05,0.6048683806829163,0.11049651069316888,0.14683497155719666,0.13780013706671815
2022-10-06,0.6086343649789724,0.10939224678400003,0.14633324289280186,0.13564014534422578
2022-10-07,0.6122922877554904,0.10781243947367443,0.14581047184995127,0.13408480092088407
2022-10-10,0.6131017105368524,0.10730509722678631,0.1466630542432583,0.13293013799310296
2022-10-11,0.6140459555064146,0.10704925653610553,0.1473963007382453,0.1315084872192346
2022-10-12,0.6246235423818672,0.09990625946876772,0.14866301995332568,0.12680717819603937
2022-10-13,0.6265098683267739,0.09834528319579305,0.14645245575566826,0.12869239272176475
2022-10-14,0.6275930040198268,0.0980382910762808,0.14604005090270755,0.12832865400118493
2022-10-17,0.6274277199306212,0.0969630518493861,0.14637504441745872,0.129234183802534
2022-10-18,0.6289371418142689,0.095323146658506,0.14505734949958446,0.1306823620276408
2022-10-19,0.6291983017831978,0.09524883952493066,0.14491812609918334,0.13063473259268824
2022-10-20,0.6323668178878364,0.09413215665398549,0.1432026591071821,0.13029836635099587
2022-10-21,0.6310777495117583,0.09173384901179073,0.14999920606702064,0.12718919540943033
2022-10-24,0.6320069534959943,0.09041015427451618,0.15000469891903656,0.12757819331045286
2022-10-25,0.6297529638882734,0.09117296304109206,0.15134657915166616,0.1277274939189684
2022-10-26,0.6257964115083341,0.09469675251808356,0.15254750497989444,0.12695933099368778
2022-10-27,0.6851450356241745,0.07350103410868467,0.13410463913878076,0.10724929112836007
2022-10-28,0.6796676877213941,0.08115606830016414,0.13303094784425948,0.10614529613418226
2022-10-31,0.3,0.2658059913819626,0.41381337691476316,0.3203806317032744
2022-11-01,0.3,0.27318407425543495,0.4316527067122172,0.2951632190323477
2022-11-02,0.3,0.27111360971815546,0.43596021592123096,0.29292617436061363
2022-11-03,0.3,0.27100570741993085,0.43618470184451413,0.29280959073555507
2022-11-04,0.3,0.26775387062398376,0.4429500033952261,0.2892961259807901
2022-11-07,0.3,0.25951232608153363,0.4600961695689999,0.28039150434946647
2022-11-08,0.3,0.2014171597076516,0.58096057446409,0.21762226582825833
2022-11-09,0.3,0.20119809666940355,0.5814163253536211,0.2173855779769752
2022-11-10,0.3,0.015737247979218445,0.9674185348618535,0.016844217158928077
2022-11-11,0.3,0.0157273121558692,0.9681616319749013,0.016111055869229507
2022-11-14,0.3,0.015826882660491745,0.9679593667595108,0.016213750579997493
2022-11-15,0.3,0.01573059056145921,0.9684003424706558,0.015869066967885075
2022-11-16,0.3,0.01578847658165111,0.968398488832752,0.01581303458559682
2022-11-17,0.3,0.015662876963778136,0.9686952116699039,0.015641911366317943
2022-11-18,0.3,0.015828910609971852,0.9688720991521357,0.015298990237892399
2022-11-21,0.3,0.01585587692475176,0.9688550460814912,0.015289076993757117
2022-11-22,0.3,0.01576401167368898,0.9691019158988009,0.015134072427510087
2022-11-23,0.3,0.01600280884268062,0.9689552439167426,0.0150419472405767
2022-11-25,0.3,0.015646958061169607,0.9696634447656048,0.0146895971732255
2022-11-28,0.3,0.01564705655193584,0.96966575948164,0.01468718396642402
2022-11-29,0.3,0.015478625868298738,0.9704282359813179,0.014093138150383346
2022-11-30,0.3,0.015656808260846235,0.9702996226378073,0.014043569101346364
2022-12-01,0.3,0.015566305225193727,0.9717565339823946,0.012677160792411702
2022-12-02,0.3,0.04034547736763933,0.9280891557524945,0.031565366879866205
2022-12-05,0.3,0.041808982147043525,0.9256685903851601,0.03252242746779625
2022-12-06,0.3,0.14501150012666922,0.7539061904162547,0.1010823094570762
2022-12-07,0.3,0.16292586029269207,0.7171113803911059,0.11996275931620211
2022-12-08,0.3,0.1630939520871227,0.7182167395950783,0.11868930831779911
2022-12-09,0.3,0.17075658954743347,0.7055817409122648,0.12366166954030179
2022-12-12,0.3,0.1693070366269739,0.698454311230961,0.13223865214206507
2022-12-13,0.3,0.17408567451251603,0.6789534775182853,0.14696084796919862
2022-12-14,0.3,0.17237690310520123,0.6798059905250975,0.1478171063697014
2022-12-15,0.3,0.17484017066101806,0.6756540616173226,0.14950576772165933
2022-12-16,0.3,0.20889522332064175,0.6304951062675355,0.16060967041182286
2022-12-19,0.3,0.21358715868610112,0.6200277415067802,0.16638509980711874
2022-12-20,0.3,0.21629004355610879,0.6177020372058211,0.16600791923807026
2022-12-21,0.3,0.21767639460345992,0.6210679902591674,0.1612556151373727
2022-12-22,0.3,0.22453737985210354,0.6075052990640697,0.16795732108382674
2022-12-23,0.3,0.23092560126771905,0.6010526827423548,0.16802171598992632
2022-12-27,0.3,0.23212029723711736,0.5990106381739003,0.16886906458898251
2022-12-28,0.3,0.23270490139492286,0.5991375496245123,0.168157548980565
2022-12-29,0.3,0.23679015002506168,0.5930992177486991,0.1701106322262391
2022-12-30,0.3,0.2463334516027296,0.576299864230651,0.17736668416661935
2023-01-03,0.3,0.24649282756885663,0.5761580386832544,0.177349133747889
2023-01-04,0.3,0.24814998737049718,0.5735472874860608,0.17830272514344214
2023-01-05,0.3,0.2591682675885561,0.5537556399012044,0.18707609251023966
2023-01-06,0.3,0.2682866664461319,0.5376804559126773,0.1940328776411908
2023-01-09,0.3,0.30874935442536805,0.4808583373864992,0.2103923081881328
2023-01-10,0.9489780223374971,0.01576249110837775,0.0245184499566964,0.010741036597428907
2023-01-11,0.9378490913612212,0.019279577762180977,0.029750651142978642,0.013120679733619226
2023-01-12,0.8931607384979405,0.033649633638010476,0.050298834914010715,0.022890792950038312
2023-01-13,0.8153527274122523,0.05908638581590723,0.08595006501085731,0.03961082176098306
2023-01-17,0.8099017795356359,0.06138449954105137,0.08847875800592836,0.04023496291738421
2023-01-18,0.809578503874906,0.06186648684125914,0.0886488071060421,0.03990620217779287
2023-01-19,0.8010499619844172,0.06566181448122861,0.09147075231403828,0.04181747122031587
2023-01-20,0.7654064309009535,0.07941473748318258,0.10697159992989846,0.04820723168596536
2023-01-23,0.7654966021311077,0.08085939446895059,0.10443997647901508,0.04920402692092656
2023-01-24,0.7633180457231148,0.08205958560261624,0.10527120761736826,0.049351161056900725
2023-01-25,0.7630003776512272,0.08218640777310866,0.10538612236578535,0.04942709220987883
2023-01-26,0.7292804352405877,0.09398924004383588,0.12021818768629598,0.0565121370292805
2023-01-27,0.7299204836733689,0.09405042032803208,0.11948001134295398,0.05654908465564499
2023-01-30,0.7210340067278594,0.0971574946333413,0.12342884084778567,0.058379657791013645
2023-01-31,0.6521299244672477,0.12272268481387914,0.15236554768731425,0.07278184303155888
2023-02-01,0.6519465384125395,0.12359149436277861,0.15098553830506856,0.07347642891961342
2023-02-02,0.5989010064572112,0.1460281270751621,0.17213459996095842,0.0829362665066682
2023-02-03,0.5578608678056319,0.18583143614711017,0.17136385083582523,0.0849438452114326
2023-02-06,0.47893990836709854,0.22562102749469884,0.1968431169833181,0.09859594715488451
2023-02-07,0.4613559799697094,0.23403670495180284,0.20383393066305935,0.10077338441542831
2023-02-08,0.46334487710546235,0.22368382602353207,0.20969952735433406,0.10327176951667162
2023-02-09,0.4600064492566633,0.22551291197302717,0.2113560838713923,0.10312455489891716
2023-02-10,0.4599703260786329,0.2257908027516226,0.21141132422142578,0.10282754694831864
2023-02-13,0.460296603795929,0.2253224673916671,0.2115064465546839,0.10287448225772008
2023-02-14,0.45402941373883543,0.22814169016735947,0.213914903189082,0.10391399290472304
2023-02-15,0.4539660851355784,0.22814031746189375,0.21386902276680417,0.10402457463572377
2023-02-16,0.454907105864215,0.22862703561678052,0.2122727645783778,0.10419309394062659
2023-02-17,0.4507137612550464,0.23044494143006997,0.21360459424210432,0.10523670307277926
2023-02-21,0.4507003602649862,0.2304378776986692,0.2133379390976241,0.10552382293872041
2023-02-22,0.44121322213138475,0.23472024614668707,0.21605967601201498,0.10800685570991318
2023-02-23,0.44262947972984507,0.2328826833487444,0.2159516685261081,0.10853616839530249
2023-02-24,0.44832230212545426,0.22136359002509456,0.21975855794424817,0.110555549905203
2023-02-27,0.45328883080800886,0.20551237480541876,0.22517377467761304,0.11602501970895936
2023-02-28,0.45382855639832465,0.2044831126018928,0.2247021106530704,0.11698622034671217
2023-03-01,0.4534724286310343,0.2046444677405927,0.22480210632641068,0.11708099730196232
2023-03-02,0.45420045236404666,0.2038824306138417,0.22445106427937467,0.11746605274273697
2023-03-03,0.4542546058484434,0.20368709298995233,0.2245380854478314,0.11752021571377286
2023-03-06,0.4551802991497342,0.20404241849349422,0.22182038434850382,0.11895689800826777
2023-03-07,0.45538793312923764,0.20415649437383995,0.22143514110739596,0.11902043138952648
2023-03-08,0.45700261034000905,0.20699866582339543,0.21532134553951837,0.120677378297077
2023-03-09,0.45668133668187344,0.20719849420609257,0.21532629361321282,0.12079387549882133
2023-03-10,0.45631922157116844,0.20734775533894964,0.21545213040124822,0.12088089268863361
2023-03-13,0.464619851003807,0.1924828671825611,0.2193840609700873,0.12351322084354457
2023-03-14,0.46862385523169825,0.18609714472757133,0.2202487616725823,0.1250302383681482
2023-03-15,0.47351486212987015,0.17798531190564112,0.22216465240895805,0.1263351735555307
2023-03-16,0.48962379406317763,0.15413266017151214,0.2256104612584006,0.13063308450690958
2023-03-17,0.49092947295529776,0.1539870388081067,0.2241020447178867,0.13098144351870877
2023-03-20,0.4931447695103805,0.1526616544218301,0.2230246865089232,0.13116888955886605
2023-03-21,0.494264149686854,0.15251771679569304,0.22196126483112066,0.13125686868633227
2023-03-22,0.4922849865012053,0.15263005500161,0.2233341543063953,0.13175080419078933
2023-03-23,0.48980102884146604,0.15368767097644334,0.22371349160554146,0.13279780857654908
2023-03-24,0.4891117205153324,0.15451194600981974,0.22391131129959138,0.13246502217525655
2023-03-27,0.4891420764179977,0.15504715284383677,0.22312670515669564,0.13268406558147006
2023-03-28,0.4890229084729857,0.15531967996825755,0.2235169402175171,0.13214047134123957
2023-03-29,0.48854645806729746,0.15565325383493442,0.22357322034224503,0.13222706775552298
2023-03-30,0.4885411866076979,0.15570251448296865,0.22339533520283758,0.13236096370649586
2023-03-31,0.4883019166604077,0.156290856240379,0.221676044682126,0.13373118241708723
2023-04-03,0.4872198920371878,0.15679534350892538,0.22238798405492705,0.1335967803989598
2023-04-04,0.4875350336586837,0.1570699244805618,0.22150363708324047,0.13389140477751393
2023-04-05,0.48580997054592384,0.15885831528818697,0.22074328304610105,0.1345884311197883
2023-04-06,0.48454194746516915,0.1598856822949923,0.22033111489092938,0.1352412553489093
2023-04-10,0.48458694379656786,0.15989388753680153,0.22026123572376435,0.1352579329428662
2023-04-11,0.4841042016300048,0.15997428504330397,0.21982997962630446,0.1360915337003868
2023-04-12,0.4844114190077986,0.16007219402027656,0.2195297626119704,0.1359866243599544
2023-04-13,0.4831078628665918,0.15966869650281837,0.21838157729699734,0.13884186333359252
2023-04-14,0.47544192527795626,0.16226687046956445,0.22131898116967838,0.14097222308280088
2023-04-17,0.474130389144608,0.1640552850217233,0.22095685401511633,0.14085747181855224
2023-04-18,0.4720367103521709,0.16341266102280844,0.22186391180518786,0.14268671681983283
2023-04-19,0.46972303279928096,0.16563897840457506,0.22253651459797824,0.14210147419816577
2023-04-20,0.47032489392824156,0.16624317727833957,0.22265749562675016,0.14077443316666857
2023-04-21,0.4706666702880856,0.16643668048127297,0.22306545554485213,0.13983119368578936
2023-04-24,0.46957771684921407,0.16835245487331546,0.22282001972138668,0.13924980855608374
2023-04-25,0.4671004229633055,0.1715725136229424,0.22256709505839986,0.13875996835535237
2023-04-26,0.46433201487053266,0.16717925760512697,0.22517441756560194,0.1433143099587384
2023-04-27,0.46486775196019836,0.16610864014079546,0.22540263899919166,0.14362096889981452
2023-04-28,0.4575039242926,0.1536245886670915,0.23508466922325655,0.153786817817052
2023-05-01,0.456640865547804,0.1535362937466342,0.23611374758694864,0.15370909311861333
2023-05-02,0.45565551649854336,0.15341107303530985,0.23608328869845535,0.15485012176769153
2023-05-03,0.4534759816588679,0.15305942854228574,0.23524798288627188,0.15821660691257458
2023-05-04,0.45315113878006336,0.15331161336571028,0.23548751679569005,0.15804973105853629
2023-05-05,0.4510322883480265,0.15273464793453254,0.23593981063063987,0.1602932530868012
2023-05-08,0.44282777684427055,0.1553860408839308,0.24025384160620106,0.16153234066559757
2023-05-09,0.4422607157899201,0.15527452953607485,0.24032362461902024,0.1621411300549848
2023-05-10,0.4408440896506118,0.1549474454085057,0.24111502363325835,0.16309344130762435
2023-05-11,0.4389365229602751,0.15486453443940934,0.24228630638249923,0.16391263621781635
2023-05-12,0.4402491745345749,0.15560225099877645,0.24235213839214761,0.16179643607450117
2023-05-15,0.43962865634855036,0.15558633474863642,0.24283861186645037,0.1619463970363628
2023-05-16,0.4367522979709453,0.15580924490283823,0.2452656155388174,0.16217284158739906
2023-05-17,0.4326253013004499,0.15666888244398083,0.2462821421755611,0.16442367408000805
2023-05-18,0.418986750521859,0.15403191168007604,0.257785000548681,0.169196337249384
2023-05-19,0.41867073601928545,0.15469640942094667,0.25683164395452646,0.1698012106052415
2023-05-22,0.4190924022831698,0.15479004069358576,0.25589070023597377,0.17022685678727076
2023-05-23,0.4182212587450078,0.15431658129362041,0.25778664036884624,0.16967551959252541
2023-05-24,0.4110947931884515,0.15551687320472657,0.26043015786208396,0.17295817574473796
2023-05-25,0.4083714752698161,0.15636157416241928,0.25775848121543976,0.17750846935232492
2023-05-26,0.4035978076582979,0.15800520159028605,0.25940392173407084,0.1789930690173452
2023-05-30,0.39233623499486836,0.16033997539564207,0.2654071178298351,0.18191667177965445
2023-05-31,0.3913527354999534,0.15936934953537044,0.26430604310829464,0.18497187185638153
2023-06-01,0.3872319106187986,0.15945889547028708,0.26840753775558246,0.1849016561553319
2023-06-02,0.38495746892100574,0.16014595603571907,0.26660188165487264,0.18829469338840246
2023-06-05,0.382855945035485,0.1607323966935931,0.267587512714347,0.18882414555657492
2023-06-06,0.38391410344087445,0.16032602815889532,0.26729782280716813,0.18846204559306204
2023-06-07,0.3837762417291605,0.1602796918718746,0.26753368262680927,0.18841038377215566
2023-06-08,0.3839876842142428,0.16141551985090757,0.26554927761794606,0.18904751831690353
2023-06-09,0.3854692805951634,0.1607944096510135,0.26319310335242063,0.1905432064014025
2023-06-12,0.3840663897491461,0.16032956668099996,0.2651301243098708,0.19047391925998303
2023-06-13,0.38294209582937677,0.15871866882638735,0.2646513780047876,0.19368785733944827
2023-06-14,0.3828882475178811,0.157820166212746,0.2675498481339251,0.19174173813544784
2023-06-15,0.38912126807353037,0.15031126040879372,0.26557094857360813,0.19499652294406775
2023-06-16,0.3885007040368697,0.14998370812136388,0.26303895943488975,0.1984766284068767
2023-06-20,0.3874312171110774,0.15144327566318197,0.26157954114682475,0.19954596607891592
2023-06-21,0.3881368180555709,0.15207186562975072,0.257140084889393,0.20265123142528524
2023-06-22,0.3864051443652589,0.1524569675833585,0.2581086362777695,0.20302925177361306
2023-06-23,0.3871115067430228,0.15306733646199672,0.2565439864325058,0.20327717036247472
2023-06-26,0.3833287989893579,0.15424718882834337,0.25703887008042203,0.20538514210187658
2023-06-27,0.383326204725468,0.1552766368354884,0.25880366213320943,0.2025934963058341
2023-06-28,0.38257969158031824,0.1561366098184551,0.26439970962458165,0.1968839889766452
2023-06-29,0.3841042688734211,0.15545663641181576,0.26403343280412345,0.1964056619106397
2023-06-30,0.3845659479706761,0.15550177781677182,0.26446712912177134,0.1954651450907806
2023-07-03,0.38539343852994773,0.1552965423911741,0.26314899969996486,0.19616101937891323
2023-07-05,0.3862396104080379,0.15590895033021848,0.2647733653412372,0.1930780739205063
2023-07-06,0.3861733335620458,0.15859685519898706,0.2626598446355471,0.19256996660342
2023-07-07,0.3870815954862922,0.1635116907814701,0.25918311812873895,0.19022359560349883
2023-07-10,0.3865058300069688,0.1637773346153968,0.2603332710615316,0.18938356431610284
2023-07-11,0.38715168331510524,0.16308627552145633,0.26037218515664085,0.1893898560067976
2023-07-12,0.3869362598294378,0.16375661048637247,0.2597042133007205,0.1896029163834691
2023-07-13,0.38735880614190293,0.16538680702592296,0.2560493314104359,0.19120505542173824
2023-07-14,0.38850490479007754,0.1681357984014763,0.2594068589067769,0.18395243790166935
2023-07-17,0.38979309593624906,0.16907365518369927,0.26098741941414694,0.1801458294659047
2023-07-18,0.3864785756890427,0.1669866795638367,0.2691222479434485,0.177412496803672
2023-07-19,0.3862086394475254,0.16744092979926956,0.2684889257281095,0.17786150502509554
2023-07-20,0.3866011790707007,0.16735215124236053,0.26834648693371216,0.17770018275322666
2023-07-21,0.37703916454061226,0.17787900219667507,0.27076079010274806,0.17432104315996463
2023-07-24,0.3749415098352147,0.18170285561640093,0.2705161284309075,0.1728395061174769
2023-07-25,0.37154342981863336,0.18720600077785227,0.2694446022434685,0.1718059671600458
2023-07-26,0.3535021598991778,0.2212455792711776,0.2628693734047983,0.16238288742484622
2023-07-27,0.3522757127003726,0.22151057665558258,0.2645278701365188,0.16168584050752596
2023-07-28,0.34080994753313093,0.22909669662340965,0.2672149466728688,0.1628784091705907
2023-07-31,0.33133281987494984,0.23523194155178417,0.2728635350919308,0.16057170348133515
2023-08-01,0.3317698115663953,0.2362860338799815,0.2719764701219974,0.15996768443162593
2023-08-02,0.32927155594179475,0.23799958133134982,0.2725017529317798,0.16022710979507557
2023-08-03,0.3136207633565752,0.2503667547335286,0.27628907986956713,0.15972340204032917
2023-08-04,0.311366239293101,0.2508909225459929,0.2787509623237216,0.1589918758371847
2023-08-07,0.3132414543610836,0.2446143230661135,0.2805579189820128,0.16158630359079001
2023-08-08,0.3154133899973231,0.2401140936552839,0.2810091912731099,0.1634633250742832
2023-08-09,0.31423413727674004,0.23961025849915232,0.28200040226458367,0.1641552019595239
2023-08-10,0.3140724748950561,0.23525868969442373,0.2865821859495972,0.16408664946092277
2023-08-11,0.31432136160891905,0.2350187719350119,0.28623910034195565,0.16442076611411346
2023-08-14,0.31470426341903096,0.2320132806469441,0.28853994371842107,0.1647425122156038
2023-08-15,0.31332315112083275,0.23093961485463374,0.29149360159697774,0.16424363242755585
2023-08-16,0.31605442600407585,0.22868090821332268,0.2900151042831244,0.16524956149947703
2023-08-17,0.31750201306101633,0.22713109878397653,0.28969609393094115,0.1656707942240661
2023-08-18,0.3193910542848714,0.22400269581149643,0.2897524336680025,0.16685381623562975
2023-08-21,0.3189512541008709,0.22367058812420468,0.290452907729712,0.16692525004521241
2023-08-22,0.318947688829723,0.22348355498541495,0.2906734828750055,0.16689527330985668
2023-08-23,0.31693552458718893,0.22212047706677718,0.29252313267811464,0.1684208656679193
2023-08-24,0.3177860332119919,0.22160951045912222,0.29067748380744557,0.16992697252144034
2023-08-25,0.3187185405608775,0.22215957477453638,0.28414359409440393,0.17497829057018224
2023-08-28,0.31916254608743366,0.22222234954351872,0.2831831961248053,0.1754319082442423
2023-08-29,0.31891590190312324,0.22185700575633707,0.2802001076102224,0.1790269847303173
2023-08-30,0.31990244828392467,0.22250670885407442,0.2741739182703265,0.18341692459167436
2023-08-31,0.31960603878561655,0.22226542348027248,0.27392775596178653,0.1842007817723244
2023-09-01,0.31920532637729276,0.22324169321253096,0.2736245137628326,0.18392846664734366
2023-09-05,0.31100117145348377,0.24576118611346737,0.26460951140718814,0.1786281310258606
2023-09-06,0.3103349434150444,0.2483114108741674,0.26308575186483046,0.1782678938459578
2023-09-07,0.28760597292540113,0.30991842706615036,0.24006487287987502,0.1624107271285735
2023-09-08,0.2876839558435961,0.3100988626633238,0.23999458303818189,0.1622225984548983
2023-09-11,0.28778346339162286,0.3099538354776809,0.2401285932074581,0.1621341079232381
2023-09-12,0.28888497709812,0.3075284780173243,0.24086324571428366,0.162723299170272
2023-09-13,0.2894723047617247,0.3063602110516988,0.24167202596243292,0.16249545822414357
2023-09-14,0.2896998833517414,0.30561747488411817,0.24205525611542492,0.16262738564871568
2023-09-15,0.2936534905085594,0.3025846780880677,0.24076918625755717,0.16299264514581582
2023-09-18,0.2938363159461904,0.3023722349572366,0.24072432604540756,0.16306712305116547
2023-09-19,0.29407202932238974,0.3023912750514426,0.24045351577829083,0.1630831798478769
2023-09-20,0.29441885938138457,0.3022332706251482,0.2403493366915194,0.16299853330194783
2023-09-21,0.29363586988058865,0.3013372713075253,0.24003526326390057,0.1649915955479855
2023-09-22,0.29818827671136744,0.29468082432085024,0.23960227260485237,0.16752862636293
2023-09-25,0.2987068084617946,0.2942304183018753,0.23988136600041024,0.16718140723591995
2023-09-26,0.3022609788288998,0.28576919729506084,0.2441586492147734,0.16781117466126605
2023-09-27,0.3177937294052689,0.2562027266817602,0.25089778869025325,0.1751057552227177
2023-09-28,0.318804666072814,0.25616832080259216,0.25156786240256024,0.17345915072203372
2023-09-29,0.3197624626259848,0.2524621134020847,0.2546094348784234,0.17316598909350714
2023-10-02,0.321111828773618,0.25089056037101387,0.25491000999562163,0.1730876008597465
2023-10-03,0.3258156424072899,0.24982996585844003,0.2533880989548008,0.1709662927794694
2023-10-04,0.32776106128126153,0.24746524030760117,0.2542816364113223,0.17049206199981504
2023-10-05,0.33191740192942204,0.24657008487355186,0.251580970615128,0.16993154258189822
2023-10-06,0.3384748833087856,0.24364022930150567,0.24925628027762603,0.16862860711208277
2023-10-09,0.33930678374274253,0.2440532670528524,0.24759522641617254,0.16904472278823252
2023-10-10,0.346151150224282,0.23706742306537698,0.24541745211363372,0.1713639745967073
2023-10-11,0.3463371032112941,0.23535699737477705,0.24788184665330928,0.1704240527606196
2023-10-12,0.3482293302053417,0.23463141503517115,0.24711956423348613,0.17001969052600116
2023-10-13,0.34829969955677087,0.23468410268570908,0.24695877031949354,0.17005742743802651
2023-10-16,0.3492723258298844,0.2353107284229135,0.24490471950507156,0.17051222624213058
2023-10-17,0.3496921470094454,0.23395127810903665,0.24603135854099745,0.17032521634052067
2023-10-18,0.34924065674247035,0.2327389334665543,0.24883858391288852,0.1691818258780869
2023-10-19,0.3493405645011707,0.23283388202278849,0.2487010279979601,0.1691245254780807
2023-10-20,0.35201243780466335,0.23185293067198218,0.24734773594321385,0.16878689558014076
2023-10-23,0.3565529988284983,0.2284889788432068,0.246773145846274,0.16818487648202093
2023-10-24,0.35763022604749795,0.2281929961736197,0.24694536823701724,0.16723140954186513
2023-10-25,0.3632711121817691,0.2258051416801746,0.24774302081098684,0.1631807253270695
2023-10-26,0.3671986722404654,0.21904769353743944,0.24973105637615609,0.16402257784593918
2023-10-27,0.3718348424680081,0.2110977422044582,0.2526980966635696,0.16436931866396398
2023-10-30,0.37453058202933326,0.20769307201928383,0.25225461255812903,0.16552173339325382
2023-10-31,0.37737878260929925,0.20083998179417925,0.25525315118408004,0.1665280844124415
2023-11-01,0.3823299842918264,0.19873070264365528,0.25384116744928203,0.1650981456152362
2023-11-02,0.3832308117213365,0.1980892822265919,0.2515339602320662,0.16714594582000553
2023-11-03,0.3890039590863895,0.19589132716777982,0.24338474985464023,0.1717199638911904
2023-11-06,0.38860875177853377,0.19606388395275928,0.2429013617383685,0.17242600253033843
2023-11-07,0.3883491480824663,0.19631558597456536,0.24235223859861704,0.17298302734435125
2023-11-08,0.39256862467773457,0.19475212766745845,0.2411114685273434,0.1715677791274635
2023-11-09,0.39207971406888753,0.19439956980959422,0.2401639383169696,0.17335677780454867
2023-11-10,0.3926686739678485,0.19470562246539158,0.24098209368375417,0.17164360988300573
2023-11-13,0.39360477026891244,0.19425089464416725,0.24152619483659263,0.1706181402503278
2023-11-14,0.39431935743366653,0.19499993624530856,0.2407100145944113,0.16997069172661358
2023-11-15,0.3960239632334381,0.1974759367988806,0.2393226705537551,0.16717742941392613
2023-11-16,0.3981963765257273,0.19791012441507794,0.24159661967630014,0.16229687938289467
2023-11-17,0.40020527862256455,0.196432380851468,0.24283959056637888,0.1605227499595886
2023-11-20,0.4006794828516958,0.1929167794776063,0.24169854278759748,0.16470519488310045
2023-11-21,0.4003672197634525,0.1933576031107837,0.23901511224150646,0.1672600648842573
2023-11-22,0.40192946073165936,0.1930140922979863,0.23852975794126452,0.16652668902908976
2023-11-24,0.40380332487201703,0.19258307740273684,0.23974092726106627,0.16387267046417997
2023-11-27,0.4040219614144709,0.19267811741272076,0.23977935535005657,0.16352056582275173
2023-11-28,0.4139239475215124,0.18831070926553456,0.23485822231308526,0.1629071208998677
2023-11-29,0.4169867328650857,0.189844429927128,0.23535507841451622,0.1578137587932702
2023-11-30,0.4190591448664718,0.1901129260469227,0.23402620192898385,0.15680172715762167
2023-12-01,0.42051652752745106,0.1901542044570239,0.23225874649166295,0.15707052152386222
2023-12-04,0.4231960284963899,0.1914420739334674,0.23387825779499685,0.1514836397751458
2023-12-05,0.435735125732076,0.18769432115749052,0.22893073194409752,0.14763982116633584
2023-12-06,0.46487778750832703,0.1756122702581875,0.21629329896017796,0.14321664327330752
2023-12-07,0.4674135502457721,0.17596668067825727,0.21255561676110457,0.14406415231486613
2023-12-08,0.47031150696962554,0.17467933259590987,0.21147195247331557,0.14353720796114902
2023-12-11,0.568147712831675,0.13771692895069712,0.1717847567642477,0.12235060145338021
2023-12-12,0.5866220361533941,0.13256272718878362,0.16568386042678232,0.11513137623103997
2023-12-13,0.5842361842983456,0.1352626930097287,0.16542315979926703,0.11507796289265872
2023-12-14,0.5738189688705455,0.14269185450523114,0.1673565723706672,0.11613260425355605
2023-12-15,0.5974725820160975,0.13581522180881325,0.15706870468304143,0.10964349149204777
2023-12-18,0.607261092991479,0.1337250773623645,0.15232187455406443,0.106691955092092
2023-12-19,0.6034591384242816,0.13508636959889067,0.153146659401106,0.10830783257572177
2023-12-20,0.6019292208098418,0.1370531170889239,0.15280544132325793,0.10821222077797636
2023-12-21,0.5882801028085892,0.14339244734435816,0.15635730845071286,0.11197014139633965
2023-12-22,0.5897682330720965,0.14406009851500387,0.15547389197758382,0.11069777643531581
2023-12-26,0.5941039859684334,0.14322347370786992,0.15349755093007691,0.10917498939361978
2023-12-27,0.5894173165701597,0.1469583418591076,0.1540877174912119,0.10953662407952071
2023-12-28,0.5899551591942811,0.1472198961968876,0.15432806127745585,0.10849688333137533
2023-12-29,0.5882502432318922,0.14841369496062387,0.1556169212469069,0.10771914056057687
2024-01-02,0.5860745292152028,0.14995552507836393,0.15625868491381928,0.1077112607926141
2024-01-03,0.5508216662937221,0.16198132971821158,0.17039977385211036,0.11679723013595589
2024-01-04,0.5299138431613616,0.17129801380042772,0.17875515194021613,0.12003299109799455
2024-01-05,0.5296960585232375,0.16992639004003363,0.18008694537415904,0.12029060606256979
2024-01-08,0.5286700691423477,0.1697658704751752,0.18168801468410015,0.119876045698377
2024-01-09,0.5221932448890783,0.15349298722818835,0.19552577592994777,0.12878799195278565
2024-01-10,0.523426789053643,0.15031274829933242,0.1966042695740958,0.12965619307292875
2024-01-11,0.5203195715429639,0.15165594183807898,0.1980986018785312,0.1299258847404259
2024-01-12,0.5201770787978768,0.15171555345761137,0.1979998663595937,0.13010750138491814
2024-01-16,0.520259504351598,0.15181440203475557,0.19872286246114723,0.12920323115249926
2024-01-17,0.514744213817972,0.15275445071738497,0.20141980025024214,0.1310815352144009
2024-01-18,0.5084232908912315,0.15537202396784336,0.20216358707655496,0.1340410980643701
2024-01-19,0.502526631359497,0.15631191952542003,0.20508118281209156,0.13608026630299147
2024-01-22,0.4936589084529081,0.158796505322345,0.20750038991998607,0.14004419630476087
2024-01-23,0.49364389681088533,0.1581509821666679,0.20766003905023198,0.14054508197221482
2024-01-24,0.4931784059940191,0.15842921040362398,0.20775306642139194,0.14063931718096506
2024-01-25,0.4927599084135411,0.15879025988612458,0.20710924484121088,0.14134058685912343
2024-01-26,0.4934119590126335,0.1592726771226245,0.20560766013839427,0.1417077037263478
2024-01-29,0.4926116322682482,0.1594798082956881,0.20610587856103244,0.14180268087503103
2024-01-30,0.48986909490056335,0.16082849234857235,0.2064099522940907,0.14289246045677373
2024-01-31,0.48933830300969816,0.16068273331839525,0.20607514490951392,0.1439038187623926
2024-02-01,0.47092241834847254,0.16875246319770484,0.21215616190936876,0.14816895654445367
2024-02-02,0.4612880630124363,0.17257501778611625,0.21495206366635536,0.15118485553509206
2024-02-05,0.4574412276101145,0.17539731929539604,0.21564490169357606,0.15151655140091336
2024-02-06,0.44835703332843796,0.18777987598175047,0.2147431819791662,0.1491199087106454
2024-02-07,0.44741430914058267,0.18749468012400136,0.21483595339881198,0.150255057336604
2024-02-08,0.44398291075258384,0.19000009160378337,0.21482651139591658,0.151190486247716
2024-02-09,0.44361836039908115,0.1903810847984829,0.21471416155971526,0.15128639324272064
2024-02-12,0.4401363960457345,0.1904184986396506,0.21643770790796002,0.1530073974066548
2024-02-13,0.43916152390005675,0.1907744380414785,0.21770823829645894,0.1523557997620059
2024-02-14,0.423329834013638,0.19687683921011118,0.22149082263366096,0.1583025041425898
2024-02-15,0.41861788140678735,0.19983538406768014,0.22428215555279357,0.15726457897273874
2024-02-16,0.4160477689416001,0.20074178450264762,0.22533336338269067,0.15787708317306157
2024-02-20,0.41006747927391735,0.2057180070434754,0.22789738344027746,0.15631713024232974
2024-02-21,0.4094808357026579,0.20610696462729783,0.22835958018032448,0.1560526194897197
2024-02-22,0.4096294073485098,0.20622246867205424,0.22855546379491595,0.15559266018451998
2024-02-23,0.3939828738228009,0.2065241804853826,0.2364060292778851,0.16308691641393153
2024-02-26,0.39337939903188235,0.20561277351700594,0.23866989580445205,0.1623379316466597
2024-02-27,0.3937996247508411,0.2065005514092186,0.2396679007042124,0.16003192313572792
2024-02-28,0.3943137492576006,0.20695409521081903,0.2402269362658366,0.15850521926574387
2024-02-29,0.3905367256867482,0.2082845271572746,0.2419739523300045,0.15920479482597277
2024-03-01,0.3900725676679412,0.20883040748722517,0.24207948827641818,0.15901753656841539
2024-03-04,0.378610105009107,0.21504384848566271,0.24463523865770417,0.16171080784752612
2024-03-05,0.37827073185567645,0.2150494842380443,0.24490114628097992,0.1617786376252992
2024-03-06,0.3772297482336255,0.22007009892594354,0.24897813328556642,0.15372201955486464
2024-03-07,0.3671808931906745,0.23040107702965196,0.24873608326092408,0.1536819465187494
2024-03-08,0.3538287920674923,0.24319662931967553,0.2482481373333437,0.15472644127948854
2024-03-11,0.34983264217019266,0.24946390651534917,0.2464302126474287,0.15427323866702958
2024-03-12,0.3453319021056976,0.2587298020048602,0.24336404477955684,0.15257425110988548
2024-03-13,0.3430971446542041,0.26072652939114305,0.24269958878036427,0.15347673717428878
2024-03-14,0.3433658834903523,0.2613884458855226,0.2438568817376749,0.15138878888645022
2024-03-15,0.3371855975979764,0.26766899285277623,0.24637773201314342,0.14876767753610393
2024-03-18,0.33415113501042626,0.2692286763801735,0.2472004829096644,0.1494197056997359
2024-03-19,0.33351632888982413,0.26924375369027076,0.24759926538593044,0.1496406520339746
2024-03-20,0.33318779396673437,0.26867133375883867,0.24979238998681408,0.14834848228761283
2024-03-21,0.3256338267230821,0.2722838167923136,0.2513155041675172,0.15076685231708714
2024-03-22,0.3252993116314657,0.27202416884319136,0.2521823979967979,0.15049412152854497
2024-03-25,0.3234210264998892,0.27206112011026257,0.2547326668398973,0.14978518654995096
2024-03-26,0.3230277176057068,0.27196326427292633,0.2553212367771445,0.14968778134422242
2024-03-27,0.3217211151775601,0.2709296079515798,0.2566146515531628,0.1507346253176974
2024-03-28,0.3198080905016355,0.27101835808871033,0.2552264394927874,0.15394711191686677
2024-04-01,0.31928055752256573,0.2707612252110845,0.25925549586746,0.15070272139888982
2024-04-02,0.32088903698243804,0.2721336717455337,0.256705282085794,0.15027200918623415
2024-04-03,0.32309816045237943,0.27405069375041263,0.2579356050695805,0.14491554072762736
2024-04-04,0.3238232815614536,0.2748257240568262,0.2589458856182996,0.14240510876342055
2024-04-05,0.31867554988757246,0.27615150295743807,0.2595980707132255,0.14557487644176406
2024-04-08,0.31809227801827256,0.2727521553413729,0.26265162185472857,0.1465039447856261
2024-04-09,0.3172918878137991,0.2726417629122271,0.26235289895692354,0.14771345031705035
2024-04-10,0.3160434187130011,0.2717298539670231,0.2614176214101848,0.15080910590979094
2024-04-11,0.31614860028142927,0.275648917698692,0.2514772352033681,0.15672524681651068
2024-04-12,0.3111613621541159,0.2778554006637793,0.2537789287309808,0.1572043084511241
2024-04-15,0.30005560707726814,0.27955071284535565,0.25536479081306307,0.16502888926431314
2024-04-16,0.3013235385182371,0.27749467632658903,0.25315845316211505,0.1680233319930588
2024-04-17,0.30192309865923345,0.27650463702045247,0.25297223227704096,0.16860003204327306
2024-04-18,0.3023163130880625,0.27433690503211167,0.25720782639267065,0.16613895548715524
2024-04-19,0.30264158554751774,0.27378425603172307,0.2572946925362088,0.16627946588455048
2024-04-22,0.30352554871893583,0.27025845929678,0.25824306473985803,0.16797292724442625
2024-04-23,0.30365410921892055,0.26576334510449273,0.25746605887569124,0.17311648680089553
2024-04-24,0.30616784256822144,0.26246666488633735,0.2569031061978409,0.17446238634760033
2024-04-25,0.30570639489213997,0.260366870720934,0.2590557522824831,0.17487098210444288
2024-04-26,0.3049944167710099,0.25979406438559177,0.26002774058462014,0.1751837782587782
2024-04-29,0.30525595199898947,0.2600168185334841,0.2593964517464717,0.17533077772105476
2024-04-30,0.3054700985912843,0.2600000820344326,0.259170904627186,0.17535891474709708
2024-05-01,0.306595675714788,0.2617235653911813,0.254802374438235,0.1768783844557957
2024-05-02,0.3067453051396882,0.25982608238042865,0.25642146742199673,0.1770071450578865
2024-05-03,0.30785606880677063,0.2602125660979535,0.25404921289309074,0.17788215220218512
2024-05-06,0.30885996879455563,0.2610734103558264,0.2513868611404828,0.17867975970913533
2024-05-07,0.30975547027448824,0.26021263899465474,0.25096040240162293,0.17907148832923409
2024-05-08,0.30915214721290474,0.259820808877647,0.25050818454153284,0.18051885936791548
2024-05-09,0.30857724129921593,0.2591379983974585,0.2501629685329939,0.18212179177033158
2024-05-10,0.3086675432275658,0.25901548349140135,0.24933543290999277,0.1829815403710401
2024-05-13,0.3113031210534596,0.2578808644233623,0.24863946409552876,0.1821765504276495
2024-05-14,0.3102622814092956,0.2544072196072186,0.2511877445298781,0.18414275445360767
2024-05-15,0.30948420077533834,0.2567234205436056,0.2500313570562831,0.18376102162477295
2024-05-16,0.30913127767271226,0.25796312019150397,0.2478543372236703,0.18505126491211335
2024-05-17,0.2913851126772964,0.30000747260998495,0.2351866453779128,0.17342076933480585
2024-05-20,0.28583095960889227,0.31322962609475197,0.23091280505823358,0.1700266092381222
2024-05-21,0.2858222873054129,0.31271711750374576,0.23074596166322078,0.17071463352762045
2024-05-22,0.2855291797363454,0.31266616068952185,0.2312110706407491,0.1705935889333835
2024-05-23,0.28177691031324015,0.31557998794148195,0.23245914731138909,0.17018395443388887
2024-05-24,0.27825701584876444,0.31943509157233313,0.23346918307348083,0.16883870950542168
2024-05-28,0.27663410179212833,0.3203507591592183,0.23488830735197763,0.1681268316966757
2024-05-29,0.27527179142469566,0.3241834431692072,0.23346082756597333,0.16708393784012363
2024-05-30,0.27665809465404134,0.31448514581616943,0.23874820819340167,0.17010855133638764
2024-05-31,0.2744903575513297,0.3176656877433639,0.23848056154376254,0.16936339316154383
2024-06-03,0.2770394473661964,0.3143893503324792,0.23850768342650466,0.17006351887481969
2024-06-04,0.27865080640367174,0.30985202017128793,0.2404823330422648,0.17101484038277556
2024-06-05,0.27923706125541564,0.307208844926127,0.24223692668984861,0.17131716712860878
2024-06-06,0.2787591772864475,0.3070289308957321,0.2411409069136583,0.17307098490416212
2024-06-07,0.2790556202928035,0.30639120638298917,0.24168801228556855,0.1728651610386388
2024-06-10,0.2808767928027959,0.308667728587564,0.23617309123981975,0.17428238736982024
2024-06-11,0.2827705419609221,0.30593175012809737,0.2376775689341119,0.17362013897686848
2024-06-12,0.28436865680122114,0.3046976286392114,0.23790880729844668,0.17302490726112082
2024-06-13,0.2840589176729733,0.30374495608594604,0.23825382286329339,0.1739423033777872
2024-06-14,0.28408111798482844,0.30354571171930855,0.2385070418364485,0.17386612845941435
2024-06-17,0.28461468118633093,0.3025610908849153,0.23852733036517257,0.1742968975635813
2024-06-18,0.2848728932423185,0.301506193751391,0.2391772937259069,0.1744436192803836
2024-06-20,0.2849378241204329,0.3015621397947406,0.23907542349194616,0.17442461259288022
2024-06-21,0.2871425459951772,0.29767345984741206,0.24018975283749366,0.17499424131991706
2024-06-24,0.28762821030788166,0.29813476553397683,0.2389049480214927,0.17533207613664883
2024-06-25,0.28955855702153543,0.29510815188783995,0.24167565397176502,0.1736576371188597
2024-06-26,0.29081203697495034,0.2914634940619814,0.24155183290965843,0.17617263605340988
2024-06-27,0.2915905397763836,0.29095265010483334,0.24185352620247577,0.17560328391630722
2024-06-28,0.2922274707520899,0.29066732377529586,0.24126137994387029,0.175843825528744
2024-07-01,0.2925081802575271,0.2909437899727249,0.24128437645968628,0.17526365331006177
2024-07-02,0.2928871164379376,0.2895482978859891,0.24160348654450106,0.1759610991315723
2024-07-03,0.2933993200701647,0.2992741702581506,0.2367005988566121,0.1706259108150726
2024-07-05,0.293120544733132,0.30006778063915046,0.2356696312029363,0.17114204342478123
2024-07-08,0.2926561771848058,0.29926670128542127,0.2339768958488081,0.1741002256809648
2024-07-09,0.292370247113347,0.29875076612723084,0.2327641917460899,0.17611479501333227
2024-07-10,0.29371530401378454,0.2978085888411894,0.23226069764207363,0.17621540950295242
2024-07-11,0.2932034640292935,0.29789206042374616,0.23208423732197878,0.17682023822498152
2024-07-12,0.295558571318209,0.29568097976526087,0.2327013898824079,0.17605905903412228
2024-07-15,0.29482244264985225,0.29549544864496974,0.2326095696034483,0.17707253910172968
2024-07-16,0.291204465969125,0.28833415401420615,0.22806418483190455,0.1923971951847643
2024-07-17,0.2936077852451601,0.2870991482661457,0.22505429177931677,0.19423877470937737
2024-07-18,0.29117438269161705,0.2905472255410125,0.22737914941211915,0.19089924235525124
2024-07-19,0.2903054719977093,0.28628186032421427,0.22988893526730594,0.19352373241077045
2024-07-22,0.2936799730204289,0.2793334281322901,0.2307364202711971,0.19625017857608396
2024-07-23,0.3009927258162237,0.26130753742717394,0.23684047153653284,0.20085926522006944
2024-07-24,0.3000570905745891,0.25817910729834304,0.23619508797120206,0.20556871415586575
2024-07-25,0.2988459417876848,0.25773174961589895,0.23367816602560434,0.2097441425708118
2024-07-26,0.3010199902395161,0.2574899902171933,0.23149080755213386,0.2099992119911567
2024-07-29,0.3033389113335976,0.25383996437341205,0.23071257627399203,0.2121085480189984
2024-07-30,0.3024943857908767,0.25313796655403475,0.2303538287681315,0.2140138188869571
2024-07-31,0.3136394882639088,0.2372780976840011,0.23378430062276448,0.2152981134293255
2024-08-01,0.33242534168099636,0.1959616862817998,0.24074549612955798,0.23086747590764592
2024-08-02,0.33228663080146215,0.19563954444700737,0.23835956632668592,0.2337142584248446
2024-08-05,0.3313270472641328,0.19691126909497464,0.23721952312467692,0.23454216051621557
2024-08-06,0.3328407501689352,0.19847863661961573,0.2297323310648895,0.23894828214655958
2024-08-07,0.3362583702328976,0.19387066193291774,0.2312705962358263,0.23860037159835842
2024-08-08,0.33269808269742335,0.19175932319118,0.22850583114530915,0.24703676296608754
2024-08-09,0.3387072389002008,0.1772891040845647,0.2277701956283348,0.2562334613868997
2024-08-12,0.3265539630705023,0.17099129155747786,0.2210940001623417,0.28136074520967813
2024-08-13,0.31842852030595137,0.16617888981984147,0.21370801685516905,0.30168457301903817
2024-08-14,0.32227562344088573,0.1655261567455754,0.21280923226282078,0.2993889875507181
2024-08-15,0.3201405151210838,0.16195419256014412,0.20718207985490505,0.3107232124638669
2024-08-16,0.3195530240376363,0.16094553262225164,0.2044914608083876,0.3150099825317245
2024-08-19,0.31943048546297304,0.16122640249574954,0.2034156818360152,0.3159274302052622
2024-08-20,0.321939097818091,0.15879926172561043,0.20914116763272458,0.31012047282357397
2024-08-21,0.3241549781934749,0.1542872057456501,0.2034721007918042,0.318085715269071
2024-08-22,0.3380814704453723,0.15004029534685648,0.19963062670510454,0.3122476075026667
2024-08-23,0.3391277064468897,0.15057524929106444,0.20078694591812365,0.30951009834392207
2024-08-26,0.3311220253187106,0.15336544088146942,0.20319701925714556,0.3123155145426743
2024-08-27,0.32378584778549035,0.15023020521023264,0.1988920434258294,0.32709190357844764
2024-08-28,0.3234696564573021,0.15018392065525574,0.19898341363250432,0.32736300925493794
2024-08-29,0.32307699371654075,0.1512081092399869,0.19841226959199193,0.3273026274514806
2024-08-30,0.32417899132194816,0.1518638483836969,0.19856784993323567,0.32538931036111934
2024-09-03,0.3233939260981752,0.15282648616536793,0.19970083475582676,0.3240787529806302
2024-09-04,0.3223137069518249,0.15327202439787296,0.19969970449634508,0.32471456415395716
2024-09-05,0.3222023852893198,0.15316562763300623,0.20019280818898835,0.3244391788886856
2024-09-06,0.3223780084701255,0.15332967623687505,0.20068687374839625,0.3236054415446032
2024-09-09,0.32210165553556575,0.14957023260599392,0.20248557915809406,0.32584253270034624
2024-09-10,0.31917406141276206,0.1485722783339015,0.20747245257568833,0.3247812076776482
2024-09-11,0.31835671068833044,0.14890226907017665,0.20744157929736357,0.32529944094412927
2024-09-12,0.3180957748409929,0.1485022524513694,0.20882007451239123,0.3245818981952466
2024-09-13,0.317797195955616,0.14921188760461002,0.21069033248183572,0.32230058395793815
2024-09-16,0.3165414826652955,0.15001161156845444,0.21129985364527096,0.322147052120979
2024-09-17,0.3155731164618386,0.15013481326173425,0.21149288863980106,0.3227991816366259
2024-09-18,0.3148509303680942,0.1509472222623473,0.21157161065153754,0.3226302367180208
2024-09-19,0.31465749950919925,0.15205587997800818,0.21311883994717415,0.32016778056561845
2024-09-20,0.3128365930606238,0.152864588527103,0.21342765168003414,0.3208711667322391
2024-09-23,0.31337973066468106,0.15312351486102865,0.2136397665122377,0.31985698796205264
2024-09-24,0.3129582283254125,0.15311430948632962,0.21371571828478111,0.3202117439034766
2024-09-25,0.31337333962809405,0.1529510736369408,0.21507229626367502,0.3186032904712902
2024-09-26,0.31155469627791793,0.15352569068598057,0.21585679587050793,0.3190628171655934
2024-09-27,0.31303980673819315,0.15923745308462142,0.22370825892704072,0.3040144812501447
2024-09-30,0.31454469790729983,0.1602202695497085,0.22460859057084043,0.30062644197215127
2024-10-01,0.31806982294262837,0.1626228204239734,0.22791436121183328,0.291392995421565
2024-10-02,0.32096724070192306,0.15977735496955514,0.22509267580709158,0.2941627285214301
2024-10-03,0.3273444587030428,0.1586394805008033,0.22371997931214943,0.29029608148400454
2024-10-04,0.325139344194806,0.15887912614613411,0.22421124361791864,0.29177028604114136
2024-10-07,0.3264056309513562,0.1589265029133891,0.22383544394852403,0.29083242218673067
2024-10-08,0.3311632958349608,0.15936203490958464,0.2210735406448151,0.2884011286106394
2024-10-09,0.3511887499253242,0.16877476553819595,0.23375757863417945,0.2462789059023005
2024-10-10,0.35192085937396234,0.16985569443138795,0.2358086619790093,0.24241478421564042
2024-10-11,0.3516360268879171,0.17052469864612912,0.23589492145480542,0.24194435301114836
2024-10-14,0.3501063606450499,0.17207045654172426,0.23537003096947712,0.24245315184374874
2024-10-15,0.35307277205517745,0.1707824578567286,0.236058318359555,0.24008645172853887
2024-10-16,0.34853028843897577,0.17232154317712725,0.23737787942730812,0.24177028895658892
2024-10-17,0.3460552253936254,0.17087757198854397,0.24344013983614476,0.23962706278168586
2024-10-18,0.34594243798257635,0.170842520621466,0.2438318345068862,0.23938320688907144
2024-10-21,0.3457712145440905,0.17159239673612406,0.24346858439326255,0.23916780432652293
2024-10-22,0.34881388615306286,0.17132460414872552,0.24071122614602072,0.23915028355219084
2024-10-23,0.35122377366832214,0.17243022396263066,0.24198509330424545,0.2343609090648018
2024-10-24,0.35662454688527867,0.1761776885119067,0.2474493519862698,0.2197484126165449
2024-10-25,0.35905322845168086,0.17657606013794372,0.247792913163594,0.2165777982467815
2024-10-28,0.3593701943808676,0.1762709355069328,0.24758123044044303,0.21677763967175667
2024-10-29,0.3606725334103118,0.1771955632201315,0.24828769308019769,0.213844210289359
2024-10-30,0.3658803582097002,0.17745748205527895,0.2545381684703277,0.20212399126469324
2024-10-31,0.3674988606204014,0.17757535803419394,0.25444450599657575,0.20048127534882904
2024-11-01,0.3743881978888537,0.1837092744558022,0.25546191923862355,0.18644060841672058
2024-11-04,0.37480064461104773,0.18383827224333127,0.254531948668777,0.18682913447684396
2024-11-05,0.3750922406701365,0.18388900104461392,0.2548014244117163,0.18621733387353312
2024-11-06,0.3774473279627571,0.18086209327566086,0.25595858470173705,0.18573199405984508
2024-11-07,0.3892053980158335,0.17953647702016937,0.24747310706319667,0.18378501790080054
2024-11-08,0.39056290076971223,0.18047343695598692,0.2450053116823986,0.1839583505919021
2024-11-11,0.3904997123056599,0.1803873868867946,0.2454031040712873,0.18370979673625837
2024-11-12,0.39913073263579735,0.1837708888798781,0.24692791076802642,0.17017046771629826
2024-11-13,0.4000854715426751,0.18430343558881274,0.24563510848435569,0.1699759843841565
2024-11-14,0.4003508365746531,0.1840689442547756,0.2455430323812347,0.17003718678933655
2024-11-15,0.4023243372749898,0.18360079963596596,0.24533182383975446,0.16874303924928988
2024-11-18,0.4003484767605195,0.18425434727301598,0.24618398400298935,0.16921319196347517
2024-11-19,0.40201488884218617,0.18435214453424392,0.2439294649052895,0.1697035017182803
2024-11-20,0.40220834044334053,0.18433590382878434,0.24367823270481923,0.16977752302305588
2024-11-21,0.4037227536379092,0.18304442708722019,0.24494602729847254,0.16828679197639812
2024-11-22,0.4176954864451541,0.17798989831038742,0.23980850701109116,0.16450610823336745
2024-11-25,0.42539827756088183,0.17693225282261565,0.23567342631108926,0.16199604330541328
2024-11-26,0.42792101333339627,0.17817708366966262,0.23527576821796992,0.15862613477897117
2024-11-27,0.42820025885149793,0.18176733146361304,0.23362851334387474,0.15640389634101431
2024-11-29,0.4277021329271748,0.18265564695100656,0.23336881254788833,0.1562734075739302
2024-12-02,0.43369005041993774,0.17998109907023693,0.23334761534653406,0.15298123516329146
2024-12-03,0.43342959976672585,0.18000753300604513,0.2337703385907743,0.1527925286364546
2024-12-04,0.43298425513173927,0.18049200219196246,0.23455352043076044,0.15197022224553786
2024-12-05,0.4321239402793092,0.1808449573200842,0.23492120010332068,0.15210990229728577
2024-12-06,0.4286414285422179,0.1873990606723225,0.2330143819795463,0.15094512880591335
2024-12-09,0.40709355150143706,0.22197913720722473,0.22751318700629578,0.14341412428504252
2024-12-10,0.4066646622491898,0.22025616847157947,0.22979878681316998,0.14328038246606076
2024-12-11,0.4080176209207406,0.2186156678164574,0.23008131348872382,0.14328539777407828
2024-12-12,0.4026601683558292,0.21611487229000775,0.2401426931700054,0.1410822661841576
2024-12-13,0.3988193077803879,0.22255073047913437,0.23807086109458872,0.1405591006458891
2024-12-16,0.3996599169603843,0.2218700834668024,0.2381744560899402,0.14029554348287313
2024-12-17,0.37383061908819554,0.260841439571269,0.2336672882602961,0.1316606530802394
2024-12-18,0.37651903293310557,0.2555146772611177,0.2352976355207389,0.1326686542850379
2024-12-19,0.3947680869741313,0.22365415512105452,0.23773363000771833,0.14384412789709597
2024-12-20,0.39549403401757166,0.22206678717664252,0.2383877136969956,0.14405146510879022
2024-12-23,0.40213765806978946,0.21293303069397423,0.23852711466556417,0.1464021965706722
2024-12-24,0.40113934194790457,0.21247952777408127,0.24028267356336394,0.14609845671465022
2024-12-26,0.401813501669433,0.21128325310374016,0.24123816279039595,0.1456650824364309
2024-12-27,0.4018029733626851,0.21108735027971193,0.24152340555798799,0.14558627079961511
2024-12-30,0.4021759148183991,0.21171361868709376,0.24009194506048998,0.14601852143401708
2024-12-31,0.40218847539623587,0.21216532294912113,0.23930964412781894,0.14633655752682392
2025-01-02,0.4025122101520131,0.21118219434326918,0.2404698060608154,0.14583578944390233
2025-01-03,0.4130811195935994,0.20429932645510493,0.23929036580864013,0.14332918814265558
2025-01-06,0.4158245386652018,0.19810319296338957,0.2414155503412149,0.1446567180301937
2025-01-07,0.41762668550780874,0.19579818071871696,0.24147420547804838,0.1451009282954259
2025-01-08,0.41755138759077964,0.19549803469707216,0.24207936246911582,0.14487121524303243
2025-01-10,0.41779344173699134,0.19552493456365813,0.24193768746413719,0.14474393623521326
2025-01-13,0.4178299879095509,0.19627507182272316,0.24205272345290546,0.14384221681482048
2025-01-14,0.42074156828316184,0.19288929184782172,0.2426845491582263,0.14368459071079012
2025-01-15,0.4216482794563397,0.19221017431363183,0.24223887721717322,0.1439026690128553
2025-01-16,0.43239831734510203,0.17464528246789773,0.2474749584746644,0.14548144171233574
2025-01-17,0.43478046167071754,0.17865515356908293,0.24254918098897627,0.14401520377122337
2025-01-21,0.43789900952035565,0.17798890138488474,0.24145899305430282,0.14265309604045692
2025-01-22,0.44194909293105034,0.17814997092273102,0.23776349988762993,0.14213743625858868
2025-01-23,0.44221429414355296,0.1783744514524606,0.23730107005084863,0.14211018435313771
2025-01-24,0.4437739472673271,0.17743593790847173,0.23769440331350733,0.14109571151069383
2025-01-27,0.44623956356609223,0.17625838443296477,0.2374770757814305,0.14002497621951243
2025-01-28,0.4477633126130221,0.1758834487874286,0.2370064130139879,0.13934682558556144
2025-01-29,0.4496889239998777,0.1745001796980138,0.23686685438663405,0.13894404191547455
2025-01-30,0.45275980153973533,0.1735432028926682,0.23494894730993637,0.13874804825766016
2025-01-31,0.4590940578698026,0.17218781519302792,0.2309868761038221,0.1377312508333473
2025-02-03,0.4595881745317498,0.17057121777539358,0.23177491919551427,0.13806568849734224
2025-02-04,0.4610613183202196,0.16979883327076747,0.2315555053381274,0.1375843430708855
2025-02-05,0.46403597340896463,0.16711993675686695,0.23126199238081502,0.1375820974533534
2025-02-06,0.46758472517300675,0.16605890334830034,0.22957355936279278,0.1367828121159001
2025-02-07,0.4850149201759883,0.16007687184810365,0.22134154222371039,0.1335666657521976
2025-02-10,0.4851678050333861,0.1598625774846391,0.22103129068840247,0.13393832679357234
2025-02-11,0.4838028190406201,0.16069804620715358,0.21953188188621794,0.13596725286600833
2025-02-12,0.48360248562490227,0.1606367242173028,0.2194739497348336,0.13628684042296144
2025-02-13,0.4832914965881364,0.16043910542845224,0.21923480830997144,0.13703458967344
2025-02-14,0.4908573094367733,0.15851452840678168,0.21525143125646906,0.135376730899976
2025-02-18,0.4902515072184787,0.15906566824690657,0.21505567951755653,0.13562714501705808
2025-02-19,0.4890364707967483,0.15987723051036162,0.21504785886325212,0.1360384398296379
2025-02-20,0.4880371801153042,0.1574707213764279,0.21195153934256483,0.14254055916570305
2025-02-21,0.48703079929970083,0.15727580542379288,0.21173817343021045,0.14395522184629575
2025-02-24,0.47220185358099026,0.16286406006122184,0.21772256847272858,0.14721151788505926
2025-02-25,0.4771135461475678,0.1585739088713153,0.218398202467232,0.14591434251388496
2025-02-26,0.47046911286989623,0.16043217635171952,0.2208834365052713,0.14821527427311287
2025-02-27,0.47854541292408365,0.15765767037238076,0.2180447501638831,0.1457521665396525
2025-02-28,0.479627955449987,0.15469975910275088,0.2187271945532296,0.14694509089403254
2025-03-03,0.4814657093729099,0.1515818945495723,0.21934547044956149,0.14760692562795621
2025-03-04,0.48558458195708243,0.14738898024874683,0.21982409224648566,0.14720234554768513
2025-03-05,0.48546512025653127,0.14697080588451153,0.22068689870569402,0.14687717515326312
2025-03-06,0.4869701531608709,0.1432080658644339,0.22123864364880225,0.148583137325893
2025-03-07,0.48809188706016704,0.1407044550806617,0.2175384645140184,0.1536651933451528
2025-03-10,0.48810949316419133,0.14028722706593494,0.217083757253834,0.15451952251603965
2025-03-11,0.49009849688836116,0.1410940902253461,0.2133898733164049,0.1554175395698878
2025-03-12,0.48953850663684473,0.1410091607148571,0.212957852563757,0.15649448008454103
2025-03-13,0.48659668066228157,0.14085978543164063,0.21055887244962881,0.16198466145644905
2025-03-14,0.4859485565722004,0.1406000087308685,0.21050203837895837,0.16294939631797273
2025-03-17,0.48278461340672296,0.13587753770046676,0.2066162393658132,0.17472160952699714
2025-03-18,0.4805198972095982,0.13644038987625068,0.20760424566150976,0.17543546725264128
2025-03-19,0.4791966117660531,0.1364349975142984,0.20802739507653606,0.1763409956431124
2025-03-20,0.4776050477122632,0.13802780636918074,0.20667839653938558,0.17768874937917048
2025-03-21,0.4636787047974832,0.13978067404231562,0.21400093221048155,0.18253968894971953
2025-03-24,0.4632528568395669,0.13941467491340442,0.21684127577966741,0.18049119246736117
2025-03-25,0.4638280673802484,0.1393892837177506,0.21637376446793044,0.18040888443407052
2025-03-26,0.4457301829082959,0.13420425201643787,0.2124051092177822,0.20766045585748405
2025-03-27,0.4419055076308785,0.13409758268724334,0.21409501953833573,0.2099018901435424
2025-03-28,0.43934493826129134,0.13509085970429519,0.21503680028176603,0.21052740175264736
2025-03-31,0.4366705793275458,0.13490645515106983,0.21475711458554878,0.21366585093583565
2025-04-01,0.4440696603301478,0.13291023316905148,0.21053701686386736,0.2124830896369334
2025-04-02,0.44391601404867503,0.13264134596727448,0.2124487471309067,0.2109938928531437
2025-04-03,0.44396139906765275,0.13238805976964993,0.2123086395409339,0.2113419016217633
2025-04-04,0.455724720906814,0.13349568135966577,0.2073928561781142,0.20338674155540615
2025-04-07,0.4571641874326209,0.13543307984990358,0.19570502709469412,0.2116977056227813
2025-04-08,0.45901624908728106,0.13594318228875585,0.19295250518213453,0.2120880634418286
2025-04-09,0.45614397844273213,0.1349159543942039,0.192187911868029,0.21675215529503503
2025-04-10,0.459030747153822,0.13517159052926844,0.18660354222631645,0.21919412009059314
2025-04-11,0.46045036889411456,0.13537281930935735,0.1845375843137253,0.21963922748280287
2025-04-14,0.4617336682676584,0.13532017026562318,0.18294421842368913,0.22000194304302945
2025-04-15,0.4609752947785799,0.13512424649818355,0.18359498375142386,0.2203054749718126
2025-04-16,0.46066516218616044,0.13524935520397605,0.18369131268191352,0.22039416992795002
2025-04-17,0.4590785752074918,0.13779034368159332,0.18273262025815587,0.220398460852759
2025-04-21,0.459200530199268,0.13778328772500947,0.18267295506971545,0.22034322700600717
2025-04-22,0.4565302017343176,0.140808170879536,0.18221971342624574,0.22044191395990068
2025-04-23,0.45649617834444794,0.1414521839483264,0.1817207569435801,0.2203308807636457
2025-04-24,0.45315970581722964,0.1432429108503418,0.18242850691238602,0.22116887642004257
2025-04-25,0.4575472584041717,0.14190143750478973,0.17998957445430425,0.2205617296367343
2025-04-28,0.45803634673349714,0.14203645538296494,0.1795004758604485,0.2204267220230895
2025-04-29,0.45873858379152527,0.14198437043166,0.1786679800240464,0.22060906575276829
2025-04-30,0.46105596656279113,0.14157119491475284,0.1771259793322512,0.2202468591902049
2025-05-01,0.46053798643700544,0.14252055424606497,0.17679968066815585,0.22014177864877363
2025-05-02,0.46580031112041925,0.14314256431998476,0.16829748492828012,0.2227596396313159
2025-05-05,0.46553791115773047,0.14406001195371446,0.167792001432715,0.22261007545583997
2025-05-06,0.4639856727438225,0.14875681019489898,0.1655927880739186,0.22166472898735998
2025-05-07,0.46547140028156275,0.14897013114480906,0.163569305462487,0.22198916311114122
2025-05-08,0.46596370298855905,0.149167822592026,0.1628945318996632,0.22197394251975186
2025-05-09,0.4668622778633595,0.14951366049925044,0.16124601320748402,0.22237804842990597
2025-05-12,0.4656720828953326,0.149658797350679,0.16211408154128937,0.22255503821269906
2025-05-13,0.4611800126395338,0.15145384118475155,0.1626203532743675,0.22474579290134714
2025-05-14,0.46353209445945426,0.1523091025144598,0.16350306645970766,0.22065573656637816
2025-05-15,0.46343071655704676,0.1545225458766507,0.16134921091985288,0.2206975266464496
2025-05-16,0.4623636703674257,0.1588675530051411,0.1587944761273874,0.21997430050004585
2025-05-19,0.46174015420406356,0.1606086457094765,0.15844584716481347,0.21920535292164656
2025-05-20,0.46191405847132955,0.16100721685469846,0.15767039887274237,0.2194083258012297
2025-05-21,0.46231069233211314,0.16122723990268123,0.15660542250666207,0.21985664525854365
2025-05-22,0.45875221027688995,0.159237393811927,0.15514411714580562,0.22686627876537752
2025-05-23,0.4573754366822318,0.16150813961226904,0.1540976730425673,0.22701875066293184
2025-05-27,0.4595611532493956,0.1605895158423979,0.1539754543225051,0.2258738765857015
2025-05-28,0.45271929528527777,0.16136289607203608,0.15263231727285764,0.23328549136982848
2025-05-29,0.4517911203751745,0.16256531514233838,0.15414070715494682,0.23150285732754017
2025-05-30,0.4510751985865742,0.16271748674307857,0.15417037907873035,0.23203693559161678
2025-06-02,0.44935030977475565,0.1625166105956716,0.15608950343080855,0.23204357619876412
2025-06-03,0.4486443202961419,0.16399193238761264,0.15424959590599435,0.2331141514102511
2025-06-04,0.45136605048903095,0.16482682676726454,0.1542832280413762,0.22952389470232834
2025-06-05,0.44914901372513655,0.16552986663764016,0.15483643862535634,0.23048468101186692
2025-06-06,0.44981659443744515,0.16511277918199363,0.15432178625793136,0.2307488401226298
2025-06-09,0.45055101786418705,0.16635358508782072,0.15411836150024522,0.22897703554774698
2025-06-10,0.4521421028811715,0.16748118568141415,0.1555778786829074,0.22479883275450702
2025-06-11,0.45070591397369236,0.16749114119285194,0.15663882856164776,0.22516411627180805
2025-06-12,0.4501132814060232,0.16932219195710388,0.15622348137255562,0.22434104526431742
2025-06-13,0.44981930165530476,0.16987291494088555,0.15562456926449808,0.22468321413931147
2025-06-16,0.445833124583125,0.17524189964990342,0.1570883983986554,0.2218365773683163
2025-06-17,0.44750179825010916,0.17548597094497975,0.15711853409960222,0.21989369670530892
2025-06-18,0.4473838345680275,0.17817095571746866,0.15928327549643434,0.21516193421806948
2025-06-20,0.44814142761704306,0.17833507065858095,0.1595039005515632,0.21401960117281282
2025-06-23,0.45024882174783404,0.17705007165581288,0.1593925789532789,0.21330852764307418
2025-06-24,0.45662888838373106,0.18093008150562445,0.1632241352545183,0.19921689485612615
2025-06-25,0.4532325923855815,0.18204985561058007,0.16448495952357742,0.200232592480261
2025-06-26,0.4556275497349958,0.18082198648318404,0.16430334544558045,0.19924711833623965
2025-06-27,0.45204991474297745,0.18201497170530012,0.16574605242484716,0.20018906112687532
2025-06-30,0.4528652329420455,0.18127990312964204,0.16562500549588638,0.2002298584324261
2025-07-01,0.45245353075442246,0.18170048950839454,0.16555628291463304,0.2002896968225499
2025-07-02,0.4522986355615827,0.18176272121065623,0.1654855993632462,0.20045304386451493
2025-07-03,0.4655679317111626,0.175829613491619,0.1606641882418382,0.1979382665553802
2025-07-07,0.46067694955902605,0.18101833869062753,0.1603359693583558,0.1979687423919906
2025-07-08,0.45881598343721053,0.18298340830577559,0.16090898982195023,0.19729161843506363
2025-07-09,0.45739562243251886,0.18339043111965114,0.1612004674152662,0.19801347903256372
2025-07-10,0.45294051526248474,0.19157540253551317,0.15894785507619918,0.19653622712580296
2025-07-11,0.4488205283163871,0.2002020541642737,0.157007709919546,0.19396970759979326
2025-07-14,0.43988055993163633,0.21212670164330938,0.1557053959519944,0.19228734247305995
2025-07-15,0.43926028782934723,0.2129004352373661,0.1556235208228587,0.19221575611042802
2025-07-16,0.43115160905185507,0.23042951287334254,0.15268255840648282,0.1857363196683197
2025-07-17,0.42587954355565044,0.2391980851156225,0.15252028722289346,0.18240208410583358
2025-07-18,0.42275082312864787,0.24067215198891187,0.15349781169988802,0.1830792131825522
2025-07-21,0.4219354705856842,0.2401523144613032,0.15613336516380055,0.181778849789212
2025-07-22,0.42006919647343893,0.2419019870193643,0.15565467420364604,0.18237414230355067
2025-07-23,0.42103054391598466,0.2422194702402237,0.15547802760679785,0.1812719582369938
2025-07-24,0.4073694456147981,0.24829805701798868,0.1589720954741657,0.18536040189304742
2025-07-25,0.4048220268292219,0.2524039526116161,0.15816481301488888,0.1846092075442731
2025-07-28,0.4081960858254046,0.253369705689021,0.15851639647119198,0.17991781201438248
2025-07-29,0.40607414342329573,0.2547448646365331,0.15792333794741437,0.1812576539927567
2025-07-30,0.40606401992252744,0.2545962823160509,0.15827754925672627,0.18106214850469532
2025-07-31,0.4083257476696899,0.2551525189135288,0.15688166295991798,0.17964007045686342
2025-08-01,0.40562348382426555,0.2552047461536745,0.15722716559630276,0.18194460442575733
2025-08-04,0.40057487088817617,0.2553279763990499,0.16319408028140128,0.18090307243137266
2025-08-05,0.3983247561751388,0.23960429610803638,0.17262973374250706,0.18944121397431768
2025-08-06,0.3997181558139341,0.23881046753836968,0.17254546663333858,0.1889259100143578
2025-08-07,0.39700177961786526,0.23968308506375438,0.17355792795793618,0.18975720736044416
2025-08-08,0.3981141401390801,0.2388044465912115,0.17335705723569722,0.18972435603401117
2025-08-11,0.3956331486447744,0.2409445724626892,0.17385726047898126,0.18956501841355503
2025-08-12,0.3949672730138816,0.24142475822887072,0.17331270174673094,0.19029526701051674
2025-08-13,0.3861359103146825,0.2457481656755881,0.1759614314897578,0.19215449251997163
2025-08-14,0.37303459562824154,0.25401268074513006,0.17614593102883108,0.19680679259779726
2025-08-15,0.37112067677007543,0.25080442398391545,0.1839542662059763,0.19412063304003283
2025-08-18,0.36959643185693825,0.24921386358821124,0.18823905199595092,0.19295065255889962
2025-08-19,0.3693834867010494,0.24904452783993455,0.1885317547560542,0.19304023070296167
2025-08-20,0.3667200214503971,0.25125261499973905,0.19475621588587136,0.1872711476639925
2025-08-21,0.36638281104118015,0.24959167467280838,0.1971740065900898,0.18685150769592168
2025-08-22,0.36500595117075285,0.24856118767174523,0.19919514869182942,0.18723771246567253
2025-08-25,0.35881949601353685,0.24394580527854295,0.20500340066997058,0.19223129803794964
2025-08-26,0.35519712280386045,0.24529820170896635,0.20611274424915108,0.19339193123802223
2025-08-27,0.3551444290972711,0.24222035843297338,0.20893876928678543,0.1936964431829701
2025-08-28,0.3552706329688365,0.2421513437148552,0.20894996734471605,0.1936280559715922
2025-08-29,0.35492043710351934,0.23952346161809043,0.2116675839343493,0.19388851734404078
2025-09-02,0.3532333519883838,0.23976029401889007,0.21322245484451893,0.19378389914820726
2025-09-03,0.35340416899548405,0.23905499430660285,0.2137207542176668,0.19382008248024643
2025-09-04,0.35200459391465766,0.2400252270420153,0.21510975137459615,0.192860427668731
2025-09-05,0.35033972398052626,0.24054219819421455,0.2160858913349548,0.19303218649030437
2025-09-08,0.3483493000035999,0.2432673899560588,0.21641580039930952,0.19196750964103182
2025-09-09,0.3477059428995704,0.2453106446850749,0.21711464537661113,0.18986876703874356
2025-09-10,0.34758922682291515,0.24519021711225758,0.21758164803058366,0.18963890803424352
2025-09-11,0.34569821166664966,0.2440191511371807,0.22154807140151717,0.1887345657946525
2025-09-12,0.33834496973788203,0.24752679825407545,0.22588903194843524,0.18823920005960734
2025-09-15,0.33636271043831545,0.2461565902948049,0.23071455431998483,0.18676614494689478
2025-09-16,0.33325634738640236,0.24679882400348074,0.2345350072258007,0.18540982138431625
2025-09-17,0.33322328336241935,0.24571255222559601,0.23646514141095332,0.1845990230010313
2025-09-18,0.3317769992096463,0.2451172932259456,0.240907570474007,0.18219813709040109
2025-09-19,0.3316689429800197,0.24512618469327843,0.2410037092464306,0.18220116308027132
2025-09-22,0.3318901063607466,0.24390550587465182,0.2457879830013372,0.17841640476326437
2025-09-23,0.331626168297566,0.2463050663967828,0.24483548692412305,0.17723327838152822
2025-09-24,0.3289538807644002,0.24461063421336385,0.2504418925380568,0.1759935924841792
2025-09-25,0.32463433347349835,0.24560106234215837,0.2540184688818322,0.17574613530251104
2025-09-26,0.32267077243012693,0.24606335752435796,0.2560377472462068,0.17522812279930838
2025-09-29,0.32057571227215903,0.24571886776752772,0.25953376703890424,0.174171652921409
2025-09-30,0.3195855673370556,0.2476769708264839,0.26046938932252633,0.1722680725139342
2025-10-01,0.31923933700709456,0.24815651923777207,0.2599821995965981,0.17262194415853535
2025-10-02,0.3180521701611477,0.24837630880473302,0.26147911372229066,0.17209240731182862
2025-10-03,0.31377709469625953,0.2542026006272054,0.26233065120151167,0.16968965347502332
2025-10-06,0.28325534901910043,0.325360182334127,0.23699080285407537,0.15439366579269728
2025-10-07,0.2840651008605686,0.32575200173365215,0.23555166123200386,0.15463123617377536
2025-10-08,0.28249977937010706,0.3272430154741261,0.23691750311891702,0.15333970203684982
2025-10-09,0.28248652719305445,0.33013367512252545,0.23542401508449415,0.15195578259992593
2025-10-10,0.27896216566902243,0.33451205665664546,0.23907567419206577,0.14745010348226625
2025-10-13,0.2576410120022254,0.3436585632875419,0.25272311832736266,0.14597730638287001
2025-10-14,0.2543170691274321,0.3471530402478868,0.2454006566335555,0.1531292339911255
2025-10-15,0.2574351434849609,0.3384220752851088,0.24913649033210095,0.15500629089782944
2025-10-16,0.2598015657152477,0.3356422305525352,0.2489764959401658,0.15557970779205116
2025-10-17,0.2608292633609774,0.33833170942879176,0.2450411673009644,0.1557978599092664
2025-10-20,0.2646861891936891,0.3403957240448838,0.24418259701122816,0.15073548975019904
2025-10-21,0.2628030682888825,0.3482769008390317,0.236192556697777,0.15272747417430885
2025-10-22,0.26831187081494534,0.3636823024115201,0.21068186449281412,0.1573239622807204
2025-10-23,0.26887046725874036,0.36295905896217656,0.21020799123698056,0.15796248254210235
2025-10-24,0.2683153049685643,0.3628116170550759,0.21066285381169564,0.15821022416466413
2025-10-27,0.26810959217070257,0.3623354273794825,0.21057544096172826,0.15897953948808666
2025-10-28,0.266607407963354,0.36448134329289883,0.2096402951001826,0.15927095364356456
2025-10-29,0.266916177689889,0.36425043232899224,0.20951794573987317,0.1593154442412457
2025-10-30,0.2641195619380007,0.36365113269845056,0.20794279599346344,0.16428650937008538
2025-10-31,0.2612186987744407,0.36648151493140074,0.20878788088924158,0.16351190540491686
2025-11-03,0.26140641619312077,0.3665795520675282,0.2084570091696972,0.16355702256965388
2025-11-04,0.2617345170491044,0.3663137190625832,0.20833473495488092,0.16361702893343158
2025-11-05,0.2592464862089188,0.3707922491681961,0.20619807501654833,0.16376318960633676
2025-11-06,0.25955958043926414,0.3707014631379536,0.2057804396060045,0.16395851681677767
2025-11-07,0.2597681202506804,0.36773825981250596,0.20762760887178375,0.1648660110650297
2025-11-10,0.2601830040961794,0.36718611848457816,0.20816619008816073,0.16446468733108188
2025-11-11,0.2656593768441391,0.35706532336491237,0.20812461815967062,0.16915068163127792
2025-11-12,0.26799762612933153,0.35433610309670865,0.20822254812303345,0.16944372265092633
2025-11-13,0.2682264413016869,0.35452503912519934,0.20787693281993294,0.16937158675318092
2025-11-14,0.26626958695323255,0.3562613721746505,0.20730364417294564,0.17016539669917133
2025-11-17,0.26772828585966696,0.3544662570971111,0.20668689575322438,0.17111856128999753
2025-11-18,0.26908686349162914,0.3512001528976273,0.20672397240467894,0.17298901120606447
2025-11-19,0.26868248884578594,0.351101681430619,0.20709573065463624,0.17312009906895895
2025-11-20,0.2679003278019529,0.35039955454450966,0.20767693792353248,0.17402317973000506
2025-11-21,0.2832216418196082,0.31085301834898954,0.2202725044366235,0.18565283539477884
2025-11-24,0.2883161378221054,0.299234037827618,0.22377499662150263,0.18867482772877392
2025-11-25,0.2940913925547583,0.2868188367079235,0.22627658209739235,0.19281318863992591
2025-11-26,0.2940186101404554,0.28630958897152003,0.22703941146779982,0.19263238942022468
2025-11-28,0.2938248759385863,0.2861932353496259,0.22690960519605116,0.1930722835157366
2025-12-01,0.29605468227740706,0.28542902214491966,0.2259226195556552,0.192593676022018
2025-12-02,0.29593784663361256,0.28512222552067973,0.22659831072764072,0.19234161711806705
2025-12-03,0.29509043094297577,0.2843043646240189,0.22624994326162187,0.19435526117138344
2025-12-04,0.29506112612582797,0.28346526300789476,0.2276762773783386,0.1937973334879386
2025-12-05,0.2953735288584919,0.28363852403130246,0.22780620634793705,0.1931817407622686
2025-12-08,0.29468496219986223,0.2825013219907731,0.22972645356827137,0.19308726224109315
2025-12-09,0.29539474002908966,0.2823425967270325,0.22931961017751953,0.19294305306635837
2025-12-10,0.2959055025337276,0.2835958283102839,0.2270914021298487,0.19340726702613972
2025-12-11,0.2922323212592508,0.29779378414371394,0.22112930019148536,0.18884459440554988
2025-12-12,0.29257683332742,0.29801421102096165,0.22117056342737992,0.18823839222423835
2025-12-15,0.29311718455743613,0.29865036209309703,0.22139883177862862,0.18683362157083827
2025-12-16,0.2952951577823906,0.2945171500192318,0.22314166448962428,0.18704602770875323
2025-12-17,0.29528195923807693,0.29502534447894924,0.22298314772552527,0.1867095485574485
2025-12-18,0.29913975837030965,0.2864885944108759,0.22739570001810017,0.18697594720071428
2025-12-19,0.3028039378166243,0.2824575797324634,0.22765987921616201,0.18707860323475026
2025-12-22,0.3058243360146657,0.27540025502575,0.23017907213873706,0.1885963368208473
2025-12-23,0.3073616228367479,0.27228732945740336,0.2304375643721583,0.18991348333369043
2025-12-24,0.3073612871560512,0.2733143465034416,0.23043576247627642,0.18888860386423076
2025-12-26,0.3073980135955976,0.2733590462082179,0.23025540331171254,0.18898753688447192
2025-12-29,0.31114547109517215,0.27544575271512683,0.23235235259639953,0.1810564235933015
2025-12-30,0.31438129642548723,0.2869286494057576,0.22910072583232394,0.16958932833643117
2025-12-31,0.3143084169026728,0.2875095162485415,0.2288694895391246,0.16931257730966115
2026-01-02,0.31417611648563243,0.29310608132301813,0.22588687133739238,0.166830930853957
2026-01-05,0.3158520260253545,0.2930853534126598,0.22412828680202015,0.16693433375996547
2026-01-06,0.3185349301300712,0.28807655241506136,0.2239323282585937,0.16945618919627378
2026-01-07,0.3185008035453391,0.2882319823600092,0.22364048355329974,0.169626730541352
2026-01-08,0.3182871361057502,0.2889618566611657,0.22278772881282247,0.16996327842026163
2026-01-09,0.3188799391632022,0.2885266839465989,0.22244387372197727,0.17014950316822167
2026-01-12,0.31976281874706725,0.2878884523809411,0.22292201458832397,0.1694267142836675
2026-01-13,0.32095918379518956,0.28966887063712893,0.22185885321546694,0.16751309235221445
2026-01-14,0.3210125346383588,0.2895879324494746,0.22175135108184,0.1676481818303266
2026-01-15,0.3227071996143123,0.28943527267887403,0.22246386373001312,0.16539366397680044
2026-01-16,0.32323585904359986,0.2887883408383395,0.22257175518257893,0.16540404493548178
2026-01-20,0.3235197294501934,0.2892641643443171,0.222401418391986,0.16481468781350325
2026-01-21,0.3269936751511762,0.2884694733327147,0.22191326313302645,0.1626235883830826
2026-01-22,0.3273926059907215,0.2862891123145575,0.22192671328717015,0.16439156840755081
2026-01-23,0.32886715988525966,0.2850208751530065,0.22198194292074422,0.16413002204098961
2026-01-26,0.32962402810738684,0.28590657136761766,0.2231781323316728,0.16129126819332268
2026-01-27,0.32962110479589596,0.2870071712392334,0.22351739293528694,0.15985433102958377
2026-01-28,0.3254759632200011,0.29165891149073203,0.22269269602671182,0.16017242926255512
2026-01-29,0.32678817042276054,0.29470927870789143,0.21953635196220364,0.15896619890714433
2026-01-30,0.32759779458779587,0.29617902520696276,0.2206289904370444,0.15559418976819703
2026-02-02,0.3413924877455129,0.3184142902608738,0.1783245368370124,0.16186868515660097
2026-02-03,0.3380363953659848,0.31988987963221144,0.18023313323981385,0.16184059176199003
2026-02-04,0.33905585289341805,0.31895094937160234,0.1801624426139775,0.16183075512100212
2026-02-05,0.3396697745683332,0.31870980479214545,0.17976263255501487,0.1618577880845065
2026-02-06,0.3401389641420195,0.3171856571648129,0.18014080202852373,0.16253457666464396
2026-02-09,0.3528144838705762,0.2879155327958362,0.18847848398793293,0.1707914993456547
2026-02-10,0.35319364361887323,0.28730625072256205,0.18864448611069395,0.1708556195478709
2026-02-11,0.3536469278635579,0.2869757364807795,0.18844619773353638,0.17093113792212627
2026-02-12,0.3535062457159846,0.2868600160627672,0.18826156389953413,0.171372174321714
2026-02-13,0.3520665220667017,0.28769733051074015,0.18862832130363988,0.17160782611891828
2026-02-17,0.3520158379048249,0.2872103309482633,0.18887713461943392,0.171896696527478
2026-02-18,0.35245040324114363,0.2867018868237853,0.18846709868093744,0.17238061125413368
2026-02-19,0.35317444947604815,0.28552758515466986,0.1882680965582732,0.1730298688110088
2026-02-20,0.353929807829088,0.28321123465696,0.18817460854506554,0.17468434896888643
2026-02-23,0.3671281763753105,0.275814134207859,0.18202596451810996,0.17503172489872054
2026-02-24,0.37669304087785166,0.2716418888694316,0.1804969146577419,0.17116815559497486
2026-02-25,0.37489383760613276,0.2741718927058421,0.1800564480481925,0.1708778216398327
2026-02-26,0.3752698803306615,0.273882296534196,0.17975684871157835,0.1710909744235642
2026-02-27,0.3754573357827672,0.27297243400759247,0.18005709488657226,0.171513135323068
2026-03-02,0.3728043254204497,0.27185486480197524,0.17974365700165718,0.17559715277591795
2026-03-03,0.3806109088161436,0.2674398061265254,0.1794563337386414,0.17249295131868958
2026-03-04,0.37185052630788284,0.26717568900927186,0.18681921026835496,0.17415457441449034
2026-03-05,0.3721870806829792,0.2668013457478596,0.1867582846841164,0.17425328888504477
2026-03-06,0.375372768231133,0.26398715456032107,0.18716607782767608,0.17347399938086977
2026-03-09,0.38293252793657034,0.26616785735558934,0.19004260010989854,0.16085701459794194
2026-03-10,0.38997226831157955,0.256143581053578,0.19292719183060203,0.16095695880424055
2026-03-11,0.39008216394333817,0.2558638928932005,0.1931293893981347,0.16092455376532666
2026-03-12,0.390366930267655,0.25530788653035646,0.193282291820723,0.1610428913812656
2026-03-13,0.3968917858409121,0.2470333310134001,0.19311057279893326,0.16296431034675452
2026-03-16,0.39749048032974726,0.24563557960957563,0.1935846841388618,0.16328925592181523
2026-03-17,0.3992422698476458,0.2430668243454614,0.19390228496253956,0.16378862084435325
2026-03-18,0.40360840043831353,0.23983584737686842,0.19360689707226425,0.16294885511255375
2026-03-19,0.4042740147260682,0.2385674236523443,0.1938723761662021,0.1632861854553853
2026-03-20,0.4060697408728195,0.23823108384961017,0.19292206840558235,0.16277710687198804
2026-03-23,0.4065894884712133,0.23803053080334607,0.19185545940504856,0.16352452132039202
2026-03-24,0.40508760521661624,0.24008484708295397,0.1939440836179094,0.16088346408252055
2026-03-25,0.4052471593441966,0.23937274159743216,0.19427586584744688,0.16110423321092446
2026-03-26,0.4050588143579247,0.2390997109945001,0.1946104608759626,0.16123101377161259
2026-03-27,0.4083514779518756,0.23740878647095245,0.1940230803325801,0.16021665524459197
2026-03-30,0.4069402039435713,0.23805587833890618,0.1948109393288696,0.1601929783886529
2026-03-31,0.4084916603466447,0.2378393307532163,0.1945514506725503,0.15911755822758872
2026-04-01,0.4089748690088159,0.23778978043384247,0.1944132553135524,0.15882209524378907
2026-04-02,0.4093994717559616,0.23766378352541084,0.19428318092938057,0.15865356378924697
2026-04-06,0.40514805413782273,0.2489703411319757,0.19089835662521729,0.15498324810498423
2026-04-07,0.402429647126923,0.25380289443405424,0.18965815811395695,0.15410930032506592
2026-04-08,0.3982779904966742,0.2607326224427605,0.18863480161771867,0.15235458544284647
2026-04-09,0.4060511480189567,0.254001491016702,0.19236913111971804,0.14757822984462318
2026-04-10,0.40606341105599536,0.25388177055003913,0.1925461477258478,0.14750867066811774
2026-04-13,0.4058808642130414,0.2538203418258414,0.19276042931853615,0.14753836464258097
2026-04-14,0.4057311893864131,0.25399042698355384,0.19267043451081842,0.1476079491192146
2026-04-15,0.4062967584011137,0.2527953702247259,0.1930815880657,0.14782628330846034
2026-04-16,0.4062767808666831,0.2527603147497083,0.19311188063620818,0.1478510237474005
2026-04-17,0.40622116541769737,0.252243768520222,0.1931734962958113,0.1483615697662693
2026-04-20,0.40874247407087766,0.2486434272717498,0.19324559448250486,0.1493685041748678
2026-04-21,0.40882133930595493,0.24859862690138518,0.1931338467985545,0.14944618699410525
2026-04-22,0.4073696908134102,0.24958012411278616,0.19301593490177277,0.1500342501720309
2026-04-23,0.4041711557165843,0.2512020625973553,0.1939473119392184,0.15067946974684204
2026-04-24,0.40422661901273654,0.25120877151657883,0.19384050311952605,0.15072410635115857
2026-04-27,0.4022761531275672,0.2516895571806357,0.19425047276842092,0.15178381692337625
2026-04-28,0.4010259934975189,0.25382603931532727,0.19361678669287852,0.1515311804942755
2026-04-29,0.40145663101256857,0.25355866544415445,0.1934388970020643,0.1515458065412127
2026-04-30,0.398987136805591,0.25812980889434994,0.1917836691188943,0.15109938518116464
2026-05-01,0.3943606535738836,0.2607239925495465,0.19277218217960077,0.15214317169696898
2026-05-04,0.39253047245199835,0.26501158231715144,0.1914382659080775,0.15101967932277263
2026-05-05,0.3912802957015318,0.26704902839383865,0.19154333324215092,0.1501273426624787
2026-05-06,0.3899734007476865,0.2671853342363825,0.19192068310214494,0.1509205819137862
2026-05-07,0.3879768122092854,0.26871638504333517,0.19305308912417218,0.1502537136232071
2026-05-08,0.3858223315788965,0.2683157205340632,0.1929980812714692,0.15286386661557103
2026-05-11,0.3844114361239479,0.26261642906828137,0.1936254827376894,0.15934665207008136
2026-05-12,0.38474432198166675,0.2612184658146767,0.19400086357197094,0.16003634863168553
2026-05-13,0.38617464604784674,0.26172241059216744,0.19438906245751486,0.157713880902471
2026-05-14,0.38560918749381395,0.26157417443393316,0.19538812516380444,0.1574285129084483
2026-05-15,0.38421941951066174,0.2648493851487698,0.19538464660748844,0.15554654873308002
2026-05-18,0.3756618083707474,0.2696219521937616,0.19763395604160672,0.15708228339388428
2026-05-19,0.3767451560024688,0.26903790525845805,0.1978640841813922,0.1563528545576809
2026-05-20,0.3763896972791856,0.26915482227835125,0.1980041170461293,0.15645136339633378
2026-05-21,0.377965540304793,0.26465562625591166,0.199560973550936,0.1578178598883592
2026-05-22,0.37786088310091226,0.26276690401190517,0.2003264870310361,0.15904572585614654
2026-05-26,0.3784277319096128,0.26250848647506936,0.2001745007986552,0.1588892808166627
2026-05-27,0.3749655618961092,0.2631677591958612,0.20045995375721737,0.161406725150812
2026-05-28,0.37387787165046277,0.26376526378319026,0.2003632288411666,0.16199363572518027
