symbol,entry_date,exit_date,entry_price,exit_price,shares,pnl,return_pct,holding_days,exit_reason,strategy
TLT,2008-11-20,2009-01-05,60.6965,69.2496,2795,23869.382129954967,0.14091453664119857,30,stop,trend_following
GLD,2009-02-12,2009-03-03,93.0865,90.1215,1580,-4713.620087499654,-0.031851905279019155,13,stop,trend_following
EEM,2009-05-21,2009-06-04,22.1082,21.5955,5013,-2591.8389311337332,-0.02318842242830177,10,stop,trend_following
VNQ,2009-07-31,2009-08-17,17.7724,18.6668,5838,5199.823688695326,0.05032113353593748,12,stop,trend_following
EFA,2009-07-22,2009-09-09,29.2544,30.8811,5641,9142.087904185075,0.05560398976266012,35,stop,trend_following
EEM,2009-07-21,2009-09-21,24.6431,27.0153,5472,12952.72957285283,0.09626470837876133,44,stop,trend_following
VNQ,2009-09-11,2009-10-01,20.9267,20.8013,5788,-749.7558484410732,-0.00599059821155179,15,stop,trend_following
EEM,2009-09-23,2009-10-28,27.6468,26.746,5909,-5355.048061483871,-0.03258294975488074,26,stop,trend_following
SPY,2009-07-21,2009-11-02,71.0455,76.8786,2474,14394.429633231643,0.08210332330783188,74,stop,trend_following
EFA,2009-09-10,2009-11-03,33.2144,32.4145,5324,-4293.428640695918,-0.02408192574568979,39,stop,trend_following
GLD,2009-09-04,2009-12-04,97.1886,114.4405,1892,32600.563526987065,0.17750960668134863,64,stop,trend_following
DBC,2009-10-20,2010-01-21,20.5798,20.2286,9362,-3325.806271804398,-0.017063566039794975,64,stop,trend_following
EEM,2009-11-17,2010-01-22,29.3672,28.1475,5598,-6860.416448493123,-0.041534773155118776,45,stop,trend_following
EFA,2009-11-17,2010-01-27,34.8045,33.2636,5489,-8495.118262938948,-0.044271729153331996,48,stop,trend_following
SPY,2009-11-12,2010-01-28,81.905,80.9987,2293,-2115.505840994197,-0.011065294458788455,52,stop,trend_following
QQQ,2009-06-02,2010-01-29,31.3061,37.4015,4598,27995.20980299168,0.194704608784257,168,stop,trend_following
VNQ,2009-12-07,2010-02-04,23.0757,22.1159,6020,-5805.349632922218,-0.0415945335828104,41,stop,trend_following
EEM,2010-04-05,2010-04-09,30.8857,30.9685,6186,473.7731806013984,0.0026799892557243243,5,stop,trend_following
VNQ,2010-03-08,2010-04-19,24.5688,26.0295,7576,11027.772990891272,0.05945251621210801,30,stop,trend_following
EFA,2010-04-15,2010-04-22,35.7408,34.3653,5409,-7477.561423646064,-0.03848321397746268,6,stop,trend_following
QQQ,2010-03-10,2010-05-04,40.6583,41.803,4594,5221.040888348749,0.028155084429340116,39,stop,trend_following
EEM,2010-04-12,2010-05-04,30.8928,29.2267,6217,-10395.548210325198,-0.05393175462024191,17,stop,trend_following
SPY,2010-03-12,2010-05-05,86.8001,87.5285,2161,1536.4294830224806,0.008391853555948403,38,stop,trend_following
VNQ,2010-04-23,2010-05-06,27.8334,26.7855,6859,-7225.45338981779,-0.037651310810859484,10,stop,trend_following
GLD,2010-05-03,2010-05-19,115.968,116.7117,1644,1184.4090015894699,0.0064130765347967245,13,stop,trend_following
GLD,2010-06-08,2010-07-06,121.6708,116.3581,1526,-8143.572310363402,-0.04366491310381537,20,stop,trend_following
TLT,2010-06-08,2010-09-03,62.0791,65.655,2992,10660.993247701346,0.05760298498281946,63,stop,trend_following
GLD,2010-09-15,2010-10-21,124.032,129.6563,1508,8443.25843634039,0.04534593652960939,27,stop,trend_following
DBC,2010-10-11,2010-11-12,21.2396,21.5817,8762,2960.1750381542774,0.01610789606193852,25,stop,trend_following
EEM,2010-09-14,2010-11-16,30.8827,32.7592,6054,11321.892258298953,0.060762710620323235,46,stop,trend_following
VNQ,2010-09-21,2010-11-16,29.4628,28.938,6374,-3382.4220130078534,-0.01781291638691085,41,stop,trend_following
QQQ,2010-09-27,2010-11-16,43.4127,44.6484,4310,5287.785139777711,0.028463350601225734,37,stop,trend_following
EFA,2010-09-29,2010-11-16,34.9414,35.3561,5363,2186.587927196949,0.011869796612777428,35,stop,trend_following
GLD,2010-12-06,2011-01-14,138.2091,132.3999,1394,-8135.72683141643,-0.04203186566465744,29,stop,trend_following
EEM,2011-01-05,2011-01-28,34.5694,33.3236,5655,-7083.575507518643,-0.03603860484204979,17,stop,trend_following
QQQ,2010-12-06,2011-03-10,47.1303,49.0477,4088,7799.053871356675,0.04068319506461049,66,stop,trend_following
DBC,2010-12-21,2011-03-11,22.6775,24.7027,8539,17252.898850092355,0.08930522185303436,56,stop,trend_following
EFA,2011-01-13,2011-03-11,37.7582,37.4026,4834,-1755.14945409162,-0.009416984781160043,40,stop,trend_following
SPY,2010-10-25,2011-03-15,90.4632,96.5289,2146,12976.890358526853,0.06705169128674604,98,stop,trend_following
VNQ,2011-01-28,2011-03-15,31.5187,30.7636,5859,-4460.549391909141,-0.02395679063463718,32,stop,trend_following
GLD,2011-03-02,2011-03-15,140.3101,135.2823,1345,-6799.450647288111,-0.03583343951604756,10,stop,trend_following
GLD,2011-03-24,2011-05-04,140.3401,147.019,1380,9177.135092612352,0.04759033188191819,29,stop,trend_following
DBC,2011-04-01,2011-05-05,25.8495,25.3842,7486,-3521.169263659621,-0.01799818396845687,24,stop,trend_following
EEM,2011-04-01,2011-05-05,35.5365,34.235,5446,-7126.046971706537,-0.03662476471823417,24,stop,trend_following
EFA,2011-04-25,2011-05-12,39.5398,38.7276,4986,-4088.8515269338823,-0.020542311497630306,14,stop,trend_following
QQQ,2011-04-27,2011-05-23,51.7227,49.7333,3640,-7278.505385792559,-0.03846363916902329,19,stop,trend_following
VNQ,2011-04-21,2011-06-09,33.0251,32.9115,5970,-717.438176189991,-0.0034392108991752046,34,stop,trend_following
QQQ,2011-07-08,2011-08-02,51.6188,49.782,3723,-6876.135286939856,-0.03558381762617102,18,stop,trend_following
VNQ,2011-07-08,2011-08-02,34.6331,33.2103,5550,-7934.231590666099,-0.04108225814290045,18,stop,trend_following
TLT,2011-07-14,2011-08-09,64.0864,69.8134,2976,17003.79679954234,0.08936428381251416,19,stop,trend_following
GLD,2011-07-13,2011-08-12,153.8369,168.2444,1243,17868.49699070508,0.09365444689741609,23,stop,trend_following
GLD,2011-08-19,2011-08-24,181.7308,173.7298,1083,-8703.631597576235,-0.04402691981884199,4,stop,trend_following
TLT,2011-08-10,2011-09-27,71.6268,77.5641,2751,16292.327785524796,0.08289139613133711,34,stop,trend_following
TLT,2011-10-04,2011-10-07,83.2278,78.4914,2372,-11273.013689740073,-0.05690845740966177,4,stop,trend_following
TLT,2011-12-20,2012-01-23,82.4988,78.2803,2380,-10078.312740436206,-0.0511341887189416,22,stop,trend_following
EFA,2012-03-19,2012-04-04,36.3289,34.8572,5568,-8233.865542896237,-0.040509527274557255,13,stop,trend_following
QQQ,2012-01-19,2012-04-23,52.8679,57.5967,3699,17451.03525497621,0.0894459495532487,66,stop,trend_following
SPY,2012-01-26,2012-05-08,103.7649,105.8228,1881,3831.4159428899866,0.01983196421977995,72,stop,trend_following
VNQ,2012-01-26,2012-05-17,35.1236,35.9322,5559,4455.251634219429,0.023020220887287612,79,stop,trend_following
TLT,2012-05-16,2012-06-06,82.4246,85.6573,2416,7769.820349964345,0.03922124375809988,15,stop,trend_following
TLT,2012-07-24,2012-08-07,89.1835,86.2754,2242,-6559.34236737369,-0.03260826847353071,11,stop,trend_following
DBC,2012-09-10,2012-09-18,24.5299,24.2296,8177,-2496.2064843946596,-0.012246080625351152,7,stop,trend_following
VNQ,2012-07-03,2012-09-28,38.3583,37.6184,5223,-3904.488467455411,-0.019290706052920714,62,stop,trend_following
EFA,2012-09-10,2012-09-28,35.6369,35.5465,5628,-548.5505295535967,-0.0025352898250760036,15,stop,trend_following
QQQ,2012-08-20,2012-10-09,60.638,59.8384,3290,-2670.0985191713894,-0.013185343133315097,36,stop,trend_following
GLD,2012-09-24,2012-10-19,170.7153,167.0831,1182,-4333.197251104973,-0.021276401446089555,20,stop,trend_following
SPY,2012-08-17,2012-10-23,111.9036,111.7964,1784,-231.31389025148218,-0.0009587734898506284,47,stop,trend_following
EFA,2012-12-05,2012-12-07,37.1483,35.9691,5331,-6325.258302618719,-0.031742843997595416,3,stop,trend_following
EEM,2012-12-07,2013-02-07,31.8289,32.484,6226,4038.372004315482,0.020580696095205298,42,stop,trend_following
EFA,2012-12-10,2013-02-25,37.1685,38.7574,5306,8390.738785079131,0.042750228590360484,52,stop,trend_following
QQQ,2013-03-06,2013-04-18,61.705,60.1818,3286,-5045.232329872367,-0.024684935508100136,31,stop,trend_following
EFA,2013-03-12,2013-04-18,40.4278,39.6958,5015,-3711.029729213088,-0.018105694506240444,27,stop,trend_following
VNQ,2013-01-16,2013-05-22,39.8653,45.4334,5036,27997.655287343623,0.13967100302496838,88,stop,trend_following
EFA,2013-04-25,2013-05-23,41.4329,41.6086,4943,827.4572709615021,0.004240687416651623,21,stop,trend_following
SPY,2013-01-03,2013-06-05,116.2941,129.9551,1724,23509.115882646503,0.1174694068424671,106,stop,trend_following
QQQ,2013-04-30,2013-06-06,63.1136,64.2304,3267,3606.916004349356,0.017694747738117966,27,stop,trend_following
SPY,2013-07-12,2013-08-27,134.6429,131.2727,1546,-5251.387440105742,-0.025030402964761778,33,stop,trend_following
SPY,2013-09-18,2013-10-08,137.5547,134.6079,1536,-4567.981953973744,-0.021422250673243437,15,stop,trend_following
EFA,2013-09-11,2013-12-12,43.2496,44.4939,4838,5977.221510541701,0.028768983082629207,66,stop,trend_following
EFA,2013-12-30,2014-01-24,46.6436,45.5591,4651,-5087.015475011245,-0.023251333863702817,18,stop,trend_following
QQQ,2013-07-12,2014-01-27,67.5642,77.3479,3082,30108.705362774966,0.14480598160816616,137,stop,trend_following
SPY,2013-10-18,2014-01-27,140.5288,144.6441,1514,6187.3994704414745,0.029284440640112264,68,stop,trend_following
EFA,2014-02-25,2014-03-13,47.2237,45.8164,4552,-6448.459131169129,-0.029801082829867154,13,stop,trend_following
VNQ,2014-03-03,2014-03-20,43.2466,42.3299,4949,-4579.318524794529,-0.021198053912103054,14,stop,trend_following
QQQ,2014-02-12,2014-03-27,80.6327,79.3234,2658,-3522.6561898144187,-0.01623792318244377,31,stop,trend_following
TLT,2014-03-27,2014-04-02,78.5059,76.8712,2703,-4460.479967951593,-0.02082211553666624,5,stop,trend_following
SPY,2014-02-25,2014-04-11,150.3937,148.5254,1429,-2712.567638667508,-0.012422967755073566,34,stop,trend_following
DBC,2014-04-15,2014-06-04,22.3307,21.8992,9457,-4122.805838919025,-0.01932449904789202,35,stop,trend_following
TLT,2014-04-11,2014-06-05,79.354,80.0629,2650,1836.3851924507433,0.008933604799732153,38,stop,trend_following
DBC,2014-06-20,2014-07-03,22.7283,22.3101,9342,-3948.165662582842,-0.018396539654791266,10,stop,trend_following
EFA,2014-04-30,2014-07-31,47.5592,47.8505,4454,1255.0419691707339,0.006125414277645236,65,stop,trend_following
SPY,2014-05-13,2014-08-01,155.1223,157.4985,1349,3163.2559323709875,0.015317919110655165,57,stop,trend_following
TLT,2014-07-18,2014-09-10,83.097,83.4883,2509,939.9817246551185,0.004708984917856096,38,stop,trend_following
VNQ,2014-04-09,2014-09-12,44.5882,46.7627,4757,10300.687009998637,0.04876875104847511,109,stop,trend_following
EEM,2014-05-13,2014-09-12,32.4782,33.7897,6554,8552.624071417375,0.04038324325197551,86,stop,trend_following
SPY,2014-08-21,2014-10-01,163.2883,161.053,1346,-3052.285280664725,-0.013688899846449276,29,stop,trend_following
QQQ,2014-06-05,2014-10-02,83.5421,88.3379,2480,11851.03781559723,0.057406161918269305,84,stop,trend_following
TLT,2014-10-08,2014-10-15,87.0447,89.8412,2483,6899.937882840706,0.03212787134658979,6,stop,trend_following
TLT,2014-10-16,2014-10-23,90.4478,87.3655,2403,-7449.4348981717685,-0.03407794278930287,6,stop,trend_following
QQQ,2014-10-29,2014-12-16,91.5283,91.9731,2363,1007.6830733923965,0.004859614321819583,34,stop,trend_following
SPY,2014-11-03,2014-12-16,166.3835,163.4319,1310,-3909.8128390838883,-0.017739785093754845,31,stop,trend_following
TLT,2014-12-01,2014-12-23,89.8195,90.4176,2452,1422.4037997135088,0.006659169940809173,17,stop,trend_following
SPY,2014-12-23,2015-01-06,172.4804,166.2439,1270,-7963.4106322829475,-0.0361579062865367,9,stop,trend_following
VNQ,2014-10-28,2015-02-02,48.8285,54.7667,4430,26260.440091660203,0.12161401148695372,66,stop,trend_following
TLT,2015-01-06,2015-02-06,95.8939,96.9832,2276,2435.38743153566,0.011359611623464438,23,stop,trend_following
EFA,2015-04-09,2015-06-05,47.7938,47.2909,4629,-2371.613244309532,-0.01052082204831939,41,stop,trend_following
QQQ,2015-02-13,2015-08-12,97.8039,100.2311,2252,5421.542325637277,0.02481740012625777,125,stop,trend_following
SPY,2015-02-13,2015-08-21,173.226,168.5385,1271,-6001.190680056455,-0.027059752929274317,132,stop,trend_following
QQQ,2015-12-02,2015-12-11,106.786,102.8973,2083,-8143.919298825179,-0.03641618307057781,8,stop,trend_following
VNQ,2015-12-30,2016-01-08,53.6682,51.6318,4125,-8443.585677189007,-0.03794428300466424,7,stop,trend_following
TLT,2016-01-19,2016-02-17,94.1573,97.6263,2338,8065.854249743305,0.036843397281373536,21,stop,trend_following
GLD,2016-03-04,2016-04-01,121.1906,115.6937,1832,-10113.65449775631,-0.04535720634583995,20,stop,trend_following
SPY,2016-04-21,2016-05-06,178.605,173.1314,1238,-6819.808631032711,-0.030646159506660053,12,stop,trend_following
VNQ,2016-03-14,2016-05-18,53.9476,54.916,4098,3923.6075951985795,0.01794945540309345,47,stop,trend_following
GLD,2016-05-02,2016-05-19,123.8419,118.9405,1790,-8816.943961440238,-0.039577794129461386,14,stop,trend_following
GLD,2016-06-16,2016-06-21,125.2326,120.8387,1758,-7767.6555166395465,-0.0350855533857336,4,stop,trend_following
TLT,2016-06-06,2016-06-23,100.9102,100.6803,2182,-545.6421736971772,-0.002278323359483414,14,stop,trend_following
SPY,2016-05-31,2016-06-24,178.979,173.8147,1224,-6364.319470003826,-0.02885438020848774,19,stop,trend_following
DBC,2016-06-02,2016-07-07,12.5103,12.4328,17525,-1402.1036747330463,-0.0061958361322211886,25,stop,trend_following
EFA,2016-06-24,2016-07-08,40.7929,41.6218,5328,4372.373638826798,0.020319258111341387,9,signal,trend_following
TLT,2016-06-28,2016-07-18,105.9717,104.8501,2054,-2346.9650654365932,-0.010583482326666283,14,stop,trend_following
VNQ,2016-06-29,2016-08-17,59.1494,60.0933,3698,3446.3971403211644,0.01595765861882681,35,stop,trend_following
EEM,2016-07-13,2016-09-13,28.5385,28.9609,7724,3218.5063907812555,0.014802449499432768,44,stop,trend_following
EFA,2016-08-12,2016-09-13,44.6535,43.5701,4830,-5275.278855342237,-0.024261666506397273,22,stop,trend_following
GLD,2016-06-27,2016-10-04,126.5032,123.0984,1711,-5868.317558246723,-0.0269147197723979,70,stop,trend_following
SPY,2016-07-11,2016-11-03,182.1569,179.2142,1209,-3601.393501452103,-0.01615465907971414,83,stop,trend_following
QQQ,2016-07-13,2016-11-03,104.4448,106.893,2021,4905.107948018848,0.023440168374277537,81,stop,trend_following
DBC,2016-12-02,2017-03-08,13.1278,12.8051,16581,-5392.750879024694,-0.02457720520930362,65,stop,trend_following
EEM,2017-02-06,2017-03-09,30.8092,30.7703,7223,-325.8588832945678,-0.0012644298619070016,23,stop,trend_following
EFA,2017-01-06,2017-03-30,45.0999,47.6983,4890,12661.100164458368,0.05761573519352314,58,stop,trend_following
VNQ,2017-04-19,2017-04-28,60.0788,58.2449,3742,-6906.603846653132,-0.030524345461701463,8,stop,trend_following
EEM,2017-03-16,2017-05-18,32.3534,32.6312,6984,1894.904243854624,0.00858702713366033,45,stop,trend_following
QQQ,2016-12-14,2017-06-09,113.008,130.4366,1937,33712.022647362624,0.15422433786783651,122,stop,trend_following
GLD,2017-06-07,2017-06-13,122.8514,119.8622,1889,-5692.503166856491,-0.024332076195660024,5,stop,trend_following
TLT,2017-06-21,2017-06-29,98.9695,97.2372,2314,-4054.0825801400106,-0.01750397103039847,7,stop,trend_following
VNQ,2017-06-27,2017-07-06,59.8577,57.9859,3828,-7210.308349733584,-0.031270615308989225,7,stop,trend_following
EEM,2017-05-30,2017-08-10,33.9138,35.3065,6797,9419.01975047118,0.041065329974044884,52,stop,trend_following
GLD,2017-08-29,2017-09-18,125.8729,124.0397,1831,-3402.4018069603917,-0.014564129722909658,14,stop,trend_following
TLT,2017-09-01,2017-09-18,99.7509,98.6628,2030,-2249.2234685764047,-0.01090867482142932,11,stop,trend_following
EEM,2017-08-23,2017-09-27,36.3117,36.2911,6334,-176.81536739688272,-0.0005688239797116967,25,stop,trend_following
EEM,2017-10-06,2017-11-30,37.2967,37.9271,6263,3900.9142349101494,0.016901583351826233,39,stop,trend_following
DBC,2017-10-25,2017-12-06,13.3308,13.4986,17585,2904.2854138899156,0.012590425089617607,30,stop,trend_following
VNQ,2017-11-10,2017-12-20,60.5304,59.3861,3144,-3635.171726729412,-0.01890345956562378,28,stop,trend_following
SPY,2016-11-16,2018-02-02,186.8298,245.2643,1162,67850.67586096654,0.31276859538849955,305,stop,trend_following
EFA,2017-04-25,2018-02-02,48.8321,57.4688,4662,40214.91465617836,0.17686615095052072,197,stop,trend_following
QQQ,2017-07-20,2018-02-02,136.3042,156.2959,1698,33896.31127225481,0.14667015834224695,137,stop,trend_following
EEM,2018-01-02,2018-02-02,39.8117,41.4699,6080,10032.984909133718,0.04165338253361606,23,stop,trend_following
GLD,2018-01-25,2018-02-06,128.7543,125.6344,1397,-4394.1106840473285,-0.024231816625992164,9,stop,trend_following
DBC,2017-12-29,2018-02-07,14.0582,14.1234,17112,1068.1337977865442,0.004640588766805953,27,stop,trend_following
QQQ,2018-03-12,2018-03-22,164.6925,156.1979,1508,-12858.315335395706,-0.05157880847885299,9,stop,trend_following
DBC,2018-04-12,2018-06-04,14.5742,14.9665,16925,6590.632738611282,0.026921342877428867,37,stop,trend_following
VNQ,2018-07-06,2018-07-30,61.4391,59.3719,4052,-8425.111405532303,-0.033645800929565706,17,stop,trend_following
VNQ,2018-08-06,2018-09-26,61.6839,59.9267,4053,-7171.484055578969,-0.028488216050686077,37,stop,trend_following
QQQ,2018-06-05,2018-10-08,165.9476,169.9579,1496,5949.119247356121,0.024165903226043284,88,stop,trend_following
SPY,2018-07-10,2018-10-10,247.2568,252.1773,1008,4909.453661533345,0.019900090012355154,66,stop,trend_following
DBC,2018-10-04,2018-10-11,15.6992,15.1342,15960,-9065.831655878234,-0.03598606243389357,6,stop,trend_following
VNQ,2018-12-07,2018-12-17,62.4129,59.635,3972,-11082.278005789727,-0.04450835422621169,7,stop,trend_following
GLD,2019-01-28,2019-03-01,122.8114,123.4183,2008,1169.1889059705534,0.004941629838890238,24,stop,trend_following
TLT,2019-03-25,2019-04-12,101.7317,100.1099,2440,-4006.4406941595694,-0.015941925128015733,15,stop,trend_following
EEM,2019-03-19,2019-05-07,37.1239,36.3293,6698,-5371.667419465377,-0.02140495292754263,35,stop,trend_following
EFA,2019-04-09,2019-05-07,53.4764,52.5585,4497,-4175.435836756581,-0.017164398151833016,20,stop,trend_following
SPY,2019-04-02,2019-05-09,257.8036,255.1819,970,-2592.8379120459545,-0.010169485396764877,27,stop,trend_following
QQQ,2019-04-03,2019-05-09,176.0532,174.3875,1420,-2415.0854899216592,-0.009461461029077411,26,stop,trend_following
VNQ,2019-01-31,2019-06-26,62.7855,66.4513,3939,14388.647660859726,0.05838594336749847,102,stop,trend_following
GLD,2019-06-19,2019-07-01,126.8334,131.4942,1984,9195.846266476743,0.03674770677962935,9,stop,trend_following
TLT,2019-05-16,2019-07-11,102.9885,107.5573,2404,10932.782284685247,0.04436224230713193,39,stop,trend_following
VNQ,2019-07-11,2019-07-19,70.2849,67.5679,3582,-9781.801696645043,-0.03865747021043442,7,stop,trend_following
EFA,2019-06-21,2019-07-31,54.0676,53.2486,4673,-3877.4330558047354,-0.01514808733754014,28,stop,trend_following
SPY,2019-06-21,2019-08-05,266.3844,260.6533,948,-5483.004055761249,-0.021514235809126814,31,stop,trend_following
QQQ,2019-07-05,2019-08-05,182.5589,175.9496,1381,-9176.919492804174,-0.036203533388020626,22,stop,trend_following
TLT,2019-08-02,2019-08-08,111.7199,114.1092,2222,5258.908658554766,0.02138678497642288,5,stop,trend_following
TLT,2019-08-09,2019-09-09,115.8458,118.0202,2152,4629.0540793125465,0.01877007794541341,21,stop,trend_following
GLD,2019-07-18,2019-09-10,133.8969,140.8073,1875,12905.517441830933,0.051609949084844065,38,stop,trend_following
VNQ,2019-08-09,2019-12-12,70.3081,70.4521,3546,460.7331520236226,0.002048218389507417,88,stop,trend_following
DBC,2019-12-26,2020-01-13,13.9031,13.6949,18773,-3959.6137974704216,-0.014972315990313012,12,stop,trend_following
EEM,2019-12-13,2020-01-23,38.2133,39.0789,6720,5765.439246067887,0.022653956801354402,27,stop,trend_following
EFA,2019-10-24,2020-01-27,55.4737,56.945,4558,6654.918549133044,0.026522390533899154,64,stop,trend_following
SPY,2019-10-28,2020-01-31,275.6303,293.3129,915,16127.472657164355,0.06415312834192899,66,stop,trend_following
QQQ,2019-10-28,2020-02-24,189.1037,213.5305,1334,32531.541431295638,0.1291710437905964,81,stop,trend_following
SPY,2020-02-06,2020-02-24,305.3021,295.1596,858,-8753.840936445926,-0.03322140491886427,12,stop,trend_following
GLD,2020-01-07,2020-02-25,147.6438,153.9715,1565,9855.612255781394,0.04285772699835899,34,stop,trend_following
VNQ,2020-01-17,2020-02-25,74.614,75.6158,3446,3400.5051778001175,0.01342670875861085,26,stop,trend_following
TLT,2020-02-03,2020-03-03,120.5985,128.031,2162,16015.165973175059,0.06162955119761793,21,stop,trend_following
TLT,2020-03-04,2020-03-09,130.3255,142.6381,2027,24902.369669332795,0.09447599431317011,4,stop,trend_following
TLT,2020-03-10,2020-03-11,141.3491,132.4797,1822,-16209.96461140971,-0.06274830346950744,2,stop,trend_following
GLD,2020-03-06,2020-03-12,158.4092,151.4542,1686,-11778.260095121295,-0.04390486479510547,5,stop,trend_following
TLT,2020-04-22,2020-06-04,141.8286,131.5978,1564,-16043.706703292153,-0.07213481839057012,31,stop,trend_following
GLD,2020-04-13,2020-08-11,159.2496,180.9495,1576,34145.528146290424,0.13626386792745615,85,stop,trend_following
TLT,2020-07-31,2020-08-12,142.5126,138.7314,1923,-7325.30436901079,-0.026532290340053666,9,stop,trend_following
QQQ,2020-06-04,2020-09-04,228.3552,273.669,1060,47979.392678885866,0.198435475217293,66,stop,trend_following
SPY,2020-07-21,2020-09-04,301.5577,309.8371,898,7380.038758008739,0.02745559637580608,34,stop,trend_following
EEM,2020-07-28,2020-09-24,38.5334,37.4122,7055,-7964.128735973026,-0.02909859291782546,42,stop,trend_following
EFA,2020-08-13,2020-09-24,55.4868,53.0794,4963,-12001.8565780763,-0.04338708466807517,30,stop,trend_following
EFA,2020-10-13,2020-10-28,55.5801,52.4653,4922,-15384.317758858748,-0.05604199474521787,12,stop,trend_following
EEM,2020-10-12,2021-01-29,40.6042,47.7779,6739,48283.95187879393,0.17667376934650303,76,stop,trend_following
EFA,2020-11-06,2021-01-29,56.2587,61.6973,4856,26352.515781535712,0.09667106312904172,57,stop,trend_following
QQQ,2020-12-02,2021-02-23,292.5587,306.1605,961,13013.828370445726,0.04649267703126081,56,stop,trend_following
EEM,2021-02-09,2021-02-23,50.1671,49.0497,6079,-6852.646667201297,-0.0222724456942045,10,stop,trend_following
EFA,2021-02-12,2021-02-26,64.822,63.306,4749,-7260.236374066413,-0.023386818035970758,10,stop,trend_following
DBC,2020-11-23,2021-03-01,11.892,14.373,23347,57861.34782591929,0.20862269360323982,66,stop,trend_following
DBC,2021-03-08,2021-03-18,15.0261,14.4128,19926,-12279.279414774475,-0.04081568320575768,9,stop,trend_following
QQQ,2021-04-12,2021-05-12,326.2664,309.3367,937,-15922.706915497367,-0.0518892598884273,23,stop,trend_following
DBC,2021-04-23,2021-05-19,15.2176,15.6338,20360,8409.66283070605,0.027345504743262916,19,stop,trend_following
EFA,2021-03-18,2021-07-08,65.5586,67.6377,4583,9467.378659830232,0.0317133036712971,78,stop,trend_following
DBC,2021-06-02,2021-07-19,16.5496,16.1103,18901,-8364.472129043079,-0.026542961490754857,33,stop,trend_following
DBC,2021-07-30,2021-08-09,17.011,16.2659,18687,-13985.485536718425,-0.043799873423487456,7,stop,trend_following
EFA,2021-08-16,2021-08-19,70.1451,68.427,4527,-7840.622518423838,-0.024493679118577916,4,stop,trend_following
QQQ,2021-06-15,2021-09-20,334.1404,354.4041,942,19023.523089737977,0.06064419514749386,68,stop,trend_following
EFA,2021-09-03,2021-09-20,71.022,68.2969,4524,-12391.617606182592,-0.038370523892708674,11,stop,trend_following
TLT,2021-09-15,2021-09-24,128.7992,125.1002,2470,-9199.271515459528,-0.028719204245477803,8,stop,trend_following
VNQ,2020-11-11,2021-09-28,68.1952,86.0881,3601,64376.88572526951,0.2623781096354896,221,stop,trend_following
SPY,2020-11-12,2021-10-01,329.7812,401.6019,830,59550.461532194575,0.21778279692653757,223,stop,trend_following
DBC,2021-09-16,2021-11-26,17.1503,17.9159,14836,11306.272572112604,0.044640072164247036,51,stop,trend_following
SPY,2021-10-21,2021-12-01,424.8945,427.2276,735,1652.2481675606637,0.005491172724098936,29,stop,trend_following
QQQ,2021-10-29,2021-12-01,370.8168,378.5524,844,6465.562714658186,0.020860855040649717,23,stop,trend_following
VNQ,2021-10-29,2021-12-01,92.0153,88.582,3402,-11741.759291547396,-0.03731300280208305,23,stop,trend_following
SPY,2021-12-13,2021-12-20,442.2187,426.2577,702,-11265.574227845838,-0.0360929559721892,6,stop,trend_following
TLT,2021-12-01,2021-12-29,128.6684,125.6234,2402,-7375.2619810979295,-0.023665776172526076,20,stop,trend_following
QQQ,2021-12-28,2022-01-06,394.0321,372.2432,787,-17208.187778123967,-0.05529733108799595,8,stop,trend_following
VNQ,2021-12-08,2022-01-10,93.2221,92.7172,3321,-1738.564687649283,-0.005416232454963366,23,stop,trend_following
SPY,2021-12-27,2022-01-18,445.5372,429.4831,695,-11218.431428051583,-0.03603318838876668,16,stop,trend_following
GLD,2022-02-15,2022-02-24,173.1866,176.1832,1759,5209.6461100087445,0.01730299413102321,7,stop,trend_following
DBC,2022-01-19,2022-02-25,19.2484,20.4293,15722,18504.52642092854,0.0613532832949919,27,stop,trend_following
DBC,2022-03-01,2022-03-09,21.3116,23.2646,14411,28079.33442672644,0.09163650011339608,7,stop,trend_following
GLD,2022-03-01,2022-03-09,179.1395,185.4898,1714,10821.813866760169,0.03544856933811591,7,stop,trend_following
DBC,2022-04-18,2022-04-25,24.7243,22.9341,10884,-19536.493422608564,-0.07240689391546318,6,stop,trend_following
DBC,2022-05-05,2022-06-22,24.9419,24.0908,10971,-9391.69910261552,-0.03412506244435709,33,stop,trend_following
GLD,2023-01-17,2023-02-03,178.2991,173.8808,1769,-7878.294930857725,-0.024780337772376537,14,stop,trend_following
EEM,2023-01-25,2023-02-06,38.8746,37.2671,8159,-13177.73600995137,-0.04135096139588079,9,stop,trend_following
SPY,2023-02-02,2023-02-24,397.9032,378.8788,795,-15186.175997866832,-0.04781169786327111,16,stop,trend_following
EFA,2023-01-09,2023-03-13,62.3601,61.6444,5033,-3664.5695468215436,-0.011477010207807115,44,stop,trend_following
GLD,2023-03-20,2023-05-18,184.2821,182.009,1671,-3859.6264178015213,-0.01233511759258521,43,stop,trend_following
EFA,2023-04-13,2023-05-31,66.4842,64.1346,4670,-11033.549530978247,-0.03534047974449883,34,stop,trend_following
EFA,2023-06-15,2023-06-23,67.3144,65.4543,4734,-8868.305681855132,-0.027632211891044145,6,stop,trend_following
EFA,2023-07-14,2023-08-03,68.6649,66.1566,4661,-11753.888772090819,-0.036529142905071255,15,stop,trend_following
VNQ,2023-07-25,2023-08-03,77.5882,74.2122,4132,-14012.49635711086,-0.043512194590794806,8,stop,trend_following
EEM,2023-07-14,2023-08-08,38.5237,37.2971,8308,-10253.158469103286,-0.03183882445760755,18,stop,trend_following
QQQ,2023-03-30,2023-08-16,309.9005,358.0664,994,47810.49291004224,0.15542368159117603,96,stop,trend_following
SPY,2023-05-01,2023-08-16,400.0091,425.0028,774,19281.264149359133,0.06248281313055859,75,stop,trend_following
DBC,2023-09-05,2023-10-03,21.9308,21.5293,14179,-5753.832456903597,-0.01830549383245328,21,stop,trend_following
GLD,2023-12-28,2024-01-11,192.4362,186.6574,1650,-9597.545558521835,-0.030029619863790935,10,stop,trend_following
EFA,2023-12-28,2024-01-17,70.6689,68.1468,4493,-11394.433539953538,-0.03568979260970839,13,stop,trend_following
EFA,2024-01-30,2024-04-12,70.6034,72.2836,4501,7498.270781308288,0.023797744677909405,52,stop,trend_following
GLD,2024-03-04,2024-04-12,194.2471,218.1086,1670,39779.933475029444,0.12284126165371645,29,stop,trend_following
SPY,2023-12-01,2024-04-15,441.9931,495.4184,705,37598.81713676289,0.12087383863058809,92,stop,trend_following
EEM,2024-02-23,2024-04-16,38.7275,37.869,8337,-7220.598434847896,-0.0221659474951742,37,stop,trend_following
QQQ,2023-11-15,2024-04-17,381.7649,421.8448,815,32599.62126903548,0.10498579384487505,105,stop,trend_following
GLD,2024-04-16,2024-05-02,220.2901,211.6213,1488,-12963.421314852356,-0.0393516832303904,13,stop,trend_following
GLD,2024-05-20,2024-05-23,223.9019,215.6087,1467,-12230.584144190492,-0.037039387403490553,4,stop,trend_following
EEM,2024-05-03,2024-05-31,40.3972,39.8421,8052,-4534.135095974797,-0.013740635556986902,20,stop,trend_following
DBC,2024-05-21,2024-06-03,21.8874,21.2693,14536,-9048.40826447017,-0.028243007776509454,9,stop,trend_following
EFA,2024-05-10,2024-06-14,75.3615,73.9344,4320,-6229.401744756019,-0.018936224814633418,25,stop,trend_following
QQQ,2024-05-16,2024-07-18,448.016,475.756,731,20210.351008414335,0.061917238177187084,43,stop,trend_following
EEM,2024-07-08,2024-07-18,42.0211,41.378,7833,-5102.47295074272,-0.015303444421333467,9,stop,trend_following
GLD,2024-07-17,2024-07-22,228.9044,220.6266,1215,-10112.116540872568,-0.03616259445862369,4,stop,trend_following
SPY,2024-05-15,2024-07-24,513.5936,532.8122,638,12194.72505870708,0.037419915280569205,48,stop,trend_following
EFA,2024-07-15,2024-07-24,77.563,75.3187,4259,-9623.271836884689,-0.028934246847663436,8,stop,trend_following
TLT,2024-08-01,2024-08-07,88.2616,88.9241,3675,2369.461162204157,0.007505753735326692,5,stop,trend_following
TLT,2024-09-05,2024-10-03,92.4579,90.4805,3546,-7076.531374777875,-0.02138642790541223,21,stop,trend_following
VNQ,2024-07-12,2024-10-04,81.8514,88.9234,4035,28466.52317882603,0.08640022364073197,60,stop,trend_following
EEM,2024-09-25,2024-10-15,43.4717,43.3777,6807,-699.2982527288165,-0.0021634119983238165,15,stop,trend_following
EFA,2024-08-22,2024-10-22,78.2491,76.581,4169,-7018.825643792777,-0.021317713695054308,43,stop,trend_following
GLD,2024-08-13,2024-11-06,228.184,245.5172,1423,24597.646355479133,0.07596121483888241,61,stop,trend_following
VNQ,2024-11-29,2024-12-10,93.1531,89.4028,3578,-13483.996018961097,-0.04025984792934301,8,stop,trend_following
QQQ,2024-11-07,2024-12-20,504.6364,505.6423,658,595.4098426428758,0.001993328295780694,31,stop,trend_following
SPY,2024-09-20,2025-01-13,558.122,567.2534,595,5366.2731453018105,0.01636109084404236,78,stop,trend_following
QQQ,2025-02-18,2025-02-25,536.5984,513.421,619,-14411.793114049346,-0.04319315365699927,6,stop,trend_following
DBC,2025-02-19,2025-02-25,22.2235,21.5225,14968,-10558.067782267048,-0.03154321382831382,5,stop,trend_following
SPY,2025-01-23,2025-02-27,597.4363,577.4424,551,-11081.344774286541,-0.03346607173950911,25,stop,trend_following
GLD,2025-01-31,2025-02-28,259.2095,262.0343,1269,3518.475341451598,0.010897595553976291,20,stop,trend_following
EFA,2025-03-10,2025-03-31,80.2137,78.0919,4044,-8644.679796939836,-0.026452160648788192,16,stop,trend_following
EEM,2025-03-18,2025-03-31,44.2056,42.2681,7380,-14362.672731468574,-0.043829567302610895,10,stop,trend_following
GLD,2025-03-14,2025-04-07,276.4081,277.2816,1175,961.265589032008,0.0031600639392008745,17,stop,trend_following
GLD,2025-04-11,2025-04-23,298.109,300.532,1077,2545.091726443845,0.00812788272421261,8,stop,trend_following
GLD,2025-06-16,2025-06-27,314.9574,299.88,1040,-15744.4432538792,-0.04787125049805474,9,stop,trend_following
VNQ,2025-08-25,2025-10-10,89.4049,86.3748,3765,-11474.489101200066,-0.033891831301186004,34,stop,trend_following
GLD,2025-09-02,2025-10-21,320.9804,386.3467,892,58243.664939486094,0.20364582287273003,36,stop,trend_following
VNQ,2025-10-27,2025-10-29,90.7297,87.8451,3799,-11026.22835457832,-0.03179274981332891,3,stop,trend_following
TLT,2025-10-13,2025-11-05,88.0188,86.9041,3696,-4184.41692579926,-0.012663835893073627,18,stop,trend_following
QQQ,2025-06-25,2025-11-07,540.3247,602.0664,605,37284.64819991904,0.11426788180834913,96,stop,trend_following
SPY,2025-06-30,2025-11-18,612.4935,656.5434,535,23498.812160983023,0.07191900020238862,100,stop,trend_following
EEM,2025-05-06,2025-11-20,43.9614,52.5966,7321,63147.2204923055,0.19642559828337136,139,stop,trend_following
DBC,2025-11-12,2025-11-21,22.3687,21.6933,16022,-10891.458742842962,-0.030192852808256565,8,stop,trend_following
GLD,2025-12-23,2025-12-29,410.5051,395.3716,862,-13114.5550881926,-0.03686558817692853,4,stop,trend_following
DBC,2025-12-08,2026-01-29,22.4268,24.7812,15672,36823.71724437822,0.10498030012713233,36,stop,trend_following
GLD,2026-01-13,2026-01-29,424.8023,483.4346,840,49174.85278915354,0.13802259616121715,12,stop,trend_following
EEM,2026-01-05,2026-02-02,56.6183,58.5507,6247,11999.860905524074,0.03413060517390121,20,stop,trend_following
DBC,2026-01-30,2026-02-02,24.8024,23.6482,14962,-17342.02217334296,-0.0465368778244849,2,stop,trend_following
GLD,2026-01-30,2026-02-02,466.4831,428.2924,586,-22432.219618556006,-0.08186954395829937,2,stop,trend_following
EEM,2026-02-12,2026-02-27,61.8709,62.1689,5927,1692.6126729841,0.004816165803879224,11,stop,trend_following
EFA,2025-05-05,2026-03-03,83.4303,98.6007,3859,58472.06832602754,0.18183231745196804,208,stop,trend_following
TLT,2026-03-02,2026-03-06,89.3368,87.515,4125,-7587.904908088457,-0.020392562501448275,5,stop,trend_following
SPY,2025-12-11,2026-03-09,681.6015,664.2428,516,-9026.561951745867,-0.025467595842594948,59,stop,trend_following
VNQ,2026-01-20,2026-03-09,90.8943,91.1005,3539,665.560026122085,0.002269273402065064,34,stop,trend_following
DBC,2026-03-03,2026-03-09,26.3832,26.9803,13845,8193.25504720315,0.022632624997656947,5,stop,trend_following
DBC,2026-03-11,2026-05-27,27.6838,29.4053,12984,22277.247198911296,0.0621826779121164,54,stop,trend_following
IWM,2009-06-16,2009-06-22,41.159,40.514,6251,-4082.964103544317,-0.015670994261438365,4,signal,mean_reversion
QQQ,2009-06-16,2009-06-22,31.1763,31.0017,8253,-1491.9535965501022,-0.005599102447503612,4,signal,mean_reversion
SPY,2009-06-17,2009-06-22,67.4999,67.4728,3789,-154.0876116425129,-0.0004025163051913916,3,signal,mean_reversion
EEM,2009-06-17,2009-06-25,22.234,21.8502,11503,-4466.187795298378,-0.017264264358030745,6,signal,mean_reversion
IWM,2009-06-24,2009-06-26,39.4252,40.3551,6434,5931.848250721663,0.023587259641534963,2,signal,mean_reversion
XLE,2009-06-22,2009-06-26,14.0937,13.9663,17990,-2342.7324506496584,-0.009040766839945369,4,signal,mean_reversion
QQQ,2009-07-06,2009-07-13,30.643,30.2403,8354,-3414.9229280650684,-0.013141289821151592,5,signal,mean_reversion
IWM,2009-07-08,2009-07-14,38.805,39.2685,6565,2991.8300273486134,0.011945153194309333,4,signal,mean_reversion
SPY,2009-07-08,2009-07-14,65.6506,66.9101,3880,4835.472811254708,0.019185074641825395,4,signal,mean_reversion
EEM,2009-07-08,2009-07-15,22.0131,22.8363,11574,9476.683425665471,0.037399406055309115,5,signal,mean_reversion
XLV,2009-08-07,2009-08-11,20.7689,20.9659,12518,2414.1573177603827,0.009486718958262585,2,signal,mean_reversion
QQQ,2009-08-18,2009-08-20,33.5358,33.9868,7775,3454.2840203476144,0.013449297599736898,2,signal,mean_reversion
EEM,2009-09-01,2009-09-04,24.9604,25.3369,10491,3897.6258097957184,0.015085939240241597,3,signal,mean_reversion
IWM,2009-09-01,2009-09-08,45.3816,45.9741,5770,3365.985426015592,0.013055859293704453,4,signal,mean_reversion
XLE,2009-09-01,2009-09-08,14.8413,15.1113,17644,4710.165624422145,0.018189130962352307,4,signal,mean_reversion
XLV,2009-09-01,2009-09-08,21.513,21.4765,12161,-496.4858528406068,-0.0016979063500695002,4,signal,mean_reversion
IWM,2009-09-25,2009-09-29,47.9284,48.9914,5531,5825.806390899033,0.022178757961645923,2,signal,mean_reversion
QQQ,2009-09-25,2009-09-29,36.2038,36.7306,7323,3804.174818998306,0.01455031468143897,2,signal,mean_reversion
SPY,2009-09-28,2009-09-29,78.0703,79.2271,3427,3910.423002657814,0.014817318418566927,1,signal,mean_reversion
XLK,2009-09-28,2009-09-29,8.3173,8.3973,31572,2472.8455411402397,0.009617992384190588,1,signal,mean_reversion
SPY,2009-10-02,2009-10-06,75.9631,77.9328,3545,6927.835699586273,0.02592895737882772,2,signal,mean_reversion
XLE,2009-10-02,2009-10-06,15.0621,15.7301,17872,11882.825178469513,0.044347269494911634,2,signal,mean_reversion
IWM,2009-10-02,2009-10-07,46.2244,47.9364,5827,9921.249679500774,0.03703780923323108,3,signal,mean_reversion
QQQ,2009-10-02,2009-10-07,35.3022,36.2802,7629,7406.86144492665,0.027704827688109557,3,signal,mean_reversion
XLF,2009-10-22,2009-10-23,9.0715,9.3049,30730,7116.182207260715,0.025729797532522802,1,signal,mean_reversion
IWM,2009-10-28,2009-11-04,46.8724,45.9225,5932,-5690.116407346325,-0.020266605363073897,5,signal,mean_reversion
XLE,2009-10-27,2009-11-04,16.7948,16.6379,16710,-2677.6026254464814,-0.009341971224022472,6,signal,mean_reversion
EEM,2009-10-28,2009-11-05,27.5974,27.598,10076,-49.672383066778444,2.1370539189824456e-05,6,signal,mean_reversion
XLV,2009-10-27,2009-11-05,21.5019,21.7067,13052,2616.3501427488764,0.009523648659014672,7,signal,mean_reversion
QQQ,2009-11-23,2009-11-24,38.0504,38.2116,7348,1128.1433359942919,0.0042353519116151706,1,signal,mean_reversion
XLE,2009-11-23,2009-11-25,16.8503,16.8626,16594,148.9784679799846,0.0007328744301284829,2,signal,mean_reversion
XLF,2009-11-30,2009-12-01,8.7075,8.9473,32166,7657.752027594186,0.027543649431502226,1,signal,mean_reversion
IWM,2009-11-30,2009-12-02,46.1204,47.2092,6072,6554.301955172738,0.02360698222089841,2,signal,mean_reversion
XLV,2009-12-09,2009-12-10,23.2082,23.4339,12193,2695.0401199955095,0.009724840351476693,1,signal,mean_reversion
XLE,2009-12-07,2009-12-11,16.2016,16.2847,17517,1397.8549144854285,0.005125932976192349,4,signal,mean_reversion
IWM,2010-01-04,2010-01-05,50.838,51.2606,5611,2314.0526855421017,0.00831313964655589,1,signal,mean_reversion
SPY,2010-01-04,2010-01-05,84.1201,84.7016,3391,1914.5473579318946,0.006912482895974792,1,signal,mean_reversion
XLE,2010-01-04,2010-01-05,17.0154,17.2831,16765,4430.088952175761,0.015731374142632593,1,signal,mean_reversion
XLV,2010-01-04,2010-01-05,23.8906,23.9349,11932,472.49929560414984,0.0018577167814752826,1,signal,mean_reversion
EEM,2010-01-19,2010-01-20,29.9188,29.9102,9622,-140.2808858473878,-0.0002873211045886226,1,signal,mean_reversion
EEM,2010-01-25,2010-01-26,28.5323,26.2366,10060,-23149.932878631786,-0.08045999999999998,2,stop,mean_reversion
QQQ,2010-01-25,2010-01-28,38.5828,38.5182,7439,-537.7981959544779,-0.0016739135662603433,3,signal,mean_reversion
XLF,2010-01-27,2010-01-28,8.5571,8.798,31151,7450.525975108726,0.028153331366029377,1,signal,mean_reversion
EEM,2010-01-29,2010-02-02,27.8355,27.9782,9988,1369.0525024290694,0.005124784154008966,2,signal,mean_reversion
XLE,2010-01-22,2010-02-02,16.8597,16.5846,17080,-4755.994227261486,-0.016317544661910266,7,signal,mean_reversion
IWM,2010-01-25,2010-02-03,49.8661,49.1101,5756,-4408.39586081511,-0.015160229057721186,7,signal,mean_reversion
QQQ,2010-02-01,2010-02-03,37.2542,37.6854,7552,3200.0668423769193,0.011575388543554777,2,signal,mean_reversion
EEM,2010-02-05,2010-02-10,26.5131,27.0193,10676,5347.283452171418,0.01909332654469087,3,signal,mean_reversion
XLE,2010-02-09,2010-02-10,16.0049,16.1092,17751,1794.944677599881,0.0065186054390811154,1,signal,mean_reversion
XLF,2010-02-05,2010-02-11,8.4414,8.4633,33533,680.5148240144688,0.002604362552174999,4,signal,mean_reversion
XLV,2010-02-09,2010-02-12,23.5869,23.2903,11950,-3600.3717655842843,-0.012574718461726309,3,signal,mean_reversion
EEM,2010-02-24,2010-03-01,27.5725,28.0066,10317,4421.565270626977,0.015745010354351052,3,signal,mean_reversion
XLE,2010-02-24,2010-03-02,16.3368,16.7372,17412,6914.497453806329,0.024510182839155625,4,signal,mean_reversion
XLE,2010-03-26,2010-03-30,16.5827,16.8754,17357,5021.640242914444,0.01764856231996159,2,signal,mean_reversion
XLV,2010-03-29,2010-03-30,24.3666,24.5325,11859,1909.1861618376713,0.006807690502444341,1,signal,mean_reversion
XLV,2010-04-09,2010-04-20,24.3666,24.3499,11894,-257.0885330871147,-0.0006871421156355861,7,signal,mean_reversion
EEM,2010-04-20,2010-04-23,30.3382,30.3221,9556,-212.05382478714472,-0.000531494626068385,3,signal,mean_reversion
EEM,2010-04-28,2010-04-30,29.869,30.2156,9693,3301.2997550497444,0.011603822644738804,2,signal,mean_reversion
QQQ,2010-04-28,2010-04-30,43.1184,43.6051,6715,3209.6642301915635,0.011286515147159504,2,signal,mean_reversion
SPY,2010-04-28,2010-04-30,89.4877,90.7725,3235,4097.942215004008,0.014357026152408192,2,signal,mean_reversion
XLV,2010-04-23,2010-04-30,23.643,23.8705,12263,2731.1655206737787,0.009620908518617854,5,signal,mean_reversion
XLE,2010-05-06,2010-05-06,16.9571,15.5927,17136,-23435.593304692386,-0.08045999999999986,1,stop,mean_reversion
EEM,2010-05-05,2010-05-11,28.1413,28.4115,10431,2759.364459218137,0.00960121240060996,4,signal,mean_reversion
IWM,2010-05-07,2010-05-11,53.7186,54.8716,5307,6061.309998575831,0.021463590978379354,2,signal,mean_reversion
QQQ,2010-05-07,2010-05-11,40.1801,41.0692,7095,6250.4437070459,0.0221276106213546,2,signal,mean_reversion
SPY,2010-05-07,2010-05-11,84.6695,86.4096,3367,5801.539388077718,0.020552473086290046,2,signal,mean_reversion
IWM,2010-05-20,2010-05-28,52.9617,53.8258,5433,4636.760830330198,0.016316006686621032,6,signal,mean_reversion
QQQ,2010-05-20,2010-05-28,39.2586,39.9055,7329,4682.720273342997,0.01647655175527407,6,signal,mean_reversion
SPY,2010-05-19,2010-05-28,84.0155,83.083,3490,-3312.856044887283,-0.011099526135098792,7,signal,mean_reversion
XLF,2010-05-19,2010-05-28,9.0222,9.129,32501,3413.6494658680967,0.011842713211621003,7,signal,mean_reversion
IWM,2010-06-23,2010-07-01,52.0034,47.8192,5694,-23881.636827081904,-0.08045999999999998,7,stop,mean_reversion
QQQ,2010-06-24,2010-07-01,39.934,36.7209,7385,-23785.258078445182,-0.08045999999999986,6,stop,mean_reversion
XLK,2010-06-24,2010-07-01,8.8661,8.1528,33264,-23786.102343263843,-0.08045999999999998,6,stop,mean_reversion
EEM,2010-08-12,2010-08-17,28.6354,29.6506,9741,9832.86499130082,0.03545475245370899,3,signal,mean_reversion
EEM,2010-08-24,2010-08-30,28.7499,28.7712,9795,152.38347279048503,0.000741199018290617,4,signal,mean_reversion
QQQ,2010-10-05,2010-10-06,42.8879,43.3431,6582,2939.40195155518,0.010613843420002933,1,signal,mean_reversion
XLK,2010-10-05,2010-10-06,9.3708,9.4795,30126,3216.9538282970325,0.011596492949720094,1,signal,mean_reversion
XLV,2010-10-05,2010-10-06,23.5468,23.5848,11989,398.66506383724345,0.0016123520766431199,1,signal,mean_reversion
EEM,2010-10-20,2010-10-26,32.6648,33.054,8703,3329.9525758514674,0.011914764175090964,4,signal,mean_reversion
EEM,2010-11-15,2010-11-19,33.3805,33.0754,8527,-2657.907967588534,-0.009138855903694787,4,signal,mean_reversion
QQQ,2010-11-15,2010-11-19,46.1681,45.7549,6165,-2603.79464114203,-0.008949016214750749,4,signal,mean_reversion
SPY,2010-11-15,2010-11-19,91.5566,90.9493,3108,-1944.2102200234597,-0.006633052246955096,4,signal,mean_reversion
XLK,2010-11-12,2010-11-19,10.0064,9.8661,28533,-4058.4186011985144,-0.014015933803571023,5,signal,mean_reversion
EEM,2010-11-24,2010-12-02,32.6576,33.0397,8663,3252.9530818483204,0.011699243752995914,5,signal,mean_reversion
XLV,2010-12-01,2010-12-02,23.5545,23.7539,12040,2343.747703695541,0.008465233456267818,1,signal,mean_reversion
IWM,2011-01-03,2011-01-04,64.2258,64.8931,4436,2902.9812115406507,0.010390318712190538,1,signal,mean_reversion
XLV,2011-01-03,2011-01-04,24.4966,24.6112,11631,1275.740723617372,0.004678011088905976,1,signal,mean_reversion
EEM,2011-01-10,2011-01-13,33.7755,34.679,8472,7596.627230420018,0.026750743616037465,3,signal,mean_reversion
QQQ,2011-01-24,2011-01-25,48.8977,49.1816,5880,1611.4341479078068,0.005805203358310251,1,signal,mean_reversion
XLK,2011-01-24,2011-01-25,10.5208,10.6287,27329,2892.116564119957,0.010259800115785422,1,signal,mean_reversion
EEM,2011-01-21,2011-01-27,33.9199,33.9436,8498,144.43068854098138,0.0007011289130147702,4,signal,mean_reversion
IWM,2011-01-21,2011-01-27,63.6318,64.3078,4530,3004.427497127707,0.010623976747187625,4,signal,mean_reversion
EEM,2011-01-31,2011-02-02,32.9961,33.7129,8800,6249.528596251744,0.02172514503135803,2,signal,mean_reversion
XLV,2011-01-31,2011-02-02,24.5739,24.843,11817,3121.1982349273176,0.010949388892205425,2,signal,mean_reversion
EEM,2011-02-10,2011-02-17,32.3682,32.9703,9051,5390.578307973664,0.018601959273623292,5,signal,mean_reversion
IWM,2011-02-24,2011-02-28,65.0556,67.177,4509,9505.696188015945,0.03260876548339042,2,signal,mean_reversion
QQQ,2011-02-23,2011-02-28,49.9846,50.6789,5892,4031.4609920567427,0.013890138799085072,3,signal,mean_reversion
XLF,2011-02-23,2011-02-28,10.2388,10.3761,28764,3889.6881060055625,0.013408700046988242,3,signal,mean_reversion
XLK,2011-02-23,2011-02-28,10.7334,10.8411,27439,2896.943638948604,0.010037385441943547,3,signal,mean_reversion
XLE,2011-03-10,2011-03-18,22.5917,22.9687,13276,4943.316081157591,0.016683340965202964,6,signal,mean_reversion
IWM,2011-03-16,2011-03-21,64.0142,65.4133,4621,6405.097344989473,0.021854944371400453,3,signal,mean_reversion
QQQ,2011-03-11,2011-03-22,48.924,48.7337,6120,-1224.7723796366095,-0.0038909389358817714,7,signal,mean_reversion
XLK,2011-03-16,2011-03-22,10.2877,10.3941,28755,3000.7703470544866,0.010344856449946871,4,signal,mean_reversion
QQQ,2011-04-12,2011-04-14,49.5899,49.5053,6126,-579.1361539458767,-0.001706554667885829,2,signal,mean_reversion
IWM,2011-04-12,2011-04-18,67.4988,66.9915,4500,-2343.3754257666246,-0.007515708289433376,4,signal,mean_reversion
SPY,2011-04-12,2011-04-18,100.978,100.0116,3008,-2967.32002797471,-0.009570173521761371,4,signal,mean_reversion
XLE,2011-04-12,2011-04-18,23.1655,22.7769,13107,-5153.510358567163,-0.0167746361720863,4,signal,mean_reversion
EEM,2011-04-19,2011-04-21,34.8581,36.0777,8615,10446.297122092436,0.03498944311781371,2,signal,mean_reversion
XLK,2011-04-19,2011-04-21,10.4784,10.804,28660,9271.124717938868,0.031074984684820173,2,signal,mean_reversion
XLF,2011-04-14,2011-04-25,9.9633,9.904,30374,-1860.3136674009997,-0.005947841711220647,6,signal,mean_reversion
IWM,2011-05-05,2011-05-10,67.3765,68.9625,4516,7101.229141344146,0.023540774437240675,3,signal,mean_reversion
QQQ,2011-05-05,2011-05-10,51.1786,51.6096,5945,2501.676743572411,0.008423104185264041,3,signal,mean_reversion
SPY,2011-05-05,2011-05-10,102.7872,103.5192,2960,2105.781748133132,0.007121933189309537,3,signal,mean_reversion
EEM,2011-05-04,2011-05-11,35.1467,35.0107,8705,-1245.4134065154055,-0.0038709985961483673,5,signal,mean_reversion
XLF,2011-05-16,2011-05-18,9.6857,9.7746,31888,2773.553145536424,0.009180954002586228,2,signal,mean_reversion
QQQ,2011-05-17,2011-05-19,50.1165,51.0485,6179,5696.106359158888,0.01859597625749676,2,signal,mean_reversion
XLE,2011-05-17,2011-05-19,21.8552,22.4804,14169,8795.18575921396,0.02860495683604669,2,signal,mean_reversion
EEM,2011-05-24,2011-05-27,33.5662,34.2969,9337,6759.155176720462,0.02176882282337167,3,signal,mean_reversion
QQQ,2011-05-24,2011-05-27,50.0814,50.1892,6257,611.5927711321052,0.002151944219247248,3,signal,mean_reversion
SPY,2011-05-24,2011-05-27,101.5299,102.1407,3086,1821.9445128209795,0.006015539209664134,3,signal,mean_reversion
XLF,2011-05-24,2011-05-27,9.5932,9.6267,32655,1032.8915848913161,0.0034975357622502035,3,signal,mean_reversion
SPY,2011-06-06,2011-06-10,99.7284,98.6791,3171,-3390.2030905625666,-0.010521443434130306,4,signal,mean_reversion
XLV,2011-06-06,2011-06-10,27.2656,27.4169,11598,1691.1761306426345,0.005548547131305481,4,signal,mean_reversion
IWM,2011-06-07,2011-06-15,65.2567,64.0186,4833,-6046.166186330569,-0.018972616279395504,6,signal,mean_reversion
QQQ,2011-06-07,2011-06-15,49.1862,48.0585,6412,-7292.864801525031,-0.022926223509761923,6,signal,mean_reversion
XLE,2011-06-27,2011-06-29,21.2707,22.1364,14709,12668.863752547535,0.04069631951005426,2,signal,mean_reversion
XLV,2011-07-12,2011-07-20,27.5398,27.5278,11486,-200.12297862241303,-0.0004326997376739028,6,signal,mean_reversion
IWM,2011-07-28,2011-08-04,65.3874,60.1263,4841,-25529.592436803527,-0.08045999999999998,6,stop,mean_reversion
SPY,2011-07-28,2011-08-04,100.6157,92.5202,3146,-25529.33292909994,-0.08045999999999998,6,stop,mean_reversion
XLE,2011-07-28,2011-08-04,23.2419,21.3719,13621,-25532.671388784824,-0.08045999999999998,6,stop,mean_reversion
XLV,2011-07-28,2011-08-04,26.7902,24.6346,11810,-25517.626191848074,-0.08045999999999986,6,stop,mean_reversion
XLE,2012-02-01,2012-02-03,21.6419,21.9567,13580,4215.993376520873,0.014546618810960199,2,signal,mean_reversion
IWM,2012-02-13,2012-02-14,67.7347,67.5022,4357,-1072.090991232636,-0.0034330702358450482,1,signal,mean_reversion
XLV,2012-02-13,2012-02-14,28.404,28.4623,10391,547.1344401481837,0.002053982635055629,1,signal,mean_reversion
EEM,2012-03-07,2012-03-09,31.4598,32.2077,9284,6883.770606652166,0.023771024763659998,2,signal,mean_reversion
IWM,2012-03-01,2012-03-09,67.1325,66.3567,4399,-3471.5824763338746,-0.011556641390283118,6,signal,mean_reversion
QQQ,2012-03-07,2012-03-09,56.5039,57.3223,5169,4171.834040008888,0.014485200253321118,2,signal,mean_reversion
XLE,2012-03-01,2012-03-09,22.8191,22.5568,12944,-3453.377175188525,-0.011492843305629719,6,signal,mean_reversion
EEM,2012-03-21,2012-03-27,31.7763,32.09,9340,2870.8729722734365,0.009874049313476352,4,signal,mean_reversion
SPY,2012-03-23,2012-03-27,109.0491,110.8324,2717,4785.3220437568225,0.01635263298771661,2,signal,mean_reversion
XLE,2012-03-23,2012-03-27,21.8199,22.1906,13579,4974.102756838454,0.0169895297818643,2,signal,mean_reversion
XLV,2012-03-23,2012-03-27,29.0313,29.5492,10206,5225.927231701364,0.017839457147164284,2,signal,mean_reversion
IWM,2012-04-10,2012-04-13,66.1302,66.4444,4561,1372.351901258087,0.0047504118297132525,3,signal,mean_reversion
SPY,2012-04-10,2012-04-13,107.9768,108.2754,2793,773.8307410892543,0.002766206271649363,3,signal,mean_reversion
XLE,2012-04-10,2012-04-13,21.1711,21.1317,14248,-621.8979826411695,-0.0018618662705504052,3,signal,mean_reversion
XLF,2012-04-10,2012-04-13,9.5885,9.6918,31445,3186.3229998064476,0.010768899447712421,3,signal,mean_reversion
XLF,2012-04-24,2012-04-25,9.4693,9.6291,32014,5054.543117031647,0.01687505340759099,1,signal,mean_reversion
QQQ,2012-04-24,2012-04-26,57.5657,58.8184,5266,6535.412985533577,0.02176116950874274,2,signal,mean_reversion
XLK,2012-04-24,2012-04-26,12.0905,12.403,25073,7775.359015932135,0.025851608905252732,2,signal,mean_reversion
EEM,2012-05-07,2012-05-17,30.3854,27.9406,10146,-24864.238592370977,-0.08045999999999986,9,stop,mean_reversion
IWM,2012-05-07,2012-05-18,65.1704,61.7409,4730,-16281.637421783405,-0.05262384022801714,10,time,mean_reversion
QQQ,2012-05-07,2012-05-18,56.9897,53.8342,5409,-17127.805708440494,-0.055368887525130916,10,time,mean_reversion
SPY,2012-05-07,2012-05-18,106.8497,101.4491,2883,-15629.817743678039,-0.05054337788963459,10,time,mean_reversion
QQQ,2012-05-21,2012-05-22,53.9944,55.4986,5359,8002.021901859856,0.027857357885005207,1,signal,mean_reversion
SPY,2012-05-21,2012-05-22,101.8794,103.4587,2840,4426.922179069599,0.015501759114154634,1,signal,mean_reversion
XLK,2012-05-21,2012-05-22,11.4697,11.7537,25231,7108.219919757327,0.02476508090374807,1,signal,mean_reversion
XLF,2012-05-18,2012-05-23,8.7728,8.7013,32319,-2366.015802524691,-0.00814575063131373,3,signal,mean_reversion
QQQ,2012-06-04,2012-06-07,53.6843,55.9324,5485,12270.719984844833,0.04187637609369932,3,signal,mean_reversion
SPY,2012-06-04,2012-06-07,100.494,104.3657,2930,11284.315884601725,0.03852757580950894,3,signal,mean_reversion
XLK,2012-06-04,2012-06-07,11.3697,11.8328,25899,11934.179963429422,0.04073254588827413,3,signal,mean_reversion
XLV,2012-06-04,2012-06-07,28.1823,29.0023,10440,8500.55846023036,0.02909440242591188,3,signal,mean_reversion
IWM,2012-07-11,2012-07-16,66.018,66.143,4637,518.7186216931899,0.0018946544492575157,3,signal,mean_reversion
QQQ,2012-07-11,2012-07-16,56.2147,56.1142,5446,-608.8231193324287,-0.0017888524714061438,3,signal,mean_reversion
SPY,2012-07-11,2012-07-16,105.5937,106.4549,2899,2435.2720912479012,0.008156202261651035,3,signal,mean_reversion
XLF,2012-07-11,2012-07-16,9.0482,9.2723,33819,7514.313455610818,0.02475884047111898,3,signal,mean_reversion
IWM,2012-07-24,2012-07-27,64.8205,64.656,4774,-847.1040317746955,-0.0025376762529184527,3,signal,mean_reversion
SPY,2012-07-25,2012-07-27,105.5937,107.5946,2913,5766.647061649732,0.018949463706970482,2,signal,mean_reversion
XLF,2012-07-23,2012-07-27,8.8969,9.1904,34720,10126.43498595079,0.03298542985510977,4,signal,mean_reversion
XLV,2012-07-24,2012-07-27,30.1291,30.4018,10271,2738.8145148585695,0.009051332154430547,3,signal,mean_reversion
IWM,2012-08-24,2012-08-28,66.8079,67.2646,4700,2083.1558934040877,0.006834995746138883,2,signal,mean_reversion
SPY,2012-08-24,2012-08-30,110.393,110.7464,2844,942.2624275847047,0.0032015600327681693,4,signal,mean_reversion
EEM,2012-08-24,2012-09-07,29.6916,29.9521,10576,2691.643279368034,0.008772484897979771,9,signal,mean_reversion
QQQ,2012-08-31,2012-09-07,60.5758,61.5534,5178,4998.935309860614,0.01613897067343384,4,signal,mean_reversion
SPY,2012-08-31,2012-09-07,111.1641,113.1909,2822,5656.300321610771,0.01823245897535286,4,signal,mean_reversion
XLE,2012-08-31,2012-09-07,21.8549,22.1265,14354,3836.3769944480005,0.012430499245924764,4,signal,mean_reversion
EEM,2012-09-26,2012-09-28,30.5257,30.8597,10434,3421.3208361849015,0.010942904929021502,2,signal,mean_reversion
QQQ,2012-09-26,2012-09-28,61.1672,61.3196,5207,729.9091864196097,0.00249197420183922,2,signal,mean_reversion
XLF,2012-09-24,2012-10-02,9.9533,9.9686,32115,429.1134415658711,0.0015426044605333367,6,signal,mean_reversion
IWM,2012-09-26,2012-10-03,69.9985,70.0037,4550,-40.42330470503746,7.308691594576366e-05,5,signal,mean_reversion
QQQ,2012-10-10,2012-10-16,59.8934,59.8603,5362,-242.04438007887828,-0.0005537387559171325,4,signal,mean_reversion
SPY,2012-10-10,2012-10-16,114.0434,114.3878,2816,905.2820635413794,0.0030192104741861847,4,signal,mean_reversion
XLK,2012-10-10,2012-10-16,12.6789,12.6327,25310,-1234.4499285823495,-0.0036471570671274822,4,signal,mean_reversion
IWM,2012-10-10,2012-10-17,69.0135,69.57,4653,2524.8606052573937,0.008063483673045102,5,signal,mean_reversion
IWM,2012-10-24,2012-11-01,68.2037,68.2356,4698,85.80743811956529,0.0004678426713204953,4,signal,mean_reversion
QQQ,2012-10-22,2012-11-02,58.4772,58.8815,5504,2160.5520127538816,0.006913431560191752,7,signal,mean_reversion
SPY,2012-10-24,2012-11-02,112.2637,113.5344,2854,3561.938211589875,0.011318269133360648,5,signal,mean_reversion
XLK,2012-10-22,2012-11-02,12.301,12.3474,26168,1150.6856797053717,0.0037751421033023203,7,signal,mean_reversion
XLV,2012-11-08,2012-11-19,31.6737,31.4739,10227,-2108.036234119866,-0.006308387019428485,7,signal,mean_reversion
SPY,2012-11-09,2012-11-20,108.8546,109.7652,2969,2638.5148668981738,0.008364827379581774,7,signal,mean_reversion
XLF,2012-11-15,2012-11-20,9.5924,9.8231,33463,7657.396687896893,0.02405799059063729,3,signal,mean_reversion
IWM,2012-12-31,2013-01-02,69.6028,72.6288,4705,14170.638112634686,0.04347595926142356,1,signal,mean_reversion
SPY,2012-12-31,2013-01-02,111.2517,115.4775,2940,12357.379418893526,0.03798471720119889,1,signal,mean_reversion
XLE,2012-12-28,2013-01-02,21.8267,22.5179,14927,10251.706612961852,0.031668773323844546,2,signal,mean_reversion
XLV,2012-12-27,2013-01-02,32.1994,32.755,10150,5573.441748577278,0.01725508052602609,3,signal,mean_reversion
EEM,2013-01-25,2013-01-30,33.1414,33.0559,10200,-940.0988070216795,-0.0025812666955977726,3,signal,mean_reversion
EEM,2013-02-08,2013-02-13,32.7217,33.0933,10332,3771.3078206110076,0.011356186442291749,3,signal,mean_reversion
EEM,2013-02-22,2013-02-28,32.5119,32.4868,10436,-328.8003622719341,-0.0007691498580317813,4,signal,mean_reversion
QQQ,2013-02-22,2013-02-28,59.8777,60.1758,5666,1620.8713469228792,0.0049780646019690344,4,signal,mean_reversion
XLV,2013-03-19,2013-03-21,36.03,36.1961,9375,1489.9598637641218,0.004611484459491999,2,signal,mean_reversion
EEM,2013-03-14,2013-03-27,32.3245,31.6333,10519,-7337.72472985751,-0.021382332142431237,9,signal,mean_reversion
IWM,2013-04-02,2013-04-09,79.1883,78.1475,4279,-4520.901673183523,-0.0131433395659043,5,signal,mean_reversion
XLE,2013-04-04,2013-04-09,23.9512,24.1846,14079,3218.384890279004,0.009745163109525334,3,signal,mean_reversion
EEM,2013-04-04,2013-04-10,31.3202,31.7381,10766,4431.526928364322,0.013343726044951376,4,signal,mean_reversion
XLK,2013-04-08,2013-04-10,12.6174,12.7743,26799,4135.843484835259,0.012432630590547777,2,signal,mean_reversion
IWM,2013-04-16,2013-04-23,76.6804,77.2702,4447,2554.30891041429,0.00769146078821481,5,signal,mean_reversion
XLE,2013-04-16,2013-04-23,23.4546,23.4591,14541,-3.23574711162631,0.00019053154527126637,5,signal,mean_reversion
XLV,2013-05-02,2013-05-03,38.1994,38.6383,8954,3861.3240994870107,0.011490343047579676,1,signal,mean_reversion
XLK,2013-05-28,2013-05-29,13.5886,13.4225,25307,-4272.1068849270505,-0.012224211075795077,1,signal,mean_reversion
EEM,2013-05-23,2013-06-06,31.6874,30.6225,10838,-11608.859496964493,-0.033606210904915224,10,time,mean_reversion
QQQ,2013-06-06,2013-06-10,64.7745,65.9474,5235,6071.893382613435,0.018108008621632976,2,signal,mean_reversion
SPY,2013-06-06,2013-06-10,128.9813,132.1377,2629,8229.503152109028,0.02447169091955037,2,signal,mean_reversion
XLE,2013-06-03,2013-06-10,25.0778,25.3194,13619,3221.6965177023867,0.009633954305552583,5,signal,mean_reversion
QQQ,2013-06-24,2013-06-27,62.908,64.0957,5411,6358.0113222080445,0.018880207530643123,3,signal,mean_reversion
SPY,2013-06-21,2013-06-27,128.409,129.4539,2682,2733.209134630068,0.008137124274524954,4,signal,mean_reversion
XLE,2013-06-21,2013-06-27,24.54,24.5747,14036,417.7835624195685,0.0014130648739625329,4,signal,mean_reversion
XLV,2013-06-21,2013-06-27,38.413,39.0894,8967,5996.207579253523,0.017609866421003595,4,signal,mean_reversion
XLK,2013-07-22,2013-07-25,13.4313,13.452,25979,466.4575490601628,0.0015369675421079698,3,signal,mean_reversion
QQQ,2013-07-22,2013-07-26,67.4291,67.1817,5174,-1349.3604850463307,-0.003668080493055448,4,signal,mean_reversion
XLF,2013-07-30,2013-08-02,13.1901,13.3372,26453,3821.629114602608,0.011153945171610946,3,signal,mean_reversion
IWM,2013-08-16,2013-08-21,86.3455,86.1575,3999,-820.6996565520767,-0.002177020194018997,3,signal,mean_reversion
XLF,2013-08-08,2013-08-21,13.1901,12.7024,26542,-13012.69492043707,-0.036973164250997836,10,time,mean_reversion
QQQ,2013-08-16,2013-08-23,68.0145,69.0082,5077,4975.35495766038,0.014609851809934016,5,signal,mean_reversion
XLV,2013-08-12,2013-08-23,41.3647,40.3485,8441,-8646.252964378977,-0.024565512438062154,9,signal,mean_reversion
XLF,2013-08-28,2013-09-04,12.4519,12.5806,27791,3504.9489778344855,0.010329422860433146,4,signal,mean_reversion
SPY,2013-09-26,2013-10-02,136.8592,135.9392,2534,-2400.383241794841,-0.006722170415491169,4,signal,mean_reversion
XLF,2013-09-24,2013-10-02,12.965,12.8169,26798,-4039.062844912814,-0.01142647720562151,6,signal,mean_reversion
XLV,2013-09-25,2013-10-02,41.6415,41.5101,8342,-1164.8884766670467,-0.0031537379364605655,5,signal,mean_reversion
XLE,2013-10-01,2013-10-03,25.9039,26.1503,13412,3235.0245959528806,0.009512427552785585,2,signal,mean_reversion
IWM,2013-10-09,2013-10-11,88.6927,89.9123,3909,4697.549411050435,0.013750697264996559,2,signal,mean_reversion
QQQ,2013-10-09,2013-10-11,69.917,70.7586,4958,4102.834401059444,0.012036929224813253,2,signal,mean_reversion
XLK,2013-10-09,2013-10-11,13.5435,13.7439,25599,5060.268794971197,0.014797053908279123,2,signal,mean_reversion
IWM,2013-11-01,2013-11-05,93.0381,93.0641,3769,27.652561695865444,0.000278886363372699,2,signal,mean_reversion
XLF,2013-11-01,2013-11-07,13.255,13.3125,26460,1452.7188512089438,0.004342457488853979,4,signal,mean_reversion
IWM,2013-11-08,2013-11-11,91.3629,92.6308,3844,4803.08953840916,0.013877653450538041,1,signal,mean_reversion
XLV,2013-11-08,2013-11-11,42.7764,43.3128,8207,4331.361979073207,0.012539002263617594,1,signal,mean_reversion
QQQ,2013-11-08,2013-11-13,73.8374,73.9982,4757,694.786260748038,0.0021782889506574143,3,signal,mean_reversion
EEM,2013-11-08,2013-11-15,31.1394,31.8062,11281,7450.617002020301,0.021411834174466682,5,signal,mean_reversion
XLK,2013-11-21,2013-11-22,14.5757,14.6467,24421,1662.6792818536228,0.004871548014455662,1,signal,mean_reversion
XLE,2013-12-02,2013-12-04,27.1101,27.1049,13153,-139.6268843690258,-0.00019159198875839945,2,signal,mean_reversion
IWM,2013-12-05,2013-12-09,94.8069,95.6805,3755,3209.095205959432,0.00921524018108677,2,signal,mean_reversion
SPY,2013-12-04,2013-12-09,144.7642,146.5332,2463,4285.420055893962,0.012220208046054726,3,signal,mean_reversion
XLF,2013-12-04,2013-12-09,13.6352,13.8147,26155,4622.950443870104,0.013164271221785429,3,signal,mean_reversion
XLV,2013-12-04,2013-12-09,44.5564,45.2133,8004,5186.550589625598,0.014744736421229199,3,signal,mean_reversion
IWM,2013-12-12,2013-12-17,93.2847,94.6781,3872,5322.594444393255,0.014937428250738849,3,signal,mean_reversion
QQQ,2013-12-13,2013-12-17,77.1074,76.9942,4682,-601.8731270414794,-0.0014673080545423156,2,signal,mean_reversion
XLE,2013-12-12,2013-12-17,26.6433,26.8545,13558,2791.3581085248707,0.00792816218828385,3,signal,mean_reversion
XLV,2013-12-12,2013-12-19,44.2053,44.7402,8171,4298.394061298044,0.012101484366272341,5,signal,mean_reversion
QQQ,2014-01-07,2014-01-08,78.5847,78.8864,4641,1327.0990203633014,0.0038391447520094157,1,signal,mean_reversion
XLF,2014-01-14,2014-01-16,14.1266,14.2806,25855,3909.275391299437,0.010904320689429703,2,signal,mean_reversion
XLE,2014-01-14,2014-01-22,26.9154,27.335,13570,5620.503647572625,0.0155900205002093,5,signal,mean_reversion
IWM,2014-01-27,2014-01-31,97.1267,94.8721,3764,-8558.654044517853,-0.023213167087201114,4,signal,mean_reversion
QQQ,2014-01-27,2014-01-31,78.6029,77.438,4652,-5491.767861744762,-0.014820240061924062,4,signal,mean_reversion
SPY,2014-01-27,2014-01-31,145.5176,143.7079,2512,-4618.691012575467,-0.01243648951739973,4,signal,mean_reversion
XLF,2014-01-24,2014-01-31,13.9129,13.5756,26441,-8990.914762137405,-0.024242774472001627,5,signal,mean_reversion
SPY,2014-02-04,2014-02-07,142.1775,144.7633,2540,6494.906245379429,0.018186725343996013,3,signal,mean_reversion
IWM,2014-03-12,2014-03-18,100.2084,100.816,3628,2131.7313646703,0.006064165043889735,4,signal,mean_reversion
SPY,2014-03-14,2014-03-18,150.223,151.583,2420,3218.12609608924,0.00905310808288351,2,signal,mean_reversion
XLE,2014-03-14,2014-03-18,27.1325,27.4073,13404,3609.699233390139,0.010126369846798822,2,signal,mean_reversion
XLF,2014-03-14,2014-03-18,14.1525,14.2871,25676,3383.4144366848213,0.009511934538796396,2,signal,mean_reversion
IWM,2014-03-25,2014-04-01,100.7067,99.7169,3638,-3673.810990202706,-0.009828551607878988,5,signal,mean_reversion
QQQ,2014-03-25,2014-04-01,80.879,80.2697,4530,-2832.916618505006,-0.0075328971979965464,5,signal,mean_reversion
XLF,2014-03-27,2014-04-01,14.3544,14.5413,25202,4637.307648404164,0.013020076946918424,3,signal,mean_reversion
XLV,2014-03-24,2014-04-01,48.0291,48.2112,7641,1317.9753505362253,0.0037916849964587662,6,signal,mean_reversion
IWM,2014-04-08,2014-04-10,96.5474,98.4088,3813,7023.197578112736,0.01927969843542221,2,signal,mean_reversion
QQQ,2014-04-07,2014-04-10,78.2797,80.0693,4690,8318.824533460573,0.022861246841618943,3,signal,mean_reversion
SPY,2014-04-08,2014-04-10,150.4045,152.5537,2434,5157.450172764167,0.014289570979969968,2,signal,mean_reversion
XLK,2014-04-07,2014-04-10,15.4627,15.7366,23747,6429.754442936491,0.017712292061941026,3,signal,mean_reversion
XLF,2014-04-14,2014-04-16,13.9905,14.1193,26746,3370.6207651238697,0.00920871386069444,2,signal,mean_reversion
EEM,2014-04-16,2014-04-21,31.6507,32.1089,11852,5355.4468111544375,0.014477915565883182,2,signal,mean_reversion
EEM,2014-04-28,2014-04-30,31.3136,31.4507,12030,1573.5590964872156,0.004377630753362949,2,signal,mean_reversion
XLF,2014-04-29,2014-04-30,14.1464,14.1972,26664,1278.2418027554015,0.0035891166776311767,1,signal,mean_reversion
IWM,2014-04-28,2014-05-01,95.8627,95.5446,3929,-1325.1168517463177,-0.0033185484830347,3,signal,mean_reversion
XLF,2014-05-07,2014-05-08,14.1009,14.1842,26764,2153.3259888859034,0.005906310574361973,1,signal,mean_reversion
XLF,2014-05-16,2014-05-20,14.1204,14.1648,26782,1110.9946814724574,0.0031381023256549234,2,signal,mean_reversion
SPY,2014-06-13,2014-06-18,158.2895,158.8733,2394,1321.8095181942492,0.0036884988682506226,3,signal,mean_reversion
XLF,2014-06-17,2014-06-18,14.6013,14.749,25998,3763.575973637798,0.010115470061146548,1,signal,mean_reversion
XLK,2014-06-13,2014-06-18,16.4873,16.5399,22991,1133.6429092398873,0.0031910006341842045,3,signal,mean_reversion
IWM,2014-07-11,2014-07-21,98.9541,97.4219,3853,-5979.233015384438,-0.015483949784242057,6,signal,mean_reversion
XLV,2014-07-18,2014-07-21,50.0758,50.5125,7599,3241.6954938769436,0.008719857531388042,1,signal,mean_reversion
IWM,2014-07-29,2014-07-31,97.4163,96.6667,3910,-3006.8731437861056,-0.007694945341230941,2,signal,mean_reversion
EEM,2014-08-01,2014-08-05,33.9398,33.9599,11065,147.1654227314483,0.000591932343540158,2,signal,mean_reversion
XLE,2014-07-31,2014-08-05,31.1837,30.8097,12123,-4609.452528227581,-0.011994234315805485,3,signal,mean_reversion
QQQ,2014-08-01,2014-08-11,86.7112,87.0357,4331,1329.8917043120775,0.003741592157566309,6,signal,mean_reversion
SPY,2014-07-30,2014-08-11,162.1073,158.9299,2352,-7548.74000563861,-0.019600560204452666,8,signal,mean_reversion
XLK,2014-08-08,2014-08-11,16.6762,16.8547,22619,3963.07192168228,0.01070766697406822,1,signal,mean_reversion
XLV,2014-08-08,2014-08-14,49.4647,50.562,7625,8290.156156629833,0.02218219586829906,4,signal,mean_reversion
XLF,2014-09-10,2014-09-12,15.1614,15.2571,25173,2330.9784584954814,0.00630812472792508,2,signal,mean_reversion
EEM,2014-09-11,2014-09-17,34.1714,34.0987,11188,-889.9750677034382,-0.0021281012588264536,4,signal,mean_reversion
XLE,2014-09-11,2014-09-17,29.9221,30.3462,12777,5341.210794139373,0.01417213352534219,4,signal,mean_reversion
QQQ,2014-09-16,2014-09-18,89.7565,91.2107,4269,6130.786534986492,0.016201775765886106,2,signal,mean_reversion
EEM,2014-09-23,2014-09-25,32.9745,32.7949,11683,-2174.28284067178,-0.005444502440255294,2,signal,mean_reversion
SPY,2014-09-24,2014-09-25,163.1863,163.8465,2366,1484.553095076488,0.004045411978944591,1,signal,mean_reversion
SPY,2014-10-02,2014-10-06,160.0057,162.447,2382,5738.569839827325,0.015258114130092038,2,signal,mean_reversion
XLF,2014-10-02,2014-10-06,15.0014,15.3398,25407,8520.827809180611,0.022558446871288274,2,signal,mean_reversion
XLV,2014-10-02,2014-10-06,52.409,53.5571,7272,8271.804624119264,0.021906238477369167,2,signal,mean_reversion
XLE,2014-09-23,2014-10-06,29.4724,28.1665,13072,-17145.121703752506,-0.04430684524346318,10,time,mean_reversion
QQQ,2014-10-14,2014-10-20,85.7442,85.1548,4513,-2736.9868361894064,-0.006873669258236292,4,signal,mean_reversion
XLK,2014-10-14,2014-10-20,16.5473,16.3129,23387,-5558.682243245478,-0.01416522026878475,4,signal,mean_reversion
XLV,2014-10-14,2014-10-20,51.257,50.4773,7550,-5964.120243268431,-0.015213060523829536,4,signal,mean_reversion
XLF,2014-11-17,2014-11-19,15.7154,15.7717,24448,1299.0390554657854,0.0035814212863325423,2,signal,mean_reversion
IWM,2014-11-18,2014-11-21,100.0702,101.6226,3845,5891.441415487483,0.015513140785599733,3,signal,mean_reversion
IWM,2014-12-02,2014-12-04,99.0623,100.8567,3900,6919.98872285534,0.018113321758090883,2,signal,mean_reversion
SPY,2014-12-11,2014-12-18,167.9986,168.5386,2314,1171.7242530233468,0.003214412236341335,5,signal,mean_reversion
XLF,2014-12-15,2014-12-18,15.9054,16.0989,24053,4577.624910128508,0.012166609105630943,3,signal,mean_reversion
XLK,2014-12-09,2014-12-18,17.943,17.9948,21640,1042.7599335094353,0.0028858333396530877,7,signal,mean_reversion
QQQ,2014-12-09,2014-12-19,94.7916,95.5645,4096,3087.5504832545894,0.008152956376265674,8,signal,mean_reversion
QQQ,2015-01-02,2015-01-09,95.4669,95.2428,4098,-996.5036471350027,-0.002347383378877188,5,signal,mean_reversion
SPY,2015-01-02,2015-01-09,170.9972,170.8428,2288,-431.4804976211735,-0.0009029394443103023,5,signal,mean_reversion
XLF,2015-01-02,2015-01-09,16.3685,16.1154,23904,-6129.21641024481,-0.015466345262539205,5,signal,mean_reversion
XLK,2015-01-02,2015-01-09,18.2424,18.176,21433,-1501.318194326424,-0.0036401626386988184,5,signal,mean_reversion
IWM,2015-01-16,2015-01-20,98.9299,100.9388,3937,7830.288462325559,0.020306129452416055,1,signal,mean_reversion
SPY,2015-01-16,2015-01-20,164.6919,167.532,2360,6624.138927521441,0.017244691537608103,1,signal,mean_reversion
QQQ,2015-01-16,2015-01-21,91.5657,93.1287,4254,6570.231723304216,0.017069185784498897,2,signal,mean_reversion
XLF,2015-01-15,2015-01-23,15.4204,15.7931,25247,9329.962000637634,0.024167272275558593,5,signal,mean_reversion
QQQ,2015-01-29,2015-02-03,92.7802,94.0754,4270,5450.706854708793,0.013959844386110865,3,signal,mean_reversion
SPY,2015-01-29,2015-02-03,166.0258,168.0286,2386,4698.778414969318,0.012062684553528324,3,signal,mean_reversion
XLK,2015-01-28,2015-02-03,17.8916,17.7073,22205,-4171.649171693891,-0.01030144944771294,4,signal,mean_reversion
SPY,2015-03-09,2015-03-13,172.124,171.1491,2322,-2343.54979466978,-0.0056642492241800735,4,signal,mean_reversion
QQQ,2015-03-11,2015-03-17,97.4174,97.8072,4061,1503.5275284827187,0.004000908501234246,4,signal,mean_reversion
XLK,2015-03-09,2015-03-17,18.6194,18.3424,21467,-6025.8893287926,-0.014877408507084633,6,signal,mean_reversion
IWM,2015-03-26,2015-03-31,105.8931,107.6848,3762,6660.166889692323,0.016920249458753478,3,signal,mean_reversion
QQQ,2015-03-26,2015-03-31,96.4518,98.0506,4130,6522.520284740633,0.016575663925835427,3,signal,mean_reversion
SPY,2015-03-26,2015-03-31,170.5787,172.3205,2335,3986.9174007991473,0.010210823324629192,3,signal,mean_reversion
XLF,2015-03-26,2015-03-31,15.782,15.951,25241,4187.886665600169,0.010714094797399154,3,signal,mean_reversion
QQQ,2015-04-20,2015-04-21,98.2501,99.6996,4115,5883.395764866914,0.014753560062657822,1,signal,mean_reversion
EEM,2015-05-01,2015-05-05,33.7543,33.7988,12007,453.38354564052236,0.0013188029329362916,2,signal,mean_reversion
QQQ,2015-05-01,2015-05-05,99.6426,100.234,4067,2323.8671719221516,0.005935047469062926,2,signal,mean_reversion
XLV,2015-04-28,2015-05-05,61.0997,60.822,6646,-1926.7983108164526,-0.004545461199306877,5,signal,mean_reversion
IWM,2015-05-01,2015-05-08,105.3987,106.5151,3845,4210.946949320501,0.010591840441508404,5,signal,mean_reversion
EEM,2015-05-08,2015-05-11,33.5428,33.5092,12213,-491.30156298519285,-0.0009993973626364339,1,signal,mean_reversion
XLK,2015-05-07,2015-05-11,18.568,18.91,21902,7409.426845537833,0.018421337849440222,2,signal,mean_reversion
IWM,2015-05-27,2015-05-28,106.9946,107.8321,3831,3126.103479879473,0.007827352882103122,1,signal,mean_reversion
SPY,2015-05-27,2015-05-28,175.8136,176.5358,2331,1601.3471693965246,0.0041078370552358745,1,signal,mean_reversion
XLF,2015-05-27,2015-05-28,16.2908,16.367,25161,1833.8530657205351,0.004674439399269703,1,signal,mean_reversion
XLK,2015-05-27,2015-05-28,18.9862,19.1915,21575,4347.079913577683,0.010813384199742426,1,signal,mean_reversion
EEM,2015-05-29,2015-06-11,32.4696,31.5685,12715,-11538.906320173686,-0.027752106368225227,9,signal,mean_reversion
QQQ,2015-06-09,2015-06-11,99.532,101.2105,4095,6791.427439101034,0.016864357613256553,2,signal,mean_reversion
SPY,2015-06-09,2015-06-11,173.4833,175.829,2349,5428.10710666496,0.01352146123335185,2,signal,mean_reversion
XLK,2015-06-08,2015-06-11,18.9025,18.9892,21668,1795.5488939937843,0.004584339584368546,3,signal,mean_reversion
SPY,2015-06-30,2015-07-02,173.3319,173.8354,2377,1114.2790199452468,0.0029047854841670606,2,signal,mean_reversion
QQQ,2015-06-29,2015-07-08,99.881,98.9871,4147,-3789.6528597668107,-0.008950079519185028,6,signal,mean_reversion
IWM,2015-06-30,2015-07-13,108.5731,108.568,3796,-101.97353003031427,-4.7427035838820686e-05,8,signal,mean_reversion
QQQ,2015-07-09,2015-07-13,99.3634,100.2614,4118,3615.5133356976958,0.009036931941522441,2,signal,mean_reversion
XLF,2015-07-09,2015-07-13,16.2625,16.4783,25165,5349.0356015268,0.013271802653494147,2,signal,mean_reversion
XLK,2015-06-29,2015-07-13,18.4879,18.4208,22406,-1585.391687092474,-0.0036275954960657275,9,signal,mean_reversion
SPY,2015-07-24,2015-07-29,175.8743,175.0134,2365,-2119.103742384429,-0.004895190699259255,3,signal,mean_reversion
QQQ,2015-07-27,2015-07-30,102.1086,102.7638,4057,2574.7157437302976,0.006415937568189589,3,signal,mean_reversion
XLK,2015-07-27,2015-07-30,18.5808,18.7566,22296,3836.3136702639717,0.009461217870307514,3,signal,mean_reversion
IWM,2015-07-27,2015-07-31,105.5061,106.5493,3926,4012.0836769871694,0.009886933493971961,4,signal,mean_reversion
XLK,2015-08-05,2015-08-06,18.7355,18.7786,22337,879.4702222800369,0.002301736112477526,1,signal,mean_reversion
QQQ,2015-08-21,2015-08-24,97.5795,87.0108,4295,-45472.01597675863,-0.1083089936304581,2,stop,mean_reversion
XLF,2015-08-21,2015-08-24,16.07,14.7145,26083,-35437.07619669079,-0.0843527574181332,2,stop,mean_reversion
XLV,2015-08-21,2015-08-24,61.2851,56.349,6839,-33838.32098909341,-0.08054298545828942,2,stop,mean_reversion
SPY,2015-11-10,2015-11-17,174.4432,172.9923,2248,-3339.784042282468,-0.008317465956450887,5,signal,mean_reversion
QQQ,2015-11-10,2015-11-19,104.6735,105.2353,3746,2025.9000266621626,0.005367241043232607,7,signal,mean_reversion
XLF,2015-11-13,2015-11-19,16.0085,16.3923,23983,9127.398097730744,0.02397587059639883,4,signal,mean_reversion
XLK,2015-11-11,2015-11-19,19.4196,19.4002,20202,-470.4364767012008,-0.0009992278712850355,6,signal,mean_reversion
QQQ,2015-12-14,2015-12-16,102.7925,104.6614,3840,7096.736064638836,0.01818083553646299,2,signal,mean_reversion
XLK,2015-12-14,2015-12-17,19.0066,19.5644,20768,11505.591002048883,0.02935107589079511,3,signal,mean_reversion
QQQ,2016-01-05,2016-01-13,102.27,98.389,3910,-15253.349173109516,-0.03794902177092774,6,signal,mean_reversion
XLK,2016-01-05,2016-01-13,18.9279,18.3426,21127,-12444.264322079585,-0.03092231009559898,6,signal,mean_reversion
EEM,2016-04-26,2016-04-27,27.7149,27.6631,14247,-815.8099523844503,-0.001866293225986082,1,signal,mean_reversion
SPY,2016-05-02,2016-05-03,175.885,175.3695,2224,-1224.553966953701,-0.0029307975673381614,1,signal,mean_reversion
QQQ,2016-04-25,2016-05-06,101.2777,98.3176,3903,-11631.096237217906,-0.029227359360081362,10,time,mean_reversion
XLK,2016-04-25,2016-05-06,19.4364,18.9373,20339,-10227.84965680084,-0.025675123251401866,10,time,mean_reversion
XLV,2016-04-29,2016-05-10,59.4834,59.4154,6552,-522.8287205897245,-0.001141612352481114,7,signal,mean_reversion
EEM,2016-05-04,2016-05-11,26.5447,26.4221,14579,-1864.782295961741,-0.004619077769889346,5,signal,mean_reversion
XLE,2016-06-06,2016-06-07,22.4059,22.73,17388,5556.450751061318,0.01446360451450901,1,signal,mean_reversion
EEM,2016-06-14,2016-06-21,26.4165,27.2388,14735,12037.662368879064,0.031128636659070397,5,signal,mean_reversion
IWM,2016-06-14,2016-06-21,100.6564,101.3909,3867,2762.1598954862106,0.007297047867376838,5,signal,mean_reversion
XLF,2016-06-13,2016-06-21,15.5264,15.4584,25194,-1791.294710829894,-0.004379750373989633,6,signal,mean_reversion
QQQ,2016-06-13,2016-06-22,100.9701,100.4282,3874,-2177.0894964126974,-0.005366290670624885,7,signal,mean_reversion
XLE,2016-06-28,2016-06-30,22.1037,22.6047,17836,8856.563295994516,0.022667122975161602,2,signal,mean_reversion
XLE,2016-07-22,2016-08-01,22.9126,22.3968,17327,-9016.666826424711,-0.022513863297370817,6,signal,mean_reversion
XLF,2016-08-03,2016-08-04,15.8534,15.9865,24917,3237.6155671544534,0.0083969449896244,1,signal,mean_reversion
SPY,2016-08-03,2016-08-05,184.1136,184.7234,2145,1228.9547909825744,0.0033122111352381634,2,signal,mean_reversion
IWM,2016-08-03,2016-08-08,105.6154,108.1438,3740,9376.330630381122,0.02393984028259677,3,signal,mean_reversion
EEM,2016-08-24,2016-08-30,29.7986,29.9302,13391,1682.3784685290664,0.00441658286141422,4,signal,mean_reversion
SPY,2016-08-29,2016-08-30,185.7883,186.3026,2149,1025.2119249592686,0.0027680632575883823,1,signal,mean_reversion
XLE,2016-09-01,2016-09-06,22.8992,23.225,17424,5597.483470494327,0.014230367996358462,2,signal,mean_reversion
XLV,2016-08-25,2016-09-07,62.2304,61.8625,6420,-2441.6737793466887,-0.0059121230780063705,8,signal,mean_reversion
EEM,2016-09-12,2016-09-16,29.2493,29.4218,13709,2284.4342010675077,0.005897738664539798,4,signal,mean_reversion
IWM,2016-09-12,2016-09-16,106.7833,107.8698,3755,3999.254265367921,0.010174931355369843,4,signal,mean_reversion
QQQ,2016-09-12,2016-09-16,106.2113,109.7219,3775,13171.24072885693,0.033053589529959515,4,signal,mean_reversion
SPY,2016-09-12,2016-09-16,181.4734,183.1429,2207,3604.1457854952578,0.009199772499736358,4,signal,mean_reversion
XLF,2016-09-27,2016-09-29,15.9285,16.1638,25562,5933.427839834925,0.014774045164339222,2,signal,mean_reversion
XLV,2016-09-30,2016-10-06,61.0378,61.3348,6697,1907.22453554419,0.00486625306982269,4,signal,mean_reversion
EEM,2016-10-14,2016-10-19,29.9924,30.3982,13615,5442.616974421293,0.013529765096816693,3,signal,mean_reversion
IWM,2016-10-17,2016-10-19,106.9809,107.3969,3794,1496.9492785601906,0.0038884968163324096,2,signal,mean_reversion
XLF,2016-10-14,2016-10-19,16.398,16.3732,24902,-698.2563718047862,-0.0015101300551204622,3,signal,mean_reversion
XLV,2016-10-12,2016-10-19,60.0991,59.9367,6814,-1188.27485530141,-0.0027019317113476937,5,signal,mean_reversion
EEM,2016-10-28,2016-11-08,29.9844,30.0432,13717,724.1278315219031,0.0019607984832277214,7,signal,mean_reversion
IWM,2016-10-28,2016-11-08,104.9669,104.8531,3918,-527.9861040006685,-0.0010839332795353762,7,signal,mean_reversion
QQQ,2016-10-31,2016-11-08,110.1222,108.7953,3735,-5037.7712763866975,-0.012049428627758152,6,signal,mean_reversion
SPY,2016-10-31,2016-11-08,182.8538,182.4651,2247,-955.323588819132,-0.0021253225911261886,6,signal,mean_reversion
EEM,2016-11-14,2016-11-22,27.7226,28.5987,14796,12879.324672532033,0.031602080507012964,6,signal,mean_reversion
XLE,2016-11-30,2016-12-01,24.7497,25.5751,16718,13714.902004317899,0.033349877833265706,1,signal,mean_reversion
IWM,2016-12-02,2016-12-06,116.1725,118.3431,3592,7712.6077747102545,0.018684410213041236,2,signal,mean_reversion
QQQ,2016-12-02,2016-12-06,108.2576,109.4505,3854,4513.434395438203,0.011018852805743107,2,signal,mean_reversion
XLK,2016-12-02,2016-12-06,21.0424,21.3696,19832,6405.430226107565,0.015550797587015275,2,signal,mean_reversion
SPY,2017-01-03,2017-01-04,194.3923,194.6985,2179,582.4185718332766,0.0015751454981245416,1,signal,mean_reversion
XLE,2017-01-03,2017-01-04,25.8379,25.8528,16278,157.8908507974827,0.0005754614785533629,1,signal,mean_reversion
XLF,2016-12-30,2017-01-04,19.6136,19.838,21552,4750.57240335682,0.011439427001644464,2,signal,mean_reversion
QQQ,2017-01-03,2017-01-05,112.083,112.7502,3780,2436.940757808458,0.005952523436977497,2,signal,mean_reversion
XLE,2017-01-10,2017-01-18,25.3694,25.2423,16754,-2214.257211434195,-0.005010038989858079,5,signal,mean_reversion
XLE,2017-01-31,2017-02-06,24.7516,24.893,17170,2343.312294887585,0.005714453147126042,4,signal,mean_reversion
EEM,2017-03-01,2017-03-02,31.2913,31.1784,13626,-1623.4681301785408,-0.003607969526272292,1,signal,mean_reversion
XLE,2017-02-21,2017-03-02,24.6633,24.5708,17275,-1682.6495096906629,-0.0037497159654029666,7,signal,mean_reversion
EEM,2017-03-10,2017-03-13,30.9563,31.3498,13716,5311.426900653537,0.012710623223573414,1,signal,mean_reversion
IWM,2017-03-08,2017-03-14,122.2998,120.8159,3480,-5248.733072878364,-0.012133665413676553,4,signal,mean_reversion
IWM,2017-03-22,2017-03-28,119.1193,119.8517,3543,2510.191293313505,0.00614837372266086,4,signal,mean_reversion
QQQ,2017-03-22,2017-03-28,122.2793,123.0884,3452,2708.446298676601,0.0066171384576878545,4,signal,mean_reversion
SPY,2017-03-22,2017-03-29,202.8119,203.6665,2081,1693.9826232066707,0.004214108286225038,5,signal,mean_reversion
XLF,2017-03-20,2017-03-29,20.6217,20.0354,20657,-12195.045998998025,-0.02843094561476278,7,signal,mean_reversion
XLV,2017-04-06,2017-04-10,63.7986,63.9239,6659,749.1322764795827,0.0019635447478034695,2,signal,mean_reversion
IWM,2017-04-06,2017-04-11,120.2039,120.7353,3534,1792.6777052537946,0.004420485662682161,3,signal,mean_reversion
EEM,2017-04-03,2017-04-13,32.2798,32.1578,13167,-1691.7100554003227,-0.0037806042328057954,8,signal,mean_reversion
QQQ,2017-04-12,2017-04-18,123.7671,123.2765,3421,-1762.871239538965,-0.003963930654215075,3,signal,mean_reversion
SPY,2017-04-13,2017-04-18,202.6991,202.5659,2076,-360.74995752599983,-0.0006573543980877838,2,signal,mean_reversion
XLF,2017-04-06,2017-04-18,19.8188,19.5372,21437,-6119.884335157878,-0.014206062874651093,7,signal,mean_reversion
XLK,2017-04-11,2017-04-18,24.1335,24.0364,17586,-1792.0372864925323,-0.004022806715643035,4,signal,mean_reversion
SPY,2017-05-18,2017-05-22,204.5123,207.0554,2072,5183.838142649635,0.012434502177929074,2,signal,mean_reversion
IWM,2017-05-18,2017-05-23,120.2307,122.5383,3526,8050.904548285568,0.01919287839311079,3,signal,mean_reversion
XLF,2017-05-18,2017-05-23,19.4638,19.7821,21781,6846.679056504324,0.016351701790597195,3,signal,mean_reversion
XLV,2017-05-18,2017-05-23,64.0395,64.7317,6617,4494.83733036964,0.010808382640425496,3,signal,mean_reversion
IWM,2017-05-31,2017-06-02,122.2588,124.4662,3521,7685.336055576779,0.018055025021447513,2,signal,mean_reversion
XLF,2017-06-01,2017-06-02,19.7596,19.7314,21867,-702.761138879853,-0.0014265913414548415,1,signal,mean_reversion
QQQ,2017-06-12,2017-06-20,130.7074,132.3664,3309,5402.45986249289,0.012692191485649928,6,signal,mean_reversion
XLK,2017-06-12,2017-06-20,25.3066,25.6625,17093,5995.52756312479,0.014061786878048155,6,signal,mean_reversion
XLF,2017-06-26,2017-06-28,20.3103,20.5951,21456,6023.1747551377775,0.014023088052444121,2,signal,mean_reversion
SPY,2017-06-28,2017-06-29,211.4118,212.2107,2068,1564.6251283002812,0.003779121608458391,1,signal,mean_reversion
QQQ,2017-06-28,2017-07-10,130.818,130.0364,3343,-2700.2408696361827,-0.005975051636867512,7,signal,mean_reversion
XLK,2017-08-01,2017-08-02,26.3298,26.5736,16604,3960.414412218304,0.009259936641835331,1,signal,mean_reversion
QQQ,2017-08-01,2017-08-03,135.7093,135.9227,3221,599.9947683538734,0.001572767553014165,2,signal,mean_reversion
XLV,2017-07-27,2017-08-08,69.2508,68.6294,6322,-4015.4483127196527,-0.008972707172167027,8,signal,mean_reversion
IWM,2017-08-01,2017-08-14,127.5696,124.1881,3427,-11674.534738783796,-0.026506779409533943,10,time,mean_reversion
EEM,2017-08-11,2017-08-15,35.1873,35.5293,12331,4130.250950612209,0.009720002998276023,2,signal,mean_reversion
QQQ,2017-08-11,2017-08-15,133.3487,136.1113,3253,8899.281867411373,0.02071757976202515,2,signal,mean_reversion
SPY,2017-08-11,2017-08-15,212.7369,215.1022,2039,4735.643873105801,0.01111850587696206,2,signal,mean_reversion
XLF,2017-08-18,2017-08-23,20.7769,20.8832,21184,2164.9298528278214,0.005119270397149878,3,signal,mean_reversion
XLV,2017-08-21,2017-08-23,67.299,68.1808,6543,5680.4303258985365,0.013101480518531439,2,signal,mean_reversion
XLF,2017-09-06,2017-09-12,20.6411,20.8578,21442,4557.015151337945,0.010497356427920268,4,signal,mean_reversion
QQQ,2017-09-22,2017-09-28,136.2713,136.2391,3255,-193.6295372361073,-0.0002365557033503496,4,signal,mean_reversion
XLK,2017-09-26,2017-09-28,26.7412,26.8707,16494,2047.461657821609,0.004842524691227812,2,signal,mean_reversion
EEM,2017-09-25,2017-10-02,36.9355,36.7428,11974,-2395.72940707849,-0.00521746162202541,5,signal,mean_reversion
XLV,2017-09-20,2017-10-02,71.0312,70.9775,6252,-424.4756749983955,-0.0007559147258980881,8,signal,mean_reversion
XLV,2017-10-17,2017-10-18,71.2739,72.1898,6237,5622.995043050706,0.012850442932898387,1,signal,mean_reversion
IWM,2017-10-17,2017-10-19,134.2647,133.6812,3311,-2020.6726358604303,-0.004345862639458464,2,signal,mean_reversion
EEM,2017-10-27,2017-10-30,37.5265,37.7104,11858,2091.2348115131185,0.0049000064908966134,1,signal,mean_reversion
QQQ,2017-10-27,2017-10-30,141.4099,142.8757,3146,4522.159978818287,0.010366038004068434,1,signal,mean_reversion
XLE,2017-10-20,2017-10-31,23.6178,23.5698,18870,-994.2213506947861,-0.002031058869363944,7,signal,mean_reversion
XLV,2017-10-27,2017-11-06,70.9618,70.5532,6271,-2651.1362379629054,-0.0057581636122658875,6,signal,mean_reversion
XLF,2017-11-08,2017-11-16,22.4311,22.3831,19926,-1044.7805364271094,-0.002137731804196741,6,signal,mean_reversion
EEM,2017-11-15,2017-11-17,37.4691,38.3172,11889,9993.181368252914,0.02263517861669273,2,signal,mean_reversion
IWM,2017-11-08,2017-11-17,131.9171,132.3154,3388,1260.0291379699333,0.003019568264558403,7,signal,mean_reversion
QQQ,2017-11-16,2017-11-17,145.1289,146.1372,3094,3029.429200189789,0.0069473195725737735,1,signal,mean_reversion
XLE,2017-11-15,2017-11-24,23.5272,23.6534,18935,2299.2225657371973,0.005361666441568547,6,signal,mean_reversion
EEM,2017-12-01,2017-12-11,37.7399,37.8744,11963,1518.1564075862477,0.0035629585832004373,6,signal,mean_reversion
IWM,2017-12-06,2017-12-11,135.2541,136.0714,3325,2627.3008306251368,0.0060426854962938314,3,signal,mean_reversion
XLV,2017-12-26,2017-12-29,72.0896,72.4436,6285,2133.620092271926,0.004909602807982916,3,signal,mean_reversion
QQQ,2017-12-27,2018-01-03,148.4386,150.2891,3054,5560.373539769034,0.012466828234818594,4,signal,mean_reversion
XLK,2017-12-27,2018-01-03,29.6016,29.9133,15317,4683.176182629098,0.010529883063870038,4,signal,mean_reversion
XLE,2018-01-31,2018-02-05,26.3037,24.1873,17380,-36870.76848194784,-0.08045999999999986,4,stop,mean_reversion
IWM,2018-01-31,2018-02-06,142.421,130.9618,3210,-36871.755271768416,-0.08045999999999986,5,stop,mean_reversion
EEM,2018-02-05,2018-02-09,40.8115,37.5278,10817,-35604.47228073804,-0.08045999999999986,5,stop,mean_reversion
IWM,2018-02-09,2018-02-13,132.5073,132.934,3236,1295.01934067034,0.0032204682390419848,2,signal,mean_reversion
QQQ,2018-02-05,2018-02-13,154.6405,149.6449,2854,-14344.179497184925,-0.03230436678636217,6,signal,mean_reversion
SPY,2018-02-06,2018-02-13,228.9047,232.2212,1927,6302.061905908548,0.014488619938002545,5,signal,mean_reversion
SPY,2018-03-02,2018-03-06,234.065,240.429,1832,11571.946484143891,0.027189086191216072,2,signal,mean_reversion
XLF,2018-03-02,2018-03-06,24.11,24.7956,17785,12106.005333962243,0.028435316982260206,2,signal,mean_reversion
XLV,2018-03-02,2018-03-06,71.6632,73.539,5983,11135.65459027991,0.026174321982443294,2,signal,mean_reversion
EEM,2018-03-20,2018-03-21,40.9032,40.9206,10709,98.58021091064212,0.0004250949632544909,1,signal,mean_reversion
QQQ,2018-03-20,2018-03-27,158.7857,157.1563,2758,-4581.180200822292,-0.01026199013463669,5,signal,mean_reversion
SPY,2018-03-20,2018-03-27,239.5469,235.0944,1828,-8225.912734130667,-0.01858712337001256,5,signal,mean_reversion
XLK,2018-03-21,2018-03-27,31.5142,31.0571,13878,-6430.923437871663,-0.01450558728864848,4,signal,mean_reversion
XLF,2018-03-20,2018-04-02,24.7132,23.6588,17721,-18771.9095591556,-0.0426680877990635,8,signal,mean_reversion
EEM,2018-04-24,2018-04-27,39.3784,39.3224,10905,-696.5310919995683,-0.001422165399731723,3,signal,mean_reversion
IWM,2018-04-25,2018-04-27,139.691,140.0215,3058,925.0397992198552,0.0023657183571854645,2,signal,mean_reversion
QQQ,2018-04-25,2018-04-27,150.7785,155.9701,2833,14620.826485467178,0.03443178076802944,2,signal,mean_reversion
SPY,2018-04-25,2018-04-27,232.4474,235.8276,1837,6123.340386473795,0.014541633100052298,2,signal,mean_reversion
XLF,2018-05-01,2018-05-07,23.5278,23.4871,18489,-839.1317904324023,-0.001729186666616589,4,signal,mean_reversion
XLF,2018-05-21,2018-05-22,24.1463,24.1736,18027,406.13791357793036,0.0011331527170013178,1,signal,mean_reversion
SPY,2018-05-30,2018-05-31,239.158,240.3762,1829,2140.447230716715,0.005093855710071038,1,signal,mean_reversion
XLE,2018-05-25,2018-05-31,26.5687,26.8315,16394,4220.632567872526,0.009890945052870581,3,signal,mean_reversion
XLE,2018-06-18,2018-06-21,26.3073,26.4799,16655,2787.496394006606,0.006562662668167185,3,signal,mean_reversion
XLF,2018-06-15,2018-06-28,23.5521,22.9166,18585,-11896.209172773808,-0.02698065933197702,10,time,mean_reversion
SPY,2018-06-20,2018-07-02,245.3561,239.1134,1790,-11261.164071839446,-0.025443449145436725,8,signal,mean_reversion
IWM,2018-06-26,2018-07-03,149.528,149.4839,2896,-214.23959877053187,-0.00029477129878008324,5,signal,mean_reversion
XLK,2018-06-25,2018-07-03,32.639,32.6389,13305,-88.60520614707498,-4.036685749775337e-06,6,signal,mean_reversion
XLE,2018-07-24,2018-07-25,26.6308,26.8565,16274,3584.7096652653286,0.008472164473092292,1,signal,mean_reversion
XLK,2018-07-31,2018-08-02,32.9736,32.9174,13177,-826.93891728685,-0.001703396088739595,2,signal,mean_reversion
QQQ,2018-07-31,2018-08-03,167.3403,171.0433,2596,9525.21027483069,0.022128712454772215,3,signal,mean_reversion
XLE,2018-08-06,2018-08-08,26.8335,26.8387,16281,-3.4164142411618172,0.00019219913461765437,2,signal,mean_reversion
SPY,2018-08-14,2018-08-15,251.2621,250.5318,1739,-1357.2881560186236,-0.0029066059802944633,1,signal,mean_reversion
XLF,2018-08-14,2018-08-17,23.9834,24.1577,18226,3088.1658466031126,0.007265493133677081,3,signal,mean_reversion
XLE,2018-08-16,2018-08-21,25.6956,26.185,17047,8254.563373624787,0.019046505220571497,3,signal,mean_reversion
IWM,2018-09-07,2018-09-12,154.5925,154.9642,2831,964.6610650041673,0.0024044169398100834,3,signal,mean_reversion
QQQ,2018-09-06,2018-09-12,174.6984,173.8771,2520,-2157.3404775104877,-0.004700844729738085,4,signal,mean_reversion
SPY,2018-09-07,2018-09-12,254.8678,256.4585,1717,2643.458164158611,0.006241324003777526,3,signal,mean_reversion
XLK,2018-09-06,2018-09-12,34.5119,34.4867,12757,-409.49594162088056,-0.0007301776683567018,4,signal,mean_reversion
XLF,2018-09-13,2018-09-17,24.2768,24.3301,18158,879.6097126614259,0.0021956259715674165,2,signal,mean_reversion
XLF,2018-09-27,2018-10-04,24.2631,24.1869,18193,-1474.3439806790095,-0.0031403218488060824,5,signal,mean_reversion
QQQ,2018-10-05,2018-10-11,173.8971,159.9053,2525,-35413.47321751696,-0.08045999999999998,5,stop,mean_reversion
IWM,2018-10-03,2018-10-12,150.4221,138.3192,2933,-35582.67978147454,-0.08046000000000009,8,stop,mean_reversion
SPY,2018-10-05,2018-10-17,258.4392,249.9369,1699,-14531.661069520771,-0.032898378680114804,8,signal,mean_reversion
XLV,2018-10-05,2018-10-17,83.1364,81.6293,5282,-8047.8691768426215,-0.018128800142648505,8,signal,mean_reversion
XLE,2018-10-12,2018-10-24,26.3234,24.2055,15571,-33057.81336553685,-0.08045999999999998,9,stop,mean_reversion
XLV,2018-10-24,2018-10-31,79.3967,78.491,5136,-4732.7391713713205,-0.011407204572534968,5,signal,mean_reversion
XLV,2018-11-15,2018-11-19,78.9128,80.9875,5185,10674.823584208081,0.026292064248338187,2,signal,mean_reversion
XLV,2018-12-10,2018-12-13,79.7311,81.0667,5172,6824.42258448433,0.016750976592414535,3,signal,mean_reversion
XLV,2018-12-17,2018-12-24,77.4697,71.2365,5347,-33408.49385523889,-0.08045999999999986,6,stop,mean_reversion
XLV,2019-01-29,2019-01-31,77.7064,78.9886,5235,6630.356252090489,0.016500743947587715,2,signal,mean_reversion
EEM,2019-02-12,2019-02-13,36.0683,36.0493,11334,-297.554360569909,-0.0005279282594335966,1,signal,mean_reversion
SPY,2019-03-07,2019-03-12,248.4087,250.1594,1647,2801.308859816214,0.0070477092821690235,3,signal,mean_reversion
XLK,2019-03-08,2019-03-12,32.3064,33.4578,12611,14437.7605913436,0.03564096406952921,2,signal,mean_reversion
XLV,2019-03-07,2019-03-12,79.7041,80.0483,5135,1685.3758024758608,0.004318332085930576,3,signal,mean_reversion
EEM,2019-03-25,2019-04-01,36.0428,36.9933,11500,10846.414875319248,0.026370601449137387,5,signal,mean_reversion
XLV,2019-04-12,2019-04-24,80.7284,77.4303,5174,-17146.17345948717,-0.040854211071538526,7,signal,mean_reversion
EEM,2019-04-25,2019-04-30,37.0303,37.2909,11170,2828.265769742902,0.007038405721554675,3,signal,mean_reversion
QQQ,2019-05-03,2019-05-06,181.7154,179.0261,2281,-6216.4357421375025,-0.01479917426422872,1,signal,mean_reversion
XLK,2019-05-03,2019-05-06,36.8274,36.1241,11257,-7999.545386284844,-0.019098084953674044,1,signal,mean_reversion
XLF,2019-05-09,2019-05-13,23.689,23.5777,17247,-1999.8990623137086,-0.0046954230472294745,2,signal,mean_reversion
QQQ,2019-05-10,2019-05-16,176.3886,175.3126,2330,-2588.9653672410645,-0.006100020722864086,4,signal,mean_reversion
SPY,2019-05-14,2019-05-16,254.1534,257.3659,1584,5007.518553439274,0.012639860588803176,2,signal,mean_reversion
XLK,2019-05-08,2019-05-16,35.8501,35.3684,11470,-5607.337442119574,-0.013437833083339124,6,signal,mean_reversion
EEM,2019-05-08,2019-05-21,36.2471,34.5526,11344,-19303.273395068503,-0.046749901750081535,10,time,mean_reversion
QQQ,2019-05-29,2019-06-05,168.9923,169.0052,2399,-50.05455377556886,7.654193096229278e-05,5,signal,mean_reversion
SPY,2019-05-30,2019-06-05,251.5577,254.2056,1612,4186.749874351128,0.010525677712883486,4,signal,mean_reversion
XLK,2019-05-30,2019-06-05,34.2197,34.7159,11857,5801.780960573733,0.014500592365513487,4,signal,mean_reversion
XLF,2019-06-27,2019-06-28,23.8449,24.2259,17142,6447.953341945628,0.01597643891642675,1,signal,mean_reversion
XLV,2019-06-27,2019-07-01,81.9817,83.1103,4986,5545.095288832595,0.013767009898650207,2,signal,mean_reversion
EEM,2019-07-09,2019-07-11,36.309,36.8897,11349,6507.07226780447,0.01599273376461352,2,signal,mean_reversion
XLV,2019-07-15,2019-07-19,82.4093,82.7186,5022,1470.2359444445892,0.00375287346083808,4,signal,mean_reversion
EEM,2019-07-31,2019-08-05,36.2576,33.3403,11436,-33441.6416451159,-0.08045999999999998,4,stop,mean_reversion
QQQ,2019-08-01,2019-08-09,183.807,179.7193,2238,-9229.64910183975,-0.02223913146701606,6,signal,mean_reversion
SPY,2019-08-01,2019-08-09,269.5271,264.7157,1526,-7423.601247019942,-0.017850976036054234,6,signal,mean_reversion
XLF,2019-08-06,2019-08-09,23.6511,23.8563,16528,3312.312913499614,0.008674306121702724,3,signal,mean_reversion
XLK,2019-08-01,2019-08-09,38.1505,37.175,10782,-10599.26764941106,-0.025570295776649377,6,signal,mean_reversion
QQQ,2019-08-26,2019-08-30,176.8073,181.2253,2267,9934.397654821016,0.02498754923062907,4,signal,mean_reversion
EEM,2019-09-20,2019-10-03,35.923,34.9531,11244,-10985.570039513763,-0.027000181107425525,10,time,mean_reversion
IWM,2019-09-23,2019-10-04,142.3734,137.4591,2833,-14001.633565424485,-0.03451733279177727,10,time,mean_reversion
QQQ,2019-09-25,2019-10-07,180.6659,180.9563,2221,564.6711322140818,0.0016074090641751138,8,signal,mean_reversion
SPY,2019-09-24,2019-10-07,272.4186,266.7472,1472,-8427.631003765044,-0.020818609842459312,9,signal,mean_reversion
EEM,2019-11-13,2019-11-18,36.5921,36.9668,10842,3983.2550301642677,0.010241204187129593,3,signal,mean_reversion
EEM,2019-12-03,2019-12-05,36.1632,36.6069,11010,4805.3721436952965,0.012270268422258868,2,signal,mean_reversion
SPY,2019-12-04,2019-12-06,282.6908,285.5168,1412,3910.058171872862,0.009996730116698105,2,signal,mean_reversion
XLF,2019-12-04,2019-12-06,26.1798,26.7905,15128,9157.756791103586,0.023325147516974898,2,signal,mean_reversion
QQQ,2019-12-04,2019-12-09,194.7706,196.6808,2049,3833.8277760481533,0.009807524751650032,3,signal,mean_reversion
XLE,2020-01-16,2020-01-27,23.0476,21.1932,17558,-32637.40776805522,-0.08045999999999998,7,stop,mean_reversion
XLF,2020-01-27,2020-01-31,26.5089,26.9713,14969,6842.046805699173,0.017444307966314465,4,signal,mean_reversion
EEM,2020-01-28,2020-02-05,37.8643,38.9117,10459,10874.504433326943,0.02766203041172255,6,signal,mean_reversion
IWM,2020-01-27,2020-02-05,150.7967,154.0039,2631,8358.030921121932,0.021268576303857145,7,signal,mean_reversion
XLV,2020-01-27,2020-02-05,91.5294,92.3954,4335,3674.7081205915597,0.009462274041577956,7,signal,mean_reversion
IWM,2020-02-25,2020-02-27,150.4911,138.3826,2689,-32637.472882031503,-0.08045999999999986,3,stop,mean_reversion
SPY,2020-02-25,2020-02-27,296.1863,272.3551,1365,-32607.12473984167,-0.08045999999999986,3,stop,mean_reversion
QQQ,2020-02-25,2020-02-28,215.2579,191.3375,1880,-45046.82053305207,-0.11112445516472114,4,stop,mean_reversion
XLK,2020-02-28,2020-03-02,39.9601,43.9342,9415,37336.56733926624,0.09945000000000004,2,target,mean_reversion
EEM,2020-02-25,2020-03-03,37.0408,36.2424,10927,-8804.838243194963,-0.0215561960045052,5,signal,mean_reversion
QQQ,2020-03-02,2020-03-03,201.4023,209.1285,1913,14701.560524751505,0.038361693219473914,1,signal,mean_reversion
SPY,2020-06-12,2020-06-17,283.4887,288.5617,1376,6901.748539755736,0.017894928688567457,3,signal,mean_reversion
XLV,2020-06-12,2020-06-17,89.9564,91.4369,4338,6343.631743011727,0.01645774650702414,3,signal,mean_reversion
QQQ,2020-08-12,2020-08-13,258.8455,263.6537,1525,7252.820888877373,0.018575554606655498,1,signal,mean_reversion
IWM,2020-08-24,2020-08-25,145.372,146.1119,2731,1940.9769193930365,0.005089484051900683,1,signal,mean_reversion
EEM,2020-09-09,2020-09-15,38.7801,39.7801,10261,10180.250841771278,0.025786042873282566,4,signal,mean_reversion
IWM,2020-09-09,2020-09-15,141.2401,143.8477,2817,7265.304927586719,0.018462191254686733,4,signal,mean_reversion
QQQ,2020-09-09,2020-09-15,266.802,269.8133,1491,4409.920955260628,0.011286854255987855,4,signal,mean_reversion
SPY,2020-09-09,2020-09-15,311.8112,314.794,1275,3723.2719714487607,0.00956628317219499,4,signal,mean_reversion
XLK,2020-09-21,2020-09-23,52.4923,54.729,7709,17159.944875170648,0.04260977640659491,2,signal,mean_reversion
IWM,2020-09-22,2020-09-28,138.6472,138.7747,2877,286.98680358886804,0.000919559199998421,4,signal,mean_reversion
SPY,2020-09-21,2020-09-28,302.0692,308.7346,1339,8843.263556783126,0.02206600443047413,5,signal,mean_reversion
XLV,2020-09-23,2020-09-28,94.7185,95.1912,4257,1931.6801521486864,0.004991175480480559,3,signal,mean_reversion
EEM,2020-09-22,2020-09-29,38.7273,38.1076,10596,-6647.802600247714,-0.01600175195880449,5,signal,mean_reversion
SPY,2020-10-20,2020-10-23,318.5406,320.5107,1289,2457.125538303388,0.0061848674234894485,3,signal,mean_reversion
XLK,2020-10-20,2020-10-30,57.2142,52.6107,7180,-33131.65668109645,-0.08045999999999998,9,stop,mean_reversion
QQQ,2020-10-20,2020-11-02,275.4359,261.0622,1491,-21511.155732494688,-0.05218522049340668,10,time,mean_reversion
IWM,2020-10-29,2020-11-03,143.0331,148.184,2820,14443.575674993253,0.03601234517744678,3,signal,mean_reversion
XLV,2020-11-02,2020-11-03,94.5078,95.8777,4186,5654.596416163607,0.014494824255949279,1,signal,mean_reversion
SPY,2020-10-29,2020-11-04,303.1914,315.8133,1330,16704.783605561814,0.04163010106219556,4,signal,mean_reversion
XLV,2020-11-19,2020-11-30,99.9771,100.1975,4077,816.9928794572688,0.0022045873388798487,6,signal,mean_reversion
SPY,2020-12-15,2020-12-16,340.7436,342.6453,1198,2196.2928428099235,0.005580848260219318,1,signal,mean_reversion
XLF,2020-12-15,2020-12-16,25.7445,26.0,15865,3971.235723885297,0.009924004958000054,1,signal,mean_reversion
XLV,2020-12-15,2020-12-16,102.2491,102.4489,3994,716.3520956510863,0.0019543149905127954,1,signal,mean_reversion
EEM,2020-12-23,2020-12-30,44.7987,45.9279,9177,10279.46689431802,0.025206213614814565,4,signal,mean_reversion
XLE,2020-12-22,2020-12-31,15.6547,15.639,26219,-492.22491339730027,-0.0009993326219848164,6,signal,mean_reversion
IWM,2020-12-30,2021-01-06,183.1882,187.1615,2257,8884.192726572355,0.02168982057794122,4,signal,mean_reversion
XLK,2021-01-05,2021-01-08,61.3164,62.6711,6749,9059.652462808757,0.02209472727328854,3,signal,mean_reversion
EEM,2021-01-28,2021-02-02,48.2441,49.4054,8546,9841.358431197717,0.024072163046255257,3,signal,mean_reversion
IWM,2021-01-28,2021-02-02,198.0179,199.9874,2082,4017.506280094528,0.009945757861582027,3,signal,mean_reversion
XLE,2021-01-26,2021-02-03,17.2839,16.5391,24116,-18042.405809851407,-0.04309026383529857,6,signal,mean_reversion
XLF,2021-01-22,2021-02-03,27.6172,27.3616,15139,-3953.0785663954935,-0.00925584774617072,8,signal,mean_reversion
IWM,2021-02-19,2021-02-22,208.9313,209.7076,1994,1464.4838606740534,0.0037156193436853613,1,signal,mean_reversion
SPY,2021-02-23,2021-02-25,358.272,363.2642,1156,5687.5452427670225,0.013934035699008751,2,signal,mean_reversion
XLK,2021-02-22,2021-02-25,64.5693,64.0872,6461,-3198.282621218868,-0.007467133980973983,3,signal,mean_reversion
XLV,2021-02-22,2021-02-25,104.7404,105.2974,3983,2134.830797727651,0.005317807099503247,3,signal,mean_reversion
EEM,2021-02-26,2021-03-02,48.1729,48.8007,8604,5317.9816818557565,0.013031811271460025,2,signal,mean_reversion
QQQ,2021-02-22,2021-03-02,316.604,314.1078,1317,-3370.4940151304445,-0.007884139273106494,6,signal,mean_reversion
XLV,2021-03-05,2021-03-08,102.5235,103.9465,4089,5734.531471909846,0.013880490290424818,1,signal,mean_reversion
XLE,2021-03-17,2021-03-25,21.106,20.0252,19946,-21641.38588375859,-0.05121214236969973,6,signal,mean_reversion
XLF,2021-03-24,2021-03-26,30.6282,31.3213,13630,9362.621973326703,0.02262969819851346,2,signal,mean_reversion
EEM,2021-03-25,2021-03-29,45.9027,46.9952,9056,9809.878056165588,0.023801144156492038,2,signal,mean_reversion
IWM,2021-03-24,2021-03-29,206.4894,205.8719,2021,-1331.3113562034362,-0.002990481973591641,3,signal,mean_reversion
XLE,2021-04-13,2021-04-15,19.8456,20.4571,21200,12879.06312007569,0.030814534130762627,2,signal,mean_reversion
IWM,2021-04-21,2021-04-22,204.2054,209.8669,2077,11673.005707269087,0.02772471001597876,1,signal,mean_reversion
XLE,2021-04-21,2021-04-27,19.3217,19.9545,21954,13806.713612431653,0.032751763691127866,4,signal,mean_reversion
XLV,2021-04-30,2021-05-04,111.8887,112.9942,3850,4169.3752404001625,0.009879842443147657,2,signal,mean_reversion
EEM,2021-05-05,2021-05-07,47.7455,48.436,8983,6116.054985434858,0.014461369683239633,2,signal,mean_reversion
QQQ,2021-05-05,2021-05-10,322.5866,322.7782,1329,168.82513950713917,0.0005938503757554336,3,signal,mean_reversion
XLK,2021-05-03,2021-05-10,67.6284,66.5555,6390,-6941.8541266617085,-0.015865278718600773,5,signal,mean_reversion
EEM,2021-05-13,2021-05-17,46.5081,46.7906,9292,2539.1525246637125,0.006076196738335815,2,signal,mean_reversion
IWM,2021-05-13,2021-05-17,200.7145,206.5957,2153,12574.57420724768,0.029301426904943195,2,signal,mean_reversion
QQQ,2021-05-13,2021-05-17,310.6153,314.8732,1391,5835.730283460762,0.013707946649746061,2,signal,mean_reversion
SPY,2021-05-13,2021-05-17,380.3865,387.7732,1135,8296.724684732028,0.01941894570828695,2,signal,mean_reversion
XLV,2021-05-28,2021-06-07,114.0857,112.8651,3856,-4794.3145234158565,-0.010699357662002251,5,signal,mean_reversion
SPY,2021-06-21,2021-06-22,390.7529,394.1554,1112,3696.3408219725657,0.00870764695078563,1,signal,mean_reversion
IWM,2021-06-18,2021-06-23,210.8071,214.6351,2041,7726.150584750712,0.018158861205042953,3,signal,mean_reversion
XLF,2021-06-10,2021-06-23,34.9199,33.1469,12574,-22378.78048223884,-0.05077225140935404,10,time,mean_reversion
EEM,2021-06-17,2021-06-24,48.7683,49.0054,8888,2020.4673488298465,0.004861819357685704,5,signal,mean_reversion
IWM,2021-07-08,2021-07-12,206.6702,212.3474,2102,11845.54365662361,0.02747019347030899,2,signal,mean_reversion
XLE,2021-07-08,2021-07-12,21.4766,21.9251,20229,8985.027511189899,0.020883503102564482,2,signal,mean_reversion
XLF,2021-07-09,2021-07-12,33.3274,33.5608,13302,3015.814779520068,0.007003485328425985,1,signal,mean_reversion
EEM,2021-07-06,2021-07-14,48.3927,48.3533,9039,-443.87218390285824,-0.0008148272999631834,6,signal,mean_reversion
IWM,2021-07-15,2021-07-21,205.2755,206.5954,2161,2763.2433400698096,0.006429771153543706,4,signal,mean_reversion
QQQ,2021-07-19,2021-07-21,344.1513,347.983,1258,4733.279903797317,0.011133932835248439,2,signal,mean_reversion
SPY,2021-07-19,2021-07-22,399.5562,407.1645,1084,8159.958825936933,0.019041902577491054,3,signal,mean_reversion
XLE,2021-07-15,2021-07-22,21.1111,20.6452,21016,-9879.011787292375,-0.02206870923716131,5,signal,mean_reversion
XLV,2021-08-12,2021-08-16,122.2781,123.7667,3646,5337.89449618399,0.012174264127843948,2,signal,mean_reversion
IWM,2021-08-17,2021-08-23,204.1729,204.7408,2191,1154.6112593512266,0.0027813216259517937,4,signal,mean_reversion
QQQ,2021-08-19,2021-08-23,350.1488,358.1306,1255,9928.232386410058,0.022795364142191188,2,signal,mean_reversion
SPY,2021-08-19,2021-08-23,409.0062,416.9236,1074,8414.533611564597,0.01935754057419059,2,signal,mean_reversion
XLE,2021-08-17,2021-08-24,20.1786,20.1459,22172,-815.8065459090552,-0.0016235975619948162,5,signal,mean_reversion
XLV,2021-08-27,2021-08-31,125.1787,125.3683,3614,594.7580374280768,0.001514836614411763,2,signal,mean_reversion
XLF,2021-09-08,2021-09-14,34.7544,35.0783,13031,4130.575149701812,0.009321534700815315,4,signal,mean_reversion
QQQ,2021-09-14,2021-09-16,367.2957,365.7826,1220,-1935.3764229187852,-0.004119477637803959,2,signal,mean_reversion
SPY,2021-09-10,2021-09-16,422.8532,418.9465,1067,-4258.2435008034845,-0.009238848442789882,4,signal,mean_reversion
XLV,2021-09-10,2021-09-16,125.0119,123.4798,3610,-5620.58622057282,-0.012255634655165548,4,signal,mean_reversion
IWM,2021-09-09,2021-09-20,210.6564,204.7125,2151,-12874.494913879775,-0.0282156981205941,7,signal,mean_reversion
SPY,2021-09-21,2021-09-23,410.5611,413.2701,1091,2865.6119227335475,0.006598226877843283,2,signal,mean_reversion
XLF,2021-09-21,2021-09-23,34.0079,34.6113,13178,7860.696566465801,0.01774183965382581,2,signal,mean_reversion
XLK,2021-09-21,2021-09-23,74.0861,74.9872,6049,5360.678171168794,0.012163098995947585,2,signal,mean_reversion
QQQ,2021-09-21,2021-09-24,357.6992,360.3262,1252,3199.06809276198,0.0073440716529875605,3,signal,mean_reversion
XLK,2021-09-29,2021-10-04,73.0713,72.752,6204,-2070.954159979785,-0.004368710150579269,3,signal,mean_reversion
SPY,2021-10-01,2021-10-06,405.3412,403.3294,1115,-2333.393681168894,-0.0049633801948735234,3,signal,mean_reversion
QQQ,2021-09-29,2021-10-07,351.4615,352.6948,1289,1498.9450777738148,0.0035090329846629853,6,signal,mean_reversion
XLV,2021-09-29,2021-10-08,119.4448,118.6937,3795,-2940.8680714402612,-0.00628841480889597,7,signal,mean_reversion
QQQ,2021-11-11,2021-11-15,382.0175,384.8826,1185,3304.3120203094145,0.00750002091926838,2,signal,mean_reversion
XLF,2021-11-18,2021-11-23,36.6986,36.7913,12373,1055.377526328967,0.0025245038421677357,3,signal,mean_reversion
XLE,2021-11-22,2021-11-24,23.2085,24.2301,19515,19844.03681641856,0.04401860423041404,2,signal,mean_reversion
QQQ,2021-11-29,2021-11-30,385.2482,387.6726,1180,2769.6262939757066,0.00629317134270857,1,signal,mean_reversion
IWM,2021-11-19,2021-12-01,220.4915,202.7508,2050,-36455.3015926059,-0.08045999999999986,8,stop,mean_reversion
XLF,2021-12-01,2021-12-03,35.7185,35.7567,12462,386.8278929724297,0.0010691408163261418,2,signal,mean_reversion
SPY,2021-11-29,2021-12-07,436.4627,436.3459,1042,-212.63744009833727,-0.00026757330135307456,6,signal,mean_reversion
XLV,2021-11-23,2021-12-07,122.523,122.6328,3747,319.5166452839701,0.0008960621828966175,9,signal,mean_reversion
XLE,2021-12-16,2021-12-22,23.6506,23.4812,19102,-3326.5956548947124,-0.007164121382637889,4,signal,mean_reversion
QQQ,2022-01-06,2022-01-12,372.6156,378.1225,1205,6545.309540102488,0.014778946845842134,4,signal,mean_reversion
SPY,2022-01-06,2022-01-12,441.6015,444.6488,1016,3006.003877942721,0.006900543078302901,4,signal,mean_reversion
XLK,2022-01-06,2022-01-12,80.8447,81.8376,5554,5424.478990800719,0.012282164644475513,4,signal,mean_reversion
XLV,2022-01-05,2022-01-12,128.7352,126.8625,3506,-6655.13004904764,-0.014546546305893138,5,signal,mean_reversion
SPY,2022-01-19,2022-01-24,432.3899,397.5998,1049,-36581.86865063751,-0.08045999999999975,4,stop,mean_reversion
XLF,2022-01-19,2022-01-24,37.3668,34.3603,12147,-36607.52292487413,-0.08045999999999998,4,stop,mean_reversion
QQQ,2022-01-20,2022-01-24,360.3094,331.3189,1237,-35946.79453616657,-0.08045999999999998,3,stop,mean_reversion
XLV,2022-01-19,2022-01-31,123.638,121.4627,3671,-8075.512112521123,-0.0175941286012401,8,signal,mean_reversion
XLF,2022-02-15,2022-02-17,37.2925,36.949,11400,-4001.1892061279214,-0.009212503150564877,2,signal,mean_reversion
XLE,2022-02-23,2022-02-28,28.9997,29.4225,14633,6100.480410978582,0.014577417437886542,3,signal,mean_reversion
XLF,2022-02-23,2022-02-28,36.5214,35.4268,11619,-12801.524162032554,-0.029970929331368024,3,signal,mean_reversion
XLE,2022-03-16,2022-03-18,31.0453,31.7585,13633,9638.002568533255,0.022974225618218158,2,signal,mean_reversion
XLF,2022-04-01,2022-04-11,35.9834,35.2114,11841,-9226.34178401918,-0.021456168348192195,6,signal,mean_reversion
XLE,2022-04-25,2022-04-29,32.0857,33.5738,13223,19590.22792078795,0.046378684300803386,4,signal,mean_reversion
XLV,2022-04-25,2022-04-29,124.8103,123.8903,3399,-3211.4797747930247,-0.007370871220460096,4,signal,mean_reversion
XLE,2022-06-14,2022-06-16,37.2898,34.2895,11520,-34646.38954883591,-0.08045999999999986,3,stop,mean_reversion
XLE,2022-06-17,2022-06-23,33.5639,30.8634,12544,-33956.54745886696,-0.08045999999999986,4,stop,mean_reversion
XLE,2022-07-15,2022-07-19,30.3177,30.7705,13625,6086.423202385524,0.01493580807603112,2,signal,mean_reversion
XLE,2022-08-05,2022-08-10,31.0782,32.905,13358,24316.29888008639,0.058779166564253194,3,signal,mean_reversion
XLE,2022-09-02,2022-09-12,35.3691,35.9179,11928,6460.829412677102,0.015515816996897192,5,signal,mean_reversion
XLE,2022-09-22,2022-09-23,34.377,31.611,12333,-34194.14881035895,-0.08045999999999998,2,stop,mean_reversion
XLE,2022-11-22,2022-11-23,40.6747,40.6384,10247,-454.4252836477206,-0.0008903786106916334,1,signal,mean_reversion
XLE,2022-12-06,2022-12-13,38.7014,38.4052,10776,-3275.004932057629,-0.007653628402259249,5,signal,mean_reversion
XLF,2022-12-06,2022-12-13,32.991,33.8055,12641,10212.034810829145,0.024689445136941712,5,signal,mean_reversion
XLV,2022-12-19,2022-12-22,127.9194,128.284,3276,1110.596769277129,0.002850469265156308,3,signal,mean_reversion
XLV,2023-01-19,2023-01-23,125.6441,126.9013,3343,4118.405245754312,0.010006069043532184,2,signal,mean_reversion
XLF,2023-01-20,2023-01-24,33.103,33.828,12721,9137.228896785835,0.021900472885509892,2,signal,mean_reversion
XLV,2023-01-31,2023-02-01,125.1038,126.3046,3386,3980.9343375176513,0.009598792486613883,1,signal,mean_reversion
XLE,2023-02-03,2023-02-08,38.844,39.5992,10937,8173.1144813261335,0.019440173706205544,3,signal,mean_reversion
EEM,2023-02-07,2023-02-10,37.4809,37.4527,11395,-406.5298793129686,-0.0007519238413068452,3,signal,mean_reversion
XLE,2023-02-21,2023-02-28,37.7709,38.4733,11311,7858.342680496868,0.01859571249604719,5,signal,mean_reversion
EEM,2023-02-21,2023-03-02,36.6075,36.079,11670,-6252.885862488337,-0.014438002587400467,7,signal,mean_reversion
IWM,2023-02-22,2023-03-02,180.6555,179.5428,2353,-2702.792533454457,-0.006158896316373785,6,signal,mean_reversion
QQQ,2023-02-22,2023-03-03,289.1821,289.6481,1470,599.9250049957952,0.0016114248864160796,7,signal,mean_reversion
XLF,2023-03-03,2023-03-06,33.7385,34.1218,12667,4768.079813501362,0.011358030882922199,1,signal,mean_reversion
SPY,2023-03-10,2023-03-15,375.0089,369.7474,1143,-6098.985508900022,-0.014030253072414234,3,signal,mean_reversion
XLE,2023-03-10,2023-03-15,37.5823,34.5584,11409,-34581.67466324553,-0.08045999999999986,4,stop,mean_reversion
IWM,2023-03-10,2023-03-22,173.4996,169.6078,2471,-9701.499776631064,-0.0224313623625072,8,signal,mean_reversion
QQQ,2023-04-13,2023-04-14,309.4975,311.8988,1347,3150.778381959845,0.007758535577773618,1,signal,mean_reversion
XLK,2023-04-13,2023-04-14,72.1858,72.7597,5775,3231.0754691075144,0.007951543356477853,1,signal,mean_reversion
XLE,2023-04-24,2023-04-25,38.4328,38.7252,10896,3102.519774393453,0.007609524885515251,1,signal,mean_reversion
EEM,2023-04-24,2023-04-28,36.1616,36.144,11581,-287.3088306518969,-0.00048609855886072584,4,signal,mean_reversion
QQQ,2023-04-21,2023-04-28,310.5592,314.3736,1348,5057.498595210683,0.01228218728204089,5,signal,mean_reversion
SPY,2023-04-26,2023-04-28,391.5847,395.7813,1063,4377.24570577664,0.01071686181498177,2,signal,mean_reversion
XLK,2023-04-25,2023-04-28,71.7301,73.0388,5794,7498.782115100034,0.018244921521017865,3,signal,mean_reversion
SPY,2023-05-05,2023-05-08,393.6933,397.2048,1077,3696.7443868461787,0.008919470851468603,1,signal,mean_reversion
EEM,2023-05-15,2023-05-16,36.1987,36.1904,11751,-182.9897078082156,-0.0002302112449101834,1,signal,mean_reversion
XLV,2023-05-17,2023-05-22,124.7542,125.0288,3410,851.3619279640525,0.0022014860790464663,3,signal,mean_reversion
SPY,2023-05-25,2023-05-30,399.3063,405.9189,1066,6963.2129533999905,0.016560262739077958,2,signal,mean_reversion
XLK,2023-06-08,2023-06-12,80.1922,81.8204,5336,8601.74616662976,0.02030399946056316,2,signal,mean_reversion
EEM,2023-06-23,2023-06-28,36.7351,36.8481,11719,1237.5333738706884,0.0030749547496116136,3,signal,mean_reversion
IWM,2023-06-23,2023-06-28,174.9899,176.9619,2460,4764.546401785083,0.011269237336609894,3,signal,mean_reversion
XLV,2023-06-29,2023-06-30,124.4554,125.9349,3472,5049.984725950213,0.011888017743190149,1,signal,mean_reversion
IWM,2023-07-07,2023-07-11,177.1292,182.271,2448,12499.067510769037,0.02902834627851325,2,signal,mean_reversion
EEM,2023-07-21,2023-07-25,37.915,38.7003,11530,8966.352384984828,0.020712523891763146,2,signal,mean_reversion
QQQ,2023-08-03,2023-08-08,366.1418,366.4643,1199,298.8085099645303,0.0008807390862577424,3,signal,mean_reversion
SPY,2023-08-04,2023-08-08,435.5594,432.5754,1007,-3092.3156215763197,-0.006850975263628212,2,signal,mean_reversion
XLV,2023-08-02,2023-08-08,127.5613,128.6749,3447,3750.3727209028425,0.008730191479158211,4,signal,mean_reversion
XLK,2023-08-04,2023-08-15,84.9119,82.9287,5167,-10333.91626269731,-0.02335596304338594,7,signal,mean_reversion
SPY,2023-08-17,2023-08-22,426.3209,425.9141,1002,-493.0330401075569,-0.0009542704420713033,3,signal,mean_reversion
EEM,2023-08-09,2023-08-22,37.6903,35.9313,11597,-20483.719383284257,-0.046668067579905825,10,time,mean_reversion
IWM,2023-08-09,2023-08-22,186.703,177.7742,2341,-20987.67557402963,-0.04782362008969787,10,time,mean_reversion
XLF,2023-08-16,2023-08-24,32.6985,32.4267,13122,-3652.303120920875,-0.008312978263598003,6,signal,mean_reversion
XLE,2023-08-25,2023-08-28,39.943,40.1545,10678,2173.561138558212,0.005296671550887533,1,signal,mean_reversion
QQQ,2023-09-08,2023-09-12,366.2107,369.0506,1167,3228.374025273791,0.007754862629962389,2,signal,mean_reversion
SPY,2023-09-08,2023-09-12,429.9351,431.4845,994,1454.455562820558,0.0036037462345324123,2,signal,mean_reversion
IWM,2023-09-11,2023-09-15,179.3363,178.7025,2395,-1603.6690981264755,-0.003534066576486139,4,signal,mean_reversion
XLE,2023-09-22,2023-09-26,41.4181,41.2938,10284,-1363.353788537917,-0.0030010853927133763,2,signal,mean_reversion
QQQ,2023-09-21,2023-09-29,355.6895,356.0629,1204,363.82675757768675,0.001049670845336248,6,signal,mean_reversion
XLK,2023-09-21,2023-09-29,81.1174,81.1002,5283,-176.37925738990538,-0.00021159985496466138,6,signal,mean_reversion
SPY,2023-09-21,2023-10-04,422.5297,411.4118,1014,-11358.122845743665,-0.02631272828902398,10,time,mean_reversion
XLE,2023-10-05,2023-10-10,38.9698,40.8424,10925,20370.75799425561,0.048052130324726106,3,signal,mean_reversion
QQQ,2023-10-20,2023-10-25,354.3686,351.2962,1216,-3821.7955473980164,-0.008669948670037675,3,signal,mean_reversion
QQQ,2023-10-27,2023-10-31,341.5231,343.9394,1229,2885.3735093887904,0.007075032169351569,2,signal,mean_reversion
SPY,2023-10-20,2023-10-31,413.1036,403.1964,1043,-10418.30302467538,-0.023982256099986277,7,signal,mean_reversion
XLK,2023-10-23,2023-10-31,80.1677,80.0925,5346,-487.7981678413345,-0.0009382758597336061,6,signal,mean_reversion
XLE,2023-10-24,2023-11-03,41.0446,40.2574,10523,-8369.371704262776,-0.01917939131171431,8,signal,mean_reversion
XLE,2023-11-30,2023-12-01,39.0712,38.9124,10933,-1821.4810860344269,-0.004064515798352875,1,signal,mean_reversion
EEM,2023-12-07,2023-12-12,36.6321,36.5955,11655,-512.1447050959516,-0.0009996491883009773,3,signal,mean_reversion
IWM,2024-01-04,2024-01-09,189.4286,189.5221,2245,124.71292410587668,0.0004933070958508257,3,signal,mean_reversion
QQQ,2024-01-03,2024-01-09,395.2606,396.8205,1081,1600.5951519808177,0.003946433108092284,4,signal,mean_reversion
SPY,2024-01-04,2024-01-09,455.9856,459.0025,933,2729.4331642763473,0.006616297787395586,3,signal,mean_reversion
XLK,2024-01-03,2024-01-09,91.5934,92.2704,4666,3073.069615907401,0.007391310302088616,4,signal,mean_reversion
EEM,2024-01-11,2024-01-16,37.3154,36.7062,11512,-7098.292955187093,-0.016325634216206364,2,signal,mean_reversion
SPY,2024-01-18,2024-01-19,461.5455,464.6248,931,2780.67646061266,0.006671889144255427,1,signal,mean_reversion
IWM,2024-01-17,2024-01-22,183.6401,189.327,2330,13163.531117734186,0.030967529129713567,3,signal,mean_reversion
XLF,2024-01-17,2024-01-22,35.7812,36.7786,11960,11842.089068130985,0.027874879640295447,3,signal,mean_reversion
XLV,2024-01-18,2024-01-23,133.2075,134.7017,3198,4692.785161588215,0.011217115576250825,3,signal,mean_reversion
XLV,2024-01-26,2024-01-29,134.4027,134.2298,3247,-648.5464263955138,-0.0012862384345859734,1,signal,mean_reversion
QQQ,2024-02-22,2024-02-23,429.4172,434.0826,1026,4698.1219506419175,0.010864530509111514,1,signal,mean_reversion
XLK,2024-02-21,2024-02-23,97.9255,102.1778,4461,18880.299304134835,0.04342395179666014,2,signal,mean_reversion
XLV,2024-03-01,2024-03-04,139.9064,140.508,3167,1816.4506127968575,0.004299996965872355,1,signal,mean_reversion
XLV,2024-03-18,2024-03-20,140.6825,140.5418,3156,-532.5856396487154,-0.0009996338611399924,2,signal,mean_reversion
SPY,2024-04-05,2024-04-08,502.4882,506.5623,882,3504.33187720134,0.008107793236885374,1,signal,mean_reversion
XLF,2024-04-05,2024-04-09,40.1071,40.4838,11054,4074.6617621616706,0.009391685927423232,2,signal,mean_reversion
QQQ,2024-04-05,2024-04-10,432.2512,432.0367,1025,-308.40849206639206,-0.0004961410096790964,3,signal,mean_reversion
XLV,2024-04-03,2024-04-16,139.7248,134.0187,3179,-18226.560166338455,-0.040837791163122805,10,time,mean_reversion
XLE,2024-04-15,2024-04-22,45.326,44.2869,9720,-10187.614931603406,-0.02292605092920541,5,signal,mean_reversion
XLF,2024-04-12,2024-04-22,39.1272,39.3498,11299,2426.182589882612,0.0056884463094111215,6,signal,mean_reversion
EEM,2024-04-17,2024-04-23,38.1168,38.298,11448,1986.0777431350775,0.004751924891214232,4,signal,mean_reversion
IWM,2024-04-16,2024-04-23,190.2521,190.8929,2298,1385.0334398681184,0.0033683044163075326,5,signal,mean_reversion
QQQ,2024-04-22,2024-04-24,412.9831,423.3367,1067,10958.04955580826,0.02507026052298378,2,signal,mean_reversion
SPY,2024-04-22,2024-04-24,486.2452,494.2775,906,7188.426020416405,0.0165190271047011,2,signal,mean_reversion
XLF,2024-05-01,2024-05-06,39.1272,39.6018,11395,5318.067156707609,0.012129015424050094,3,signal,mean_reversion
XLE,2024-05-02,2024-05-07,43.4772,43.7994,10262,3216.8218904864893,0.007410718392148796,3,signal,mean_reversion
XLE,2024-05-23,2024-05-29,43.4255,43.1524,10331,-2911.0277476196343,-0.006289345743646035,3,signal,mean_reversion
IWM,2024-05-24,2024-06-03,200.4101,202.8885,2231,5439.367949892698,0.012366716735263461,5,signal,mean_reversion
SPY,2024-05-31,2024-06-03,511.4057,516.1929,870,4075.414357145036,0.009360755559102873,1,signal,mean_reversion
XLV,2024-05-28,2024-06-03,139.3959,138.7734,3216,-2091.3830908520144,-0.0044656189121740075,4,signal,mean_reversion
EEM,2024-05-24,2024-06-06,40.9983,40.5188,10907,-5318.095294350829,-0.011694004101927002,8,signal,mean_reversion
XLF,2024-06-12,2024-06-18,40.0392,39.6987,11213,-3907.121027322142,-0.008503464918723114,4,signal,mean_reversion
XLE,2024-06-14,2024-06-21,41.5766,42.4305,10758,9095.279358302965,0.02053663048748522,4,signal,mean_reversion
XLV,2024-06-18,2024-06-21,141.1274,141.6628,3175,1610.0634705964994,0.0037936322723017835,2,signal,mean_reversion
QQQ,2024-06-25,2024-06-26,471.8827,473.8668,955,1804.502354520579,0.004204660078001687,1,signal,mean_reversion
EEM,2024-06-27,2024-07-01,41.022,41.1345,11035,1151.4066387422467,0.00274382309233534,2,signal,mean_reversion
XLK,2024-06-25,2024-07-02,110.8677,111.7011,4068,3299.687572209178,0.007516975495400091,5,signal,mean_reversion
XLV,2024-07-02,2024-07-10,140.2431,140.7821,3229,1649.4575267875089,0.0038428165753385812,5,signal,mean_reversion
XLE,2024-07-09,2024-07-12,41.9389,42.9083,10809,10386.13471644082,0.02311369841502553,3,signal,mean_reversion
QQQ,2024-07-18,2024-07-23,481.2594,476.6987,948,-4414.351702819353,-0.00947657956514214,3,signal,mean_reversion
SPY,2024-07-22,2024-07-23,541.8738,542.8397,840,720.1864579280323,0.0017824004667772453,1,signal,mean_reversion
XLK,2024-07-18,2024-07-23,112.2384,111.3056,4065,-3882.6941025428546,-0.00831086454512131,3,signal,mean_reversion
XLE,2024-07-24,2024-07-26,42.8424,43.3147,10555,4893.896093140004,0.011023482496304915,2,signal,mean_reversion
EEM,2024-07-19,2024-08-01,41.3198,41.0673,10910,-2844.0007799506693,-0.0061094154245265875,9,signal,mean_reversion
QQQ,2024-07-25,2024-08-01,459.6413,467.1432,986,7305.543515498992,0.01632131832906558,5,signal,mean_reversion
SPY,2024-07-25,2024-08-01,530.4582,540.9114,854,8835.472439613975,0.01970583707292861,5,signal,mean_reversion
XLK,2024-07-26,2024-08-01,107.1069,107.865,4243,3125.17702944451,0.007077470795928464,4,signal,mean_reversion
EEM,2024-08-06,2024-08-09,38.6971,40.242,11891,18276.5062036068,0.039922862026352535,3,signal,mean_reversion
IWM,2024-08-05,2024-08-09,194.2081,202.9843,2370,20705.528766728843,0.045189824557889,4,signal,mean_reversion
XLE,2024-08-05,2024-08-09,40.9172,42.0955,11251,13163.747358688033,0.02879741087512233,4,signal,mean_reversion
XLF,2024-08-05,2024-08-09,40.0711,41.0722,11488,11407.545731189502,0.024983365747533126,4,signal,mean_reversion
QQQ,2024-09-09,2024-09-11,449.075,455.4092,1056,6593.315205862457,0.014104809750092429,2,signal,mean_reversion
XLV,2024-09-06,2024-09-11,150.547,150.5517,3157,-80.15704400999448,3.134977281216145e-05,3,signal,mean_reversion
EEM,2024-09-04,2024-09-12,40.7337,40.6642,11713,-909.4627759061374,-0.0017063441568782034,6,signal,mean_reversion
IWM,2024-09-06,2024-09-13,207.9763,209.8272,2285,4133.827657607888,0.008899547108819794,5,signal,mean_reversion
XLF,2024-09-26,2024-09-30,43.9116,43.9849,10937,705.5664777355358,0.001669298685099907,2,signal,mean_reversion
XLV,2024-09-26,2024-10-01,148.6423,150.1005,3231,4614.941761705937,0.00981017186685329,3,signal,mean_reversion
IWM,2024-10-04,2024-10-07,215.9334,215.0782,2231,-2004.2074136222593,-0.00396068289451601,1,signal,mean_reversion
XLV,2024-10-04,2024-10-09,147.921,147.9484,3257,-7.057089813650549,0.0001853705443379816,3,signal,mean_reversion
EEM,2024-10-16,2024-10-21,43.7215,43.7066,11019,-260.58990071209786,-0.0003409379624534914,3,signal,mean_reversion
IWM,2024-10-23,2024-10-29,216.662,217.1439,2220,973.4652504440462,0.0022241018181463623,4,signal,mean_reversion
SPY,2024-10-24,2024-10-29,570.0542,569.3567,843,-684.0417586843882,-0.0012235614399340733,3,signal,mean_reversion
XLE,2024-10-16,2024-10-29,43.0627,41.8523,11188,-13636.707217532625,-0.02810736037099304,10,time,mean_reversion
EEM,2024-10-31,2024-11-05,42.8473,43.4091,11105,6143.13315038764,0.013111959170332588,3,signal,mean_reversion
QQQ,2024-11-01,2024-11-06,481.906,496.3579,988,14181.851952071705,0.029989100081667885,3,signal,mean_reversion
SPY,2024-11-01,2024-11-06,561.5424,578.5376,848,14315.226786614152,0.030265160604876717,3,signal,mean_reversion
XLV,2024-10-24,2024-11-06,146.605,146.7214,3280,285.55799740953614,0.0007939223144157737,9,signal,mean_reversion
EEM,2024-11-13,2024-11-19,41.8097,41.5568,11670,-3048.9682163041093,-0.006049521219767318,4,signal,mean_reversion
IWM,2024-11-18,2024-11-21,225.7114,228.3779,2160,5661.575964942113,0.011813799045620854,3,signal,mean_reversion
SPY,2024-11-18,2024-11-21,576.1874,582.6616,846,5379.111042616245,0.011236226446686093,3,signal,mean_reversion
QQQ,2024-11-18,2024-11-22,494.4425,500.1855,986,5564.5502909530305,0.011615148780334428,4,signal,mean_reversion
XLF,2024-12-04,2024-12-17,49.2685,47.9498,9985,-13265.182356424993,-0.026767363422968482,10,time,mean_reversion
XLE,2024-12-05,2024-12-18,44.1501,40.5978,11143,-39677.88036089858,-0.08045999999999986,10,stop,mean_reversion
XLF,2024-12-18,2024-12-23,48.0857,47.1343,9805,-9422.100767675272,-0.01978605841623926,3,signal,mean_reversion
XLK,2024-12-19,2024-12-23,116.2967,117.1893,4033,3505.668551414542,0.00767514890123322,2,signal,mean_reversion
SPY,2024-12-19,2024-12-24,581.2394,587.2433,807,4750.785160704926,0.010329338236194863,3,signal,mean_reversion
IWM,2024-12-16,2024-12-26,229.3449,219.4462,2104,-20921.345084512526,-0.043160871836856796,7,signal,mean_reversion
QQQ,2025-01-02,2025-01-06,511.316,520.4589,926,8370.844027697236,0.01788124504804922,2,signal,mean_reversion
SPY,2025-01-02,2025-01-06,581.2529,587.4501,815,4955.499999155529,0.010661862403343658,2,signal,mean_reversion
XLK,2025-01-02,2025-01-06,116.3681,118.2756,4072,7671.927611294879,0.016392235512090014,2,signal,mean_reversion
IWM,2025-01-13,2025-01-15,211.8438,222.4258,2263,23848.742613284096,0.04995178861622129,2,signal,mean_reversion
XLF,2025-01-13,2025-01-15,46.2194,48.3308,10373,21803.762892112718,0.04568276242598657,2,signal,mean_reversion
QQQ,2025-01-14,2025-01-16,505.7882,515.4531,947,9055.981658454022,0.019108660583062154,2,signal,mean_reversion
XLK,2025-01-13,2025-01-16,111.7702,116.1625,4289,18740.859300766733,0.0392976987707514,3,signal,mean_reversion
QQQ,2025-01-28,2025-01-31,512.2305,523.339,972,10696.801284087565,0.021686517342142553,3,signal,mean_reversion
XLE,2025-01-28,2025-02-05,43.5874,43.246,11434,-4003.3131694916988,-0.007833456645163106,6,signal,mean_reversion
XLK,2025-01-28,2025-02-05,113.7613,114.6793,4380,3921.026175265117,0.008070018213997221,6,signal,mean_reversion
XLF,2025-02-24,2025-02-28,50.0579,50.4001,10019,3328.4593431973612,0.006837295918892927,4,signal,mean_reversion
SPY,2025-02-24,2025-03-03,593.7085,587.3615,845,-5463.041858218386,-0.010690483777533566,5,signal,mean_reversion
EEM,2025-03-04,2025-03-06,41.988,43.3807,11586,16036.628871358856,0.03316838794445576,2,signal,mean_reversion
QQQ,2025-02-24,2025-03-06,524.8172,490.335,956,-33062.03458262381,-0.06570326772472546,8,signal,mean_reversion
IWM,2025-02-24,2025-03-07,216.0807,203.1964,2322,-30014.659164394416,-0.059627181461495926,10,time,mean_reversion
XLF,2025-03-11,2025-03-17,47.0734,47.3991,10407,3290.558708498559,0.006917579369224658,4,signal,mean_reversion
XLF,2025-03-31,2025-04-03,48.0031,47.4433,10234,-5826.806676785198,-0.011662018603757485,3,signal,mean_reversion
QQQ,2025-05-22,2025-05-28,511.4412,519.4047,960,7545.991108724191,0.015570688610491379,3,signal,mean_reversion
SPY,2025-05-22,2025-05-28,576.3443,584.563,852,6903.452962905308,0.014260113516712858,3,signal,mean_reversion
XLF,2025-05-22,2025-05-28,49.4416,50.0911,9936,6353.862669026455,0.013135334683312072,3,signal,mean_reversion
XLK,2025-05-22,2025-05-28,114.1003,115.5217,4305,6020.325837681728,0.012457566537413589,3,signal,mean_reversion
XLF,2025-06-16,2025-06-24,49.5796,50.6874,10059,11043.112290158258,0.022345111021235597,5,signal,mean_reversion
EEM,2025-07-31,2025-08-05,48.0665,48.2451,10459,1767.2145486035442,0.003715624590870048,3,signal,mean_reversion
IWM,2025-08-01,2025-08-05,214.6135,218.7024,2336,9450.511646766976,0.0190525164298454,2,signal,mean_reversion
SPY,2025-08-01,2025-08-05,621.3427,626.1628,806,3784.4333814902316,0.007757517823456572,2,signal,mean_reversion
XLF,2025-08-01,2025-08-11,51.1336,51.3195,9804,1722.4181377764005,0.0036361719028894512,6,signal,mean_reversion
QQQ,2025-08-20,2025-08-25,566.5106,568.0057,896,1237.943582616569,0.002639112409309474,3,signal,mean_reversion
SPY,2025-08-20,2025-08-25,634.3391,638.3037,800,3069.8638629127868,0.00624995998040534,3,signal,mean_reversion
XLK,2025-08-20,2025-08-25,130.0186,130.6103,3904,2208.492140167886,0.00455137100332248,3,signal,mean_reversion
XLF,2025-09-26,2025-09-29,53.2758,53.5496,9580,2520.270049680244,0.005138516215842381,1,signal,mean_reversion
EEM,2025-09-29,2025-09-30,52.5151,52.5611,9751,346.55741711574996,0.0008768588725378557,1,signal,mean_reversion
IWM,2025-09-26,2025-09-30,238.5143,239.7575,2139,2557.00523371623,0.005212468267611126,2,signal,mean_reversion
XLE,2025-10-03,2025-10-07,43.8052,43.9485,11690,1572.4594878088392,0.0032710430751166086,2,signal,mean_reversion
IWM,2025-10-13,2025-10-14,240.7141,239.8768,2125,-1881.2735865120728,-0.0034781767493039517,1,signal,mean_reversion
EEM,2025-10-13,2025-10-16,52.7124,53.5465,9705,7992.530210117953,0.015825005796893166,3,signal,mean_reversion
QQQ,2025-10-13,2025-10-16,598.4532,603.2685,854,4009.639975104868,0.008046244808620484,3,signal,mean_reversion
XLV,2025-10-14,2025-10-20,140.4925,142.4534,3626,7007.6119686239335,0.013957298407567764,4,signal,mean_reversion
XLE,2025-10-10,2025-10-21,42.928,42.8949,11944,-497.3667008396266,-0.0007701100589873056,7,signal,mean_reversion
XLV,2025-10-30,2025-11-05,142.8341,143.3554,3623,1785.111187985186,0.0036499363875481805,4,signal,mean_reversion
IWM,2025-11-05,2025-11-11,240.8435,242.0048,2151,2394.268270824268,0.0048221373383932065,4,signal,mean_reversion
XLK,2025-11-07,2025-11-11,143.0216,146.3125,3622,11814.649343649991,0.023009431670635294,2,signal,mean_reversion
IWM,2025-11-14,2025-11-24,232.2633,234.6364,2248,5229.876827208386,0.01021749043813025,6,signal,mean_reversion
EEM,2025-11-18,2025-11-25,53.1464,52.8469,9825,-3046.4151414869593,-0.00563478369278636,5,signal,mean_reversion
QQQ,2025-11-18,2025-11-25,598.3933,601.6734,872,2755.5563096038804,0.005481425100840376,5,signal,mean_reversion
SPY,2025-11-18,2025-11-25,658.6805,664.5119,792,4513.664977003537,0.00885314033273188,5,signal,mean_reversion
XLV,2025-12-09,2025-12-11,150.8112,151.4137,3482,1992.8896048938432,0.0039954796063836895,2,signal,mean_reversion
EEM,2025-12-17,2025-12-19,53.2866,53.5132,9709,2096.3926054608705,0.004252522659378366,2,signal,mean_reversion
QQQ,2025-12-15,2025-12-22,617.105,620.2572,852,2580.2579350317988,0.005108057715966785,5,signal,mean_reversion
XLK,2025-12-15,2025-12-22,144.0942,145.7558,3649,5957.192662056961,0.01153092664745059,5,signal,mean_reversion
XLE,2025-12-17,2025-12-23,43.4947,44.0599,11895,6619.383840747349,0.012995607599722625,4,signal,mean_reversion
IWM,2025-12-31,2026-01-05,247.8632,249.2218,2141,2802.3523710693057,0.005481279457511645,2,signal,mean_reversion
QQQ,2026-01-02,2026-01-06,619.5888,618.1409,857,-1346.8947354888464,-0.0023368178223819314,2,signal,mean_reversion
SPY,2026-01-02,2026-01-06,684.1844,685.7133,776,1080.159037055685,0.0022347007046636946,2,signal,mean_reversion
XLF,2026-01-02,2026-01-06,54.5769,55.7255,9714,11050.95773942874,0.021046686859892194,2,signal,mean_reversion
QQQ,2026-01-21,2026-01-23,609.0068,618.6401,875,8321.732401436939,0.015818076898834077,2,signal,mean_reversion
SPY,2026-01-21,2026-01-23,678.1378,685.9326,786,6019.501803414223,0.01149442783819743,2,signal,mean_reversion
XLF,2026-01-14,2026-01-23,53.8005,53.1898,9939,-6175.371725115539,-0.011349868197025215,6,signal,mean_reversion
XLK,2026-01-21,2026-01-23,142.674,144.2783,3738,5889.808007262017,0.011244886347252292,2,signal,mean_reversion
XLV,2026-01-29,2026-02-03,153.6953,154.0692,3505,1202.8178489909133,0.00243305083757428,3,signal,mean_reversion
IWM,2026-02-02,2026-02-04,258.15,263.5591,2092,11206.619571420637,0.02095317713098499,2,signal,mean_reversion
IWM,2026-02-06,2026-02-09,259.4084,264.2375,2112,10088.470566348564,0.018615827808247776,1,signal,mean_reversion
QQQ,2026-02-05,2026-02-09,599.7539,606.4715,904,5963.662788444785,0.011200584943490188,2,signal,mean_reversion
SPY,2026-02-06,2026-02-09,679.9438,687.1985,788,5609.007594347573,0.010669623391542649,1,signal,mean_reversion
XLK,2026-02-05,2026-02-09,137.1181,140.3552,3954,12689.678516448988,0.023607923605350134,2,signal,mean_reversion
SPY,2026-02-13,2026-02-19,680.1733,681.6365,810,1074.9277437320022,0.002151293398850118,3,signal,mean_reversion
IWM,2026-02-24,2026-02-26,260.0676,264.4072,2121,9093.017740256942,0.01668637295029285,2,signal,mean_reversion
EEM,2026-03-04,2026-03-10,58.5793,58.6307,9464,375.4805696183288,0.0008773685143601551,4,signal,mean_reversion
XLE,2026-03-11,2026-03-12,55.2965,56.7308,10060,14315.841207447751,0.025937408507151982,1,signal,mean_reversion
QQQ,2026-03-13,2026-03-17,599.2742,602.0793,919,2467.4404086567984,0.004680752310009861,2,signal,mean_reversion
SPY,2026-03-04,2026-03-17,680.1134,668.6285,815,-9470.087650950887,-0.01688669171388868,10,time,mean_reversion
IWM,2026-03-09,2026-03-18,247.2739,248.2858,2243,2158.4651990417583,0.004092092093835875,7,signal,mean_reversion
XLV,2026-03-06,2026-03-19,152.2306,145.9368,3609,-22822.004638832637,-0.04134399199172323,10,time,mean_reversion
EEM,2026-03-23,2026-03-24,56.9184,56.1019,9672,-8006.58180006074,-0.014345232560764698,1,signal,mean_reversion
XLV,2026-03-20,2026-03-26,145.9532,145.6771,3779,-1153.5943577318203,-0.0018917116253793775,4,signal,mean_reversion
XLE,2026-04-02,2026-04-08,60.5603,56.6517,9078,-35588.7073185988,-0.064540727364515,3,signal,mean_reversion
XLE,2026-04-10,2026-04-17,57.1986,54.3828,9461,-26745.740442382536,-0.04922828791527167,5,signal,mean_reversion
IWM,2026-04-30,2026-05-01,273.2666,278.5207,1958,10179.495249211783,0.019227027210941605,1,signal,mean_reversion
XLE,2026-05-07,2026-05-12,55.8979,57.7011,9622,17241.091256458254,0.032258806082690716,3,signal,mean_reversion
EEM,2026-05-20,2026-05-21,64.5222,65.1974,8455,5598.677191346774,0.010463763542603033,1,signal,mean_reversion
IWM,2026-05-19,2026-05-21,273.9469,278.5207,1980,8946.67820366143,0.016695830689114732,2,signal,mean_reversion
BIL,2008-02-01,2008-08-01,73.5729,73.6451,4538,260.4741610498538,0.0009802551553188543,126,signal,dual_momentum
DBC,2008-08-01,2008-09-05,32.8012,29.5063,10251,-33839.65311043093,-0.10044999999999993,25,stop,dual_momentum
VNQ,2008-08-01,2008-09-26,28.8945,28.0694,11637,-9668.141354114056,-0.02855606520681042,40,stop,dual_momentum
TLT,2008-10-01,2009-01-29,57.0228,62.5476,5652,31158.689684323068,0.0968879309107531,83,stop,dual_momentum
BIL,2008-10-01,2009-02-02,74.4853,74.0391,4327,-1995.1079406819733,-0.005990855959055907,84,signal,dual_momentum
GLD,2009-02-02,2009-07-01,89.9249,92.2638,3700,8586.539790217805,0.026009529494741113,104,signal,dual_momentum
DBC,2009-07-01,2009-07-10,19.3533,17.4092,18285,-35613.94393509769,-0.10044999999999993,7,stop,dual_momentum
EFA,2009-08-03,2009-09-01,31.4462,31.9791,11414,6009.545311936742,0.016944778250582937,21,signal,dual_momentum
EEM,2009-05-01,2009-11-02,20.0799,26.8584,16444,111388.96602739673,0.3375782723496379,128,signal,dual_momentum
EFA,2009-11-02,2009-12-01,33.0118,34.6348,11158,18033.775644476,0.04916378523734566,20,signal,dual_momentum
GLD,2009-12-01,2009-12-22,117.3587,105.57,3275,-38680.92531601853,-0.10044999999999982,16,stop,dual_momentum
EEM,2010-01-04,2010-01-26,29.9899,26.9774,12631,-38122.59768174455,-0.10044999999999993,16,stop,dual_momentum
GLD,2010-02-01,2010-05-03,106.6933,115.852,3389,30963.512873966913,0.08584163772722464,63,signal,dual_momentum
VNQ,2009-09-01,2010-05-06,20.1511,24.5986,17447,77518.11348639238,0.2207097547219159,171,stop,dual_momentum
SPY,2010-05-03,2010-05-06,89.7358,80.7219,4543,-41027.87847226196,-0.10044999999999982,4,stop,dual_momentum
GLD,2010-07-01,2010-08-02,120.9705,116.0619,3112,-15349.066022411493,-0.040576153657213676,21,signal,dual_momentum
VNQ,2010-08-02,2010-10-01,27.8544,28.4078,13225,7244.203806677246,0.01986730676040227,43,signal,dual_momentum
GLD,2010-10-01,2010-12-01,127.974,135.6422,2966,22665.67203778908,0.05991994876634643,42,signal,dual_momentum
TLT,2010-06-01,2010-12-01,61.6353,62.4189,6005,4631.1509495843275,0.012713836839550519,128,signal,dual_momentum
EEM,2010-12-01,2011-02-01,32.8508,33.3164,11514,5283.982077100506,0.014171163354012917,42,signal,dual_momentum
SPY,2011-02-01,2011-06-01,98.8162,103.0138,4011,16755.628422744376,0.042478895978711684,83,signal,dual_momentum
DBC,2010-12-01,2011-08-01,21.5694,25.9589,17536,76889.51273859118,0.2035017995885624,167,signal,dual_momentum
VNQ,2011-06-01,2011-08-04,34.5672,31.0949,11816,-41105.94381035233,-0.10044999999999993,46,stop,dual_momentum
GLD,2011-08-01,2011-09-26,157.5487,157.0414,2594,-1397.5437482156183,-0.0032199630022543557,40,stop,dual_momentum
TLT,2011-09-01,2012-04-02,71.7362,76.7253,5818,28940.35262447841,0.06954823353136597,146,signal,dual_momentum
SPY,2012-03-01,2012-08-01,107.0068,109.0172,3879,7714.553654148114,0.018787602465695663,106,signal,dual_momentum
VNQ,2012-04-02,2012-10-01,36.559,37.9142,11399,15363.05674502213,0.03706891538560453,126,signal,dual_momentum
GLD,2012-10-01,2012-12-03,172.9164,166.0269,2410,-16685.310995184867,-0.03984278270477104,42,signal,dual_momentum
TLT,2012-08-01,2012-12-03,88.1237,85.2675,4790,-13764.5846667818,-0.03241202757741857,84,signal,dual_momentum
EEM,2012-12-03,2013-04-01,31.3151,31.9852,13133,8717.670756065218,0.021399557847309403,80,signal,dual_momentum
EFA,2012-12-03,2013-06-03,37.1752,40.7605,11063,39578.57930880369,0.09644487239893373,124,signal,dual_momentum
VNQ,2013-04-01,2013-06-20,42.0164,39.8187,10083,-22242.25339682873,-0.05230654455780892,58,stop,dual_momentum
EFA,2013-08-01,2014-04-01,42.3489,47.1974,10127,49010.5875438545,0.11449062147799594,167,signal,dual_momentum
SPY,2013-06-03,2014-06-02,131.0857,157.3404,3278,85968.36244198958,0.2002865868878101,251,signal,dual_momentum
TLT,2014-06-02,2014-08-01,81.5558,82.2911,5868,4218.994340356739,0.009016751622194175,43,signal,dual_momentum
EEM,2014-08-01,2014-10-01,33.9398,31.8923,14194,-29154.894932497475,-0.06032587994924932,42,signal,dual_momentum
VNQ,2014-04-01,2014-10-01,43.8264,45.1243,10610,13676.04204959082,0.029613897014341806,127,signal,dual_momentum
TLT,2014-10-01,2014-11-03,85.1792,86.7683,5484,8620.5315747637,0.018656403689357948,23,signal,dual_momentum
SPY,2014-10-01,2014-12-01,162.0822,169.9051,2882,22449.817218732973,0.04826479127936789,42,signal,dual_momentum
VNQ,2014-11-03,2015-05-01,49.8567,51.0703,9513,11448.077045476719,0.02433986721597803,123,signal,dual_momentum
TLT,2014-12-01,2015-06-01,89.8195,90.4251,5352,3145.035478217618,0.006743102142580781,124,signal,dual_momentum
SPY,2015-06-01,2015-07-01,176.3878,173.5513,2742,-7873.595326066471,-0.016080957276075947,22,signal,dual_momentum
EEM,2015-07-01,2015-08-03,31.4406,28.91,15199,-38554.30302167845,-0.08048814884189959,22,signal,dual_momentum
EFA,2015-05-01,2015-08-24,48.3433,42.1251,10067,-62689.86910993939,-0.12862627869621346,80,stop,dual_momentum
SPY,2015-08-03,2015-08-24,176.0081,156.6415,2654,-51487.1437227793,-0.11003224204895024,16,stop,dual_momentum
BIL,2015-09-01,2015-11-02,73.9159,73.7935,5849,-802.2268044194891,-0.001655736646548167,43,signal,dual_momentum
VNQ,2015-11-02,2016-02-01,52.5482,50.869,8242,-13925.61936158305,-0.031956364524564296,61,signal,dual_momentum
GLD,2016-02-01,2016-04-01,107.5938,116.022,4051,34052.01465990266,0.07833344665217878,42,signal,dual_momentum
TLT,2015-11-02,2016-04-01,91.2512,99.0394,4746,36872.325588100575,0.08534864481455195,103,signal,dual_momentum
SPY,2016-04-01,2016-05-02,173.7004,175.7092,2610,5151.763050951299,0.011564719501777398,21,signal,dual_momentum
VNQ,2016-04-01,2016-05-02,56.2741,54.9743,8059,-10564.942973403031,-0.02309810415383784,21,signal,dual_momentum
TLT,2016-05-02,2016-08-01,97.5785,106.5132,4633,41300.11660227057,0.09156469488974373,63,signal,dual_momentum
GLD,2016-05-02,2016-09-01,123.8419,124.6077,3650,2704.3924413251048,0.0061834844310459935,86,signal,dual_momentum
VNQ,2016-08-01,2016-10-03,62.6867,58.7407,7549,-29880.107514878662,-0.06294811393729138,44,signal,dual_momentum
DBC,2016-10-03,2016-12-01,12.7133,13.0639,36422,12677.463338599793,0.027581339436898666,42,signal,dual_momentum
EEM,2016-09-01,2017-01-03,29.5401,28.8849,15631,-10332.729775779882,-0.022179975576749555,84,signal,dual_momentum
EFA,2017-01-03,2017-02-01,44.3198,45.8417,10468,15837.609067885547,0.03434066976244976,20,signal,dual_momentum
DBC,2017-02-01,2017-04-03,13.3646,12.8865,35259,-16950.469945943994,-0.03577486676392827,42,signal,dual_momentum
SPY,2016-12-01,2017-06-01,189.5521,209.7161,2409,48479.012289495324,0.10637736409428244,124,signal,dual_momentum
EFA,2017-04-03,2017-12-01,47.5625,54.1615,9928,65414.31166971513,0.13874468593115186,169,signal,dual_momentum
DBC,2017-12-01,2018-02-01,13.7452,14.4667,37785,27152.47435593927,0.052485537045083186,41,signal,dual_momentum
SPY,2018-02-01,2018-02-09,247.5119,222.6493,2221,-55324.18351939882,-0.10044999999999993,7,stop,dual_momentum
EEM,2017-06-01,2018-03-01,33.7504,40.263,14461,94070.67473205364,0.19296133606290922,188,signal,dual_momentum
EEM,2018-04-02,2018-06-01,39.9533,38.3401,13185,-21372.72150464852,-0.04037609760232974,43,signal,dual_momentum
SPY,2018-06-01,2018-08-01,240.8466,249.8043,2211,19696.92145490038,0.037192414048405675,42,signal,dual_momentum
DBC,2018-03-01,2018-09-04,13.9736,14.7033,37492,27248.399729925048,0.052216043419313296,129,signal,dual_momentum
SPY,2018-09-04,2018-12-10,257.4078,231.5512,2091,-54168.41400734464,-0.10044999999999993,68,stop,dual_momentum
VNQ,2018-08-01,2018-12-26,60.3704,54.3062,8782,-53356.59992774576,-0.10045000000000004,102,stop,dual_momentum
TLT,2019-01-02,2019-02-01,98.732,98.71,5066,-211.61384562267563,-0.00022310076702525272,21,signal,dual_momentum
GLD,2019-01-02,2019-04-01,121.4107,122.3388,4120,3723.4627895428744,0.007644534250619062,61,signal,dual_momentum
TLT,2019-04-01,2019-05-01,102.348,101.1518,4986,-6065.57114566624,-0.011687286455599022,21,signal,dual_momentum
EEM,2019-05-01,2019-06-03,37.4644,34.9097,13576,-34780.63678518211,-0.06818960850867894,22,signal,dual_momentum
TLT,2019-06-03,2019-07-01,108.2036,108.8494,4601,2871.0822686618303,0.005967618091865301,20,signal,dual_momentum
VNQ,2019-02-01,2019-08-01,63.5775,68.8532,7939,41779.012697340404,0.08298135297107923,125,signal,dual_momentum
SPY,2019-07-01,2019-09-03,268.6938,262.8971,1866,-10915.744069161507,-0.021573442978812585,44,signal,dual_momentum
TLT,2019-08-01,2019-12-02,109.8505,114.4442,4587,20968.459046562115,0.041817840483332036,85,signal,dual_momentum
SPY,2019-12-02,2020-02-28,286.2301,263.2614,1750,-40291.31895362875,-0.08024544344907036,61,stop,dual_momentum
GLD,2019-09-03,2020-03-02,145.0325,149.925,3581,17414.46578962705,0.0337339129564469,124,signal,dual_momentum
EEM,2020-03-02,2020-03-12,35.604,29.8708,14127,-81085.23591278319,-0.1610263527081024,9,stop,dual_momentum
TLT,2020-03-02,2020-03-13,129.4005,127.1444,3887,-8869.062370812559,-0.01743478710950619,10,stop,dual_momentum
GLD,2020-04-01,2020-10-01,148.2741,178.6207,3194,96822.48573283675,0.2046652475968158,127,signal,dual_momentum
SPY,2020-09-01,2020-11-02,323.5059,305.9366,1593,-28088.199081579,-0.05430912072252192,43,signal,dual_momentum
DBC,2020-11-02,2020-12-01,10.9953,12.1584,45748,53103.99035223656,0.1057820319811471,20,signal,dual_momentum
SPY,2020-12-01,2021-02-01,339.0465,347.7346,1585,13661.78202497728,0.025625095306467838,41,signal,dual_momentum
EEM,2020-10-01,2021-05-03,39.1414,47.9735,12849,113371.76211862761,0.22564592265878636,146,signal,dual_momentum
DBC,2021-02-01,2021-09-01,13.4155,16.5331,42050,130965.84558887257,0.2323815360486432,148,signal,dual_momentum
SPY,2021-09-01,2021-10-01,424.2781,404.9361,1484,-28826.628139826473,-0.04558809090259397,21,signal,dual_momentum
DBC,2021-10-01,2021-12-01,17.6291,17.1766,34461,-15712.514002112344,-0.02566608399479986,42,signal,dual_momentum
VNQ,2021-05-03,2021-12-01,82.3339,90.1987,7222,56675.40537038488,0.09552396317383005,148,signal,dual_momentum
TLT,2021-12-01,2022-01-03,128.6684,125.1959,4757,-16639.709179914145,-0.0269884055435079,22,signal,dual_momentum
VNQ,2022-01-03,2022-01-24,98.3019,88.0208,6253,-64404.429170704396,-0.10458733255587571,15,stop,dual_momentum
SPY,2021-12-01,2022-02-24,434.1774,387.539,1409,-65829.2545849089,-0.10741780332266204,59,stop,dual_momentum
GLD,2022-03-01,2022-07-01,179.1395,167.0564,3269,-39612.82098891409,-0.0674507675365541,85,signal,dual_momentum
DBC,2022-02-01,2022-07-05,19.4573,22.6505,29948,95504.84485489175,0.16411484432645795,106,stop,dual_momentum
BIL,2022-07-01,2023-01-03,77.6123,78.5413,7610,6950.357661503521,0.011968902492423439,127,signal,dual_momentum
SPY,2022-12-01,2023-02-01,390.27,388.2593,1509,-3151.6731541922045,-0.005152153843325902,41,signal,dual_momentum
GLD,2023-02-01,2023-07-03,179.8399,178.5207,3369,-4565.047040992119,-0.0073352997490326866,104,signal,dual_momentum
EFA,2023-01-03,2023-09-01,60.3708,66.6741,9565,60170.09374071232,0.10441071546802916,167,signal,dual_momentum
GLD,2023-09-01,2023-10-02,180.8904,170.1449,3395,-36600.22476749478,-0.05940349594136929,20,signal,dual_momentum
DBC,2023-10-02,2024-01-02,21.8695,20.3234,27077,-41976.82122200193,-0.07069477520157452,63,signal,dual_momentum
VNQ,2024-01-02,2024-02-01,80.6651,76.6949,7450,-29695.782326539906,-0.04921922418529956,21,signal,dual_momentum
GLD,2024-02-01,2024-03-01,189.8049,190.1749,3156,1047.8222344857695,0.0019494103035773147,20,signal,dual_momentum
EFA,2024-03-01,2024-04-01,72.6546,74.5937,8407,16178.470756189574,0.026689703685458532,20,signal,dual_momentum
VNQ,2024-04-01,2024-05-01,80.1441,73.3813,7756,-52571.86817238379,-0.0843837863293404,22,signal,dual_momentum
EFA,2024-05-01,2024-06-03,72.3549,76.2031,8215,31491.346923766472,0.053185795105461287,22,signal,dual_momentum
SPY,2023-07-03,2024-09-03,428.0217,548.6446,1426,171868.96049302237,0.2818148644289724,294,signal,dual_momentum
GLD,2024-06-03,2024-12-02,216.028,244.3378,2860,80834.41643131892,0.1310470125374268,126,signal,dual_momentum
SPY,2024-12-02,2025-01-02,592.6507,580.6719,1129,-13656.487178761568,-0.020212174340351385,21,signal,dual_momentum
VNQ,2024-09-03,2025-02-03,88.624,85.3969,7316,-23736.939149730108,-0.03641363660087271,104,signal,dual_momentum
SPY,2025-02-03,2025-04-01,584.4876,550.8566,1138,-38401.31346826664,-0.057539339346911134,40,signal,dual_momentum
DBC,2025-04-01,2025-04-08,21.8267,19.6342,31043,-68190.16022933707,-0.10044999999999993,6,stop,dual_momentum
EFA,2025-05-01,2025-08-01,82.0877,85.6837,8090,28956.556898148363,0.04380780155641828,63,signal,dual_momentum
GLD,2025-01-02,2026-01-30,244.3421,433.0284,2650,499839.1299388496,0.7722216842047831,270,stop,dual_momentum
EEM,2025-08-01,2026-03-20,47.7213,56.038,14356,119245.50892938994,0.1742764631961471,160,stop,dual_momentum
DBC,2008-01-04,2008-01-08,27.122,26.8702,3687,-948.0031862374095,-0.009281086402558092,2,signal,breakout
TLT,2008-01-16,2008-02-08,54.9881,53.7241,1825,-2326.720736522855,-0.02298758152605096,16,signal,breakout
DBC,2008-02-11,2008-03-17,27.7215,31.1695,7355,25316.723553567623,0.12437986974801163,25,stop,breakout
USO,2008-02-21,2008-03-17,627.9138,655.7641,329,9120.516479683321,0.04435370501086444,18,stop,breakout
GLD,2008-01-04,2008-03-24,85.3827,90.6047,1171,6094.365813536,0.06116007397219225,53,signal,breakout
SLV,2008-01-04,2008-03-24,15.2586,16.7626,6555,9837.654720255317,0.09856644453701979,53,signal,breakout
DBC,2008-05-09,2008-05-15,34.0503,32.5708,6356,-9445.562193109345,-0.04344824031447492,5,stop,breakout
EEM,2008-05-02,2008-05-27,34.1122,33.5084,6277,-3832.522194903389,-0.01770053057405163,17,stop,breakout
DBC,2008-05-21,2008-05-29,34.5499,33.2623,6318,-8177.928632861166,-0.03726796722270753,6,stop,breakout
USO,2008-04-10,2008-06-03,712.9963,806.8214,264,24729.688813855562,0.13159260559961128,38,stop,breakout
QQQ,2008-04-21,2008-06-11,40.1485,40.8984,5293,3926.398840299901,0.018678533227168392,37,stop,breakout
DBC,2008-06-12,2008-07-09,36.3486,36.0121,5730,-1969.2857462401057,-0.00925603521734486,19,stop,breakout
USO,2008-06-09,2008-07-16,880.6001,871.124,195,-1881.9863802902732,-0.010760889425655895,27,stop,breakout
TLT,2008-07-10,2008-07-16,54.8448,53.7135,3887,-4439.86838044506,-0.020628727895648846,5,stop,breakout
SLV,2008-07-14,2008-07-22,18.7174,17.8155,11454,-10371.12836482522,-0.04818019610963575,7,stop,breakout
GLD,2008-07-11,2008-07-23,95.0775,92.5628,2246,-5690.132460078081,-0.026448815710345408,9,stop,breakout
TLT,2008-08-26,2008-09-16,55.4158,58.0405,3751,9802.977847249664,0.04736515206067882,15,stop,breakout
TLT,2008-11-21,2009-01-02,61.5489,70.2299,3425,29687.25701760315,0.14104213554858758,28,stop,breakout
GLD,2009-01-26,2009-02-26,89.2646,92.059,2367,6571.423143227556,0.03130466784757835,23,stop,breakout
SLV,2009-01-26,2009-02-26,11.996,13.0422,11633,12140.930061409945,0.08720966427050891,23,stop,breakout
EEM,2009-04-03,2009-06-04,18.772,22.1751,7548,25655.924008375874,0.1812876477811931,43,stop,breakout
SLV,2009-05-21,2009-06-08,13.987,14.64,15199,9881.462664864353,0.04668636495160805,12,stop,breakout
DBC,2009-05-11,2009-06-22,18.2537,19.1785,12532,11542.744535061121,0.05066406612957941,30,stop,breakout
USO,2009-05-21,2009-06-22,265.4927,290.4482,585,14566.492184241491,0.0939972511048981,22,stop,breakout
QQQ,2009-04-03,2009-07-08,27.7594,30.0586,6226,14279.276354530955,0.08282875950400892,65,signal,breakout
EEM,2009-07-21,2009-08-17,24.6431,24.2695,9294,-3517.674286608368,-0.0151603446055103,20,stop,breakout
TLT,2009-09-03,2009-09-09,59.5526,57.6808,4035,-7599.945608369373,-0.03143075630142578,4,stop,breakout
EEM,2009-09-10,2009-09-10,26.3494,25.1095,9284,-11559.35788660039,-0.04705752554996001,1,stop,breakout
EEM,2009-09-11,2009-09-16,26.7795,27.281,9081,4505.320455639441,0.018728202342535694,4,stop,breakout
SLV,2009-09-03,2009-09-24,15.4977,16.0736,15294,8758.317636301828,0.037155132873200936,15,stop,breakout
QQQ,2009-07-17,2009-10-02,32.3493,35.2669,7352,21400.73825676128,0.09019171586547814,55,stop,breakout
TLT,2009-09-28,2009-10-09,60.4627,59.4561,4011,-4085.7612165161204,-0.016649057205919027,10,stop,breakout
SLV,2009-10-09,2009-10-27,17.4287,16.6042,13991,-11583.405586992223,-0.04730786457853853,13,stop,breakout
GLD,2009-09-03,2009-10-28,96.5683,100.9577,2488,10871.77759594922,0.0454542546041774,39,stop,breakout
EEM,2009-09-17,2009-10-28,27.5199,27.2749,8972,-2247.14879049463,-0.00890203847017601,30,stop,breakout
DBC,2009-10-20,2009-10-28,20.5798,20.0071,11941,-6887.318476621223,-0.027829274700281292,7,stop,breakout
USO,2009-10-16,2009-11-16,319.1995,314.3228,687,-3393.85543144056,-0.015278085122884866,21,signal,breakout
EEM,2009-11-17,2009-11-27,29.3672,27.9882,8186,-11335.739701579914,-0.04695835205773269,8,stop,breakout
GLD,2009-11-04,2009-12-04,107.1636,115.1615,2233,17809.719071283846,0.07463287249431683,22,stop,breakout
SLV,2009-11-17,2009-12-07,17.959,17.6412,13387,-4302.061844075465,-0.017695950414331696,14,stop,breakout
DBC,2010-01-05,2010-01-13,21.3749,20.7128,11280,-7515.434034225419,-0.030973403822399992,7,stop,breakout
EEM,2010-01-05,2010-01-20,30.5089,29.5189,7903,-7871.201395884372,-0.03244870189825255,11,stop,breakout
QQQ,2009-11-12,2010-01-22,38.0851,38.6501,6248,3482.564737384847,0.014836838017947107,48,stop,breakout
EEM,2010-04-05,2010-04-09,30.8857,30.9685,7731,592.1015937971692,0.0026799892557243243,5,stop,breakout
SLV,2010-04-12,2010-04-16,18.039,17.3316,13243,-9414.76082387192,-0.039214251861504845,5,stop,breakout
USO,2010-04-05,2010-04-19,332.3261,317.2813,718,-10848.809087542255,-0.04527120188064648,11,stop,breakout
DBC,2010-04-15,2010-04-19,20.8589,20.2731,11142,-6572.535984509615,-0.028082726231578925,3,stop,breakout
QQQ,2010-03-10,2010-05-04,40.6583,42.3491,5821,9793.72580592681,0.041585189252201005,39,stop,breakout
SLV,2010-05-03,2010-05-04,18.4192,17.7274,12833,-8924.816136838004,-0.03756099307400729,2,stop,breakout
TLT,2010-05-03,2010-05-06,57.7565,59.4281,4092,6792.366358011612,0.02894276093718129,4,stop,breakout
TLT,2010-05-07,2010-05-10,60.5742,58.797,3893,-6965.229218469748,-0.02933973433831416,2,stop,breakout
GLD,2010-04-08,2010-05-19,112.5262,117.9323,2122,11422.76874161766,0.048042715881385645,30,stop,breakout
SLV,2010-05-12,2010-05-19,19.1496,18.2109,12315,-11605.854536466411,-0.04901833856210991,6,stop,breakout
GLD,2010-06-21,2010-07-01,123.1515,119.592,1887,-6762.613560826745,-0.02890354903404979,9,stop,breakout
TLT,2010-06-29,2010-07-13,63.5941,62.7909,3646,-2974.4440952088876,-0.012629661312813956,10,stop,breakout
DBC,2010-08-05,2010-08-10,20.0131,19.4057,11589,-7084.353316954238,-0.030348084839827538,4,stop,breakout
USO,2010-08-04,2010-08-11,295.4276,280.9906,786,-11392.786870469143,-0.0488681357507208,6,stop,breakout
EEM,2010-07-26,2010-08-24,29.394,28.5391,7856,-6761.642067607608,-0.029084324703092745,22,stop,breakout
TLT,2010-08-17,2010-08-27,66.8845,67.3762,3407,1629.3390425609514,0.007350862928972024,9,stop,breakout
SLV,2010-09-03,2010-10-19,19.1896,23.0014,11808,44959.55865878829,0.19863737233646028,32,stop,breakout
GLD,2010-09-15,2010-10-19,124.032,130.3948,1851,11730.430801684548,0.05129959362130587,25,stop,breakout
DBC,2010-09-27,2010-10-19,20.1399,20.7392,10913,6495.402778601269,0.02975613324898152,17,stop,breakout
SLV,2010-11-01,2010-11-09,24.3622,27.1824,10182,28663.149034119015,0.11576285178965273,7,stop,breakout
EEM,2010-09-14,2010-11-12,30.8827,33.2601,7405,17557.277476891602,0.07698224097185635,44,stop,breakout
DBC,2010-11-04,2010-11-12,22.1192,21.807,11490,-3638.539332779884,-0.014117906815017012,7,stop,breakout
QQQ,2010-09-14,2010-11-16,41.1819,45.162,5553,22053.62512240639,0.09664714045695266,46,stop,breakout
USO,2010-11-04,2010-11-16,298.6293,285.7987,795,-10246.72214114921,-0.04296469895995625,9,stop,breakout
SLV,2010-12-07,2010-12-07,29.965,28.2046,7158,-12642.179310585583,-0.05874671468568904,1,stop,breakout
SLV,2011-01-03,2011-01-04,30.3051,28.881,8282,-11844.145315643174,-0.04699493247623443,2,stop,breakout
DBC,2010-12-23,2011-01-07,22.8129,22.7735,10918,-479.1872437863328,-0.001724072746012273,11,stop,breakout
EEM,2011-01-05,2011-01-10,34.5694,33.7331,7179,-6052.950320801915,-0.024192403228033177,4,stop,breakout
USO,2010-12-06,2011-01-24,306.3131,295.0524,818,-9260.420954306126,-0.03676196696634382,34,stop,breakout
QQQ,2010-12-22,2011-01-28,48.0914,48.5957,5172,2558.089729616403,0.010485703405384461,26,stop,breakout
QQQ,2011-02-07,2011-02-22,50.3877,49.9491,4833,-2168.2698430346272,-0.008704594843486735,11,stop,breakout
DBC,2011-02-01,2011-03-10,24.2254,24.9501,10054,7235.882729499366,0.029911508899880035,27,stop,breakout
GLD,2011-03-02,2011-03-10,140.3101,137.0866,1794,-5832.780972622529,-0.02297433461660725,7,stop,breakout
SLV,2011-02-18,2011-03-11,31.0955,33.3833,7873,17960.78289632795,0.07357201730743279,15,stop,breakout
USO,2011-02-24,2011-03-15,322.161,314.8825,757,-5558.057366810908,-0.022592776466892506,14,stop,breakout
DBC,2011-04-04,2011-04-12,26.1202,25.9313,9522,-1847.6399368644597,-0.007229430230307754,7,stop,breakout
USO,2011-04-04,2011-04-12,345.1325,340.6323,720,-3289.5180223977286,-0.013039047116477742,7,stop,breakout
EEM,2011-03-31,2011-04-18,35.0313,34.6897,7032,-2451.0328336476864,-0.009750774427671804,13,stop,breakout
SLV,2011-03-24,2011-04-26,36.8184,44.1231,6471,47216.31871242576,0.1983980131972234,23,stop,breakout
SLV,2011-04-28,2011-05-02,47.3637,44.0779,5020,-16540.226515007365,-0.06937219322720334,3,stop,breakout
GLD,2011-04-06,2011-05-04,142.4712,148.7477,1755,10964.098025478459,0.0440543173440322,20,stop,breakout
QQQ,2011-04-28,2011-05-16,51.8193,50.5191,4960,-6499.753917283275,-0.02509106062920541,13,stop,breakout
TLT,2011-05-04,2011-06-06,62.1145,62.8922,4067,3111.9984884029122,0.012520158243967794,23,stop,breakout
QQQ,2011-07-25,2011-07-29,52.0146,50.4948,4892,-7484.950444912454,-0.029218473400822842,5,stop,breakout
DBC,2011-07-27,2011-08-03,26.0356,25.2894,9738,-7316.266829409307,-0.02865995202706839,6,stop,breakout
SLV,2011-07-27,2011-08-04,40.3302,37.9171,5295,-12818.59102828688,-0.0598326767676054,7,stop,breakout
GLD,2011-07-14,2011-08-09,154.8874,168.0264,1637,21455.67464232063,0.08482933590354302,19,stop,breakout
TLT,2011-08-01,2011-08-09,64.8122,69.8134,3859,19247.63493706368,0.07716430977268995,7,stop,breakout
TLT,2011-08-10,2011-08-11,71.6268,69.0728,3580,-9193.758941957769,-0.03565729418304375,2,stop,breakout
GLD,2011-08-10,2011-08-24,172.5462,177.1581,1486,6801.304767623894,0.02672843889849963,11,stop,breakout
TLT,2011-08-19,2011-08-24,73.6366,70.7911,3488,-9975.40747778008,-0.0386421711278957,4,stop,breakout
SLV,2011-08-22,2011-08-24,42.1311,39.5375,5019,-13058.002684392857,-0.0615590359555932,3,stop,breakout
TLT,2011-09-06,2011-09-27,76.3753,77.8527,3294,4815.66048927669,0.01934358297505656,16,stop,breakout
TLT,2011-10-04,2011-10-06,83.2278,80.0563,3039,-9687.64907032471,-0.03810563827310787,3,stop,breakout
QQQ,2011-10-25,2011-11-17,51.3796,48.9435,4890,-11961.509845889166,-0.047413431805623074,18,stop,breakout
USO,2011-10-25,2011-12-14,288.4642,291.2742,711,1956.7270986011886,0.009741422510620934,36,stop,breakout
USO,2012-01-05,2012-01-13,316.078,301.9913,791,-11191.433355548555,-0.04456702505540733,7,stop,breakout
GLD,2012-02-23,2012-02-29,172.7763,168.1714,1370,-6355.497996202929,-0.026652692491901164,5,stop,breakout
EEM,2012-01-24,2012-03-06,30.4664,31.3206,8138,6901.477379893323,0.02803858981960805,30,stop,breakout
DBC,2012-02-06,2012-03-06,23.9463,24.3885,10543,4611.31057731122,0.018466929792512188,21,stop,breakout
USO,2012-02-22,2012-03-06,324.162,320.6396,789,-2830.0580718093,-0.010866209490710488,10,stop,breakout
QQQ,2012-01-19,2012-04-10,52.8679,58.3857,4690,25826.639046533735,0.10437096476077024,57,stop,breakout
TLT,2012-05-09,2012-06-06,81.3822,86.5546,3129,16132.053525512969,0.06355755995777179,20,stop,breakout
TLT,2012-07-24,2012-07-27,89.1835,87.5402,2902,-4820.167245488512,-0.01842615086664079,4,stop,breakout
GLD,2012-08-23,2012-09-13,161.4907,166.9558,1616,8778.529380385888,0.03384159359496364,15,stop,breakout
SLV,2012-08-24,2012-09-13,29.5848,32.1239,8545,21644.26132499928,0.0858260325869229,14,stop,breakout
DBC,2012-08-08,2012-09-17,23.6164,24.2948,10950,7376.1328963977085,0.028726224090977803,28,stop,breakout
USO,2012-08-17,2012-09-19,286.223,279.4602,910,-6205.643797402525,-0.023627800132771548,23,stop,breakout
EEM,2012-09-14,2012-09-26,31.5087,30.4952,8647,-8817.689282573607,-0.03216694882686799,9,stop,breakout
GLD,2012-09-14,2012-09-26,171.9759,168.2614,1580,-5922.70468653923,-0.021599087864448974,9,stop,breakout
QQQ,2012-08-06,2012-10-09,58.5685,60.0196,4406,6341.467991933155,0.02477679619374329,46,stop,breakout
EEM,2012-12-07,2013-01-28,31.8289,32.8478,8291,8394.101033877128,0.032011850353225624,34,stop,breakout
USO,2013-01-18,2013-02-20,277.7388,272.4982,962,-5094.3883638223515,-0.018868801129695356,22,stop,breakout
DBC,2013-01-31,2013-02-20,23.9886,23.7266,11136,-2971.2403780294344,-0.010923624367898954,14,stop,breakout
QQQ,2013-01-24,2013-02-26,59.7075,59.0582,4467,-2953.589198031643,-0.010875099671387,23,stop,breakout
QQQ,2013-03-06,2013-04-05,61.705,60.2981,4282,-6076.686569309645,-0.02280080592040501,22,stop,breakout
TLT,2013-04-05,2013-04-10,85.5166,83.839,3085,-5227.575714405658,-0.019616988449904227,4,stop,breakout
QQQ,2013-04-11,2013-04-17,62.7096,61.3325,4184,-5813.6664618771565,-0.02195987119198728,5,stop,breakout
TLT,2013-05-02,2013-05-03,86.1936,84.6832,3042,-4646.601627676318,-0.01752327736385051,2,stop,breakout
QQQ,2013-04-30,2013-06-03,63.1136,64.9781,4143,7671.288855530376,0.029540937921567423,24,stop,breakout
USO,2013-06-19,2013-06-20,279.8198,270.5665,938,-8731.220496609772,-0.03306877390143581,2,stop,breakout
USO,2013-07-03,2013-07-30,287.5837,293.6119,908,5420.774224419007,0.020961322749667,19,stop,breakout
QQQ,2013-07-12,2013-08-28,67.5642,67.5237,3901,-210.874813146703,-0.0006001375542875609,33,signal,breakout
DBC,2013-08-27,2013-08-30,22.8298,22.4596,11539,-4323.948798439108,-0.01621548444413845,4,stop,breakout
SLV,2013-08-26,2013-09-05,23.3317,22.3399,11313,-11271.859298524183,-0.042508603087289654,8,stop,breakout
GLD,2013-08-27,2013-09-05,137.0085,132.9838,1922,-7787.343080325413,-0.02937546889804421,7,stop,breakout
USO,2013-08-28,2013-09-17,313.9169,303.6081,837,-8680.118972308588,-0.0328391378281746,14,stop,breakout
EEM,2013-09-10,2013-09-18,31.3368,31.4061,8201,516.4038265852072,0.0022096266822992927,7,stop,breakout
EEM,2013-09-19,2013-09-24,32.7491,31.7305,7860,-8056.960408596144,-0.031103422389747615,4,stop,breakout
QQQ,2013-09-10,2013-10-08,70.5002,69.7642,3645,-2733.9238560166264,-0.010439989630987134,21,stop,breakout
TLT,2013-10-23,2013-11-05,76.3142,74.8297,3358,-5035.722025676348,-0.019452550713622063,10,stop,breakout
EEM,2013-10-23,2013-11-07,32.5973,31.6438,7861,-7545.775696355794,-0.029250182292301252,12,stop,breakout
QQQ,2013-10-15,2014-01-27,72.0217,78.118,3537,21509.360983077975,0.08464473701769348,71,stop,breakout
TLT,2014-01-24,2014-02-06,76.3705,76.2822,3377,-349.79990978117246,-0.0011564375847328279,10,stop,breakout
USO,2014-02-19,2014-03-05,293.7468,290.654,868,-2735.297802120039,-0.010528879313533412,11,stop,breakout
SLV,2014-02-18,2014-03-07,20.8804,19.99,12420,-11109.97420980328,-0.04264450447734569,14,stop,breakout
DBC,2014-02-19,2014-03-12,22.1362,21.8774,11650,-3065.4856798014857,-0.011688133801784462,16,stop,breakout
GLD,2014-02-12,2014-03-19,124.4622,129.2988,2070,9959.165662940357,0.03885972752547673,25,stop,breakout
QQQ,2014-02-14,2014-03-24,81.1946,80.2546,3188,-3048.0671268687934,-0.011576652599993964,26,stop,breakout
TLT,2014-03-27,2014-03-31,78.5059,77.516,3260,-3277.8711071433077,-0.01260898975218927,3,stop,breakout
EEM,2014-03-28,2014-04-25,31.2446,31.0701,8188,-1480.1939158278008,-0.005586385127478444,20,stop,breakout
TLT,2014-04-16,2014-06-03,79.275,80.7875,3236,4842.723642513383,0.019079433771706178,33,stop,breakout
USO,2014-05-22,2014-06-05,305.0324,298.0109,842,-5962.897123060953,-0.023018932388051083,10,stop,breakout
DBC,2014-06-20,2014-06-30,22.7283,22.4457,11391,-3269.8217642689247,-0.012431026436527381,7,stop,breakout
USO,2014-06-11,2014-07-03,305.9129,306.3024,842,276.4389307092204,0.0012733487656477749,17,stop,breakout
GLD,2014-07-11,2014-07-14,128.4742,125.4372,2028,-6210.445414288213,-0.023638664098600715,2,stop,breakout
SLV,2014-06-20,2014-07-15,19.97,19.8806,12401,-1157.600543723391,-0.004474831675216895,17,stop,breakout
QQQ,2014-05-30,2014-08-01,83.2868,86.1587,3081,8796.257771881768,0.034482618812709864,45,stop,breakout
EEM,2014-05-14,2014-08-06,32.731,33.5973,7846,6744.525325908345,0.026465601764326108,59,stop,breakout
TLT,2014-07-18,2014-09-04,83.097,84.4488,3111,4153.338639837002,0.0162677837972085,34,stop,breakout
EEM,2014-08-20,2014-09-09,34.7043,34.3846,7425,-2424.5784646583643,-0.009210207817496485,14,stop,breakout
QQQ,2014-08-19,2014-09-25,89.9668,89.4975,2863,-1395.0039108509586,-0.005216435401076747,27,stop,breakout
TLT,2014-10-08,2014-10-15,87.0447,90.6182,2958,10517.885577609888,0.04105373016831004,6,stop,breakout
TLT,2014-10-16,2014-10-17,90.4478,88.2244,2871,-6434.778185363988,-0.024582520980044542,2,stop,breakout
QQQ,2014-11-03,2014-12-15,93.1142,93.4309,2778,828.0786354831214,0.003401619747349205,30,stop,breakout
TLT,2014-12-17,2014-12-18,92.9164,91.097,2791,-5129.309694060379,-0.01958106031900453,2,stop,breakout
GLD,2015-01-16,2015-01-29,121.7909,120.3142,2132,-3199.967833170338,-0.012124985363455187,9,stop,breakout
SLV,2015-01-20,2015-01-29,17.0685,16.4651,15314,-9291.850691124866,-0.03535172360759553,8,stop,breakout
TLT,2015-01-06,2015-02-04,95.8939,98.0408,2696,5735.684523715881,0.02238800521015949,21,stop,breakout
QQQ,2015-02-13,2015-03-12,97.8039,96.5275,2634,-3413.175768477903,-0.013050418428148247,19,stop,breakout
QQQ,2015-04-27,2015-04-30,102.317,100.041,2548,-5850.6448470714395,-0.022243972946005885,4,stop,breakout
EEM,2015-04-06,2015-05-06,32.6106,33.2944,7898,5348.9105713643385,0.02096984625903775,23,stop,breakout
DBC,2015-05-06,2015-05-19,15.5723,15.2104,16609,-6061.306951701163,-0.023237615822786273,10,stop,breakout
USO,2015-05-01,2015-05-26,162.4812,156.3912,1248,-7640.152668929738,-0.03748144521193231,17,stop,breakout
SLV,2015-05-15,2015-05-26,16.7084,16.002,15464,-10973.665265377882,-0.04227559886426113,7,stop,breakout
QQQ,2015-07-17,2015-07-27,104.2993,101.8924,2433,-5906.085940861736,-0.02307659639429671,7,stop,breakout
TLT,2015-08-04,2015-08-25,91.6947,92.6369,2756,2545.875925134888,0.010275303426672266,16,stop,breakout
GLD,2015-10-15,2015-10-28,113.2566,110.7267,2250,-5742.663717048152,-0.022337742116878223,10,stop,breakout
SLV,2015-10-07,2015-11-02,15.1976,14.625,16722,-9624.382491226006,-0.03767503149895435,19,stop,breakout
GBTC,2015-10-30,2015-11-02,0.3277,0.3399,552505,6689.397673425724,0.03714469191023517,2,stop,breakout
GBTC,2015-11-03,2015-11-03,0.4469,0.4332,358995,-4959.13995311111,-0.030711515546264723,1,stop,breakout
GBTC,2015-11-04,2015-11-04,0.4817,0.4812,260754,-150.6486380836368,-0.0009995002498749406,1,stop,breakout
GBTC,2015-11-05,2015-11-06,0.4991,0.4447,233305,-12700.421632515887,-0.10888700312112642,2,stop,breakout
QQQ,2015-10-26,2015-11-13,104.4233,101.7351,2424,-6566.1317141076515,-0.025743155987078326,15,stop,breakout
TLT,2016-01-14,2016-02-12,93.6606,98.7362,2655,13424.55082646499,0.05419103630562616,21,stop,breakout
GLD,2016-01-27,2016-02-16,106.9134,115.942,2332,21002.653929530086,0.08444747622234972,14,stop,breakout
SLV,2016-02-04,2016-02-22,14.1671,14.3328,17808,2900.9287948426177,0.011699680312520666,12,stop,breakout
DBC,2016-03-18,2016-04-01,11.5291,11.0443,22279,-10849.64719505962,-0.042044345837964014,10,stop,breakout
EEM,2016-03-18,2016-04-07,27.266,26.2457,9420,-9662.116193703832,-0.037422051900972364,14,stop,breakout
GBTC,2016-04-20,2016-04-21,0.5949,0.6251,300122,9015.959044327621,0.05070129801451495,2,stop,breakout
QQQ,2016-03-30,2016-04-27,102.0514,99.4283,2509,-6631.757348652518,-0.025703124934891797,21,stop,breakout
GBTC,2016-04-22,2016-04-27,0.6754,0.7126,252756,9375.35153434537,0.05512786708196371,4,stop,breakout
EEM,2016-04-14,2016-05-03,27.9553,26.9425,9055,-9220.307986378744,-0.03622804806370927,14,stop,breakout
DBC,2016-04-20,2016-05-05,11.7152,11.8007,21847,1817.1673633429582,0.007300670327733627,12,stop,breakout
SLV,2016-04-13,2016-05-09,15.4877,16.2226,16375,11981.83571445324,0.0474495450203809,19,stop,breakout
GLD,2016-05-02,2016-05-09,123.8419,120.5624,2097,-6928.373347088784,-0.02648138630914776,6,stop,breakout
GBTC,2016-06-06,2016-06-07,0.9088,0.8829,151043,-3928.2738322197774,-0.028421672095087502,2,stop,breakout
USO,2016-04-28,2016-06-16,89.3246,90.521,2168,2554.7166062869765,0.013393386174850752,35,stop,breakout
GBTC,2016-06-14,2016-06-20,1.1908,1.2176,92158,2446.095268790968,0.022491377023039272,5,stop,breakout
TLT,2016-06-06,2016-06-21,100.9102,101.6937,2577,1966.767227960474,0.00776393841648737,12,stop,breakout
DBC,2016-05-17,2016-06-27,12.3749,12.5795,20821,4206.513031450237,0.016527573427068454,29,stop,breakout
GLD,2016-06-27,2016-07-14,126.5032,126.018,2033,-1037.845502857969,-0.0038358500313492305,13,stop,breakout
TLT,2016-06-28,2016-07-14,105.9717,105.9388,2419,-130.82202218064,-0.00031036586525368115,12,stop,breakout
SLV,2016-06-30,2016-07-20,17.5388,18.4808,14632,13730.480518320499,0.05370897251581375,14,stop,breakout
SLV,2016-08-03,2016-08-05,19.5298,18.8415,13429,-9294.80767980237,-0.03524402256502657,3,stop,breakout
QQQ,2016-07-12,2016-09-12,104.314,106.1051,2418,4280.125507450537,0.017170776712959857,43,signal,breakout
EEM,2016-07-12,2016-09-12,28.5061,29.2201,9190,6507.772607479525,0.025044035980889,44,stop,breakout
QQQ,2016-09-22,2016-10-13,111.3496,109.1584,2338,-5174.458501972522,-0.019678095567931653,16,stop,breakout
QQQ,2016-10-25,2016-10-28,112.0992,109.9841,2305,-4926.546330671821,-0.01886830913254922,4,stop,breakout
USO,2016-10-07,2016-10-31,91.966,86.6766,2606,-13830.514227724378,-0.057513856793325324,17,stop,breakout
DBC,2016-10-11,2016-10-31,12.9586,12.6291,20091,-6670.264760291024,-0.02542283694797498,15,stop,breakout
GBTC,2016-11-01,2016-11-03,1.0925,1.0092,153765,-12843.46254806752,-0.07626229364317727,3,stop,breakout
GBTC,2016-12-27,2017-01-03,1.1491,1.2672,134231,15816.563356856495,0.10275137408170698,5,stop,breakout
GBTC,2017-01-04,2017-01-05,1.4103,1.3146,100368,-9629.305250382884,-0.06783409605744872,2,stop,breakout
EEM,2017-01-26,2017-02-28,30.7112,31.0552,8386,2833.3095077811968,0.011202381955237817,23,stop,breakout
DBC,2016-12-02,2017-03-03,13.1278,13.1484,19236,347.23124332971656,0.0015751921137960867,61,signal,breakout
GLD,2017-02-07,2017-03-03,117.3687,116.656,2192,-1613.4385818379242,-0.0060719388582671785,18,stop,breakout
SLV,2017-02-07,2017-03-07,16.7684,16.6217,14970,-2246.0250615086234,-0.008748374369301648,20,stop,breakout
EEM,2017-03-16,2017-04-11,32.3534,31.8929,8012,-3740.9911883703403,-0.014233415611354938,19,stop,breakout
SLV,2017-04-17,2017-04-20,17.5388,17.092,14777,-6653.396226317952,-0.025474451923259034,4,stop,breakout
TLT,2017-04-12,2017-04-25,94.9879,94.344,2720,-1802.7902245533585,-0.006778309080859524,9,stop,breakout
GLD,2017-04-12,2017-04-26,121.4407,119.9297,2127,-3265.1802450559107,-0.012442070228338542,10,stop,breakout
GBTC,2017-04-28,2017-05-04,1.3905,1.7175,121114,39569.65266883202,0.23519324816256426,5,stop,breakout
GBTC,2017-05-05,2017-05-10,1.7132,2.3118,78789,47128.3279408228,0.3493746021791806,4,stop,breakout
EEM,2017-05-03,2017-05-18,33.0151,32.6312,8028,-3135.115923465044,-0.011629755395214048,12,stop,breakout
GBTC,2017-05-24,2017-05-24,3.133,3.1299,30698,-115.35403751449259,-0.0009995002498750516,1,stop,breakout
GBTC,2017-05-25,2017-05-25,4.9162,4.681,22475,-5309.365751655793,-0.04785659023316202,1,stop,breakout
GBTC,2017-05-26,2017-05-26,4.6134,3.938,20519,-13875.759161557118,-0.1463971460203034,1,stop,breakout
QQQ,2016-12-14,2017-06-09,113.008,131.6711,2237,41694.615373402565,0.16514841443424655,122,stop,breakout
GLD,2017-06-07,2017-06-09,122.8514,120.3998,2236,-5536.228554732489,-0.01995603560525494,3,stop,breakout
TLT,2017-06-05,2017-06-29,97.2488,97.2372,2825,-87.85564794906193,-0.0001198034759801736,19,stop,breakout
EEM,2017-05-30,2017-08-10,33.9138,35.6185,8069,13698.40301023413,0.050262986867420034,52,stop,breakout
QQQ,2017-07-20,2017-08-10,136.3042,133.4453,2020,-5829.420350553932,-0.02097424488788835,16,stop,breakout
GBTC,2017-08-14,2017-08-14,7.2502,6.4715,17679,-13791.999399578268,-0.10741230196904017,1,stop,breakout
GBTC,2017-08-15,2017-08-15,7.0893,6.2303,15859,-13643.80836513399,-0.12116641474278023,1,stop,breakout
GBTC,2017-08-30,2017-09-01,8.3556,9.1931,14596,12198.800828521424,0.10023404439704842,3,stop,breakout
TLT,2017-09-06,2017-09-12,100.8557,99.3099,2708,-4240.275007153527,-0.015327009012963022,5,stop,breakout
GLD,2017-08-29,2017-09-18,125.8729,124.6476,2134,-2668.162664846012,-0.009734092465883526,14,stop,breakout
SLV,2017-08-29,2017-09-18,16.6783,16.381,16107,-4842.805348915846,-0.01782904031038024,14,stop,breakout
EEM,2017-08-25,2017-09-25,36.8699,36.6645,7293,-1551.2687215920737,-0.005569672256489522,21,stop,breakout
DBC,2017-09-01,2017-10-02,12.7387,12.8372,21057,2020.988065437379,0.007735085338613112,21,stop,breakout
USO,2017-09-26,2017-10-06,83.7218,80.04,3231,-11949.060791606309,-0.043977514848713595,9,stop,breakout
EEM,2017-10-11,2017-10-25,37.7892,37.3984,7076,-2818.537498891428,-0.010341716208473906,11,stop,breakout
DBC,2017-10-25,2017-11-14,13.3308,13.6202,20027,5742.627589454497,0.021712146327242055,15,stop,breakout
EEM,2017-11-07,2017-11-14,38.4212,37.7165,7186,-5118.526428103171,-0.018340867217479184,6,stop,breakout
USO,2017-10-30,2017-11-15,84.5222,88.223,3182,11720.75467508822,0.04378409335183986,13,stop,breakout
GBTC,2017-11-24,2017-11-28,9.9308,14.2525,12023,51930.91761546937,0.43518264445782706,3,stop,breakout
EEM,2017-11-21,2017-11-29,39.0942,38.3279,6965,-5391.173130238882,-0.019601248724061437,6,stop,breakout
GBTC,2017-11-29,2017-11-29,17.247,15.277,7136,-14080.80911837347,-0.11422034275140203,1,stop,breakout
QQQ,2017-10-06,2017-12-01,139.0725,144.4869,1918,10330.604256380866,0.03893286678326047,40,stop,breakout
GBTC,2017-12-05,2017-12-05,18.6768,15.9841,5165,-13925.601178763456,-0.14417286526160067,1,stop,breakout
USO,2017-11-27,2017-12-06,93.2466,89.9006,2999,-10089.652614336552,-0.03588360730622431,8,stop,breakout
GBTC,2017-12-13,2017-12-18,23.3497,28.7719,3863,20925.76178447442,0.2322167407294884,4,stop,breakout
TLT,2017-12-18,2017-12-19,100.8894,99.2428,2793,-4654.980192164547,-0.01632130059375192,2,stop,breakout
GBTC,2017-12-19,2017-12-19,32.2036,27.4256,2749,-13151.305985055918,-0.14837057906704132,1,stop,breakout
EEM,2018-01-03,2018-01-30,40.2366,42.1751,6884,13287.834764184181,0.04817728828856538,19,stop,breakout
GLD,2018-01-03,2018-01-31,125.1125,126.6424,2115,3182.365924033176,0.012227714146081592,20,stop,breakout
QQQ,2017-12-18,2018-02-02,150.174,157.8976,1876,14431.542667898992,0.051430508798035124,32,stop,breakout
USO,2017-12-27,2018-02-05,95.4877,101.8352,2862,18110.051465620894,0.06647444248330192,27,stop,breakout
DBC,2017-12-29,2018-02-05,14.0582,14.2452,19450,3581.233958102408,0.013298677981907758,25,stop,breakout
QQQ,2018-03-12,2018-03-19,164.6925,159.3445,1731,-9313.60475695025,-0.03247307122703791,6,stop,breakout
USO,2018-04-12,2018-05-25,107.2536,110.99,2645,9825.062511515789,0.03483709512381572,32,stop,breakout
DBC,2018-04-12,2018-05-29,14.5742,15.1268,19471,10701.453920526887,0.03791501458628166,33,stop,breakout
TLT,2018-05-30,2018-06-06,96.4056,94.7595,2990,-4979.038238604453,-0.01707487819770137,6,stop,breakout
QQQ,2018-06-04,2018-06-25,164.4943,162.544,1749,-3468.2738810506053,-0.011856337160486619,16,stop,breakout
USO,2018-06-29,2018-07-11,119.4997,114.3913,2402,-12326.598458099726,-0.04274835939801025,8,stop,breakout
TLT,2018-07-06,2018-07-20,98.2491,96.8966,2923,-4010.3776818384167,-0.013765958122754052,11,stop,breakout
QQQ,2018-07-13,2018-07-30,170.8147,167.6375,1666,-5349.5831556840585,-0.018600207349631193,12,stop,breakout
QQQ,2018-08-28,2018-09-06,175.9358,172.8269,1611,-5064.631633148416,-0.017670678877156232,7,stop,breakout
DBC,2018-09-25,2018-10-10,15.0563,15.2954,18788,4434.768762721528,0.01587890881262055,12,stop,breakout
USO,2018-09-25,2018-10-11,122.6213,121.6991,2307,-2183.777275249075,-0.007520354057469425,13,stop,breakout
TLT,2018-12-19,2019-01-09,97.4741,98.1657,2917,1960.2903254578487,0.007095078928804899,14,stop,breakout
SLV,2018-12-27,2019-02-13,14.2571,14.5952,20051,6720.638956633485,0.02371182669033578,33,stop,breakout
GLD,2018-12-10,2019-02-27,117.7588,124.5113,2415,16248.681304659225,0.05734141947465066,54,stop,breakout
EEM,2019-01-28,2019-03-08,35.3873,35.2414,8195,-1253.7664435753566,-0.0041237588665904434,29,stop,breakout
DBC,2019-02-19,2019-03-08,13.6153,13.3211,21458,-6369.83044715464,-0.02160491572820855,14,stop,breakout
DBC,2019-03-21,2019-03-28,13.8038,13.499,21395,-6580.345453019852,-0.022083354255430065,6,stop,breakout
TLT,2019-03-25,2019-04-03,101.7317,100.8727,2876,-2528.946387553683,-0.008444436941992373,8,stop,breakout
GBTC,2019-04-03,2019-04-12,5.3595,5.8911,25758,13663.213899721566,0.09918288158081179,8,stop,breakout
USO,2019-02-19,2019-05-02,93.1666,102.7612,2716,26005.76961526574,0.1029834966852623,52,stop,breakout
DBC,2019-04-09,2019-05-02,13.8895,13.6359,21712,-5565.036166660501,-0.018255457427755695,17,stop,breakout
EEM,2019-04-08,2019-05-06,37.6091,36.432,8052,-9537.993557306756,-0.031299466658638475,20,stop,breakout
QQQ,2019-02-26,2019-05-09,165.539,175.8198,1769,18126.264936875235,0.062104698303065975,52,stop,breakout
GBTC,2019-05-08,2019-05-14,7.1129,8.69,17887,28181.45741540517,0.2217262712526078,5,stop,breakout
GBTC,2019-05-29,2019-06-03,10.3304,9.5742,12697,-9625.841998700045,-0.07319479013512853,4,stop,breakout
GLD,2019-06-04,2019-06-26,124.9424,132.7951,2411,18870.568391626046,0.06285004221493407,17,stop,breakout
GBTC,2019-06-21,2019-06-27,11.912,13.4854,10281,16149.495867857864,0.13208100660953792,5,stop,breakout
TLT,2019-05-24,2019-07-05,104.4211,108.2438,2887,10974.671508741645,0.03660828170481989,29,stop,breakout
SLV,2019-06-21,2019-07-05,14.3672,14.0189,21239,-7457.755716082576,-0.024242501046681575,10,stop,breakout
SLV,2019-07-17,2019-08-01,14.7574,14.9925,20901,4852.167411262553,0.015932711610296746,12,stop,breakout
GLD,2019-07-19,2019-08-01,135.5177,132.3538,2286,-7293.988041104264,-0.02334701123517613,10,stop,breakout
QQQ,2019-07-05,2019-08-02,182.5589,180.7613,1688,-3095.558295070615,-0.009846301659217405,21,stop,breakout
TLT,2019-08-02,2019-08-07,111.7199,115.0059,2743,8951.549158660368,0.029413646290152196,4,stop,breakout
TLT,2019-08-08,2019-08-19,114.5857,118.1158,2707,9493.010330762192,0.030807582992726346,8,stop,breakout
GLD,2019-08-06,2019-09-05,138.3992,141.9639,2231,7890.4678950087455,0.02575721242188811,22,stop,breakout
SLV,2019-08-08,2019-09-05,15.7879,17.6091,19647,35716.447539398396,0.11535728934608569,20,stop,breakout
USO,2019-09-17,2019-09-18,103.4917,96.415,2274,-16138.029090174803,-0.06838003832704553,2,stop,breakout
EEM,2019-10-28,2019-11-13,36.7979,36.5555,8621,-2153.2619022803815,-0.006588248657677265,13,stop,breakout
DBC,2019-12-13,2020-01-08,13.5382,13.7655,23697,5322.611589023247,0.016792620033082795,17,stop,breakout
USO,2019-12-18,2020-01-08,101.3306,100.3315,3196,-3257.80927506109,-0.009860525646991358,14,stop,breakout
GLD,2020-01-02,2020-01-09,143.9319,145.5578,2116,3379.111442529355,0.011296190785832216,6,stop,breakout
EEM,2019-12-13,2020-01-21,38.2133,39.4441,8395,10267.835449591048,0.03221015963092211,25,stop,breakout
QQQ,2019-10-28,2020-01-27,189.1037,209.6679,1677,34419.18956408317,0.10874529236151065,62,stop,breakout
GLD,2020-01-28,2020-02-04,148.4342,146.204,2205,-4982.418553990458,-0.015024412972731938,6,stop,breakout
QQQ,2020-02-05,2020-02-21,221.9687,220.9023,1473,-1636.0976726347162,-0.004804450446693087,12,stop,breakout
GBTC,2020-01-31,2020-02-24,10.1315,10.9663,17690,14729.550648755672,0.08239210960901655,16,stop,breakout
GLD,2020-02-19,2020-02-25,151.0755,155.0167,2222,8689.376410609058,0.026087748627576346,5,stop,breakout
SLV,2020-02-20,2020-02-25,17.0985,16.9852,19514,-2278.3564592286502,-0.006629019797751878,4,stop,breakout
TLT,2020-01-27,2020-03-03,119.5679,128.031,2742,23137.84603813697,0.07078046005146277,26,stop,breakout
TLT,2020-03-09,2020-03-09,149.2314,143.9373,2249,-11972.37512710071,-0.0354758129760494,1,stop,breakout
TLT,2020-03-10,2020-03-10,141.3491,135.4126,2358,-14063.529999635713,-0.04199886897967153,1,stop,breakout
GLD,2020-04-14,2020-06-08,162.8114,158.8205,2034,-8182.741353213598,-0.024511906344162226,38,signal,breakout
SLV,2020-05-21,2020-06-15,16.1381,15.8621,20540,-5734.75336802862,-0.017102378078830638,17,stop,breakout
QQQ,2020-05-21,2020-07-24,223.6302,243.8739,1461,29507.631055188933,0.09052274450785869,45,stop,breakout
SLV,2020-07-09,2020-07-29,17.7089,22.0992,17499,76757.5033190182,0.24791978678628723,15,stop,breakout
GLD,2020-06-23,2020-08-11,165.7128,183.4782,2050,36347.49082871842,0.10720596298828422,35,stop,breakout
TLT,2020-07-31,2020-08-11,142.5126,140.0323,2606,-6537.282014417131,-0.01740404296335074,8,stop,breakout
GBTC,2020-08-04,2020-08-25,11.7222,11.5331,15577,-2981.417098299959,-0.016129481781170574,16,stop,breakout
QQQ,2020-08-18,2020-09-03,267.557,279.2909,1416,16537.762304374348,0.043855690914859746,13,stop,breakout
DBC,2020-06-04,2020-09-08,10.4382,11.1235,31963,21836.237554809577,0.06565599783454124,67,stop,breakout
EEM,2020-06-02,2020-09-24,34.2286,37.4122,9808,31154.162178955532,0.09300900786951205,80,signal,breakout
EEM,2020-10-12,2020-10-28,40.6042,39.4486,9129,-10622.424412187745,-0.028459783142223305,13,stop,breakout
GBTC,2020-10-28,2020-11-25,13.8642,19.6975,13646,79555.4935510951,0.42074591658759264,21,stop,breakout
GBTC,2020-12-17,2020-12-24,27.0144,24.3315,6589,-17711.52103756662,-0.09931403311519238,6,stop,breakout
GBTC,2021-01-05,2021-01-07,31.1719,37.3942,4809,29890.458782054196,0.1996153602080426,3,stop,breakout
GBTC,2021-01-08,2021-01-11,43.2465,33.4702,4176,-40858.23824303033,-0.22606173429584464,2,stop,breakout
EEM,2020-11-05,2021-01-27,42.0405,48.4814,8889,57172.60355941145,0.15320689599623538,56,stop,breakout
QQQ,2020-12-02,2021-01-29,292.5587,303.8997,1323,14925.18763960806,0.0387647572578671,40,stop,breakout
QQQ,2021-02-08,2021-02-22,323.0039,312.9993,1307,-13159.120045830345,-0.0309735748189921,10,stop,breakout
EEM,2021-02-10,2021-02-22,51.1464,49.7552,8257,-11570.134206374745,-0.027199598213508813,8,stop,breakout
DBC,2020-11-25,2021-03-01,12.2141,14.5064,31582,72310.2741159381,0.18767397997153745,64,stop,breakout
USO,2020-11-25,2021-03-02,31.3156,40.1533,11141,98380.6679774265,0.2822120303182847,65,stop,breakout
SLV,2021-02-02,2021-03-04,25.5528,23.7689,11711,-20948.51203505955,-0.0698107138261389,22,stop,breakout
USO,2021-03-05,2021-03-18,44.102,42.0847,9511,-19268.751007821033,-0.04574221488411523,10,stop,breakout
DBC,2021-03-08,2021-03-18,15.0261,14.6147,27842,-11535.921197880587,-0.027377122137171694,9,stop,breakout
QQQ,2021-04-14,2021-05-04,330.9366,319.3986,1251,-14515.403825759005,-0.034864709896885726,15,stop,breakout
DBC,2021-04-26,2021-05-13,15.296,15.8523,27095,14989.213310467037,0.03637065650038385,14,stop,breakout
USO,2021-05-05,2021-05-19,45.2526,43.1047,9186,-19811.60340810836,-0.04746424932235438,11,stop,breakout
SLV,2021-05-18,2021-05-21,26.3832,25.3577,15751,-16233.613920178608,-0.038868168686235105,4,stop,breakout
GLD,2021-05-07,2021-06-14,171.6158,173.0734,2421,3445.545321054793,0.008493741189600668,26,stop,breakout
EEM,2021-06-02,2021-06-16,49.7843,48.4877,8258,-10787.947141910925,-0.02604308903057706,11,stop,breakout
DBC,2021-06-09,2021-06-17,16.7934,16.3436,24481,-11090.974791446633,-0.026780265751296217,7,stop,breakout
TLT,2021-06-10,2021-06-22,119.5036,120.5201,3260,3235.622000089339,0.0085062228962125,9,stop,breakout
USO,2021-06-02,2021-07-07,46.5833,48.2081,8826,14257.287589026497,0.034880599128445766,25,stop,breakout
TLT,2021-07-07,2021-07-13,125.3863,123.2532,3291,-7101.633626552065,-0.017011681797020173,5,stop,breakout
QQQ,2021-06-15,2021-07-19,334.1404,341.9398,1228,9494.641197087125,0.023341684810728625,24,stop,breakout
TLT,2021-07-20,2021-07-21,129.6006,125.7788,3152,-12127.022539740397,-0.029489579212248485,2,stop,breakout
DBC,2021-07-30,2021-08-03,17.011,16.5114,23844,-11991.31663625333,-0.029366582282325027,3,stop,breakout
GBTC,2021-08-09,2021-09-13,34.2357,32.0471,5348,-11740.084493208968,-0.06392740672171937,25,stop,breakout
QQQ,2021-07-26,2021-09-20,357.2156,357.225,1137,-70.53582803716421,2.6334984271736417e-05,40,stop,breakout
DBC,2021-09-16,2021-09-21,17.1503,16.6419,23595,-12074.070531379433,-0.029640450071632074,4,stop,breakout
GBTC,2021-10-07,2021-10-27,38.0226,41.9603,5469,21491.669641008848,0.10356268306092975,15,stop,breakout
USO,2021-09-24,2021-11-03,51.3156,55.3369,7796,31266.390617893707,0.07836271959832586,29,stop,breakout
DBC,2021-09-28,2021-11-04,17.7075,18.248,22690,12182.28469998568,0.030523670545713255,28,stop,breakout
GBTC,2021-11-10,2021-11-16,48.7958,44.0791,5067,-23946.66361790944,-0.09666227306159147,5,stop,breakout
GLD,2021-11-11,2021-11-22,174.067,169.815,2378,-10192.892808555756,-0.024427043463453035,8,stop,breakout
SLV,2021-11-12,2021-11-22,23.1916,22.2893,17871,-16206.85065072048,-0.03890771615401789,7,stop,breakout
QQQ,2021-10-29,2021-11-23,370.8168,383.2458,1126,13910.126019840387,0.03351784649463463,18,stop,breakout
TLT,2021-12-02,2021-12-08,130.7546,127.4197,3110,-10451.67372661071,-0.025504643823778372,5,stop,breakout
USO,2022-01-13,2022-02-24,59.0495,65.9642,6866,47390.30920685824,0.11709957915453173,29,stop,breakout
DBC,2022-01-18,2022-02-24,19.0307,20.7585,21447,36969.36038456917,0.09078650955132805,27,stop,breakout
GLD,2022-02-14,2022-02-24,173.8669,177.8858,2421,9644.516285798707,0.023114616287433387,8,stop,breakout
DBC,2022-03-02,2022-03-09,22.0429,23.2646,19277,23462.28405525231,0.05542116400289365,6,stop,breakout
USO,2022-03-02,2022-03-09,74.1871,79.96,5001,28793.301337293182,0.07781575637752769,6,stop,breakout
GLD,2022-03-07,2022-03-09,184.5422,185.947,2397,3278.3827085298863,0.0076120864263737875,3,stop,breakout
SLV,2022-03-02,2022-03-14,23.2216,23.3583,18298,2416.319751835324,0.0058872657678716855,9,stop,breakout
GBTC,2022-03-29,2022-04-11,29.7439,25.8046,6626,-26138.23500720819,-0.13243888223112033,10,stop,breakout
DBC,2022-04-19,2022-04-25,24.2629,22.9341,17815,-23756.77666175605,-0.05476709020375581,5,stop,breakout
USO,2022-05-27,2022-06-17,84.3722,84.1089,3991,-1118.0122734009133,-0.0031205227206444475,15,stop,breakout
DBC,2022-05-31,2022-06-17,25.6297,25.0869,16750,-9176.737234215214,-0.021178315661216307,14,stop,breakout
TLT,2022-08-02,2022-08-05,104.035,100.2969,4112,-15455.056444392143,-0.03593111286530615,4,stop,breakout
QQQ,2022-08-01,2022-08-26,306.5747,303.2211,1374,-4691.551956432003,-0.010938742874300411,20,stop,breakout
SLV,2022-10-05,2022-10-11,18.6993,17.625,19944,-21498.40389126716,-0.05745152853958757,5,stop,breakout
TLT,2022-12-08,2022-12-20,95.0032,90.4816,4508,-20466.95993900525,-0.04759413315869643,9,stop,breakout
EEM,2022-12-01,2022-12-22,36.2685,34.9777,11824,-15346.174990764015,-0.03558902389413765,16,stop,breakout
SLV,2022-11-09,2023-01-23,19.6698,20.9327,19797,24920.171019391903,0.06420215534553919,50,stop,breakout
GLD,2022-11-14,2023-02-03,164.2821,174.8325,2579,27122.130250093167,0.06422149107681818,56,stop,breakout
EEM,2023-01-05,2023-02-06,36.2266,37.2671,11731,12119.844380095894,0.028721874380533308,22,stop,breakout
GBTC,2023-02-03,2023-02-09,11.4917,10.2628,17687,-21774.773846045242,-0.10694132001465939,5,stop,breakout
QQQ,2023-01-30,2023-02-21,287.5233,289.6722,1505,3147.1517733541014,0.007473655112618882,16,stop,breakout
GBTC,2023-03-17,2023-04-20,13.34,14.2785,13654,12777.254352365964,0.07035609022152545,24,stop,breakout
USO,2023-04-13,2023-04-20,72.3962,67.8261,6072,-27834.850874647193,-0.06312639647646856,6,stop,breakout
GLD,2023-03-20,2023-04-21,184.2821,183.7065,2324,-1423.2506880241076,-0.003123555611583728,24,stop,breakout
SLV,2023-04-05,2023-04-27,22.8314,22.5132,18862,-6088.043265860037,-0.013938393982912745,16,stop,breakout
SLV,2023-05-05,2023-05-11,23.3917,22.4277,18092,-17523.172741434297,-0.041210245075843366,5,stop,breakout
GLD,2023-05-05,2023-05-18,186.6533,182.009,2267,-10612.252471183258,-0.024882078245219152,10,stop,breakout
EEM,2023-06-12,2023-06-21,37.3438,37.2,11470,-1735.439671825957,-0.003851993271866583,7,stop,breakout
GBTC,2023-06-26,2023-07-24,17.163,17.089,12020,-931.7835232965373,-0.004317078210577474,20,stop,breakout
EEM,2023-07-14,2023-08-02,38.5237,37.9299,11299,-6795.431472363789,-0.015413207603976242,14,stop,breakout
QQQ,2023-03-31,2023-08-08,310.5593,363.9974,1381,73704.96882690687,0.17207079911133238,89,stop,breakout
USO,2023-07-25,2023-08-23,70.4352,70.6299,6184,1116.6687715201056,0.002763964148097431,22,stop,breakout
DBC,2023-07-20,2023-10-02,21.0549,21.6379,20552,11892.213832499398,0.02768516380514008,52,stop,breakout
USO,2023-09-05,2023-10-04,78.109,77.931,5554,-1075.379252089011,-0.002279102222613849,22,stop,breakout
GBTC,2023-10-17,2023-10-27,19.7479,22.5601,14816,41603.511332302645,0.14240719878800334,9,stop,breakout
GLD,2023-10-20,2023-11-08,183.5217,180.8891,2387,-6371.054935696278,-0.01434502002751814,14,stop,breakout
SLV,2023-11-27,2023-12-05,22.6813,22.0721,19675,-12074.877504101325,-0.026860915719459588,7,stop,breakout
GLD,2023-11-28,2023-12-05,187.9939,187.0256,2396,-2410.087868841429,-0.005151111646847117,6,stop,breakout
GBTC,2023-11-08,2023-12-11,25.2339,29.969,12047,56976.7232871604,0.18764641794429404,23,stop,breakout
GLD,2023-12-28,2024-01-03,192.4362,188.5516,2389,-9371.31775807721,-0.020186413242527235,4,stop,breakout
QQQ,2023-11-15,2024-01-05,381.7649,390.8973,1165,10549.213854414782,0.023921487371224348,35,stop,breakout
TLT,2023-12-06,2024-01-05,85.918,87.2438,5272,6898.3403841865065,0.01543102059349244,21,stop,breakout
EEM,2023-12-15,2024-01-08,37.6247,37.3229,12175,-3766.4684577559997,-0.008023076768580384,15,stop,breakout
GBTC,2023-12-26,2024-01-12,32.7173,35.5655,9290,26395.998841503297,0.08705361317892146,13,stop,breakout
QQQ,2024-01-19,2024-02-20,410.3721,418.4728,1112,8915.752939771586,0.01973976159096269,22,stop,breakout
GBTC,2024-02-13,2024-02-28,39.5139,47.7038,8270,67658.74242564921,0.2072676477243336,11,stop,breakout
GBTC,2024-02-29,2024-03-05,51.0915,50.7258,6733,-2530.8493493840524,-0.007157859107499331,4,stop,breakout
QQQ,2024-03-04,2024-03-05,440.4073,429.913,1082,-11449.048436252788,-0.02382872213311027,2,stop,breakout
GBTC,2024-03-12,2024-03-19,58.3309,51.2932,4928,-34735.551965248895,-0.12065049554557561,6,stop,breakout
EEM,2024-02-23,2024-04-12,38.7275,38.7066,11920,-340.53032508805444,-0.0005377208545700451,35,stop,breakout
GLD,2024-03-05,2024-04-12,197.5387,219.7641,2353,52198.053368614885,0.11251135015814295,28,stop,breakout
SLV,2024-03-21,2024-04-12,23.1516,25.9311,19029,52798.735814627944,0.12005899337225467,16,stop,breakout
DBC,2024-03-14,2024-04-17,20.7848,21.4992,22645,16082.599625883482,0.03437289954849221,24,stop,breakout
USO,2024-03-04,2024-04-18,75.4677,78.4138,6316,18510.071397830936,0.03903724595593849,33,stop,breakout
SLV,2024-05-20,2024-05-23,28.9445,27.6086,17101,-22941.26004388133,-0.046152533214523506,4,stop,breakout
EEM,2024-05-03,2024-05-29,40.3972,40.3759,12162,-357.40709669063955,-0.0005275096184529371,18,stop,breakout
QQQ,2024-05-16,2024-05-31,448.016,438.2215,1103,-10901.089777903318,-0.021861948852596846,11,stop,breakout
TLT,2024-06-17,2024-07-01,86.1963,83.5206,5680,-15294.467961580829,-0.031042122437079378,10,stop,breakout
QQQ,2024-06-06,2024-07-17,459.4067,481.8571,1056,23608.19863092829,0.04886818983934704,28,stop,breakout
EEM,2024-07-08,2024-07-18,42.0211,41.7442,11652,-3323.5665029014117,-0.006588577651622796,9,stop,breakout
GLD,2024-07-17,2024-07-19,228.9044,221.4092,2123,-16007.79232262482,-0.03274355755553304,3,stop,breakout
TLT,2024-08-01,2024-08-06,88.2616,89.8501,5484,8613.393796051936,0.017997087422206404,4,stop,breakout
TLT,2024-09-17,2024-09-19,94.4403,91.9749,5186,-12882.027507133873,-0.02610494622615045,3,stop,breakout
SLV,2024-09-25,2024-10-08,29.1146,27.8643,16798,-21097.162508313562,-0.04294193437702065,10,stop,breakout
EEM,2024-09-25,2024-10-09,43.4717,43.745,11292,2987.267734343371,0.006286128601358909,11,stop,breakout
DBC,2024-10-04,2024-10-09,21.3545,20.8007,23189,-12938.822356359142,-0.025931632131392823,4,stop,breakout
SLV,2024-10-21,2024-10-31,31.1456,29.6139,15631,-24036.133897737294,-0.04917702334981,9,stop,breakout
GLD,2024-08-19,2024-11-06,230.2651,245.5172,2111,32096.76762554326,0.06623718729817307,57,stop,breakout
GBTC,2024-10-21,2024-11-26,54.057,73.1634,6696,127851.15492653831,0.3534487356128202,27,stop,breakout
QQQ,2024-10-15,2024-12-18,494.1447,512.8793,981,18279.82194907223,0.03791312123414525,46,stop,breakout
GBTC,2024-12-17,2024-12-18,85.5227,79.462,4268,-25937.658191605886,-0.07086700904028131,2,stop,breakout
USO,2025-01-03,2025-01-23,77.4487,79.9184,6527,16017.04641357471,0.031888256598009423,13,stop,breakout
DBC,2025-01-13,2025-01-27,21.5363,21.2093,23770,-7873.7259173306375,-0.015182358214424041,10,stop,breakout
QQQ,2025-02-19,2025-02-24,535.4452,520.2364,960,-14701.838733258444,-0.02840411509221985,4,stop,breakout
DBC,2025-02-19,2025-02-25,22.2235,21.7525,23146,-11004.436495224942,-0.021195475885542492,5,stop,breakout
GLD,2025-01-27,2025-02-27,253.9869,264.6143,1998,21129.941423103566,0.04184233558403516,23,stop,breakout
EEM,2025-02-18,2025-02-27,43.727,42.8977,11770,-9862.544631910236,-0.018964888355759046,8,stop,breakout
SLV,2025-03-14,2025-03-21,30.9255,29.8015,16351,-18477.5510138701,-0.03634493463785893,6,stop,breakout
SLV,2025-03-28,2025-04-03,31.4057,28.9355,16081,-39819.816403460216,-0.07865352684650284,5,stop,breakout
GLD,2025-03-14,2025-04-04,276.4081,280.2076,1829,6847.351505897737,0.01374572288917597,16,stop,breakout
TLT,2025-04-07,2025-04-08,87.6122,85.0479,5659,-14609.161811126081,-0.029268910893134548,2,stop,breakout
GLD,2025-04-11,2025-04-23,298.109,304.0279,1653,9684.46009564447,0.019854924861308687,8,stop,breakout
GBTC,2025-05-09,2025-06-05,81.2906,80.6989,4881,-2967.1991073589916,-0.007278933807640109,19,stop,breakout
USO,2025-06-16,2025-06-23,79.0495,77.1538,5976,-11421.985810470673,-0.023981037656635174,5,stop,breakout
DBC,2025-06-18,2025-06-23,22.4461,21.846,22705,-13726.12619817784,-0.026735670077405516,3,stop,breakout
SLV,2025-06-03,2025-06-24,31.2856,32.0507,15996,12137.261887067109,0.024455382995827613,15,stop,breakout
SLV,2025-07-14,2025-07-16,35.2376,34.059,14443,-17123.13702532611,-0.03344826181875482,3,stop,breakout
SLV,2025-07-22,2025-07-30,35.5678,34.1029,14295,-21039.414958875594,-0.04118433991716164,7,stop,breakout
GBTC,2025-07-11,2025-08-01,92.6763,89.311,5465,-18490.802058769983,-0.036312370768008084,16,stop,breakout
TLT,2025-08-05,2025-08-18,85.0293,83.2973,5855,-10239.289629714487,-0.02036920636724049,10,stop,breakout
GBTC,2025-08-14,2025-08-20,92.9765,88.319,5409,-25290.202771503875,-0.05009277014032032,5,stop,breakout
GLD,2025-09-02,2025-09-10,320.9804,328.4416,1539,11382.803051048922,0.02324495545446492,7,stop,breakout
TLT,2025-09-08,2025-09-22,86.635,85.9664,4540,-3114.0392721776366,-0.007718030548721333,11,stop,breakout
SLV,2025-09-02,2025-10-02,36.6483,41.8809,13486,70460.54470937507,0.14277793131044136,23,stop,breakout
GLD,2025-09-16,2025-10-09,340.26,362.7473,1485,33289.15422658564,0.06608839379743614,18,stop,breakout
EEM,2025-05-13,2025-10-10,44.5183,51.7849,11167,81039.38460320061,0.16322903640735031,105,stop,breakout
DBC,2025-09-29,2025-10-10,21.9428,21.5189,17801,-7623.900668365379,-0.019320154048258043,10,stop,breakout
GBTC,2025-10-07,2025-10-10,98.009,93.1631,5457,-26548.166032246063,-0.04944299358326931,4,stop,breakout
SLV,2025-10-14,2025-10-17,46.013,45.9687,11350,-606.7838458132416,-0.0009619664430513541,4,stop,breakout
GLD,2025-10-14,2025-10-21,378.3991,386.3467,1380,10862.211158755621,0.021003332630518123,6,stop,breakout
TLT,2025-10-15,2025-11-03,88.6817,87.6033,5985,-6559.944094549601,-0.012160742184849638,14,stop,breakout
QQQ,2025-05-16,2025-11-07,518.411,599.8602,960,78083.91445515992,0.15711325253828967,122,stop,breakout
EEM,2025-10-21,2025-11-07,53.8467,53.4184,9761,-4285.080365820167,-0.00795356988373297,14,stop,breakout
DBC,2025-11-04,2025-11-21,22.0977,21.7662,23863,-8015.573567882748,-0.015002165474318097,14,stop,breakout
DBC,2025-12-08,2025-12-16,22.4268,21.9016,23340,-12362.388872870819,-0.023419871591732533,7,stop,breakout
SLV,2025-12-01,2025-12-29,52.016,65.6272,9270,126066.55539470843,0.2616729054503988,20,stop,breakout
GLD,2025-12-23,2025-12-29,410.5051,401.0889,1324,-12574.53385723547,-0.022938135958230466,4,stop,breakout
SLV,2026-01-07,2026-01-26,69.8549,98.1625,4800,135795.7007826987,0.40523383194305795,13,stop,breakout
DBC,2025-12-29,2026-01-29,22.6013,25.0386,24019,58426.104454206514,0.1078371510119267,22,stop,breakout
GLD,2026-01-13,2026-01-29,424.8023,489.9372,1310,85206.95892002589,0.1533300440551686,12,stop,breakout
SLV,2026-01-27,2026-01-29,98.029,97.0967,3551,-3379.9637400422857,-0.009510673742506914,3,stop,breakout
QQQ,2026-01-28,2026-01-29,634.9771,618.6551,965,-15871.667682126097,-0.02570480199639591,2,stop,breakout
EEM,2026-01-05,2026-01-30,56.6183,59.1817,9606,24512.861996962478,0.04527526349884581,19,stop,breakout
DBC,2026-01-30,2026-01-30,24.8024,24.0786,24191,-17627.131107294947,-0.029181726612489634,1,stop,breakout
GLD,2026-01-30,2026-01-30,466.4831,440.9449,1184,-30344.73259686311,-0.05474636263886623,1,stop,breakout
USO,2026-01-30,2026-02-02,79.4797,75.4622,7549,-30444.8651643878,-0.05054713729689986,2,stop,breakout
EEM,2026-02-12,2026-02-13,61.8709,60.2152,9453,-15766.926372737056,-0.026760870858596353,2,stop,breakout
EEM,2026-02-23,2026-02-27,62.051,62.1689,9380,989.2927800989426,0.001899893389250229,5,stop,breakout
USO,2026-02-20,2026-03-03,80.5803,88.4204,7212,56421.399327463885,0.09729635636710121,8,stop,breakout
TLT,2026-02-17,2026-03-05,88.9913,87.9085,6537,-7193.5649854087,-0.012166904078540486,13,stop,breakout
DBC,2026-03-03,2026-03-09,26.3832,27.3842,22582,22482.44210755744,0.03793961852052741,5,stop,breakout
USO,2026-03-04,2026-03-09,90.2651,116.6275,6010,158313.52285242756,0.2920549616320145,4,stop,breakout
DBC,2026-03-13,2026-03-23,28.5343,27.5676,22029,-21417.898070110496,-0.03387678545911288,7,stop,breakout
USO,2026-03-31,2026-04-08,129.4147,119.0005,2566,-26786.615288115747,-0.0804716548208102,6,stop,breakout
DBC,2026-04-07,2026-04-08,29.6248,28.016,21247,-34305.06632202979,-0.05430651412530518,2,stop,breakout
DBC,2026-04-24,2026-05-07,29.7549,29.7143,20769,-966.9768515807973,-0.0013648773984724638,10,stop,breakout
USO,2026-04-30,2026-05-07,146.3932,128.7056,2192,-38831.40699618539,-0.1208222240177429,6,stop,breakout
EEM,2026-05-07,2026-05-12,67.7038,65.092,9147,-24012.01117604895,-0.038577500099863826,4,stop,breakout
GBTC,2026-05-05,2026-05-18,63.3717,59.6744,8542,-31687.317593563726,-0.058342874091436125,10,stop,breakout
DBC,2026-05-13,2026-05-21,31.6158,30.4531,19377,-22650.037809484962,-0.036776125988640995,7,stop,breakout
