Week_Ending,Open,Low,High,Close,A2P,Volume,OB_Bull,OB_Bear,OB_Type,OB_High,OB_Low,OB_Mid
2000-01-07 00:00:00-05:00,92.8951,86.0024,92.8951,91.3286,0.6266,42725700,0,0,,,,
2000-01-14 00:00:00-05:00,91.6419,89.5271,92.4056,92.0923,0.6266,32748700,0,0,,,,
2000-01-21 00:00:00-05:00,91.0740,90.1145,92.1119,90.5062,0.6266,24691300,0,0,,,,
2000-01-28 00:00:00-05:00,91.2698,84.9254,91.3873,85.1408,0.6266,45836400,0,0,,,,
2000-02-04 00:00:00-05:00,85.1016,84.5925,90.2320,89.3508,0.6266,38317400,0,0,,,,
2000-02-11 00:00:00-05:00,89.3312,86.4919,90.5844,86.9031,0.6266,35834100,0,0,,,,
2000-02-18 00:00:00-05:00,87.5885,84.3575,88.4892,84.7883,0.6266,45445900,0,0,,,,
2000-02-25 00:00:00-05:00,84.7100,83.3980,86.1395,83.5449,0.6266,56469300,0,0,,,,
2000-03-03 00:00:00-05:00,83.5742,83.1630,88.8025,88.4305,0.6266,48878800,0,0,,,,
2000-03-10 00:00:00-05:00,88.2347,84.6121,88.9788,87.8039,0.6266,57263100,0,0,,,,
2000-03-17 00:00:00-05:00,85.8676,85.2394,92.9742,92.3067,0.6282,64979500,0,0,,,,
2000-03-24 00:00:00-05:00,92.2674,90.7755,97.8428,96.4686,0.6282,57492300,0,0,,,,
2000-03-31 00:00:00-05:00,96.3507,92.4245,96.6059,94.4661,0.6282,40621500,0,0,,,,
2000-04-07 00:00:00-04:00,94.3091,88.8221,96.1152,95.1336,0.6282,48883000,0,0,,,,
2000-04-14 00:00:00-04:00,95.3299,83.8652,96.1839,85.4357,0.6282,71239600,0,0,,,,
2000-04-21 00:00:00-04:00,84.9253,84.6112,91.1680,90.3435,0.6282,50078700,0,0,,,,
2000-04-28 00:00:00-04:00,88.8908,88.2626,93.4453,91.1484,0.6282,59044900,0,0,,,,
2000-05-05 00:00:00-04:00,92.0711,87.8111,93.2784,90.1669,0.6282,43196900,0,0,,,,
2000-05-12 00:00:00-04:00,89.6761,86.5351,90.1276,89.7153,0.6282,34030200,0,0,,,,
2000-05-19 00:00:00-04:00,89.6761,88.2037,92.7974,88.6552,0.6282,29384700,0,0,,,,
2000-05-26 00:00:00-04:00,88.7338,85.7498,89.0872,86.6921,0.6282,42993000,0,0,,,,
2000-06-02 00:00:00-04:00,87.9485,87.6148,93.6612,92.8760,0.6282,29343000,0,0,,,,
2000-06-09 00:00:00-04:00,92.6404,91.4822,93.1116,92.0907,0.6282,25584900,0,0,,,,
2000-06-16 00:00:00-04:00,92.5437,91.0679,93.7440,92.3075,0.6297,28107200,0,0,,,,
2000-06-23 00:00:00-04:00,92.2288,90.5956,93.9211,90.9104,0.6297,27055700,0,0,,,,
2000-06-30 00:00:00-04:00,91.5401,90.3693,92.5535,91.4811,0.6297,28474400,0,0,,,,
2000-07-07 00:00:00-04:00,91.5795,90.8121,93.6850,93.2521,0.6297,13182800,0,0,,,,
2000-07-14 00:00:00-04:00,93.1144,92.6618,95.2395,95.2395,0.6297,24828600,0,0,,,,
2000-07-21 00:00:00-04:00,95.0723,92.9963,95.7020,92.9963,0.6297,27173000,0,0,,,,
2000-07-28 00:00:00-04:00,93.2717,89.1099,93.7342,89.4740,0.6297,36330200,1,0,Bullish,93.7342,89.1099,91.4220
2000-08-04 00:00:00-04:00,90.0052,89.4543,92.3862,92.1698,0.6297,24945600,0,0,,,,
2000-08-11 00:00:00-04:00,92.3863,91.6582,93.9605,92.8192,0.6297,22485100,0,0,,,,
2000-08-18 00:00:00-04:00,93.0553,92.6027,94.7279,94.2556,0.6297,24001500,0,0,,,,
2000-08-25 00:00:00-04:00,94.4721,93.9999,95.4757,95.2395,0.6297,18290300,0,0,,,,
2000-09-01 00:00:00-04:00,95.2395,94.6688,96.7153,96.0266,0.6297,21099700,0,1,Bearish,96.7153,94.6688,95.6920
2000-09-08 00:00:00-04:00,95.6331,94.0293,95.8397,94.3343,0.6297,15576700,0,0,,,,
2000-09-15 00:00:00-04:00,94.5319,92.1647,95.4394,92.1647,0.6313,23881000,0,0,,,,
2000-09-22 00:00:00-04:00,92.4014,89.9059,92.7762,91.7109,0.6313,31969200,0,0,,,,
2000-09-29 00:00:00-04:00,92.1252,89.7185,92.3718,90.6654,0.6313,38584900,0,0,,,,
2000-10-06 00:00:00-04:00,91.0796,88.2192,92.0068,89.0477,0.6313,35595700,0,0,,,,
2000-10-13 00:00:00-04:00,89.2056,83.8201,89.2056,86.8383,0.6313,45074400,0,0,,,,
2000-10-20 00:00:00-04:00,86.7397,82.1630,89.1267,88.3179,0.6313,40528800,0,0,,,,
2000-10-27 00:00:00-04:00,88.3376,84.6092,89.6001,87.9233,0.6313,39287000,0,0,,,,
2000-11-03 00:00:00-05:00,87.3907,87.2132,90.8429,90.1328,0.6313,41242300,0,0,,,,
2000-11-10 00:00:00-05:00,90.3695,86.1873,91.0895,86.2465,0.6313,34601900,0,0,,,,
2000-11-17 00:00:00-05:00,85.6152,83.9680,88.4461,86.2564,0.6313,47027100,0,0,,,,
2000-11-24 00:00:00-05:00,85.6942,83.4058,86.0887,85.1221,0.6313,22291300,0,0,,,,
2000-12-01 00:00:00-05:00,86.1479,81.9066,86.2860,83.4650,0.6313,37031000,0,0,,,,
2000-12-08 00:00:00-05:00,83.2480,83.0113,88.0417,84.5697,0.6313,45573400,0,0,,,,
2000-12-15 00:00:00-05:00,86.9860,82.6723,88.3712,82.9296,0.6332,34242700,0,0,,,,
2000-12-22 00:00:00-05:00,83.6221,79.4865,85.4624,82.9098,0.6332,51360700,0,0,,,,
2000-12-29 00:00:00-05:00,82.8504,82.4942,85.0270,83.0680,0.6332,26652700,0,0,,,,
2001-01-05 00:00:00-05:00,83.5825,80.7727,86.1153,81.8017,0.6332,50299500,0,0,,,,
2001-01-12 00:00:00-05:00,82.2370,80.8519,84.6709,83.5826,0.6332,35562900,0,0,,,,
2001-01-19 00:00:00-05:00,83.5825,83.2758,86.2341,84.8588,0.6332,32283100,0,0,,,,
2001-01-26 00:00:00-05:00,85.0072,84.5719,86.9464,86.0362,0.6332,39669000,0,1,Bearish,86.9464,84.5719,85.7592
2001-02-02 00:00:00-05:00,85.7987,85.3238,87.8250,85.3555,0.6332,39997600,0,0,,,,
2001-02-09 00:00:00-05:00,85.3555,83.1140,86.5586,83.4812,0.6332,33064600,0,0,,,,
2001-02-16 00:00:00-05:00,83.3926,81.8729,84.9566,82.5694,0.6332,33156800,0,0,,,,
2001-02-23 00:00:00-05:00,82.9746,77.1239,83.0380,79.1248,0.6332,58125400,0,0,,,,
2001-03-02 00:00:00-05:00,79.6567,77.0922,80.9484,78.2700,0.6332,64980800,0,0,,,,
2001-03-09 00:00:00-05:00,78.6119,77.9534,80.8915,78.1117,0.6332,34657200,0,0,,,,
2001-03-16 00:00:00-05:00,77.6744,72.8935,77.7759,73.0205,0.6349,115629200,0,0,,,,
2001-03-23 00:00:00-05:00,73.4967,68.5952,75.2109,72.6840,0.6349,85642800,0,0,,,,
2001-03-30 00:00:00-05:00,73.4586,71.1983,75.3315,74.0871,0.6349,55021700,0,0,,,,
2001-04-06 00:00:00-04:00,73.8396,69.3952,74.5252,71.9348,0.6349,74741900,0,0,,,,
2001-04-13 00:00:00-04:00,72.3793,71.6047,75.5475,75.4586,0.6349,48863400,0,0,,,,
2001-04-20 00:00:00-04:00,75.1030,74.2268,79.9981,79.0458,0.6349,72192900,0,0,,,,
2001-04-27 00:00:00-04:00,78.5061,76.7919,79.8966,79.8585,0.6349,45274600,0,0,,,,
2001-05-04 00:00:00-04:00,80.2838,78.3728,81.0711,80.8489,0.6349,52989300,0,0,,,,
2001-05-11 00:00:00-04:00,80.5442,78.9823,80.9505,79.4585,0.6349,38252000,0,0,,,,
2001-05-18 00:00:00-04:00,79.2997,79.0204,82.5886,82.3727,0.6349,51112900,0,0,,,,
2001-05-25 00:00:00-04:00,82.4362,81.2045,83.8647,81.3314,0.6349,47532800,0,0,,,,
2001-06-01 00:00:00-04:00,81.4076,79.3632,81.4902,80.4616,0.6349,37768200,0,0,,,,
2001-06-08 00:00:00-04:00,80.5061,80.0489,82.0489,80.6330,0.6349,42329700,0,0,,,,
2001-06-15 00:00:00-04:00,80.6777,76.6601,80.8560,77.5833,0.6367,53430100,0,0,,,,
2001-06-22 00:00:00-04:00,77.4560,76.9721,79.1496,78.2200,0.6367,52358900,0,0,,,,
2001-06-29 00:00:00-04:00,78.4938,76.7683,78.9586,78.0608,0.6367,46611200,0,0,,,,
2001-07-06 00:00:00-04:00,78.1882,75.8005,79.1560,75.8005,0.6367,29009100,0,0,,,,
2001-07-13 00:00:00-04:00,76.0807,74.5526,77.8826,77.8316,0.6367,54735200,0,0,,,,
2001-07-20 00:00:00-04:00,77.5324,76.2972,78.3028,77.2586,0.6367,38883100,0,0,,,,
2001-07-27 00:00:00-04:00,77.5515,74.3361,77.6024,76.9211,0.6367,53799700,0,0,,,,
2001-08-03 00:00:00-04:00,77.1631,76.5964,78.4747,77.6406,0.6367,54293000,0,0,,,,
2001-08-10 00:00:00-04:00,77.2649,74.7117,77.3668,75.9533,0.6367,57890800,0,0,,,,
2001-08-17 00:00:00-04:00,76.1507,73.8649,76.6282,74.3361,0.6367,51469600,0,0,,,,
2001-08-24 00:00:00-04:00,74.3679,73.7185,75.8515,75.7814,0.6367,57082300,0,0,,,,
2001-08-31 00:00:00-04:00,75.7496,71.3372,75.8960,72.6806,0.6367,69329700,0,0,,,,
2001-09-07 00:00:00-04:00,72.4896,69.1660,73.9668,69.2233,0.6367,100737400,0,0,,,,
2001-09-14 00:00:00-04:00,68.5739,68.5739,70.2611,70.0701,0.6367,23408700,0,0,,,,
2001-09-21 00:00:00-04:00,64.5492,59.9476,68.0003,62.1717,0.6391,183182700,0,0,,,,
2001-09-28 00:00:00-04:00,63.7311,63.3093,70.0582,66.7477,0.6391,111827300,0,0,,,,
2001-10-05 00:00:00-04:00,66.4026,65.7187,69.6428,68.5308,0.6391,134806500,0,0,,,,
2001-10-12 00:00:00-04:00,67.9172,67.4379,70.4928,69.9815,0.6391,103300800,0,0,,,,
2001-10-19 00:00:00-04:00,69.4255,67.7511,71.0360,68.6075,0.6391,99714900,0,0,,,,
2001-10-26 00:00:00-04:00,68.5755,68.2176,71.4451,70.5056,0.6391,101759500,0,0,,,,
2001-11-02 00:00:00-05:00,70.4033,67.4634,70.6525,69.8217,0.6391,120413000,0,0,,,,
2001-11-09 00:00:00-05:00,70.3778,70.2052,72.9086,72.0394,0.6391,97350600,0,0,,,,
2001-11-16 00:00:00-05:00,70.9401,70.3010,73.7522,73.0875,0.6391,96541400,0,0,,,,
2001-11-23 00:00:00-05:00,73.4455,72.5443,74.0398,73.9312,0.6391,48022400,0,0,,,,
2001-11-30 00:00:00-05:00,73.9759,72.2184,74.7109,72.8894,0.6391,83217900,0,0,,,,
2001-12-07 00:00:00-05:00,72.6338,72.2248,75.4139,74.4936,0.6391,94495000,0,0,,,,
2001-12-14 00:00:00-05:00,74.0398,71.5793,74.3849,72.3015,0.6391,86616100,0,0,,,,
2001-12-21 00:00:00-05:00,72.4604,72.4027,74.3394,73.7173,0.6413,76638600,0,0,,,,
2001-12-28 00:00:00-05:00,73.6403,73.4993,74.8716,74.3907,0.6413,36034700,0,0,,,,
2002-01-04 00:00:00-05:00,74.4869,72.9862,75.6604,75.4296,0.6413,69155100,0,1,Bearish,75.6604,72.9862,74.3233
2002-01-11 00:00:00-05:00,75.4809,73.5570,75.6668,73.7109,0.6413,68932300,0,0,,,,
2002-01-18 00:00:00-05:00,73.5249,72.2552,73.9995,72.5630,0.6413,83899400,0,0,,,,
2002-01-25 00:00:00-05:00,72.9477,71.8383,73.2684,72.8195,0.6413,49081700,0,0,,,,
2002-02-01 00:00:00-05:00,73.0440,69.5168,73.2299,72.2423,0.6413,108769500,0,0,,,,
2002-02-08 00:00:00-05:00,71.9730,69.2603,71.9730,70.6006,0.6413,130066600,0,0,,,,
2002-02-15 00:00:00-05:00,70.5750,70.4275,72.4476,71.1137,0.6413,88336600,0,0,,,,
2002-02-22 00:00:00-05:00,70.6391,69.1449,70.9469,70.3120,0.6413,98092400,0,0,,,,
2002-03-01 00:00:00-05:00,70.3761,70.3505,73.0118,72.9413,0.6413,118432100,0,0,,,,
2002-03-08 00:00:00-05:00,73.0440,72.8836,75.6092,75.0256,0.6413,109307600,0,0,,,,
2002-03-15 00:00:00-05:00,75.1762,74.3658,75.8257,75.0218,0.6431,82338900,0,0,,,,
2002-03-22 00:00:00-05:00,75.3112,73.3947,75.7228,73.9864,0.6431,93657600,0,0,,,,
2002-03-29 00:00:00-05:00,74.0185,72.8673,74.4559,73.6519,0.6431,74000400,0,0,,,,
2002-04-05 00:00:00-05:00,73.4654,72.1341,74.0250,72.4750,0.6431,101992900,0,0,,,,
2002-04-12 00:00:00-04:00,71.5939,70.7707,73.0217,71.6582,0.6431,89196400,0,0,,,,
2002-04-19 00:00:00-04:00,71.7868,70.8736,73.1053,72.5972,0.6431,81059900,0,0,,,,
2002-04-26 00:00:00-04:00,72.2756,69.0021,72.3078,69.0664,0.6431,95013900,0,0,,,,
2002-05-03 00:00:00-04:00,69.4137,68.5776,70.6871,69.1886,0.6431,95625800,0,0,,,,
2002-05-10 00:00:00-04:00,69.2271,67.4650,70.3333,67.9923,0.6431,110502300,0,0,,,,
2002-05-17 00:00:00-04:00,68.3139,68.0374,71.5489,71.3238,0.6431,134329900,0,1,Bearish,71.5489,68.0374,69.7931
2002-05-24 00:00:00-04:00,71.1566,69.4587,71.1887,69.9025,0.6431,72312000,0,0,,,,
2002-05-31 00:00:00-04:00,70.1340,68.1081,70.1854,68.9570,0.6431,77054400,0,0,,,,
2002-06-07 00:00:00-04:00,68.8734,65.4198,69.2014,66.4617,0.6431,118618500,0,0,,,,
2002-06-14 00:00:00-04:00,66.3973,63.3489,67.2334,65.2140,0.6431,130328000,0,0,,,,
2002-06-21 00:00:00-04:00,65.7778,63.6868,67.7850,64.0740,0.6454,117698100,0,0,,,,
2002-06-28 00:00:00-04:00,63.6416,61.4343,65.1130,63.8674,0.6454,168238900,0,0,,,,
2002-07-05 00:00:00-04:00,64.0095,60.4857,64.4096,64.0934,0.6454,104063400,0,0,,,,
2002-07-12 00:00:00-04:00,63.8804,58.2914,64.3451,59.2788,0.6454,196756600,0,0,,,,
2002-07-19 00:00:00-04:00,59.1433,54.4061,60.2146,54.6707,0.6454,289709500,0,0,,,,
2002-07-26 00:00:00-04:00,54.2771,50.1337,55.4581,55.2451,0.6454,388024300,0,0,,,,
2002-08-02 00:00:00-04:00,56.4713,55.2580,59.0852,56.0131,0.6454,264039800,0,0,,,,
2002-08-09 00:00:00-04:00,55.8195,53.9221,59.3369,58.9174,0.6454,245429700,0,0,,,,
2002-08-16 00:00:00-04:00,58.0784,56.8070,60.7180,60.1630,0.6454,215024600,0,0,,,,
2002-08-23 00:00:00-04:00,60.3179,60.0855,62.6993,61.0536,0.6454,175923300,0,0,,,,
2002-08-30 00:00:00-04:00,61.2537,58.6076,62.1185,59.2336,0.6454,181468800,0,0,,,,
2002-09-06 00:00:00-04:00,58.5559,56.4713,58.7302,58.0848,0.6454,233559000,0,0,,,,
2002-09-13 00:00:00-04:00,57.5040,56.9554,60.2340,57.8718,0.6454,187858900,0,0,,,,
2002-09-20 00:00:00-04:00,57.8979,54.4879,59.1167,54.6824,0.6483,225332800,0,0,,,,
2002-09-27 00:00:00-04:00,54.2287,53.0618,55.7327,53.6452,0.6483,293981500,0,0,,,,
2002-10-04 00:00:00-04:00,53.1590,51.5901,55.6030,52.3810,0.6483,321074300,0,0,,,,
2002-10-11 00:00:00-04:00,51.9013,49.9629,54.9288,54.5593,0.6483,371732700,0,0,,,,
2002-10-18 00:00:00-04:00,53.9369,53.8332,57.8914,57.4636,0.6483,301912800,0,0,,,,
2002-10-25 00:00:00-04:00,57.1264,56.7699,58.9286,58.4748,0.6483,240391200,0,0,,,,
2002-11-01 00:00:00-05:00,59.0907,56.4004,59.1815,58.5202,0.6483,234112400,0,0,,,,
2002-11-08 00:00:00-05:00,59.5121,58.0340,60.3354,58.1183,0.6483,240841900,0,0,,,,
2002-11-15 00:00:00-05:00,58.0276,56.6921,59.3501,59.2528,0.6483,206170000,0,0,,,,
2002-11-22 00:00:00-05:00,59.7390,58.1896,61.1134,60.5623,0.6483,186071800,0,0,,,,
2002-11-29 00:00:00-05:00,60.5688,59.3954,61.5542,60.9254,0.6483,133280800,0,0,,,,
2002-12-06 00:00:00-05:00,61.8913,58.3322,62.2673,59.6612,0.6483,234909400,0,0,,,,
2002-12-13 00:00:00-05:00,59.0389,57.8720,59.3954,57.9173,0.6483,180638300,0,0,,,,
2002-12-20 00:00:00-05:00,58.5147,57.7199,59.7981,58.6254,0.6515,175506000,0,0,,,,
2002-12-27 00:00:00-05:00,58.3649,56.9251,59.0294,56.9251,0.6515,73227600,0,0,,,,
2003-01-03 00:00:00-05:00,57.1922,56.7492,59.5309,59.5114,0.6515,140743500,0,0,,,,
2003-01-10 00:00:00-05:00,59.4397,59.3160,61.0033,60.6254,0.6515,190900900,0,0,,,,
2003-01-17 00:00:00-05:00,60.9381,58.7296,61.1466,59.0619,0.6515,176325100,0,0,,,,
2003-01-24 00:00:00-05:00,59.1987,56.1368,59.2313,56.2736,0.6515,203666400,0,0,,,,
2003-01-31 00:00:00-05:00,55.8501,54.8208,56.7948,56.0651,0.6515,263688600,0,0,,,,
2003-02-07 00:00:00-05:00,56.1172,54.0521,56.5537,54.3453,0.6515,235403000,0,0,,,,
2003-02-14 00:00:00-05:00,54.3713,52.7687,55.2964,54.8209,0.6515,245705500,0,0,,,,
2003-02-21 00:00:00-05:00,55.0684,54.3713,55.8958,55.4919,0.6515,161160600,0,0,,,,
2003-02-28 00:00:00-05:00,55.3290,53.5635,55.5244,55.3095,0.6515,219979200,0,0,,,,
2003-03-07 00:00:00-05:00,55.5440,53.0489,55.8827,54.2801,0.6515,223094000,0,0,,,,
2003-03-14 00:00:00-05:00,53.8111,51.7134,55.2248,54.8078,0.6515,287646200,0,0,,,,
2003-03-21 00:00:00-05:00,54.5905,54.4336,58.7898,58.6525,0.6541,327127500,0,0,,,,
2003-03-28 00:00:00-05:00,57.5732,56.2454,57.7302,56.7164,0.6541,257883000,0,0,,,,
2003-04-04 00:00:00-05:00,55.8268,55.2054,58.2077,57.7040,0.6541,250130300,0,0,,,,
2003-04-11 00:00:00-04:00,59.0907,56.0623,59.4243,57.0042,0.6541,254678700,1,0,Bullish,59.4243,56.0623,57.7433
2003-04-18 00:00:00-04:00,57.2135,56.9061,58.9076,58.5805,0.6541,175612600,0,0,,,,
2003-04-25 00:00:00-04:00,58.7767,58.1423,60.4054,59.0187,0.6541,229653000,0,0,,,,
2003-05-02 00:00:00-04:00,59.1561,59.0646,61.1380,60.9680,0.6541,247601000,0,0,,,,
2003-05-09 00:00:00-04:00,61.1380,60.3597,61.7333,61.3081,0.6541,195430700,0,0,,,,
2003-05-16 00:00:00-04:00,61.1576,61.0137,62.4331,62.0537,0.6541,189895200,0,0,,,,
2003-05-23 00:00:00-04:00,61.5828,59.9083,61.7594,61.3277,0.6541,210922100,0,0,,,,
2003-05-30 00:00:00-04:00,61.0268,60.8764,63.5058,63.4143,0.6541,184820000,0,0,,,,
2003-06-06 00:00:00-04:00,63.7936,63.2311,66.3250,64.9252,0.6541,244539900,0,0,,,,
2003-06-13 00:00:00-04:00,64.6047,63.9506,65.9979,65.1215,0.6541,190454900,0,0,,,,
2003-06-20 00:00:00-04:00,65.6193,65.2648,67.0766,65.2779,0.6565,193745800,0,0,,,,
2003-06-27 00:00:00-04:00,65.2845,63.6499,65.4223,64.1094,0.6565,205880600,0,0,,,,
2003-07-04 00:00:00-04:00,64.4771,63.3020,65.5471,64.8184,0.6565,150126700,0,0,,,,
2003-07-11 00:00:00-04:00,65.4158,64.7462,66.5646,65.8031,0.6565,188626100,0,0,,,,
2003-07-18 00:00:00-04:00,66.4333,64.4377,66.8928,65.3239,0.6565,212534300,0,0,,,,
2003-07-25 00:00:00-04:00,65.2845,64.2341,65.8687,65.7965,0.6565,206167000,0,0,,,,
2003-08-01 00:00:00-04:00,65.8884,64.4902,66.2889,64.6674,0.6565,220476400,0,0,,,,
2003-08-08 00:00:00-04:00,64.5361,63.2429,64.9891,64.5164,0.6565,237511300,0,0,,,,
2003-08-15 00:00:00-04:00,64.5033,64.2276,65.5470,65.3961,0.6565,162161100,0,0,,,,
2003-08-22 00:00:00-04:00,65.5996,65.4683,66.8403,65.4945,0.6565,180141300,0,0,,,,
2003-08-29 00:00:00-04:00,65.4552,64.8775,66.6171,66.5908,0.6565,143567300,0,0,,,,
2003-09-05 00:00:00-04:00,66.7221,66.3348,68.0744,67.5033,0.6565,154349800,0,0,,,,
2003-09-12 00:00:00-04:00,67.6412,66.5318,68.1926,67.2539,0.6565,194512000,0,0,,,,
2003-09-19 00:00:00-04:00,67.5581,67.1825,68.9947,68.3160,0.6590,155666400,0,0,,,,
2003-09-26 00:00:00-04:00,67.7756,65.7987,68.0656,65.8646,0.6590,206449100,0,0,,,,
2003-10-03 00:00:00-04:00,66.0952,65.4033,68.7179,68.1314,0.6590,266732100,0,0,,,,
2003-10-10 00:00:00-04:00,68.1908,67.8152,69.3374,68.9091,0.6590,156499500,0,0,,,,
2003-10-17 00:00:00-04:00,69.0013,68.5202,69.7789,68.7048,0.6590,166894200,0,0,,,,
2003-10-24 00:00:00-04:00,68.8300,67.3341,69.3769,68.2567,0.6590,185854700,0,0,,,,
2003-10-31 00:00:00-05:00,68.3621,68.0524,69.8316,69.3901,0.6590,163256500,0,0,,,,
2003-11-07 00:00:00-05:00,69.6866,69.1265,70.3258,69.5944,0.6590,162685200,0,0,,,,
2003-11-14 00:00:00-05:00,69.6801,69.0606,70.4774,69.4956,0.6590,158962700,0,0,,,,
2003-11-21 00:00:00-05:00,69.1331,68.2830,69.4889,68.6718,0.6590,198958800,0,0,,,,
2003-11-28 00:00:00-05:00,68.9881,68.9815,70.2863,70.1479,0.6590,110047500,0,0,,,,
2003-12-05 00:00:00-05:00,70.4115,70.2600,71.2221,70.4115,0.6590,178043500,0,0,,,,
2003-12-12 00:00:00-05:00,70.3391,69.8251,71.3012,71.2616,0.6590,192440600,0,0,,,,
2003-12-19 00:00:00-05:00,72.2803,71.1613,72.6510,72.1015,0.6621,165604600,0,0,,,,
2003-12-26 00:00:00-05:00,72.0287,72.0220,72.8828,72.6312,0.6621,68716700,0,0,,,,
2004-01-02 00:00:00-05:00,72.8960,72.6842,74.2798,73.6442,0.6621,111617300,0,0,,,,
2004-01-09 00:00:00-05:00,73.9487,73.8825,75.1471,74.4122,0.6621,169125700,0,0,,,,
2004-01-16 00:00:00-05:00,74.5181,73.9951,75.6834,75.6304,0.6621,186248000,0,0,,,,
2004-01-23 00:00:00-05:00,75.8291,75.2928,76.3919,75.7629,0.6621,134721800,0,0,,,,
2004-01-30 00:00:00-05:00,75.7364,74.5248,77.1334,75.1339,0.6621,209506200,0,0,,,,
2004-02-06 00:00:00-05:00,75.2795,74.6704,75.9416,75.7761,0.6621,177701300,0,0,,,,
2004-02-13 00:00:00-05:00,75.9217,75.5907,77.0605,76.2263,0.6621,168279700,0,0,,,,
2004-02-20 00:00:00-05:00,76.7030,75.6900,77.1996,76.0608,0.6621,150477300,0,0,,,,
2004-02-27 00:00:00-05:00,76.2859,74.8359,76.6302,76.1535,0.6621,180518600,0,0,,,,
2004-03-05 00:00:00-05:00,76.4249,76.0873,77.4446,77.0539,0.6621,179999000,0,0,,,,
2004-03-12 00:00:00-05:00,77.0274,73.5581,77.2128,74.5380,0.6621,289846500,0,0,,,,
2004-03-19 00:00:00-05:00,74.5933,73.6432,75.2577,73.7894,0.6644,267767600,0,0,,,,
2004-03-26 00:00:00-05:00,73.4439,72.3211,74.2744,73.7695,0.6644,255699700,0,0,,,,
2004-04-02 00:00:00-05:00,74.1681,74.1349,76.3009,76.1680,0.6644,227782600,0,0,,,,
2004-04-09 00:00:00-04:00,76.0483,75.5700,76.6795,75.9885,0.6644,151492900,0,0,,,,
2004-04-16 00:00:00-04:00,76.1281,74.6531,76.6065,75.6298,0.6644,250279500,0,0,,,,
2004-04-23 00:00:00-04:00,75.4438,74.2678,76.1879,75.9819,0.6644,223221500,0,0,,,,
2004-04-30 00:00:00-04:00,76.0750,73.6831,76.4869,73.7229,0.6644,247535500,0,0,,,,
2004-05-07 00:00:00-04:00,73.9953,73.0585,75.2511,73.0585,0.6644,235295100,1,0,Bullish,75.2511,73.0585,74.1548
2004-05-14 00:00:00-04:00,72.7130,71.7962,73.6233,73.1117,0.6644,325927300,0,0,,,,
2004-05-21 00:00:00-04:00,72.3476,72.0287,73.8691,72.9589,0.6644,225580900,0,0,,,,
2004-05-28 00:00:00-04:00,73.4373,72.8194,75.0983,74.9853,0.6644,194280600,0,0,,,,
2004-06-04 00:00:00-04:00,74.7196,74.3276,75.4637,75.0651,0.6644,152246700,0,0,,,,
2004-06-11 00:00:00-04:00,75.3640,75.3574,76.3540,75.9753,0.6644,122938900,0,0,,,,
2004-06-18 00:00:00-04:00,75.8992,75.2657,76.3193,75.7725,0.6668,158913600,0,0,,,,
2004-06-25 00:00:00-04:00,75.8525,75.1323,76.6461,75.9125,0.6668,166308000,0,0,,,,
2004-07-02 00:00:00-04:00,76.3660,75.0723,76.5460,75.2724,0.6668,213823000,0,0,,,,
2004-07-09 00:00:00-04:00,74.9323,74.1521,75.0657,74.5055,0.6668,141242000,0,0,,,,
2004-07-16 00:00:00-04:00,74.3655,73.6453,74.9456,73.8253,0.6668,195807400,0,0,,,,
2004-07-23 00:00:00-04:00,73.8520,72.4784,74.7256,72.6584,0.6668,264601300,0,0,,,,
2004-07-30 00:00:00-04:00,72.8118,72.1583,73.9521,73.9120,0.6668,260618700,0,0,,,,
2004-08-06 00:00:00-04:00,73.4786,71.0980,74.2588,71.2513,0.6668,245476100,1,0,Bullish,74.2588,71.0980,72.6784
2004-08-13 00:00:00-04:00,71.3648,71.0780,72.2917,71.4781,0.6668,237930700,0,0,,,,
2004-08-20 00:00:00-04:00,71.4447,71.4181,73.7720,73.6720,0.6668,214351400,0,0,,,,
2004-08-27 00:00:00-04:00,73.7187,73.2519,74.4389,74.3188,0.6668,154282000,0,0,,,,
2004-09-03 00:00:00-04:00,74.1654,73.4185,75.2323,74.7656,0.6668,196847200,0,0,,,,
2004-09-10 00:00:00-04:00,75.0457,74.7056,75.5325,75.3924,0.6668,132517300,0,0,,,,
2004-09-17 00:00:00-04:00,75.8736,75.4518,76.1616,75.7665,0.6696,168336700,0,0,,,,
2004-09-24 00:00:00-04:00,75.4451,74.2934,75.9808,74.6349,0.6696,206162100,0,0,,,,
2004-10-01 00:00:00-04:00,74.3938,73.9318,76.1013,76.1013,0.6696,220704700,0,0,,,,
2004-10-08 00:00:00-04:00,76.4026,75.2308,76.7910,75.3380,0.6696,203552200,0,0,,,,
2004-10-15 00:00:00-04:00,75.5187,74.0389,75.7129,74.5009,0.6696,243760800,0,0,,,,
2004-10-22 00:00:00-04:00,74.2532,73.4898,75.1505,73.6505,0.6696,258476200,0,0,,,,
2004-10-29 00:00:00-04:00,73.4898,73.2220,76.0946,75.8000,0.6696,275457800,0,0,,,,
2004-11-05 00:00:00-05:00,76.0411,75.8000,78.7731,78.5320,0.6696,288528600,0,0,,,,
2004-11-12 00:00:00-05:00,78.3311,78.1570,79.6837,79.5431,0.6696,217234200,0,0,,,,
2004-11-19 00:00:00-05:00,79.5841,78.6707,80.0139,78.8587,0.6716,215951400,0,0,,,,
2004-11-26 00:00:00-05:00,78.6909,78.5969,79.9065,79.4834,0.6716,124741500,0,0,,,,
2004-12-03 00:00:00-05:00,79.7789,78.8991,80.6855,80.0878,0.6716,274275700,0,0,,,,
2004-12-10 00:00:00-05:00,80.0609,79.0669,80.3497,80.1415,0.6716,237724200,0,0,,,,
2004-12-17 00:00:00-05:00,80.8103,80.4054,81.8089,80.5943,0.6748,249144600,0,0,,,,
2004-12-24 00:00:00-05:00,80.8035,80.4121,81.8359,81.4917,0.6748,137428400,0,0,,,,
2004-12-31 00:00:00-05:00,81.7819,81.2353,82.0923,81.5592,0.6748,125743300,0,0,,,,
2005-01-07 00:00:00-05:00,82.0248,79.6227,82.1598,79.9196,0.6748,294245300,0,0,,,,
2005-01-14 00:00:00-05:00,79.8521,79.2853,80.6078,79.7846,0.6748,289953500,0,0,,,,
2005-01-21 00:00:00-05:00,79.6564,78.7117,80.7158,78.7994,0.6748,246980300,0,0,,,,
2005-01-28 00:00:00-05:00,79.0086,78.5228,79.4540,79.2380,0.6748,300499700,0,0,,,,
2005-02-04 00:00:00-05:00,79.5889,79.4269,81.2623,81.1274,0.6748,253704500,0,0,,,,
2005-02-11 00:00:00-05:00,81.1408,80.4661,81.6739,81.4917,0.6748,238946500,0,0,,,,
2005-02-18 00:00:00-05:00,81.4377,80.9047,81.9573,81.2353,0.6748,237655100,0,0,,,,
2005-02-25 00:00:00-05:00,80.9047,80.0140,82.0990,81.9371,0.6748,278453700,0,0,,,,
2005-03-04 00:00:00-05:00,81.7482,80.9992,82.8818,82.8143,0.6748,298301500,0,0,,,,
2005-03-11 00:00:00-05:00,82.7670,81.0801,83.1651,81.2353,0.6748,284193500,0,0,,,,
2005-03-18 00:00:00-05:00,81.7034,80.0370,82.2793,80.3012,0.6774,296465300,0,0,,,,
2005-03-25 00:00:00-05:00,80.4164,79.0886,80.5654,79.3528,0.6774,276466500,0,0,,,,
2005-04-01 00:00:00-05:00,79.5425,78.7499,80.6060,79.5492,0.6774,339758600,0,0,,,,
2005-04-08 00:00:00-04:00,79.5018,79.0818,80.7889,79.9354,0.6774,282210800,0,0,,,,
2005-04-15 00:00:00-04:00,80.1319,77.2935,80.6535,77.3274,0.6774,421835900,0,0,,,,
2005-04-22 00:00:00-04:00,77.3070,76.9209,78.9192,78.2892,0.6774,448499200,0,0,,,,
2005-04-29 00:00:00-04:00,78.4857,77.2054,79.1021,78.4112,0.6774,385517300,0,0,,,,
2005-05-06 00:00:00-04:00,78.6280,78.2554,79.9354,79.3189,0.6774,387404500,0,0,,,,
2005-05-13 00:00:00-04:00,79.4002,77.7676,79.9896,78.3909,0.6774,390365200,1,0,Bullish,79.9896,77.7676,78.8786
2005-05-20 00:00:00-04:00,78.3773,78.3502,80.8905,80.6941,0.6774,296337300,0,0,,,,
2005-05-27 00:00:00-04:00,80.7551,80.4976,81.4596,81.4596,0.6774,217163100,0,0,,,,
2005-06-03 00:00:00-04:00,81.3444,80.8838,81.9135,81.3918,0.6774,213692100,0,0,,,,
2005-06-10 00:00:00-04:00,81.2564,80.9109,82.1370,81.4257,0.6774,242547500,0,0,,,,
2005-06-17 00:00:00-04:00,81.5775,81.4890,82.9106,82.5433,0.6802,234529800,0,0,,,,
2005-06-24 00:00:00-04:00,82.3529,80.8293,82.9378,80.9246,0.6802,247967400,1,0,Bullish,82.9378,80.8293,81.8835
2005-07-01 00:00:00-04:00,80.9177,80.7681,81.8904,81.2986,0.6802,243700800,0,0,,,,
2005-07-08 00:00:00-04:00,81.1082,80.4349,82.5161,82.5161,0.6802,271672600,0,0,,,,
2005-07-15 00:00:00-04:00,82.5229,82.5093,83.9581,83.5500,0.6802,262456400,0,0,,,,
2005-07-22 00:00:00-04:00,83.3187,83.0126,84.1553,84.0260,0.6802,338959100,0,0,,,,
2005-07-29 00:00:00-04:00,83.9376,83.5567,84.7742,84.1621,0.6802,253480800,0,0,,,,
2005-08-05 00:00:00-04:00,84.2233,83.4343,84.8422,83.5772,0.6802,226853900,0,0,,,,
2005-08-12 00:00:00-04:00,83.7608,83.2371,84.6790,83.6996,0.6802,280996800,0,0,,,,
2005-08-19 00:00:00-04:00,83.8084,82.8698,84.2505,83.2983,0.6802,263656400,0,0,,,,
2005-08-26 00:00:00-04:00,83.3731,82.0808,83.8152,82.1352,0.6802,301773100,0,0,,,,
2005-09-02 00:00:00-04:00,81.8972,81.8768,83.7608,83.1623,0.6802,355516700,0,0,,,,
2005-09-09 00:00:00-04:00,83.4275,83.4207,84.8422,84.7470,0.6802,181163600,0,0,,,,
2005-09-16 00:00:00-04:00,85.0053,83.9261,85.1556,84.3564,0.6830,297720700,0,0,,,,
2005-09-23 00:00:00-04:00,84.3359,82.2663,84.4315,82.9493,0.6830,376270000,0,0,,,,
2005-09-30 00:00:00-04:00,83.3455,82.6625,84.0422,84.0422,0.6830,309618600,0,0,,,,
2005-10-07 00:00:00-04:00,83.9876,80.7158,84.2471,81.6994,0.6830,434426400,0,0,,,,
2005-10-14 00:00:00-04:00,81.7472,79.8346,81.7677,81.0573,0.6830,416521100,0,0,,,,
2005-10-21 00:00:00-04:00,81.1461,79.9986,81.8360,80.6884,0.6830,488216200,1,0,Bullish,81.8360,79.9986,80.9173
2005-10-28 00:00:00-04:00,80.9002,80.5518,82.3346,81.8291,0.6830,367703800,0,0,,,,
2005-11-04 00:00:00-05:00,82.1638,82.0546,83.7827,83.4070,0.6830,362129900,0,0,,,,
2005-11-11 00:00:00-05:00,83.5845,83.1611,84.5886,84.5340,0.6830,260500100,0,0,,,,
2005-11-18 00:00:00-05:00,84.5545,83.9193,85.5722,85.4698,0.6830,293972400,0,0,,,,
2005-11-25 00:00:00-05:00,85.4834,85.3673,87.0271,86.8359,0.6830,182584700,0,0,,,,
2005-12-02 00:00:00-05:00,86.9178,85.5791,86.9315,86.6446,0.6830,274412200,0,0,,,,
2005-12-09 00:00:00-05:00,86.5422,85.7089,87.2526,86.2895,0.6830,297378200,0,0,,,,
2005-12-16 00:00:00-05:00,87.0078,86.4928,87.9554,86.7675,0.6867,303534400,0,0,,,,
2005-12-23 00:00:00-05:00,87.0215,86.1632,87.1176,87.0421,0.6867,207368300,0,0,,,,
2005-12-30 00:00:00-05:00,87.1795,85.3941,87.2413,85.4971,0.6867,152698300,0,0,,,,
2006-01-06 00:00:00-05:00,85.9640,85.4147,88.2919,88.1957,0.6867,235349700,0,0,,,,
2006-01-13 00:00:00-05:00,88.1820,88.0309,88.8824,88.3605,0.6867,223453000,0,0,,,,
2006-01-20 00:00:00-05:00,88.0309,86.4997,88.5116,86.4997,0.6867,323622400,0,0,,,,
2006-01-27 00:00:00-05:00,86.6644,86.4104,88.3468,88.2644,0.6867,344839100,0,0,,,,
2006-02-03 00:00:00-05:00,88.1957,86.6164,88.4498,86.7057,0.6867,339874900,0,0,,,,
2006-02-10 00:00:00-05:00,86.8224,86.1082,87.9622,86.9597,0.6867,302674200,0,0,,,,
2006-02-17 00:00:00-05:00,86.9322,86.4859,88.7244,88.4498,0.6867,330104900,0,0,,,,
2006-02-24 00:00:00-05:00,88.6558,88.0858,89.0266,88.8618,0.6867,168983600,0,0,,,,
2006-03-03 00:00:00-05:00,88.8549,87.9829,89.3150,88.4155,0.6867,292939800,0,0,,,,
2006-03-10 00:00:00-05:00,88.6764,87.3305,88.7039,88.2987,0.6867,302756000,0,0,,,,
2006-03-17 00:00:00-05:00,88.8222,88.6085,90.6354,90.0494,0.6894,281568500,0,0,,,,
2006-03-24 00:00:00-05:00,90.0632,89.2428,90.3044,89.7667,0.6894,274160300,0,0,,,,
2006-03-31 00:00:00-05:00,89.6426,88.9670,90.2975,89.5047,0.6894,309605900,0,0,,,,
2006-04-07 00:00:00-04:00,89.6702,89.1738,90.5871,89.3048,0.6894,305128300,0,0,,,,
2006-04-14 00:00:00-04:00,89.4427,88.4154,89.6770,88.7326,0.6894,208381400,0,0,,,,
2006-04-21 00:00:00-04:00,88.8153,88.2569,90.9042,90.4147,0.6894,402316600,0,0,,,,
2006-04-28 00:00:00-04:00,90.2355,89.3393,90.8284,90.6353,0.6894,384501600,0,0,,,,
2006-05-05 00:00:00-04:00,90.6353,89.8425,91.5522,91.3592,0.6894,280384700,0,0,,,,
2006-05-12 00:00:00-04:00,91.3523,89.0635,91.5316,89.0980,0.6894,296612300,0,0,,,,
2006-05-19 00:00:00-04:00,88.7877,86.7264,89.6219,87.6226,0.6894,503172100,0,0,,,,
2006-05-26 00:00:00-04:00,87.0573,86.0094,88.5051,88.5051,0.6894,513231900,0,0,,,,
2006-06-02 00:00:00-04:00,88.2224,86.8988,89.2289,88.9325,0.6894,324770400,0,0,,,,
2006-06-09 00:00:00-04:00,88.8291,85.3959,88.8360,86.4162,0.6894,625132500,0,0,,,,
2006-06-16 00:00:00-04:00,87.1652,84.7139,87.4976,86.3135,0.6924,673381600,0,0,,,,
2006-06-23 00:00:00-04:00,86.8328,85.5518,87.0405,86.1680,0.6924,364980400,0,0,,,,
2006-06-30 00:00:00-04:00,86.2373,85.6210,88.3977,88.1346,0.6924,334910500,0,0,,,,
2006-07-07 00:00:00-04:00,88.2384,87.4490,88.6401,87.6706,0.6924,225294200,0,0,,,,
2006-07-14 00:00:00-04:00,87.8992,85.0532,88.2385,85.5310,0.6924,422814400,0,0,,,,
2006-07-21 00:00:00-04:00,85.5310,84.7485,87.4560,85.8287,0.6924,551315100,0,0,,,,
2006-07-28 00:00:00-04:00,86.1681,86.1681,88.7301,88.6193,0.6924,442284600,0,0,,,,
2006-08-04 00:00:00-04:00,88.3977,87.6637,89.6233,88.7716,0.6924,339577600,0,0,,,,
2006-08-11 00:00:00-04:00,88.5639,87.4421,89.0486,87.9476,0.6924,331993700,0,0,,,,
2006-08-18 00:00:00-04:00,88.3769,87.8853,90.4958,90.4958,0.6924,327000800,0,0,,,,
2006-08-25 00:00:00-04:00,90.1427,89.4572,90.3781,89.8865,0.6924,269304600,0,0,,,,
2006-09-01 00:00:00-04:00,89.7757,89.7688,91.1121,91.0013,0.6924,250856300,0,0,,,,
2006-09-08 00:00:00-04:00,91.0636,89.5679,91.2991,90.2119,0.6924,237509600,0,0,,,,
2006-09-15 00:00:00-04:00,90.3166,90.0523,92.1179,91.7771,0.6955,335779100,0,0,,,,
2006-09-22 00:00:00-04:00,91.6589,91.1094,92.3405,91.4363,0.6955,386346600,1,0,Bullish,92.3405,91.1094,91.7250
2006-09-29 00:00:00-04:00,91.6172,91.1442,93.1890,92.9038,0.6955,355258100,0,0,,,,
2006-10-06 00:00:00-04:00,92.8760,92.2570,94.1765,93.8983,0.6955,331175500,0,0,,,,
2006-10-13 00:00:00-04:00,93.7871,93.4045,95.0807,95.0250,0.6955,314754900,0,0,,,,
2006-10-20 00:00:00-04:00,94.9486,94.3574,95.5397,95.1711,0.6955,331779900,0,0,,,,
2006-10-27 00:00:00-04:00,94.9764,94.8581,96.6734,95.9153,0.6955,344641900,0,0,,,,
2006-11-03 00:00:00-05:00,95.7414,94.3226,96.1935,94.9625,0.6955,336037000,0,0,,,,
2006-11-10 00:00:00-05:00,95.2546,95.1850,96.7707,96.1448,0.6955,359047800,0,0,,,,
2006-11-17 00:00:00-05:00,96.1030,96.0265,97.8418,97.6609,0.6955,365694400,0,0,,,,
2006-11-24 00:00:00-05:00,97.5775,97.3272,98.1757,97.6123,0.6955,197045400,0,0,,,,
2006-12-01 00:00:00-05:00,97.5636,96.0544,98.0991,97.5218,0.6955,491307200,0,0,,,,
2006-12-08 00:00:00-05:00,97.5427,97.5288,98.9685,98.3564,0.6955,356923700,0,0,,,,
2006-12-15 00:00:00-05:00,98.9045,98.5338,100.1773,99.5479,0.6994,308363800,0,0,,,,
2006-12-22 00:00:00-05:00,99.6878,98.3800,99.9256,98.4359,0.6994,266215300,0,0,,,,
2006-12-29 00:00:00-05:00,98.4778,98.4569,99.7996,99.0443,0.6994,155174000,0,0,,,,
2007-01-05 00:00:00-05:00,99.4849,98.1771,99.9115,98.2890,0.6994,241073500,0,0,,,,
2007-01-12 00:00:00-05:00,98.4848,98.0862,100.1773,100.1773,0.6994,329610500,0,0,,,,
2007-01-19 00:00:00-05:00,100.0584,99.5269,100.3312,99.8836,0.6994,220263000,0,0,,,,
2007-01-26 00:00:00-05:00,100.0584,99.0164,100.6948,99.4010,0.6994,310992100,0,0,,,,
2007-02-02 00:00:00-05:00,99.4430,99.1283,101.3733,101.2754,0.6994,347310200,0,0,,,,
2007-02-09 00:00:00-05:00,101.1984,100.2822,101.6600,100.6669,0.6994,308181700,0,0,,,,
2007-02-16 00:00:00-05:00,100.6669,100.1423,102.0726,101.9187,0.6994,274335200,0,0,,,,
2007-02-23 00:00:00-05:00,101.7999,101.4082,102.4013,101.6180,0.6994,271917000,0,0,,,,
2007-03-02 00:00:00-05:00,101.9886,96.5476,102.0726,96.9812,0.6994,896598200,0,0,,,,
2007-03-09 00:00:00-05:00,96.4637,96.0441,98.9045,98.4569,0.6994,627885300,0,0,,,,
2007-03-16 00:00:00-04:00,98.5946,96.0178,99.2406,97.2676,0.7021,756793400,0,0,,,,
2007-03-23 00:00:00-04:00,97.7801,97.7029,100.9748,100.6799,0.7021,524036300,0,0,,,,
2007-03-30 00:00:00-04:00,100.7572,98.6929,100.8625,99.7040,0.7021,634186800,1,0,Bullish,100.8625,98.6929,99.7777
2007-04-06 00:00:00-04:00,99.8163,99.3389,101.4172,101.2768,0.7021,272652200,0,0,,,,
2007-04-13 00:00:00-04:00,101.5647,100.6448,102.0351,102.0351,0.7021,413774500,0,0,,,,
2007-04-20 00:00:00-04:00,102.3932,102.3862,104.3522,104.3522,0.7021,506895800,0,0,,,,
2007-04-27 00:00:00-04:00,104.1766,103.4394,105.1807,104.9911,0.7021,497093300,0,0,,,,
2007-05-04 00:00:00-04:00,105.0684,103.6851,106.1075,105.9671,0.7021,505325300,0,0,,,,
2007-05-11 00:00:00-04:00,105.9390,104.8086,107.3012,105.9250,0.7021,513142200,0,0,,,,
2007-05-18 00:00:00-04:00,105.9249,105.1736,107.1607,107.1607,0.7021,603182100,0,0,,,,
2007-05-25 00:00:00-04:00,107.1326,105.8407,107.7786,106.5077,0.7021,661502200,0,0,,,,
2007-06-01 00:00:00-04:00,106.6833,106.2620,108.4105,108.1859,0.7021,433672000,0,0,,,,
2007-06-08 00:00:00-04:00,107.8067,104.6611,108.4035,106.0513,0.7021,777324100,0,0,,,,
2007-06-15 00:00:00-04:00,106.4308,105.4577,108.3559,107.9399,0.7052,829549100,0,0,,,,
2007-06-22 00:00:00-04:00,108.1585,105.6693,108.2996,106.1629,0.7052,786735600,0,0,,,,
2007-06-29 00:00:00-04:00,105.9443,104.4070,106.9386,106.0783,0.7052,1001504900,0,0,,,,
2007-07-06 00:00:00-04:00,106.3886,106.3180,108.0104,107.8765,0.7052,327793400,0,0,,,,
2007-07-13 00:00:00-04:00,108.0034,106.1417,109.6253,109.1951,0.7052,673995100,0,0,,,,
2007-07-20 00:00:00-04:00,109.2938,107.7707,109.6746,108.2431,0.7052,853182600,0,0,,,,
2007-07-27 00:00:00-04:00,108.7226,102.2845,109.1034,102.3268,0.7052,1533710900,0,0,,,,
2007-08-03 00:00:00-04:00,102.9050,100.9799,105.3943,101.4030,0.7052,1721820800,0,0,,,,
2007-08-10 00:00:00-04:00,101.6921,100.5075,106.1911,102.0447,0.7052,1601119800,0,0,,,,
2007-08-17 00:00:00-04:00,103.3070,96.6079,103.5820,102.0447,0.7052,1704847500,0,0,,,,
2007-08-24 00:00:00-04:00,102.3691,101.0434,104.5975,104.5975,0.7052,850360700,0,0,,,,
2007-08-31 00:00:00-04:00,104.2590,101.1633,104.7173,104.0756,0.7052,917764000,0,0,,,,
2007-09-07 00:00:00-04:00,103.9769,102.4326,105.7609,103.0038,0.7052,649649800,1,0,Bullish,105.7609,102.4326,104.0968
2007-09-14 00:00:00-04:00,103.3211,101.7767,105.3872,104.9994,0.7052,779932400,0,0,,,,
2007-09-21 00:00:00-04:00,105.0795,104.5977,109.3872,107.6726,0.7085,884054500,0,0,,,,
2007-09-28 00:00:00-04:00,107.9915,106.6099,108.5370,108.1048,0.7085,653372500,0,0,,,,
2007-10-05 00:00:00-04:00,108.1190,108.0481,110.5988,110.4216,0.7085,591641100,0,0,,,,
2007-10-12 00:00:00-04:00,110.0957,109.4935,111.6049,110.7617,0.7085,625121600,0,0,,,,
2007-10-19 00:00:00-04:00,110.7192,106.0360,110.8680,106.0431,0.7085,989902300,0,0,,,,
2007-10-26 00:00:00-04:00,105.4691,105.3274,108.8416,108.8416,0.7085,1182627600,0,0,,,,
2007-11-02 00:00:00-04:00,109.0613,105.7171,110.0107,107.1271,0.7085,1125046000,0,0,,,,
2007-11-09 00:00:00-05:00,106.0218,102.6563,107.7718,102.8335,0.7085,1363536200,0,0,,,,
2007-11-16 00:00:00-05:00,102.8831,101.8132,105.8518,103.2940,0.7085,1236645700,0,0,,,,
2007-11-23 00:00:00-05:00,102.9327,100.3750,103.1098,102.1179,0.7085,1019214300,0,0,,,,
2007-11-30 00:00:00-05:00,102.3304,99.6593,106.1847,105.3274,0.7085,1189044700,0,0,,,,
2007-12-07 00:00:00-05:00,104.9944,103.6624,107.3396,106.9216,0.7085,757531800,0,0,,,,
2007-12-14 00:00:00-05:00,107.1837,104.2222,108.3244,104.2717,0.7085,1093400500,0,0,,,,
2007-12-21 00:00:00-05:00,104.4263,102.5388,105.7155,105.5089,0.7123,982654100,0,0,,,,
2007-12-28 00:00:00-05:00,106.0004,104.6328,106.6129,104.9177,0.7123,352074300,0,0,,,,
2008-01-04 00:00:00-05:00,104.7753,100.3664,105.1386,100.6513,0.7123,670526600,0,0,,,,
2008-01-11 00:00:00-05:00,101.0074,98.0800,101.7838,99.8251,0.7123,1465959400,0,0,,,,
2008-01-18 00:00:00-05:00,100.5444,93.3790,101.0430,94.0627,0.7123,1535562300,0,0,,,,
2008-01-25 00:00:00-05:00,90.6082,89.7464,97.4104,94.7608,0.7123,1477389900,0,0,,,,
2008-02-01 00:00:00-05:00,94.9175,94.0627,99.4404,99.4190,0.7123,1272366500,0,0,,,,
2008-02-08 00:00:00-05:00,99.1555,93.8277,99.2196,94.7821,0.7123,1181381300,0,0,,,,
2008-02-15 00:00:00-05:00,94.8035,94.0485,97.6241,96.2565,0.7123,996516000,0,0,,,,
2008-02-22 00:00:00-05:00,97.3819,94.6325,97.5885,96.5984,0.7123,771817900,0,0,,,,
2008-02-29 00:00:00-05:00,96.5414,94.5756,99.1056,95.3163,0.7123,994469800,0,0,,,,
2008-03-07 00:00:00-05:00,94.8320,91.5840,95.9930,92.3889,0.7123,1317024300,0,0,,,,
2008-03-14 00:00:00-04:00,92.4815,90.8789,95.2807,92.3177,0.7123,1642477300,0,0,,,,
2008-03-21 00:00:00-04:00,90.5987,90.2408,96.3823,94.5427,0.7158,1331020000,0,0,,,,
2008-03-28 00:00:00-04:00,95.4232,93.8126,97.2127,94.1347,0.7158,1004908100,0,0,,,,
2008-04-04 00:00:00-04:00,93.9773,93.8341,98.7517,97.9857,0.7158,1012481800,0,0,,,,
2008-04-11 00:00:00-04:00,98.6872,95.2084,99.1883,95.4733,0.7158,914734500,0,0,,,,
2008-04-18 00:00:00-04:00,95.3372,94.7217,99.8969,99.1238,0.7158,920376400,0,0,,,,
2008-04-25 00:00:00-04:00,98.9449,97.9929,100.1331,99.9255,0.7158,894231800,0,0,,,,
2008-05-02 00:00:00-04:00,100.1259,98.9663,101.9083,101.2927,0.7158,808385200,0,0,,,,
2008-05-09 00:00:00-04:00,100.9634,99.1023,101.7866,99.4244,0.7158,828021000,0,0,,,,
2008-05-16 00:00:00-04:00,99.6750,99.3027,102.2661,102.1158,0.7158,860072700,0,0,,,,
2008-05-23 00:00:00-04:00,102.2232,98.4367,103.2898,98.5226,0.7158,949138100,0,0,,,,
2008-05-30 00:00:00-04:00,98.6371,98.4438,100.8775,100.4624,0.7158,640900200,0,1,Bearish,100.8775,98.4438,99.6607
2008-06-06 00:00:00-04:00,100.0901,97.5061,100.8489,97.5562,0.7158,1321816700,0,0,,,,
2008-06-13 00:00:00-04:00,97.9642,95.5734,98.4223,97.4560,0.7158,1269907600,0,0,,,,
2008-06-20 00:00:00-04:00,97.5119,94.3970,98.6413,94.6559,0.7194,1236913800,0,0,,,,
2008-06-27 00:00:00-04:00,95.0228,91.3899,95.9652,91.7424,0.7194,1321449300,0,0,,,,
2008-07-04 00:00:00-04:00,92.0014,89.9152,92.9150,90.8648,0.7194,1174881700,0,0,,,,
2008-07-11 00:00:00-04:00,91.2101,88.1168,91.8935,89.0879,0.7194,2002730700,0,0,,,,
2008-07-18 00:00:00-04:00,90.1094,86.3399,90.9439,90.6274,0.7194,1839386900,0,0,,,,
2008-07-25 00:00:00-04:00,91.0087,89.8145,92.9078,90.2677,0.7194,1299231100,0,0,,,,
2008-08-01 00:00:00-04:00,90.2893,88.7858,92.5122,90.7569,0.7194,1347509900,0,0,,,,
2008-08-08 00:00:00-04:00,90.6705,89.7497,93.4689,93.0661,0.7194,1156496800,0,0,,,,
2008-08-15 00:00:00-04:00,93.1380,91.8431,94.6055,93.6416,0.7194,1139575900,0,0,,,,
2008-08-22 00:00:00-04:00,93.8286,90.8864,93.8646,93.2675,0.7194,940772100,0,0,,,,
2008-08-29 00:00:00-04:00,92.6560,91.0590,93.7639,92.6488,0.7194,858819800,0,0,,,,
2008-09-05 00:00:00-04:00,93.5409,87.7642,94.0300,89.5051,0.7194,1133857800,0,0,,,,
2008-09-12 00:00:00-04:00,92.1093,87.4765,92.2532,90.7066,0.7194,1713539300,0,0,,,,
2008-09-19 00:00:00-04:00,88.0046,82.3392,92.6135,89.8062,0.7235,2966649400,0,1,Bearish,92.6135,82.3392,87.4763
2008-09-26 00:00:00-04:00,90.0450,85.2262,90.2620,87.4402,0.7235,1503425700,0,0,,,,
2008-10-03 00:00:00-04:00,86.2029,79.3582,86.3476,79.8357,0.7235,1947635500,0,0,,,,
2008-10-10 00:00:00-04:00,77.5277,60.4738,77.8677,64.0336,0.7235,3281575900,0,0,,,,
2008-10-17 00:00:00-04:00,67.9190,62.6154,76.3555,67.4415,0.7235,2671940000,0,0,,,,
2008-10-24 00:00:00-04:00,68.9898,60.7776,71.7031,62.9772,0.7235,2374443200,0,0,,,,
2008-10-31 00:00:00-04:00,62.2030,60.5606,71.3197,70.0607,0.7235,2394474300,0,0,,,,
2008-11-07 00:00:00-05:00,70.0245,65.1623,72.9766,67.9118,0.7235,1798169800,0,0,,,,
2008-11-14 00:00:00-05:00,68.8886,59.3957,69.1201,62.6733,0.7235,2468096000,0,0,,,,
2008-11-21 00:00:00-05:00,62.4996,53.7882,64.0770,57.5361,0.7235,3030111200,0,0,,,,
2008-11-28 00:00:00-05:00,59.2727,58.1439,65.2130,65.1840,0.7235,1465860000,0,0,,,,
2008-12-05 00:00:00-05:00,63.3172,59.2292,63.9757,63.6211,0.7235,2275378100,0,0,,,,
2008-12-12 00:00:00-05:00,65.3649,61.6459,66.8409,64.3881,0.7235,1959958100,0,0,,,,
2008-12-19 00:00:00-05:00,64.9327,62.9414,67.4200,64.3272,0.7294,1592338100,0,0,,,,
2008-12-26 00:00:00-05:00,64.6117,62.3578,64.6774,63.5759,0.7294,602214000,0,0,,,,
2009-01-02 00:00:00-05:00,63.6343,62.4381,68.1567,67.8066,0.7294,717605700,0,0,,,,
2009-01-09 00:00:00-05:00,67.5658,62.2630,68.8934,64.9837,0.7294,1444297800,0,0,,,,
2009-01-16 00:00:00-05:00,64.8014,59.6079,64.8524,62.0442,0.7294,2001666900,0,0,,,,
2009-01-23 00:00:00-05:00,61.4388,58.3898,62.0442,60.6218,0.7294,1598956800,0,0,,,,
2009-01-30 00:00:00-05:00,60.9719,59.9653,64.1522,60.4176,0.7294,1599551600,0,0,,,,
2009-02-06 00:00:00-05:00,59.4985,56.6976,63.7073,63.4447,0.7294,1673389500,0,0,,,,
2009-02-13 00:00:00-05:00,63.4301,59.1192,63.9990,60.3665,0.7294,1864031100,0,0,,,,
2009-02-20 00:00:00-05:00,58.4700,55.2679,60.5124,56.4714,0.7294,1635919000,0,0,,,,
2009-02-27 00:00:00-05:00,57.0914,53.8382,58.1126,53.9258,0.7294,2101752900,0,0,,,,
2009-03-06 00:00:00-05:00,52.8973,48.9439,53.9185,50.2714,0.7294,2308986100,0,0,,,,
2009-03-13 00:00:00-04:00,49.5639,49.4034,56.1505,55.5013,0.7294,1889958900,0,0,,,,
2009-03-20 00:00:00-04:00,56.5377,55.4284,59.5056,56.3540,0.7346,1990331000,1,0,Bullish,59.5056,55.4284,57.4670
2009-03-27 00:00:00-04:00,57.8454,57.5295,61.1953,59.9538,0.7346,1936336900,0,0,,,,
2009-04-03 00:00:00-04:00,58.6241,57.2723,62.1577,61.9006,0.7346,1826242100,0,0,,,,
2009-04-10 00:00:00-04:00,61.2247,59.8803,63.0466,63.0392,0.7346,1023870700,0,0,,,,
2009-04-17 00:00:00-04:00,62.3854,61.4231,64.3910,63.9722,0.7346,1350024300,0,0,,,,
2009-04-24 00:00:00-04:00,62.8409,60.7912,64.1412,63.6637,0.7346,1360782900,0,0,,,,
2009-05-01 00:00:00-04:00,62.9438,62.2679,65.3974,64.5673,0.7346,1386543700,0,0,,,,
2009-05-08 00:00:00-04:00,65.0522,64.9273,68.4829,68.3066,0.7346,1438907000,0,0,,,,
2009-05-15 00:00:00-04:00,67.3663,64.7583,67.6675,65.1697,0.7346,1331575400,0,0,,,,
2009-05-22 00:00:00-04:00,65.7868,64.8391,68.1743,65.3974,0.7346,1159072100,0,0,,,,
2009-05-29 00:00:00-04:00,64.9125,64.8832,68.8355,67.9760,0.7346,1030070800,0,0,,,,
2009-06-05 00:00:00-04:00,68.8135,68.1450,70.2828,69.4600,0.7346,1236792000,0,0,,,,
2009-06-12 00:00:00-04:00,68.9384,68.3507,70.6060,69.8494,0.7346,1219567000,0,0,,,,
2009-06-19 00:00:00-04:00,69.4164,67.1040,69.4608,67.9980,0.7388,1102335400,0,0,,,,
2009-06-26 00:00:00-04:00,67.3331,65.6413,68.1458,67.8502,0.7388,1098791100,0,0,,,,
2009-07-03 00:00:00-04:00,68.0497,66.3135,68.8771,66.3505,0.7388,782720500,0,0,,,,
2009-07-10 00:00:00-04:00,65.7078,64.2745,66.4392,64.9837,0.7388,956936900,1,0,Bullish,66.4392,64.2745,65.3569
2009-07-17 00:00:00-04:00,65.2423,64.7104,69.8228,69.5420,0.7388,989515000,0,0,,,,
2009-07-24 00:00:00-04:00,69.9484,69.5864,72.5046,72.4455,0.7388,990764400,0,0,,,,
2009-07-31 00:00:00-04:00,72.3125,71.6476,73.7531,72.9996,0.7388,973277300,0,0,,,,
2009-08-07 00:00:00-04:00,73.7679,73.3689,75.3784,74.7652,0.7388,951062600,0,0,,,,
2009-08-14 00:00:00-04:00,74.4254,73.4798,75.0682,74.4624,0.7388,883317700,0,0,,,,
2009-08-21 00:00:00-04:00,73.0291,72.4824,76.1911,76.0729,0.7388,1002678100,0,0,,,,
2009-08-28 00:00:00-04:00,76.3832,75.3120,77.0924,76.3758,0.7388,944464800,0,0,,,,
2009-09-04 00:00:00-04:00,75.6297,73.5610,76.2724,75.4006,0.7388,955393600,0,0,,,,
2009-09-11 00:00:00-04:00,76.0951,75.6444,77.7943,77.4027,0.7388,602784100,0,0,,,,
2009-09-18 00:00:00-04:00,77.1108,76.5689,80.2136,79.2189,0.7423,935766000,0,0,,,,
2009-09-25 00:00:00-04:00,78.6028,77.2666,80.1913,77.5339,0.7423,953661900,0,0,,,,
2009-10-02 00:00:00-04:00,77.8308,75.7078,79.4416,76.0790,0.7423,1012992100,0,0,,,,
2009-10-09 00:00:00-04:00,76.3833,76.1606,79.6198,79.6198,0.7423,829880500,0,0,,,,
2009-10-16 00:00:00-04:00,79.9909,79.2486,81.4384,80.8297,0.7423,833088300,0,0,,,,
2009-10-23 00:00:00-04:00,80.9634,79.7979,81.8838,80.2285,0.7423,1044308000,0,0,,,,
2009-10-30 00:00:00-04:00,80.3175,76.7842,81.1415,76.8732,0.7423,1267834600,0,0,,,,
2009-11-06 00:00:00-05:00,77.2963,76.5169,79.7237,79.5233,0.7423,1081551600,0,0,,,,
2009-11-13 00:00:00-05:00,80.1320,80.0726,82.2624,81.3716,0.7423,808969200,0,0,,,,
2009-11-20 00:00:00-05:00,81.9358,80.9188,82.9082,81.2306,0.7423,857473700,0,0,,,,
2009-11-27 00:00:00-05:00,82.1882,80.3844,82.9453,81.3345,0.7423,521996900,0,0,,,,
2009-12-04 00:00:00-05:00,81.2677,80.2581,83.4204,82.4034,0.7423,895036300,0,0,,,,
2009-12-11 00:00:00-05:00,82.3292,80.9262,82.7894,82.4776,0.7423,715769500,0,0,,,,
2009-12-18 00:00:00-05:00,83.4889,81.5560,83.6829,82.2500,0.7463,740889800,0,0,,,,
2009-12-25 00:00:00-05:00,82.6604,82.6604,84.0336,83.9441,0.7463,361207700,0,0,,,,
2010-01-01 00:00:00-05:00,84.2576,83.1307,84.3546,83.1680,0.7463,331857300,0,0,,,,
2010-01-08 00:00:00-05:00,83.8620,83.2202,85.5412,85.5039,0.7463,604092800,0,0,,,,
2010-01-15 00:00:00-05:00,85.8845,84.4814,85.9293,84.8098,0.7463,759533100,0,0,,,,
2010-01-22 00:00:00-05:00,84.7949,81.4142,85.9219,81.5037,0.7463,1046464900,0,0,,,,
2010-01-29 00:00:00-05:00,82.2500,80.0186,82.4440,80.1454,0.7463,1296751500,0,0,,,,
2010-02-05 00:00:00-05:00,80.7126,78.0483,82.5336,79.6006,0.7463,1427225100,0,0,,,,
2010-02-12 00:00:00-05:00,79.6603,78.9663,80.7873,80.6305,0.7463,1330712600,0,0,,,,
2010-02-19 00:00:00-05:00,81.2425,80.4664,83.2650,82.9441,0.7463,744556100,0,0,,,,
2010-02-26 00:00:00-05:00,83.2501,81.3022,83.2725,82.6456,0.7463,949418600,1,0,Bullish,83.2725,81.3022,82.2874
2010-03-05 00:00:00-05:00,82.9889,82.9665,85.3322,85.2651,0.7463,771376300,0,0,,,,
2010-03-12 00:00:00-05:00,85.2725,84.9815,86.5487,86.1681,0.7463,778142600,0,0,,,,
2010-03-19 00:00:00-04:00,86.3731,85.8785,88.0367,86.9052,0.7494,916108100,0,0,,,,
2010-03-26 00:00:00-04:00,86.4105,86.3581,88.5537,87.3622,0.7494,992696800,0,0,,,,
2010-04-02 00:00:00-04:00,87.8044,87.3848,88.6137,88.2765,0.7494,602579900,0,0,,,,
2010-04-09 00:00:00-04:00,88.6137,88.1266,89.6254,89.5879,0.7494,692518600,0,0,,,,
2010-04-16 00:00:00-04:00,89.7003,88.9884,91.1016,89.4455,0.7494,908333600,0,0,,,,
2010-04-23 00:00:00-04:00,89.1832,88.7786,91.3189,91.2815,0.7494,861261700,0,0,,,,
2010-04-30 00:00:00-04:00,91.3115,88.6137,91.5138,89.0334,0.7494,1263760600,0,0,,,,
2010-05-07 00:00:00-04:00,89.4605,78.6845,90.4347,83.3755,0.7494,2156989900,0,0,,,,
2010-05-14 00:00:00-04:00,86.7852,84.5821,88.1866,85.3464,0.7494,1529670400,0,0,,,,
2010-05-21 00:00:00-04:00,85.5788,78.9543,86.3431,81.7644,0.7494,2112367000,0,0,,,,
2010-05-28 00:00:00-04:00,81.3223,78.2199,83.0309,81.9593,0.7494,1614851500,0,0,,,,
2010-06-04 00:00:00-04:00,81.1949,79.7786,83.2257,80.0483,0.7494,1143247000,0,0,,,,
2010-06-11 00:00:00-04:00,80.3331,78.4222,82.2440,82.1916,0.7494,1422425500,0,0,,,,
2010-06-18 00:00:00-04:00,83.2151,82.3718,84.6456,84.1261,0.7529,1099031200,0,0,,,,
2010-06-25 00:00:00-04:00,85.1727,80.3915,85.2329,81.2198,0.7529,1214386100,0,0,,,,
2010-07-02 00:00:00-04:00,81.3402,76.1450,81.5586,76.9506,0.7529,1443279800,0,0,,,,
2010-07-09 00:00:00-04:00,78.0348,76.7097,81.2951,81.2876,0.7529,866546700,0,0,,,,
2010-07-16 00:00:00-04:00,81.0165,80.1506,82.8913,80.3087,0.7529,1043767600,0,0,,,,
2010-07-23 00:00:00-04:00,80.6024,79.6763,83.2527,83.1323,0.7529,1206200500,0,0,,,,
2010-07-30 00:00:00-04:00,83.2753,82.0555,84.5477,83.0268,0.7529,992577200,0,0,,,,
2010-08-06 00:00:00-04:00,84.3219,83.5163,85.1652,84.6231,0.7529,873294300,0,0,,,,
2010-08-13 00:00:00-04:00,85.0221,81.0165,85.2179,81.5511,0.7529,1035364700,0,0,,,,
2010-08-20 00:00:00-04:00,80.9939,80.3765,83.1172,80.9638,0.7529,978649500,0,0,,,,
2010-08-27 00:00:00-04:00,81.3478,78.5243,81.7469,80.4593,0.7529,1213491400,0,0,,,,
2010-09-03 00:00:00-04:00,80.2485,78.6748,83.5689,83.4937,0.7529,1066309300,0,0,,,,
2010-09-10 00:00:00-04:00,83.1021,82.4847,84.0885,83.9379,0.7529,566735000,0,0,,,,
2010-09-17 00:00:00-04:00,85.2199,84.7657,85.7574,85.1518,0.7570,952735300,0,0,,,,
2010-09-24 00:00:00-04:00,85.4470,84.9171,86.9761,86.9156,0.7570,1086292800,0,0,,,,
2010-10-01 00:00:00-04:00,86.9458,85.6741,87.6498,86.7566,0.7570,979380500,0,0,,,,
2010-10-08 00:00:00-04:00,86.5749,85.6741,88.4598,88.2175,0.7570,887034000,0,0,,,,
2010-10-15 00:00:00-04:00,88.3538,87.5438,89.7390,89.0956,0.7570,941124800,0,0,,,,
2010-10-22 00:00:00-04:00,89.1259,87.8239,90.1479,89.5877,0.7570,951659200,0,0,,,,
2010-10-29 00:00:00-04:00,90.1857,88.7626,90.6550,89.6936,0.7570,813034100,0,0,,,,
2010-11-05 00:00:00-04:00,90.1327,89.2092,93.0470,92.8956,0.7570,954817000,0,0,,,,
2010-11-12 00:00:00-05:00,92.6080,90.5717,93.0697,90.9880,0.7570,961202500,0,0,,,,
2010-11-19 00:00:00-05:00,91.2757,89.0123,91.6315,91.0562,0.7570,990392500,0,0,,,,
2010-11-26 00:00:00-05:00,90.6020,89.3151,91.0183,89.9283,0.7570,619723900,0,0,,,,
2010-12-03 00:00:00-05:00,89.7012,89.1259,93.1303,93.0243,0.7570,1021112700,0,0,,,,
2010-12-10 00:00:00-05:00,92.8275,92.6610,94.3188,94.2279,0.7570,688927500,0,0,,,,
2010-12-17 00:00:00-05:00,95.1572,94.1680,95.2942,94.5865,0.7610,767995900,0,0,,,,
2010-12-24 00:00:00-05:00,94.8452,94.3430,95.7431,95.5757,0.7610,362982800,0,0,,,,
2010-12-31 00:00:00-05:00,95.2181,95.1496,96.0323,95.6898,0.7610,339304000,0,0,,,,
2011-01-07 00:00:00-05:00,96.4204,95.6518,97.2726,96.7476,0.7610,688663800,0,0,,,,
2011-01-14 00:00:00-05:00,96.3215,96.0323,98.4141,98.3913,0.7610,587344200,0,0,,,,
2011-01-21 00:00:00-05:00,98.2999,96.7400,98.6500,97.6835,0.7610,593568300,0,0,,,,
2011-01-28 00:00:00-05:00,97.6227,97.0291,99.1903,97.1889,0.7610,841489200,0,0,,,,
2011-02-04 00:00:00-05:00,97.4553,97.2118,99.8371,99.7990,0.7610,715288600,0,0,,,,
2011-02-11 00:00:00-05:00,100.0197,99.9132,101.4198,101.2905,0.7610,658367400,0,0,,,,
2011-02-18 00:00:00-05:00,101.2296,100.6893,102.4928,102.3710,0.7610,591262500,0,0,,,,
2011-02-25 00:00:00-05:00,101.2981,98.6956,102.3939,100.6969,0.7610,862818700,0,0,,,,
2011-03-04 00:00:00-05:00,101.0698,99.1903,101.7318,100.8035,0.7610,1054110800,0,0,,,,
2011-03-11 00:00:00-05:00,101.1002,98.5358,101.3285,99.5631,0.7610,1072125000,0,0,,,,
2011-03-18 00:00:00-04:00,99.3460,95.7464,99.7205,97.6417,0.7643,1547968900,0,0,,,,
2011-03-25 00:00:00-04:00,98.8569,98.0697,100.7828,100.3472,0.7643,746906900,0,0,,,,
2011-04-01 00:00:00-04:00,100.5612,99.6899,102.2349,101.7611,0.7643,661783400,0,0,,,,
2011-04-08 00:00:00-04:00,101.9751,101.1191,102.4107,101.5394,0.7643,660648900,0,0,,,,
2011-04-15 00:00:00-04:00,101.6465,99.5600,101.9904,100.9128,0.7643,775858900,0,0,,,,
2011-04-22 00:00:00-04:00,99.8046,98.9792,102.2884,102.2426,0.7643,627087300,0,0,,,,
2011-04-29 00:00:00-04:00,102.1661,101.7993,104.3749,104.2678,0.7643,595273300,0,0,,,,
2011-05-06 00:00:00-04:00,104.7570,101.6617,104.8410,102.5636,0.7643,897019400,0,0,,,,
2011-05-13 00:00:00-04:00,102.5559,101.9445,104.0233,102.4413,0.7643,751471200,0,0,,,,
2011-05-20 00:00:00-04:00,102.0744,100.9739,103.1979,102.1127,0.7643,771663900,0,0,,,,
2011-05-27 00:00:00-04:00,100.8669,100.4083,102.3113,102.0362,0.7643,752721600,0,0,,,,
2011-06-03 00:00:00-04:00,102.9992,99.4148,103.1138,99.6746,0.7643,832982500,0,0,,,,
2011-06-10 00:00:00-04:00,99.4225,97.2596,99.6288,97.5194,0.7643,939901900,0,0,,,,
2011-06-17 00:00:00-04:00,98.2256,97.0198,99.6696,97.5805,0.7680,1210445900,0,0,,,,
2011-06-24 00:00:00-04:00,97.2502,96.9200,99.7003,97.3962,0.7680,1089755100,0,0,,,,
2011-07-01 00:00:00-04:00,97.4576,97.2656,102.9952,102.8570,0.7680,1004464900,0,0,,,,
2011-07-08 00:00:00-04:00,102.7495,102.2349,104.2241,103.2257,0.7680,673832300,0,0,,,,
2011-07-15 00:00:00-04:00,101.9584,100.3685,102.3194,101.1443,0.7680,1060781500,0,0,,,,
2011-07-22 00:00:00-04:00,100.6757,99.5621,103.5482,103.3639,0.7680,871838100,0,0,,,,
2011-07-29 00:00:00-04:00,102.3808,98.2871,103.2948,99.3316,0.7680,1031930400,0,0,,,,
2011-08-05 00:00:00-04:00,100.4914,89.7541,100.5836,92.2272,0.7680,2219616500,0,0,,,,
2011-08-12 00:00:00-04:00,89.7925,84.6926,92.2579,90.7218,0.7680,2884411300,0,0,,,,
2011-08-19 00:00:00-04:00,91.5436,86.4054,93.0874,86.5129,0.7680,1732344500,0,0,,,,
2011-08-26 00:00:00-04:00,88.4561,86.3363,91.7049,90.6066,0.7680,1479958200,0,0,,,,
2011-09-02 00:00:00-04:00,91.8278,90.1919,94.8616,90.5144,0.7680,1244224400,0,0,,,,
2011-09-09 00:00:00-04:00,87.8570,87.8493,92.8877,89.0321,0.7680,1125697000,0,0,,,,
2011-09-16 00:00:00-04:00,88.3733,88.0490,94.1635,93.8160,0.7720,1509003200,0,0,,,,
2011-09-23 00:00:00-04:00,92.2797,85.9260,94.1789,87.6553,0.7720,1597854300,0,0,,,,
2011-09-30 00:00:00-04:00,88.4814,87.2230,92.3029,87.3542,0.7720,1445625600,0,0,,,,
2011-10-07 00:00:00-04:00,86.8447,82.9383,90.5195,89.3306,0.7720,1678881000,0,0,,,,
2011-10-14 00:00:00-04:00,90.8515,90.8437,94.6498,94.6266,0.7720,1145235600,0,0,,,,
2011-10-21 00:00:00-04:00,94.1789,92.0250,95.8233,95.7075,0.7720,1288845800,0,0,,,,
2011-10-28 00:00:00-04:00,95.8619,94.3487,99.9150,99.2820,0.7720,1379992900,0,0,,,,
2011-11-04 00:00:00-04:00,98.1703,93.8161,99.2974,96.8733,0.7720,1430006500,0,0,,,,
2011-11-11 00:00:00-05:00,96.8038,94.8506,98.8342,97.7842,0.7720,1180816400,0,0,,,,
2011-11-18 00:00:00-05:00,97.4214,93.5922,98.3941,94.1712,0.7720,1126550200,0,0,,,,
2011-11-25 00:00:00-05:00,92.7970,89.7089,92.9128,89.8170,0.7720,769992600,0,0,,,,
2011-12-02 00:00:00-05:00,92.2874,91.7316,97.6607,96.3946,0.7720,1132431500,0,0,,,,
2011-12-09 00:00:00-05:00,97.9232,95.4605,98.2475,97.3133,0.7720,1091882700,0,0,,,,
2011-12-16 00:00:00-05:00,97.0759,94.2401,97.5576,94.4654,0.7769,1119195300,0,0,,,,
2011-12-23 00:00:00-05:00,94.8306,93.2534,98.2257,98.1946,0.7769,815204600,0,0,,,,
2011-12-30 00:00:00-05:00,98.0237,96.9050,98.5287,97.5032,0.7769,424289000,0,0,,,,
2012-01-06 00:00:00-05:00,99.2590,98.2257,99.7407,99.2201,0.7769,642829400,1,0,Bullish,99.7407,98.2257,98.9832
2012-01-13 00:00:00-05:00,99.4455,98.9871,100.7662,100.0981,0.7769,625172800,0,0,,,,
2012-01-20 00:00:00-05:00,101.0615,100.1447,102.5143,102.5143,0.7769,560163500,0,0,,,,
2012-01-27 00:00:00-05:00,102.1724,101.4655,103.6408,102.4133,0.7769,751131900,0,0,,,,
2012-02-03 00:00:00-05:00,101.3955,101.0459,104.5887,104.5265,0.7769,744447200,0,0,,,,
2012-02-10 00:00:00-05:00,104.0914,103.8273,105.3423,104.3867,0.7769,699094400,0,0,,,,
2012-02-17 00:00:00-05:00,105.1325,104.3012,106.1503,105.9794,0.7769,792803700,0,0,,,,
2012-02-24 00:00:00-05:00,106.2280,105.2724,106.5931,106.3833,0.7769,501741000,0,0,,,,
2012-03-02 00:00:00-05:00,105.6764,105.5054,107.3623,106.6786,0.7769,726681300,0,0,,,,
2012-03-09 00:00:00-05:00,106.5154,104.3867,107.1603,106.8806,0.7769,726392800,0,0,,,,
2012-03-16 00:00:00-04:00,107.3334,106.9744,109.8538,109.4793,0.7803,751269600,0,0,,,,
2012-03-23 00:00:00-04:00,109.4091,108.1137,110.2440,108.9721,0.7803,625146900,0,0,,,,
2012-03-30 00:00:00-04:00,109.7524,108.5351,110.6732,109.8772,0.7803,689045100,0,0,,,,
2012-04-06 00:00:00-04:00,109.7446,108.6677,110.9697,109.0813,0.7803,591883200,0,0,,,,
2012-04-13 00:00:00-04:00,107.7079,105.9366,109.1203,107.0134,0.7803,840617400,0,0,,,,
2012-04-20 00:00:00-04:00,107.5597,106.5765,108.7458,107.6455,0.7803,761453400,0,0,,,,
2012-04-27 00:00:00-04:00,106.5453,106.0771,109.8616,109.5495,0.7803,726597900,0,0,,,,
2012-05-04 00:00:00-04:00,109.3310,106.8418,110.5405,106.9042,0.7803,712692400,0,0,,,,
2012-05-11 00:00:00-04:00,106.5218,104.9455,107.3411,105.8195,0.7803,865528500,0,0,,,,
2012-05-18 00:00:00-04:00,104.8051,101.0908,105.8196,101.2391,0.7803,1146413600,0,0,,,,
2012-05-25 00:00:00-04:00,101.5668,101.4029,103.9623,103.0806,0.7803,883173900,0,0,,,,
2012-06-01 00:00:00-04:00,103.9078,100.0062,104.5086,100.0062,0.7803,764680800,0,0,,,,
2012-06-08 00:00:00-04:00,100.1856,99.2102,104.1965,103.8609,0.7803,879586100,0,0,,,,
2012-06-15 00:00:00-04:00,105.2384,102.8774,105.3090,105.2148,0.7844,923971800,0,0,,,,
2012-06-22 00:00:00-04:00,104.7756,103.7951,106.8698,104.6815,0.7844,810496700,0,0,,,,
2012-06-29 00:00:00-04:00,103.5755,102.6342,106.8855,106.7522,0.7844,777590700,0,0,,,,
2012-07-06 00:00:00-04:00,107.0502,105.7717,108.0856,106.2737,0.7844,487344100,1,0,Bullish,108.0856,105.7717,106.9287
2012-07-13 00:00:00-04:00,106.1874,104.0069,106.8541,106.4777,0.7844,686624500,0,0,,,,
2012-07-20 00:00:00-04:00,106.2345,105.5364,108.3837,107.0424,0.7844,622487000,0,0,,,,
2012-07-27 00:00:00-04:00,105.4737,104.3442,109.0817,108.7758,0.7844,840929800,0,0,,,,
2012-08-03 00:00:00-04:00,108.6503,106.3443,109.5288,109.3014,0.7844,723033300,0,0,,,,
2012-08-10 00:00:00-04:00,109.5916,109.4661,110.5328,110.4701,0.7844,475710400,0,0,,,,
2012-08-17 00:00:00-04:00,110.2818,109.8426,111.6152,111.5211,0.7844,455720100,0,0,,,,
2012-08-24 00:00:00-04:00,111.3642,109.9838,112.2349,110.9956,0.7844,528027900,0,0,,,,
2012-08-31 00:00:00-04:00,111.2937,109.9603,111.4427,110.7211,0.7844,458457100,0,0,,,,
2012-09-07 00:00:00-04:00,110.6269,109.9132,113.2546,113.2075,0.7844,486431100,0,0,,,,
2012-09-14 00:00:00-04:00,113.0977,112.5251,116.1724,115.4900,0.7844,658106600,0,0,,,,
2012-09-21 00:00:00-04:00,115.8699,114.8369,116.0670,115.0261,0.7886,608820000,0,0,,,,
2012-09-28 00:00:00-04:00,114.4584,112.7236,115.3180,113.5279,0.7886,637875800,0,0,,,,
2012-10-05 00:00:00-04:00,113.9616,113.4175,116.0434,115.2391,0.7886,619770200,0,0,,,,
2012-10-12 00:00:00-04:00,114.8133,112.4318,115.2233,112.6763,0.7886,599319200,0,0,,,,
2012-10-19 00:00:00-04:00,112.9444,112.5817,115.5387,113.0706,0.7886,679092400,0,0,,,,
2012-10-26 00:00:00-04:00,112.8813,110.7049,113.2914,111.4619,0.7886,718295200,0,0,,,,
2012-11-02 00:00:00-04:00,111.8562,110.9336,113.3308,111.6275,0.7886,342136300,0,0,,,,
2012-11-09 00:00:00-05:00,111.4619,108.4654,113.1731,108.9464,0.7886,852323700,0,0,,,,
2012-11-16 00:00:00-05:00,109.2855,106.2180,109.8060,107.5349,0.7886,829813100,0,0,,,,
2012-11-23 00:00:00-05:00,108.7414,107.5665,111.5014,111.4619,0.7886,418423200,0,0,,,,
2012-11-30 00:00:00-05:00,110.9100,109.6088,112.3767,112.0928,0.7886,693511300,0,0,,,,
2012-12-07 00:00:00-05:00,112.6053,110.6891,112.6999,112.2978,0.7886,611416000,0,0,,,,
2012-12-14 00:00:00-05:00,112.1401,111.8799,113.9853,112.0534,0.7886,670707900,0,0,,,,
2012-12-21 00:00:00-05:00,113.1419,112.7210,115.6117,113.3960,0.7941,886267200,0,0,,,,
2012-12-28 00:00:00-05:00,113.1499,111.0771,113.3325,111.2042,0.7941,477549600,1,0,Bullish,113.3325,111.0771,112.2048
2013-01-04 00:00:00-05:00,110.9104,110.8151,116.4297,116.2391,0.7941,697573700,0,0,,,,
2013-01-11 00:00:00-05:00,115.8261,115.1352,116.8585,116.7950,0.7941,566665900,0,0,,,,
2013-01-18 00:00:00-05:00,116.6521,116.1041,117.9227,117.7956,0.7941,591328800,0,0,,,,
2013-01-25 00:00:00-05:00,117.7956,117.5177,119.3204,119.3204,0.7941,510031400,0,0,,,,
2013-02-01 00:00:00-05:00,119.3521,118.7327,120.2495,120.1066,0.7941,596648600,0,0,,,,
2013-02-08 00:00:00-05:00,119.3760,118.6692,120.6228,120.5513,0.7941,677372500,0,0,,,,
2013-02-15 00:00:00-05:00,120.5036,120.2257,121.1945,120.7975,0.7941,517551100,0,0,,,,
2013-02-22 00:00:00-05:00,121.0039,119.0742,121.7266,120.6227,0.7941,545293800,0,0,,,,
2013-03-01 00:00:00-05:00,121.2104,118.1132,121.4010,120.7975,0.7941,880703700,0,0,,,,
2013-03-08 00:00:00-05:00,120.5195,120.3290,123.6088,123.4420,0.7941,524491200,0,0,,,,
2013-03-15 00:00:00-04:00,123.8953,123.7438,125.0759,124.3021,0.7977,546984500,0,0,,,,
2013-03-22 00:00:00-04:00,123.1135,122.5153,124.3978,124.1186,0.7977,647799500,0,0,,,,
2013-03-29 00:00:00-04:00,124.4457,123.1216,125.1158,124.9722,0.7977,441062300,0,0,,,,
2013-04-05 00:00:00-04:00,124.9083,122.6589,125.4029,123.7677,0.7977,646416800,0,0,,,,
2013-04-12 00:00:00-04:00,123.8554,123.4406,127.3971,126.6712,0.7977,550706900,0,0,,,,
2013-04-19 00:00:00-04:00,126.0331,122.4834,126.1368,124.0229,0.7977,908872400,0,0,,,,
2013-04-26 00:00:00-04:00,124.2622,123.4406,127.0461,126.2245,0.7977,596455400,0,0,,,,
2013-05-03 00:00:00-04:00,126.5675,126.1128,129.1281,128.7212,0.7977,584067600,0,0,,,,
2013-05-10 00:00:00-04:00,128.8169,128.7611,130.5798,130.3485,0.7977,464602100,0,0,,,,
2013-05-17 00:00:00-04:00,130.1810,129.8779,133.2441,133.1643,0.7977,561277200,0,0,,,,
2013-05-24 00:00:00-04:00,133.0366,130.7712,134.8633,131.8640,0.7977,787545500,0,0,,,,
2013-05-31 00:00:00-04:00,133.2440,130.1251,133.8343,130.3804,0.7977,588687100,0,0,,,,
2013-06-07 00:00:00-04:00,130.6835,127.8278,131.6966,131.4573,0.7977,926323300,0,0,,,,
2013-06-14 00:00:00-04:00,131.8641,128.6654,131.9359,130.1650,0.7977,747319300,0,0,,,,
2013-06-21 00:00:00-04:00,131.7439,126.2749,133.1071,127.5580,0.8019,1050353400,0,0,,,,
2013-06-28 00:00:00-04:00,126.2268,124.8796,129.7632,128.6405,0.8019,809325800,0,0,,,,
2013-07-05 00:00:00-04:00,129.3141,128.4802,130.7736,130.7255,0.8019,484451800,0,0,,,,
2013-07-12 00:00:00-04:00,131.3990,130.7736,134.6628,134.3260,0.8019,588605500,0,0,,,,
2013-07-19 00:00:00-04:00,134.6949,133.9732,135.7373,135.6572,0.8019,458478400,0,0,,,,
2013-07-26 00:00:00-04:00,135.8496,134.3340,136.2105,135.6090,0.8019,492075500,0,0,,,,
2013-08-02 00:00:00-04:00,135.2642,134.8071,137.1005,137.0845,0.8019,508848400,0,0,,,,
2013-08-09 00:00:00-04:00,136.7799,135.1600,137.0926,135.7695,0.8019,420361400,0,0,,,,
2013-08-16 00:00:00-04:00,135.0878,132.7142,136.2425,132.9788,0.8019,513028500,0,0,,,,
2013-08-23 00:00:00-04:00,132.8264,131.6637,133.7807,133.6123,0.8019,537622800,0,0,,,,
2013-08-30 00:00:00-04:00,133.7486,130.7495,134.1576,131.2306,0.8019,610563900,0,0,,,,
2013-09-06 00:00:00-04:00,132.4977,131.2707,133.9010,133.1472,0.8019,462611500,0,0,,,,
2013-09-13 00:00:00-04:00,133.4760,133.4760,135.9699,135.7855,0.8019,443889200,0,0,,,,
2013-09-20 00:00:00-04:00,137.9220,137.0194,139.8881,137.5674,0.8058,671767100,0,0,,,,
2013-09-27 00:00:00-04:00,137.3821,135.7543,137.5110,136.1089,0.8058,504544800,1,0,Bullish,137.5110,135.7543,136.6327
2013-10-04 00:00:00-04:00,134.9566,134.4409,136.5843,136.0928,0.8058,658023000,0,0,,,,
2013-10-11 00:00:00-04:00,134.9082,132.5794,137.2450,137.1967,0.8058,744278000,0,0,,,,
2013-10-18 00:00:00-04:00,136.3506,136.2459,140.6214,140.5247,0.8058,696972000,0,0,,,,
2013-10-25 00:00:00-04:00,140.5731,140.1782,141.8221,141.7818,0.8058,500226000,0,0,,,,
2013-11-01 00:00:00-04:00,141.7335,141.1936,143.0389,141.9913,0.8058,588982000,0,0,,,,
2013-11-08 00:00:00-05:00,142.3781,140.8229,143.1436,142.8615,0.8058,552563000,0,0,,,,
2013-11-15 00:00:00-05:00,142.7245,141.8946,145.1420,145.0856,0.8058,456701000,0,0,,,,
2013-11-22 00:00:00-05:00,145.3273,143.4175,145.7141,145.6980,0.8058,497733000,0,0,,,,
2013-11-29 00:00:00-05:00,145.9558,145.3434,146.4554,145.8511,0.8058,281150900,0,0,,,,
2013-12-06 00:00:00-05:00,145.9236,143.7157,146.1976,145.8028,0.8058,573984000,0,0,,,,
2013-12-13 00:00:00-05:00,146.2298,143.2403,146.3910,143.5223,0.8058,505064000,0,0,,,,
2013-12-20 00:00:00-05:00,144.9820,143.6614,147.4450,147.0966,0.8102,754605200,0,0,,,,
2013-12-27 00:00:00-05:00,147.8176,147.5098,149.2193,148.9519,0.8102,256145800,0,0,,,,
2014-01-03 00:00:00-05:00,148.9681,147.8420,149.6325,148.1741,0.8102,344004400,0,0,,,,
2014-01-10 00:00:00-05:00,148.6603,147.5179,149.2517,149.1869,0.8102,483464500,0,0,,,,
2014-01-17 00:00:00-05:00,148.8061,146.9184,149.8350,148.7818,0.8102,533573200,0,0,,,,
2014-01-24 00:00:00-05:00,149.6406,144.8849,149.6973,144.9335,0.8102,491066100,0,0,,,,
2014-01-31 00:00:00-05:00,145.0712,143.3050,145.6788,144.3582,0.8102,821519600,0,0,,,,
2014-02-07 00:00:00-05:00,144.1881,140.7368,145.7275,145.5735,0.8102,887744800,0,0,,,,
2014-02-14 00:00:00-05:00,145.5897,145.1927,149.3652,149.0897,0.8102,501791200,0,0,,,,
2014-02-21 00:00:00-05:00,149.2193,147.9392,149.8432,148.9844,0.8102,430099700,0,0,,,,
2014-02-28 00:00:00-05:00,149.3003,149.2355,151.6256,150.9288,0.8102,574548900,0,0,,,,
2014-03-07 00:00:00-05:00,149.6001,148.8709,153.0920,152.5249,0.8102,620701300,0,0,,,,
2014-03-14 00:00:00-04:00,152.2899,149.4300,152.8894,149.6082,0.8102,587706600,0,0,,,,
2014-03-21 00:00:00-04:00,151.0253,150.9276,153.8165,151.5217,0.8138,656800400,0,0,,,,
2014-03-28 00:00:00-04:00,152.0425,149.6500,152.4494,150.9439,0.8138,589131000,0,0,,,,
2014-04-04 00:00:00-04:00,151.9042,150.9683,154.3698,151.6844,0.8138,514528000,0,0,,,,
2014-04-11 00:00:00-04:00,151.3182,147.5424,152.3110,147.7051,0.8138,693927000,0,0,,,,
2014-04-18 00:00:00-04:00,148.8607,147.6482,152.0994,151.6763,0.8138,499927000,0,0,,,,
2014-04-25 00:00:00-04:00,151.7170,151.2531,153.3119,151.5949,0.8138,416538000,0,0,,,,
2014-05-02 00:00:00-04:00,152.2133,150.5126,153.9141,153.0352,0.8138,511868000,0,0,,,,
2014-05-09 00:00:00-04:00,152.2866,151.3670,153.8409,152.9539,0.8138,445134000,0,0,,,,
2014-05-16 00:00:00-04:00,153.6374,151.7495,154.9557,153.0271,0.8138,478175000,0,0,,,,
2014-05-23 00:00:00-04:00,152.7342,152.2297,155.0046,154.8988,0.8138,387217800,0,0,,,,
2014-05-30 00:00:00-04:00,155.4765,155.3870,156.8925,156.7948,0.8138,279426000,0,0,,,,
2014-06-06 00:00:00-04:00,157.0145,156.2170,159.0326,158.9919,0.8138,356031000,0,0,,,,
2014-06-13 00:00:00-04:00,158.9676,157.1448,159.5372,157.9748,0.8138,379387000,0,0,,,,
2014-06-20 00:00:00-04:00,158.5355,158.3474,160.7513,160.2117,0.8177,464041000,0,0,,,,
2014-06-27 00:00:00-04:00,160.2525,158.7317,160.6695,160.1135,0.8177,405387100,0,0,,,,
2014-07-04 00:00:00-04:00,160.0154,159.8764,162.1331,162.0596,0.8177,266085000,0,0,,,,
2014-07-11 00:00:00-04:00,161.7489,159.4921,161.8797,160.7595,0.8177,406114000,0,0,,,,
2014-07-18 00:00:00-04:00,161.5772,159.7947,162.1087,161.6590,0.8177,519679400,0,0,,,,
2014-07-25 00:00:00-04:00,161.1520,160.6124,162.7628,161.6671,0.8177,334607000,0,0,,,,
2014-08-01 00:00:00-04:00,161.6998,156.6385,162.2640,157.3989,0.8177,626687000,1,0,Bullish,162.2640,156.6385,159.4513
2014-08-08 00:00:00-04:00,157.7015,155.8045,158.8707,158.0040,0.8177,591595000,0,0,,,,
2014-08-15 00:00:00-04:00,158.6009,157.7587,160.7922,160.0318,0.8177,414545000,0,0,,,,
2014-08-22 00:00:00-04:00,160.9148,160.8249,163.3351,162.8690,0.8177,351220000,0,0,,,,
2014-08-29 00:00:00-04:00,163.6459,162.8364,164.2019,164.1120,0.8177,283264000,0,0,,,,
2014-09-05 00:00:00-04:00,164.3245,163.0490,164.8233,164.4390,0.8177,317301000,0,0,,,,
2014-09-12 00:00:00-04:00,164.2836,162.3539,164.5207,162.8200,0.8177,404171700,0,0,,,,
2014-09-19 00:00:00-04:00,163.6057,162.9650,165.8566,164.8708,0.8215,560507000,0,0,,,,
2014-09-26 00:00:00-04:00,164.5833,161.2317,164.6080,162.5707,0.8215,598069000,0,0,,,,
2014-10-03 00:00:00-04:00,161.1742,158.0115,162.8993,161.4371,0.8215,683066000,0,0,,,,
2014-10-10 00:00:00-04:00,162.1106,156.4835,162.3242,156.5246,0.8215,871766000,0,0,,,,
2014-10-17 00:00:00-04:00,156.4589,149.4435,157.0257,154.8241,0.8215,1312517000,1,0,Bullish,157.0257,149.4435,153.2346
2014-10-24 00:00:00-04:00,154.5449,154.4956,161.4125,161.3632,0.8215,709653000,0,0,,,,
2014-10-31 00:00:00-04:00,160.7880,160.2130,165.7908,165.6594,0.8215,592480000,0,0,,,,
2014-11-07 00:00:00-05:00,165.8730,164.3451,167.2531,167.0395,0.8215,475281000,0,0,,,,
2014-11-14 00:00:00-05:00,167.0724,166.8670,168.2636,167.7789,0.8215,376714100,0,0,,,,
2014-11-21 00:00:00-05:00,167.4585,167.2942,170.7362,169.7833,0.8215,454049700,0,0,,,,
2014-11-28 00:00:00-05:00,170.1858,169.8819,170.7608,170.2104,0.8215,265047000,0,0,,,,
2014-12-05 00:00:00-05:00,169.5533,168.7154,171.2538,170.8677,0.8215,429769700,0,0,,,,
2014-12-12 00:00:00-05:00,170.4733,164.9940,170.9662,165.0269,0.8215,754967700,0,0,,,,
2014-12-19 00:00:00-05:00,166.8381,163.4349,175.9160,170.5882,0.8260,1206138200,0,0,,,,
2014-12-26 00:00:00-05:00,170.7782,170.5386,172.5128,172.1741,0.8260,370776900,0,0,,,,
2015-01-02 00:00:00-05:00,171.9925,168.6554,172.6120,169.6879,0.8260,404984400,0,0,,,,
2015-01-09 00:00:00-05:00,168.6471,164.2609,170.5056,168.7132,0.8260,809915800,0,0,,,,
2015-01-16 00:00:00-05:00,168.8453,164.0049,169.7292,166.5490,0.8260,940434000,0,0,,,,
2015-01-23 00:00:00-05:00,167.1850,165.3430,170.3735,169.3079,0.8260,545806600,0,0,,,,
2015-01-30 00:00:00-05:00,169.0931,164.1122,169.7952,164.7482,0.8260,765883700,0,0,,,,
2015-02-06 00:00:00-05:00,165.2439,163.4350,171.1830,169.7870,0.8260,645251800,0,0,,,,
2015-02-13 00:00:00-05:00,169.1427,168.6223,173.3305,173.2810,0.8260,465687300,0,0,,,,
2015-02-20 00:00:00-05:00,172.9671,172.4137,174.5613,174.4870,0.8260,389980000,0,0,,,,
2015-02-27 00:00:00-05:00,174.2392,173.8592,175.3130,174.0079,0.8260,400719000,0,0,,,,
2015-03-06 00:00:00-05:00,174.1070,171.0673,175.1643,171.3977,0.8260,577315400,0,0,,,,
2015-03-13 00:00:00-04:00,171.5960,168.8371,172.4633,170.0183,0.8260,613490300,0,0,,,,
2015-03-20 00:00:00-04:00,171.5073,170.8021,175.2907,174.5772,0.8297,755050500,0,0,,,,
2015-03-27 00:00:00-04:00,174.5855,169.3584,175.1580,170.7025,0.8297,581117700,0,0,,,,
2015-04-03 00:00:00-04:00,171.7313,169.6820,173.0837,171.2833,0.8297,447153600,0,0,,,,
2015-04-10 00:00:00-04:00,170.3955,170.2628,174.3117,174.2702,0.8297,443228200,0,0,,,,
2015-04-17 00:00:00-04:00,174.1292,171.7563,175.0999,172.5362,0.8297,509113900,0,0,,,,
2015-04-24 00:00:00-04:00,173.4571,173.3244,175.8716,175.6061,0.8297,406927200,0,0,,,,
2015-05-01 00:00:00-04:00,176.1702,172.2623,176.2947,174.8344,0.8297,556611100,0,0,,,,
2015-05-08 00:00:00-04:00,175.2575,171.5488,175.9130,175.5811,0.8297,563435800,0,0,,,,
2015-05-15 00:00:00-04:00,175.5397,173.0921,176.4026,176.2615,0.8297,462547700,0,0,,,,
2015-05-22 00:00:00-04:00,176.0955,176.0292,177.3733,176.7178,0.8297,345719900,0,0,,,,
2015-05-29 00:00:00-04:00,176.2283,174.4029,176.7095,175.1829,0.8297,417416800,0,0,,,,
2015-06-05 00:00:00-04:00,175.8466,173.3907,176.4523,174.0462,0.8297,546278200,0,0,,,,
2015-06-12 00:00:00-04:00,173.9383,172.3204,175.9711,174.2453,0.8297,537908100,0,0,,,,
2015-06-19 00:00:00-04:00,173.9507,173.2420,177.8692,175.7599,0.8337,632747600,0,0,,,,
2015-06-26 00:00:00-04:00,176.6770,174.3842,177.2439,174.9345,0.8337,432762300,0,0,,,,
2015-07-03 00:00:00-04:00,173.4588,171.1493,174.9428,172.8418,0.8337,625900000,0,0,,,,
2015-07-10 00:00:00-04:00,171.5579,170.1738,173.5588,172.9835,0.8337,729385700,0,0,,,,
2015-07-17 00:00:00-04:00,174.2425,174.2008,177.2106,177.1522,0.8337,481406400,0,0,,,,
2015-07-24 00:00:00-04:00,177.3774,173.0836,177.7359,173.4171,0.8337,445343800,0,0,,,,
2015-07-31 00:00:00-04:00,172.5334,171.9664,176.2935,175.5014,0.8337,556268500,0,0,,,,
2015-08-07 00:00:00-04:00,175.4681,172.4750,176.1768,173.3754,0.8337,515462100,0,0,,,,
2015-08-14 00:00:00-04:00,174.4843,171.2160,175.6432,174.6010,0.8337,540645600,0,0,,,,
2015-08-21 00:00:00-04:00,174.0091,164.6795,175.6515,164.9380,0.8337,864627700,0,0,,,,
2015-08-28 00:00:00-04:00,156.3172,152.0734,166.6138,166.1469,0.8337,1650892700,0,0,,,,
2015-09-04 00:00:00-04:00,165.1714,159.0184,166.0218,160.5692,0.8337,938737300,0,0,,,,
2015-09-11 00:00:00-04:00,163.3622,161.9532,166.3053,164.0292,0.8337,543675700,0,0,,,,
2015-09-18 00:00:00-04:00,165.0580,163.3902,170.0361,163.8009,0.8381,792543900,0,0,,,,
2015-09-25 00:00:00-04:00,164.6306,159.7027,165.6698,161.6219,0.8381,666841300,1,0,Bullish,165.6698,159.7027,162.6863
2015-10-02 00:00:00-04:00,160.7251,156.6605,163.4488,163.4237,0.8381,843095800,0,0,,,,
2015-10-09 00:00:00-04:00,164.6473,164.5384,169.2064,168.7287,0.8381,621027000,0,0,,,,
2015-10-16 00:00:00-04:00,168.8041,166.7257,170.3713,170.3546,0.8381,492262800,0,0,,,,
2015-10-23 00:00:00-04:00,169.7093,168.9969,174.2767,173.9080,0.8381,576364400,0,0,,,,
2015-10-30 00:00:00-04:00,173.7320,172.4665,175.5255,174.2600,0.8381,504447900,0,0,,,,
2015-11-06 00:00:00-05:00,174.5869,174.4611,177.3860,176.0283,0.8381,466621600,0,0,,,,
2015-11-13 00:00:00-05:00,175.4165,169.6590,175.5674,169.7428,0.8381,549621600,0,0,,,,
2015-11-20 00:00:00-05:00,169.5584,169.4411,176.0954,175.4165,0.8381,542343400,0,0,,,,
2015-11-27 00:00:00-05:00,175.4752,173.8242,175.9780,175.6260,0.8381,253103500,0,0,,,,
2015-12-04 00:00:00-05:00,175.7853,171.5950,176.8329,175.6764,0.8381,678260500,0,0,,,,
2015-12-11 00:00:00-05:00,175.3495,168.8796,175.7685,169.1897,0.8381,695103200,0,0,,,,
2015-12-18 00:00:00-05:00,170.3568,168.4683,175.7608,168.6285,0.8431,957957800,0,0,,,,
2015-12-25 00:00:00-05:00,169.8004,168.6875,173.9482,173.4002,0.8431,369647300,0,0,,,,
2016-01-01 00:00:00-05:00,172.7089,171.8743,175.1790,171.8743,0.8431,336736200,0,0,,,,
2016-01-08 00:00:00-05:00,169.0247,161.5131,170.2134,161.7997,0.8431,908565200,0,0,,,,
2016-01-15 00:00:00-05:00,162.7187,156.4042,164.2783,158.3348,0.8431,1147082700,0,0,,,,
2016-01-22 00:00:00-05:00,160.1473,152.6104,160.8218,160.6194,0.8431,845884700,0,0,,,,
2016-01-29 00:00:00-05:00,160.1136,157.7024,163.4521,163.3172,0.8431,811418300,0,0,,,,
2016-02-05 00:00:00-05:00,162.3140,157.7362,164.0422,158.4528,0.8431,844001500,1,0,Bullish,164.0422,157.7362,160.8892
2016-02-12 00:00:00-05:00,156.6149,152.6694,158.7816,157.3399,0.8431,870945200,0,0,,,,
2016-02-19 00:00:00-05:00,159.1441,158.1830,162.9800,161.8672,0.8431,473396200,0,0,,,,
2016-02-26 00:00:00-05:00,163.4437,159.6078,165.8127,164.4722,0.8431,606469800,0,0,,,,
2016-03-04 00:00:00-05:00,164.4891,162.9885,169.7498,168.9742,0.8431,594598600,0,0,,,,
2016-03-11 00:00:00-05:00,168.0552,166.4028,170.9806,170.9385,0.8431,613798300,0,0,,,,
2016-03-18 00:00:00-04:00,171.3117,170.3711,173.9133,173.1930,0.8474,568735200,0,0,,,,
2016-03-25 00:00:00-04:00,172.9302,170.9558,173.9132,172.1252,0.8474,335812000,0,0,,,,
2016-04-01 00:00:00-04:00,172.5404,171.5150,175.5317,175.3453,0.8474,450704000,0,0,,,,
2016-04-08 00:00:00-04:00,175.2691,172.0998,175.4724,173.2946,0.8474,463898600,0,0,,,,
2016-04-15 00:00:00-04:00,173.9302,172.6167,176.7690,176.0741,0.8474,436419000,0,0,,,,
2016-04-22 00:00:00-04:00,176.0741,175.4131,178.7350,177.0825,0.8474,436894100,0,0,,,,
2016-04-29 00:00:00-04:00,176.4809,173.7438,177.7944,174.8454,0.8474,459000400,0,0,,,,
2016-05-06 00:00:00-04:00,175.3453,172.7692,176.4130,174.3284,0.8474,417788100,0,0,,,,
2016-05-13 00:00:00-04:00,174.2014,173.1930,176.7182,173.5150,0.8474,419635000,0,0,,,,
2016-05-20 00:00:00-04:00,173.6844,171.8370,175.7012,174.1335,0.8474,532894700,0,0,,,,
2016-05-27 00:00:00-04:00,174.1505,173.7099,178.1672,178.1587,0.8474,348333700,0,0,,,,
2016-06-03 00:00:00-04:00,178.4299,176.9893,178.7434,178.1926,0.8474,344617400,0,0,,,,
2016-06-10 00:00:00-04:00,178.5485,177.4723,180.0908,178.0146,0.8474,379648800,0,0,,,,
2016-06-17 00:00:00-04:00,178.3357,175.1243,179.1960,175.9165,0.8518,618523800,0,0,,,,
2016-06-24 00:00:00-04:00,177.8756,172.6796,179.6218,173.1225,0.8518,686987600,1,0,Bullish,179.6218,172.6796,176.1507
2016-07-01 00:00:00-04:00,171.7170,169.2127,179.2982,178.8126,0.8518,798564000,0,0,,,,
2016-07-08 00:00:00-04:00,177.9863,176.3764,181.3851,181.1380,0.8518,425390000,0,0,,,,
2016-07-15 00:00:00-04:00,181.5980,181.3936,184.8520,183.8468,0.8518,460619900,0,0,,,,
2016-07-22 00:00:00-04:00,183.9661,183.6765,185.1586,185.0479,0.8518,301795900,0,0,,,,
2016-07-29 00:00:00-04:00,184.8435,183.6680,185.3035,184.9457,0.8518,354592600,0,0,,,,
2016-08-05 00:00:00-04:00,185.0053,182.5010,185.8912,185.8486,0.8518,338078200,0,0,,,,
2016-08-12 00:00:00-04:00,186.0360,185.0394,186.4960,186.0871,0.8518,282917100,0,0,,,,
2016-08-19 00:00:00-04:00,186.4534,184.8605,186.9730,186.1553,0.8518,306593700,0,0,,,,
2016-08-26 00:00:00-04:00,185.9168,184.2046,187.0582,185.0905,0.8518,378228000,0,0,,,,
2016-09-02 00:00:00-04:00,185.2183,184.0172,186.4363,186.0104,0.8518,391024300,0,0,,,,
2016-09-09 00:00:00-04:00,186.2916,181.6492,186.7345,181.6747,0.8518,428949000,0,0,,,,
2016-09-16 00:00:00-04:00,181.8304,181.7620,185.6145,182.6694,0.8561,774789500,0,0,,,,
2016-09-23 00:00:00-04:00,183.3202,182.3784,186.2310,184.9126,0.8561,410509800,0,0,,,,
2016-09-30 00:00:00-04:00,184.0820,182.8835,185.8799,185.1779,0.8561,501006600,0,0,,,,
2016-10-07 00:00:00-04:00,184.7670,183.2003,185.1779,184.0992,0.8561,428991900,0,0,,,,
2016-10-14 00:00:00-04:00,185.0580,180.8203,185.5203,182.4554,0.8561,450791700,0,0,,,,
2016-10-21 00:00:00-04:00,182.4298,181.6421,183.7567,183.1917,0.8561,364393500,0,0,,,,
2016-10-28 00:00:00-04:00,184.0649,181.2483,184.3389,181.9589,0.8561,420237800,0,0,,,,
2016-11-04 00:00:00-04:00,182.2927,178.3974,182.5153,178.5430,0.8561,485446500,0,0,,,,
2016-11-11 00:00:00-05:00,178.5430,178.5430,186.8987,185.2807,0.8561,747662000,0,0,,,,
2016-11-18 00:00:00-05:00,185.8029,184.6814,187.7206,187.0614,0.8561,407913300,0,0,,,,
2016-11-25 00:00:00-05:00,187.6349,187.4894,189.6810,189.6468,0.8561,234324100,0,0,,,,
2016-12-02 00:00:00-05:00,189.3386,187.6178,189.9036,188.0715,0.8561,413631800,0,0,,,,
2016-12-09 00:00:00-05:00,188.9020,188.7051,193.9359,193.9188,0.8561,426173500,0,0,,,,
2016-12-16 00:00:00-05:00,194.9671,193.4773,196.6378,193.7959,0.8612,636388200,0,0,,,,
2016-12-23 00:00:00-05:00,193.9768,193.6926,195.1135,194.3729,0.8612,341005800,0,0,,,,
2016-12-30 00:00:00-05:00,194.6399,191.8066,195.2513,192.4956,0.8612,264461900,1,0,Bullish,195.2513,191.8066,193.5290
2017-01-06 00:00:00-05:00,193.7959,192.7970,196.1297,195.6646,0.8612,320049800,0,0,,,,
2017-01-13 00:00:00-05:00,195.4063,193.7270,195.8713,195.5268,0.8612,320192700,0,0,,,,
2017-01-20 00:00:00-05:00,194.8895,194.1145,195.7507,195.2598,0.8612,311811500,0,0,,,,
2017-01-27 00:00:00-05:00,195.2599,193.9940,197.8175,197.1803,0.8612,374736400,0,0,,,,
2017-02-03 00:00:00-05:00,196.4913,194.8982,197.6798,197.4989,0.8612,384956600,0,0,,,,
2017-02-10 00:00:00-05:00,197.0942,196.6119,199.5915,199.3676,0.8612,299258600,0,0,,,,
2017-02-17 00:00:00-05:00,199.8585,199.8326,202.5108,202.4506,0.8612,375003400,0,0,,,,
2017-02-24 00:00:00-05:00,202.8209,202.7261,204.0093,203.8715,0.8612,308058800,0,0,,,,
2017-03-03 00:00:00-05:00,203.7854,203.2515,206.9545,205.3183,0.8612,454855800,0,0,,,,
2017-03-10 00:00:00-05:00,204.5260,203.0103,205.0599,204.6896,0.8612,371339600,0,0,,,,
2017-03-17 00:00:00-04:00,205.5196,204.2828,207.0937,205.0093,0.8649,380565500,0,0,,,,
2017-03-24 00:00:00-04:00,205.0093,201.4891,205.5109,202.2675,0.8649,494830700,0,0,,,,
2017-03-31 00:00:00-04:00,200.5982,200.3215,204.5682,203.8935,0.8649,373359800,0,0,,,,
2017-04-07 00:00:00-04:00,203.9454,202.3107,205.3206,203.4265,0.8649,394361400,0,0,,,,
2017-04-14 00:00:00-04:00,203.5648,201.0999,204.3433,201.0999,0.8649,330405400,0,0,,,,
2017-04-21 00:00:00-04:00,201.6189,201.4199,203.9887,202.8989,0.8649,423293100,0,0,,,,
2017-04-28 00:00:00-04:00,205.1390,202.8729,207.1715,205.9174,0.8649,401553800,0,0,,,,
2017-05-05 00:00:00-04:00,206.4363,205.5887,207.3358,207.3185,0.8649,320859900,0,0,,,,
2017-05-12 00:00:00-04:00,207.3618,205.9607,207.7424,206.6959,0.8649,270313700,0,0,,,,
2017-05-19 00:00:00-04:00,207.1196,203.6254,208.1575,206.1163,0.8649,507393900,0,0,,,,
2017-05-26 00:00:00-04:00,206.6266,206.5574,209.3770,209.0570,0.8649,266981600,0,0,,,,
2017-06-02 00:00:00-04:00,208.7370,208.1316,211.3404,211.1847,0.8649,284626000,0,1,Bearish,211.3404,208.1316,209.7360
2017-06-09 00:00:00-04:00,211.0118,209.2646,211.9113,210.5274,0.8649,347425600,0,0,,,,
2017-06-16 00:00:00-04:00,211.3107,210.0070,212.8229,210.8848,0.8691,375795400,0,0,,,,
2017-06-23 00:00:00-04:00,211.7105,210.6849,212.7013,211.3107,0.8691,289142700,0,0,,,,
2017-06-30 00:00:00-04:00,211.9799,208.5556,212.3971,210.1548,0.8691,402761200,0,0,,,,
2017-07-07 00:00:00-04:00,211.0935,208.8859,211.5280,210.4242,0.8691,216954500,0,0,,,,
2017-07-14 00:00:00-04:00,210.4242,209.3291,213.7790,213.4227,0.8691,246362600,0,0,,,,
2017-07-21 00:00:00-04:00,213.3444,212.6491,215.0392,214.5699,0.8691,256784700,0,0,,,,
2017-07-28 00:00:00-04:00,214.4917,213.5270,215.5433,214.5960,0.8691,269968300,0,0,,,,
2017-08-04 00:00:00-04:00,214.9958,214.1266,215.3608,215.0305,0.8691,269148100,0,0,,,,
2017-08-11 00:00:00-04:00,215.1000,211.8060,216.3342,212.1711,0.8691,351696400,0,0,,,,
2017-08-18 00:00:00-04:00,213.4487,210.5024,215.1696,210.9456,0.8691,450488500,0,0,,,,
2017-08-25 00:00:00-04:00,210.8848,210.1808,213.4748,212.5535,0.8691,294001200,0,0,,,,
2017-09-01 00:00:00-04:00,213.0837,211.1368,215.8301,215.4043,0.8691,319543000,0,0,,,,
2017-09-08 00:00:00-04:00,214.9001,212.8925,215.1261,214.3091,0.8691,271183200,0,0,,,,
2017-09-15 00:00:00-04:00,216.6479,216.6305,218.6394,217.6524,0.8734,378367500,0,0,,,,
2017-09-22 00:00:00-04:00,218.0193,217.4166,218.5259,217.8708,0.8734,252342800,1,0,Bullish,218.5259,217.4166,217.9712
2017-09-29 00:00:00-04:00,217.6175,216.6829,219.5129,219.4342,0.8734,322504600,0,0,,,,
2017-10-06 00:00:00-04:00,219.6614,219.4867,222.4651,222.1768,0.8734,325955600,0,0,,,,
2017-10-13 00:00:00-04:00,222.4039,221.5479,222.9629,222.6834,0.8734,228400300,0,0,,,,
2017-10-20 00:00:00-04:00,222.9106,222.1594,224.5963,224.5701,0.8734,261751200,0,0,,,,
2017-10-27 00:00:00-04:00,224.8933,221.8537,225.2514,225.0941,0.8734,389927000,0,0,,,,
2017-11-03 00:00:00-04:00,224.0110,223.7665,225.7841,225.7404,0.8734,284832400,0,0,,,,
2017-11-10 00:00:00-05:00,225.6095,223.9150,226.5266,225.4260,0.8734,312694600,0,0,,,,
2017-11-17 00:00:00-05:00,224.7447,223.2774,226.2558,225.2251,0.8734,335889100,0,0,,,,
2017-11-24 00:00:00-05:00,225.4697,225.2251,227.5136,227.4087,0.8734,190142200,0,0,,,,
2017-12-01 00:00:00-05:00,227.4523,227.0942,232.3785,230.9897,0.8734,521044000,0,0,,,,
2017-12-08 00:00:00-05:00,232.6057,229.4613,233.0337,231.9070,0.8734,401716200,0,0,,,,
2017-12-15 00:00:00-05:00,233.7947,232.9870,234.8920,233.9702,0.8779,516455700,0,0,,,,
2017-12-22 00:00:00-05:00,235.3661,234.1283,235.8051,234.8482,0.8779,388541200,0,0,,,,
2017-12-29 00:00:00-05:00,234.4443,234.0844,235.7612,234.2775,0.8779,244118900,0,0,,,,
2018-01-05 00:00:00-05:00,235.1378,234.7516,240.1595,240.0366,0.8779,340886500,0,0,,,,
2018-01-12 00:00:00-05:00,239.9400,239.5976,244.1539,243.9872,0.8779,337325100,0,0,,,,
2018-01-19 00:00:00-05:00,245.2425,242.4595,246.1730,246.1730,0.8779,461462000,0,0,,,,
2018-01-26 00:00:00-05:00,245.9624,245.9097,251.6336,251.5897,0.8779,515553600,0,0,,,,
2018-02-02 00:00:00-05:00,251.0191,241.7836,251.4581,241.8187,0.8779,593556800,0,0,,,,
2018-02-09 00:00:00-05:00,240.0629,222.0395,242.1698,229.5719,0.8779,1347099500,0,0,,,,
2018-02-16 00:00:00-05:00,231.6175,229.7124,241.7046,239.7644,0.8779,617315700,0,0,,,,
2018-02-23 00:00:00-05:00,238.8163,236.7181,241.1779,241.1691,0.8779,388531100,0,0,,,,
2018-03-02 00:00:00-05:00,242.2401,232.4866,244.8650,236.2264,0.8779,623436700,0,0,,,,
2018-03-09 00:00:00-05:00,235.0412,234.9359,244.8211,244.8211,0.8779,444110600,0,0,,,,
2018-03-16 00:00:00-04:00,246.0926,241.6326,247.1591,241.6855,0.8814,453565500,0,0,,,,
2018-03-23 00:00:00-04:00,240.9362,227.2565,241.8617,227.4505,0.8814,579996000,0,0,,,,
2018-03-30 00:00:00-04:00,231.0467,227.9177,235.1365,231.9458,0.8814,529951400,0,0,,,,
2018-04-06 00:00:00-04:00,231.4169,224.4713,235.0219,228.9225,0.8814,692132300,0,0,,,,
2018-04-13 00:00:00-04:00,230.3768,229.1164,235.8151,233.7085,0.8814,454081800,0,0,,,,
2018-04-20 00:00:00-04:00,235.3392,234.1140,239.1293,234.9954,0.8814,363000200,0,0,,,,
2018-04-27 00:00:00-04:00,235.5683,229.9184,236.2030,234.9513,0.8814,407069900,0,0,,,,
2018-05-04 00:00:00-04:00,235.5684,228.3319,236.1237,234.4754,0.8814,470288200,0,0,,,,
2018-05-11 00:00:00-04:00,235.2423,233.7086,240.7599,240.4955,0.8814,314405600,0,0,,,,
2018-05-18 00:00:00-04:00,240.9274,238.0099,241.5796,239.1557,0.8814,316673700,0,0,,,,
2018-05-25 00:00:00-04:00,240.6366,238.6710,241.7295,239.8785,0.8814,308105100,0,0,,,,
2018-06-01 00:00:00-04:00,238.2566,236.0090,241.4562,241.1565,0.8814,350365300,0,0,,,,
2018-06-08 00:00:00-04:00,241.9763,241.6678,245.2816,245.2023,0.8814,304361500,0,0,,,,
2018-06-15 00:00:00-04:00,246.5246,243.7888,247.4454,245.3648,0.8854,407431300,0,0,,,,
2018-06-22 00:00:00-04:00,243.9129,242.1775,245.0019,243.2488,0.8854,330194500,0,0,,,,
2018-06-29 00:00:00-04:00,242.0978,237.7152,242.4785,240.1854,0.8854,485755300,1,0,Bullish,242.4785,237.7152,240.0969
2018-07-06 00:00:00-04:00,238.6183,238.3792,244.2227,243.8509,0.8854,229161500,0,0,,,,
2018-07-13 00:00:00-04:00,244.8514,244.8071,247.8439,247.5429,0.8854,287912600,0,0,,,,
2018-07-20 00:00:00-04:00,247.5872,246.4982,248.9507,247.6226,0.8854,288859800,0,0,,,,
2018-07-27 00:00:00-04:00,247.4190,247.0736,251.7750,249.1631,0.8854,328645600,0,0,,,,
2018-08-03 00:00:00-04:00,249.2428,247.1621,251.1463,251.0932,0.8854,303528100,0,0,,,,
2018-08-10 00:00:00-04:00,251.1288,249.9955,253.2271,250.7038,0.8854,237505100,0,0,,,,
2018-08-17 00:00:00-04:00,250.9781,248.0475,252.8286,252.3859,0.8854,348086700,0,0,,,,
2018-08-24 00:00:00-04:00,252.8375,252.3859,254.6968,254.5551,0.8854,258765100,0,0,,,,
2018-08-31 00:00:00-04:00,255.7503,255.5909,258.3002,257.0341,0.8854,292871700,0,0,,,,
2018-09-07 00:00:00-04:00,256.6180,253.8467,256.9455,254.6347,0.8854,269481500,0,0,,,,
2018-09-14 00:00:00-04:00,255.6441,254.0858,257.8841,257.5388,0.8854,266666300,0,0,,,,
2018-09-21 00:00:00-04:00,258.6513,257.0593,261.4261,259.6918,0.8894,385095300,0,0,,,,
2018-09-28 00:00:00-04:00,259.1137,257.3972,259.9141,258.5623,0.8894,306860200,0,0,,,,
2018-10-05 00:00:00-04:00,259.7985,254.5601,260.7769,255.9831,0.8894,391529300,0,0,,,,
2018-10-12 00:00:00-04:00,255.2983,240.4544,256.9081,245.4261,0.8894,834839200,0,0,,,,
2018-10-19 00:00:00-04:00,245.0703,243.9586,250.0509,245.6929,0.8894,605604600,0,0,,,,
2018-10-26 00:00:00-04:00,246.3600,233.2771,246.6801,235.9808,0.8894,746211300,0,0,,,,
2018-11-02 00:00:00-04:00,239.0670,231.1070,244.7857,241.8152,0.8894,668290500,0,0,,,,
2018-11-09 00:00:00-05:00,242.3043,241.3349,250.1132,247.0359,0.8894,392858000,0,0,,,,
2018-11-16 00:00:00-05:00,246.5289,237.4750,246.7691,243.4517,0.8894,584955500,0,0,,,,
2018-11-23 00:00:00-05:00,242.8468,233.9708,243.1404,234.1309,0.8894,357454600,0,0,,,,
2018-11-30 00:00:00-05:00,236.3810,235.9896,245.7195,245.1592,0.8894,463664000,0,0,,,,
2018-12-07 00:00:00-05:00,249.2771,233.4105,249.3838,234.4155,0.8894,646366600,0,0,,,,
2018-12-14 00:00:00-05:00,234.2376,230.0130,239.2448,231.6584,0.8894,584550800,0,0,,,,
2018-12-21 00:00:00-05:00,232.0540,214.6812,233.1722,215.3253,0.8946,1022399200,1,0,Bullish,233.1722,214.6812,223.9267
2018-12-28 00:00:00-05:00,213.8403,209.1170,224.8973,221.6321,0.8946,705164500,0,0,,,,
2019-01-04 00:00:00-05:00,223.2513,217.9823,226.4271,225.7830,0.8946,557994100,0,0,,,,
2019-01-11 00:00:00-05:00,226.0514,225.1568,231.8393,231.6783,0.8946,471340300,0,0,,,,
2019-01-18 00:00:00-05:00,229.7818,229.3792,238.8349,238.3698,0.8946,457771900,0,0,,,,
2019-01-25 00:00:00-05:00,236.9026,233.1812,238.5845,237.7614,0.8946,357649000,0,0,,,,
2019-02-01 00:00:00-05:00,235.6234,234.1920,242.6100,241.5902,0.8946,434018300,0,0,,,,
2019-02-08 00:00:00-05:00,241.6349,239.5953,244.6139,241.9570,0.8946,369916300,0,0,,,,
2019-02-15 00:00:00-05:00,242.6100,241.5634,248.1654,248.1296,0.8946,385891900,0,0,,,,
2019-02-22 00:00:00-05:00,247.3334,247.2171,249.9097,249.7130,0.8946,278060900,0,0,,,,
2019-03-01 00:00:00-05:00,251.1354,248.2280,251.6542,250.8580,0.8946,330945200,0,0,,,,
2019-03-08 00:00:00-05:00,251.9137,243.7014,252.1552,245.5264,0.8946,421329900,0,0,,,,
2019-03-15 00:00:00-04:00,247.3267,247.2997,253.7241,252.7627,0.8985,374233000,0,0,,,,
2019-03-22 00:00:00-04:00,252.9783,250.8488,256.2399,250.9117,0.8985,439286800,0,0,,,,
2019-03-29 00:00:00-04:00,250.5703,249.4651,254.1374,253.8140,0.8985,364351100,0,0,,,,
2019-04-05 00:00:00-04:00,255.8088,255.5392,259.3400,259.2860,0.8985,293550700,0,0,,,,
2019-04-12 00:00:00-04:00,258.8636,257.6056,260.9930,260.7145,0.8985,297131000,0,0,,,,
2019-04-19 00:00:00-04:00,260.7864,259.3667,261.8556,260.5887,0.8985,228726700,0,0,,,,
2019-04-26 00:00:00-04:00,259.8250,259.7352,263.7066,263.6348,0.8985,251486900,0,0,,,,
2019-05-03 00:00:00-04:00,263.7246,260.1394,265.0184,264.1918,0.8985,331555200,0,0,,,,
2019-05-10 00:00:00-04:00,259.8969,253.6522,263.5449,258.8636,0.8985,559396700,0,0,,,,
2019-05-17 00:00:00-04:00,253.7601,251.5228,259.8610,256.8330,0.8985,455352700,0,0,,,,
2019-05-24 00:00:00-04:00,255.2336,252.0977,257.8123,254.0835,0.8985,313209100,0,0,,,,
2019-05-31 00:00:00-04:00,254.3621,247.3087,255.3145,247.3356,0.8985,324388900,0,0,,,,
2019-06-07 00:00:00-04:00,247.3716,245.3769,259.5376,258.4594,0.8985,388532200,0,0,,,,
2019-06-14 00:00:00-04:00,260.0048,258.6121,261.8288,259.9059,0.8985,267806600,0,0,,,,
2019-06-21 00:00:00-04:00,261.4049,261.0979,267.5355,265.4498,0.9029,403194400,0,0,,,,
2019-06-28 00:00:00-04:00,265.6574,262.1542,265.9734,264.5469,0.9029,280902400,0,0,,,,
2019-07-05 00:00:00-04:00,267.8694,265.7477,269.8016,269.4766,0.9029,232786300,0,0,,,,
2019-07-12 00:00:00-04:00,268.1674,266.7860,271.5262,271.4539,0.9029,236543700,0,0,,,,
2019-07-19 00:00:00-04:00,271.8873,267.8875,271.8873,268.3119,0.9029,216657600,0,0,,,,
2019-07-26 00:00:00-04:00,268.7092,268.1946,272.8806,272.6819,0.9029,235894000,0,0,,,,
2019-08-02 00:00:00-04:00,272.5645,262.6508,272.6819,264.2038,0.9029,447617000,0,0,,,,
2019-08-09 00:00:00-04:00,260.1136,254.3622,265.1066,263.3008,0.9029,621473300,0,0,,,,
2019-08-16 00:00:00-04:00,261.8020,254.9672,265.5851,260.7998,0.9029,478024400,0,0,,,,
2019-08-23 00:00:00-04:00,263.8155,255.9423,265.3865,257.1883,0.9029,355520800,0,0,,,,
2019-08-30 00:00:00-04:00,259.3733,257.5494,265.6664,264.0503,0.9029,319590000,0,0,,,,
2019-09-06 00:00:00-04:00,262.3529,261.1791,269.8107,269.1065,0.9029,248831100,0,0,,,,
2019-09-13 00:00:00-04:00,270.0906,267.2284,273.0882,271.8512,0.9029,313042000,0,0,,,,
2019-09-20 00:00:00-04:00,271.9728,269.7687,274.5035,270.5578,0.9071,339168000,0,0,,,,
2019-09-27 00:00:00-04:00,269.8956,266.3944,271.9728,267.9455,0.9071,351126500,0,0,,,,
2019-10-04 00:00:00-04:00,268.4624,258.3487,270.7210,266.9930,0.9071,412814300,1,0,Bullish,270.7210,258.3487,264.5349
2019-10-11 00:00:00-04:00,266.1949,261.6777,270.9751,268.7437,0.9071,371694700,0,0,,,,
2019-10-18 00:00:00-04:00,268.4262,268.0997,272.3357,270.2766,0.9071,246118100,0,0,,,,
2019-10-25 00:00:00-04:00,271.5918,270.7573,274.1134,273.5692,0.9071,202654000,0,0,,,,
2019-11-01 00:00:00-04:00,274.7847,273.6871,277.7326,277.6873,0.9071,276271100,0,0,,,,
2019-11-08 00:00:00-05:00,279.2384,277.6147,280.8711,280.2271,0.9071,253331600,0,0,,,,
2019-11-15 00:00:00-05:00,278.8484,278.7123,282.8576,282.8122,0.9071,249443100,0,0,,,,
2019-11-22 00:00:00-05:00,282.5762,280.3358,283.6284,282.0592,0.9071,295953800,1,0,Bullish,283.6284,280.3358,281.9821
2019-11-29 00:00:00-05:00,282.9846,282.9846,286.1593,285.0980,0.9071,167253500,0,0,,,,
2019-12-06 00:00:00-05:00,285.3519,278.5852,286.0049,285.6058,0.9071,288425500,0,0,,,,
2019-12-13 00:00:00-05:00,285.2159,283.7374,289.0528,287.8282,0.9071,318810900,0,0,,,,
2019-12-20 00:00:00-05:00,290.9752,289.1795,293.4819,292.3516,0.9115,424433000,0,0,,,,
2019-12-27 00:00:00-05:00,293.1355,292.5066,295.1500,294.2932,0.9115,146700000,0,0,,,,
2020-01-03 00:00:00-05:00,294.3752,291.8229,296.1435,293.8830,0.9115,243667300,0,0,,,,
2020-01-10 00:00:00-05:00,292.1328,292.0143,298.4861,296.8910,0.9115,265948900,0,0,,,,
2020-01-17 00:00:00-05:00,297.5108,297.0824,302.7885,302.5788,0.9115,331872500,0,0,,,,
2020-01-24 00:00:00-05:00,301.6217,298.3950,303.4904,299.6802,0.9115,266198700,0,0,,,,
2020-01-31 00:00:00-05:00,294.4481,292.3516,299.5526,293.2632,0.9115,391122800,0,0,,,,
2020-02-07 00:00:00-05:00,294.7398,294.6212,304.6206,302.8067,0.9115,312106400,0,0,,,,
2020-02-14 00:00:00-05:00,301.9226,301.8861,308.2029,307.7289,0.9115,260011300,0,1,Bearish,308.2029,301.8861,305.0445
2020-02-21 00:00:00-05:00,306.7354,303.1531,309.0779,303.9734,0.9115,293992500,0,0,,,,
2020-02-28 00:00:00-05:00,294.5483,260.2752,304.0463,270.0467,0.9115,1244104700,0,0,,,,
2020-03-06 00:00:00-05:00,271.8242,264.5503,286.0713,271.1406,0.9115,1130490100,0,0,,,,
2020-03-13 00:00:00-04:00,250.9413,225.7651,262.9916,245.4904,0.9115,1562964500,0,0,,,,
2020-03-20 00:00:00-04:00,221.1329,209.0668,235.5463,209.7820,0.9169,1523388400,0,0,,,,
2020-03-27 00:00:00-04:00,209.2227,200.1181,240.9559,232.3556,0.9169,1342924000,0,0,,,,
2020-04-03 00:00:00-04:00,234.4461,223.6269,241.4418,227.5603,0.9169,869026800,0,0,,,,
2020-04-10 00:00:00-04:00,236.4082,227.5420,257.8265,255.0759,0.9169,733262100,0,0,,,,
2020-04-17 00:00:00-04:00,254.1040,248.8502,263.4194,262.8143,0.9169,649240600,0,0,,,,
2020-04-24 00:00:00-04:00,259.1193,249.4095,262.9519,259.4494,0.9169,509219500,0,0,,,,
2020-05-01 00:00:00-04:00,261.4206,258.1199,270.3694,259.2843,0.9169,549993900,0,0,,,,
2020-05-08 00:00:00-04:00,257.4047,255.9286,268.5999,268.1322,0.9169,385778500,0,0,,,,
2020-05-15 00:00:00-04:00,266.2067,250.2989,269.7825,262.4842,0.9169,553230300,0,0,,,,
2020-05-22 00:00:00-04:00,268.6915,267.6829,273.1109,270.8828,0.9169,443006900,0,0,,,,
2020-05-29 00:00:00-04:00,276.8334,270.9012,281.3353,279.0247,0.9169,403264800,0,0,,,,
2020-06-05 00:00:00-04:00,278.3829,277.8694,294.5658,292.7962,0.9169,448912200,0,0,,,,
2020-06-12 00:00:00-04:00,293.6031,273.7802,296.5280,278.9239,0.9169,650043700,0,0,,,,
2020-06-19 00:00:00-04:00,274.4508,273.2720,290.6773,284.2309,0.9209,573187400,0,0,,,,
2020-06-26 00:00:00-04:00,283.6323,275.7401,289.6275,276.3203,0.9209,493363100,0,0,,,,
2020-07-03 00:00:00-04:00,277.5728,275.2889,290.7327,287.5371,0.9209,334908800,0,0,,,,
2020-07-10 00:00:00-04:00,291.3496,286.1096,292.7402,292.4731,0.9209,340167000,0,0,,,,
2020-07-17 00:00:00-04:00,294.8123,287.3252,297.4921,296.2765,0.9209,401248400,0,0,,,,
2020-07-24 00:00:00-04:00,296.0095,294.0019,301.3508,295.5030,0.9209,320898500,1,0,Bullish,301.3508,294.0019,297.6763
2020-07-31 00:00:00-04:00,296.1936,294.3610,300.7982,300.6969,0.9209,301090700,0,0,,,,
2020-08-07 00:00:00-04:00,302.3545,301.8112,308.3957,308.1103,0.9209,238681200,0,0,,,,
2020-08-14 00:00:00-04:00,308.5615,305.7527,311.5269,310.2007,0.9209,256734100,0,0,,,,
2020-08-21 00:00:00-04:00,311.2137,308.7088,312.8529,312.6319,0.9209,239583500,0,0,,,,
2020-08-28 00:00:00-04:00,315.0631,312.6043,322.9829,322.8540,0.9209,244465300,0,0,,,,
2020-09-04 00:00:00-04:00,322.6423,308.3866,330.3780,315.4776,0.9209,477715300,0,0,,,,
2020-09-11 00:00:00-04:00,310.0810,304.8226,315.5421,307.6406,0.9209,381177300,0,0,,,,
2020-09-18 00:00:00-04:00,312.0434,303.2413,317.1935,305.7192,0.9246,398023800,0,0,,,,
2020-09-25 00:00:00-04:00,301.1424,295.6872,306.2277,303.9439,0.9246,403925800,0,0,,,,
2020-10-02 00:00:00-04:00,308.0954,306.2185,313.1992,308.6687,0.9246,398099500,0,0,,,,
2020-10-09 00:00:00-04:00,310.7212,309.1679,321.1600,320.6977,0.9246,297612700,0,0,,,,
2020-10-16 00:00:00-04:00,323.2311,317.2582,327.3271,321.1045,0.9246,361231500,0,0,,,,
2020-10-23 00:00:00-04:00,322.3620,314.9652,322.9907,319.7084,0.9246,296595700,0,0,,,,
2020-10-30 00:00:00-04:00,316.3336,298.2761,317.1195,301.9191,0.9246,495446400,0,0,,,,
2020-11-06 00:00:00-05:00,305.3031,302.5663,325.6351,323.7581,0.9246,463334900,0,0,,,,
2020-11-13 00:00:00-05:00,336.5269,324.0818,336.9060,331.0995,0.9246,446943600,0,0,,,,
2020-11-20 00:00:00-05:00,333.7624,327.4474,335.4267,328.5384,0.9246,341601600,0,0,,,,
2020-11-27 00:00:00-05:00,330.3413,328.1130,336.7210,336.2495,0.9246,199491500,0,0,,,,
2020-12-04 00:00:00-05:00,335.4728,332.0887,341.9635,341.9635,0.9246,317663000,0,0,,,,
2020-12-11 00:00:00-05:00,341.1961,335.8704,343.0730,338.6812,0.9246,280935500,0,0,,,,
2020-12-18 00:00:00-05:00,342.2977,338.4257,345.8447,342.7991,0.9285,392163800,0,0,,,,
2020-12-25 00:00:00-05:00,338.8898,336.1599,351.4159,342.6319,0.9285,216995000,0,0,,,,
2021-01-01 00:00:00-05:00,345.1762,344.3312,347.8875,347.1633,0.9285,220656900,0,0,,,,
2021-01-08 00:00:00-05:00,348.4910,338.7506,354.2294,354.0159,0.9285,425078700,0,0,,,,
2021-01-15 00:00:00-05:00,350.8495,346.9961,353.8951,348.8531,0.9285,306035100,0,0,,,,
2021-01-22 00:00:00-05:00,351.3045,349.8281,357.4422,355.5201,0.9285,213770000,0,0,,,,
2021-01-29 00:00:00-05:00,356.2536,341.9540,358.2778,343.6254,0.9285,457381600,0,0,,,,
2021-02-05 00:00:00-05:00,347.0146,343.9133,360.7106,360.0049,0.9285,288507800,0,0,,,,
2021-02-12 00:00:00-05:00,361.4534,359.8099,364.8240,364.5826,0.9285,226577300,0,0,,,,
2021-02-19 00:00:00-05:00,365.8083,360.0328,366.0034,362.1592,0.9285,246216800,0,0,,,,
2021-02-26 00:00:00-05:00,359.4013,351.2023,364.2019,353.1801,0.9285,546504300,0,0,,,,
2021-03-05 00:00:00-05:00,358.0365,345.3062,362.9856,356.2165,0.9285,640356900,0,0,,,,
2021-03-12 00:00:00-05:00,357.1730,354.1645,367.3776,365.9012,0.9285,497580800,0,0,,,,
2021-03-19 00:00:00-04:00,367.3512,360.6624,370.8819,362.8330,0.9316,474082600,1,0,Bullish,370.8819,360.6624,365.7722
2021-03-26 00:00:00-04:00,363.3453,357.6347,369.2888,368.8882,0.9316,492591500,0,0,,,,
2021-04-02 00:00:00-04:00,367.4163,365.9351,373.2574,373.2014,0.9316,396786900,0,0,,,,
2021-04-09 00:00:00-04:00,375.8565,375.7819,383.5048,383.3371,0.9316,328509800,0,0,,,,
2021-04-16 00:00:00-04:00,382.7408,382.1352,389.3177,388.7122,0.9316,317182900,0,0,,,,
2021-04-23 00:00:00-04:00,387.7808,382.4987,389.6346,388.2279,0.9316,397935300,0,0,,,,
2021-04-30 00:00:00-04:00,388.8800,387.8180,391.9356,388.7496,0.9316,318795700,0,0,,,,
2021-05-07 00:00:00-04:00,390.7338,383.5048,393.8919,393.2398,0.9316,371936900,0,0,,,,
2021-05-14 00:00:00-04:00,393.5939,376.3596,393.8174,388.0789,0.9316,522147000,0,0,,,,
2021-05-21 00:00:00-04:00,386.9702,377.5985,389.5880,386.5510,0.9316,386007400,0,0,,,,
2021-05-28 00:00:00-04:00,388.7869,388.5446,392.4294,391.3022,0.9316,267144600,0,0,,,,
2021-06-04 00:00:00-04:00,393.6590,387.7993,393.9850,393.6869,0.9316,217391300,0,0,,,,
2021-06-11 00:00:00-04:00,393.6776,391.5629,395.5781,395.2799,0.9316,243716500,0,0,,,,
2021-06-18 00:00:00-04:00,396.6853,387.5913,397.6480,387.7970,0.9346,383879100,0,0,,,,
2021-06-25 00:00:00-04:00,389.5540,388.7409,399.1714,398.7227,0.9346,283207500,0,0,,,,
2021-07-02 00:00:00-04:00,399.2463,398.0500,405.7233,405.3681,0.9346,265096700,0,0,,,,
2021-07-09 00:00:00-04:00,405.4242,399.5734,407.3495,407.0504,0.9346,306093700,0,0,,,,
2021-07-16 00:00:00-04:00,406.9663,402.7511,409.2936,403.1437,0.9346,300932400,0,0,,,,
2021-07-23 00:00:00-04:00,398.3303,394.3862,411.5179,411.1815,0.9346,423964700,0,0,,,,
2021-07-30 00:00:00-04:00,410.5927,407.4897,412.9199,409.8450,0.9346,279975200,0,0,,,,
2021-08-06 00:00:00-04:00,411.5553,407.5925,413.9854,413.5648,0.9346,249469100,0,0,,,,
2021-08-13 00:00:00-04:00,413.5367,412.4618,416.7892,416.7705,0.9346,206975900,0,0,,,,
2021-08-20 00:00:00-04:00,415.4714,407.6112,417.8828,414.3779,0.9346,420586700,0,0,,,,
2021-08-27 00:00:00-04:00,416.0601,414.4526,421.1913,420.8174,0.9346,269312100,0,0,,,,
2021-09-03 00:00:00-04:00,421.4904,421.2474,424.3691,423.4625,0.9346,246050500,0,0,,,,
2021-09-10 00:00:00-04:00,423.1167,416.2004,423.2102,416.3219,0.9346,255772000,0,0,,,,
2021-09-17 00:00:00-04:00,420.6561,413.5114,420.9186,413.8677,0.9376,436939600,0,0,,,,
2021-09-24 00:00:00-04:00,407.7543,402.1098,417.1400,416.2211,0.9376,499812500,0,0,,,,
2021-10-01 00:00:00-04:00,415.1897,400.5815,416.3524,407.1543,0.9376,543882700,1,0,Bullish,416.3524,400.5815,408.4669
2021-10-08 00:00:00-04:00,405.9916,399.7658,414.1302,410.5485,0.9376,479279600,0,0,,,,
2021-10-15 00:00:00-04:00,409.8921,404.6227,418.4245,418.0588,0.9376,345885500,0,0,,,,
2021-10-22 00:00:00-04:00,416.2774,415.6210,426.3100,424.8566,0.9376,258932100,0,0,,,,
2021-10-29 00:00:00-04:00,425.9443,424.1722,430.8949,430.6042,0.9376,295327900,0,0,,,,
2021-11-05 00:00:00-04:00,431.5888,429.6198,441.2932,439.3055,0.9376,269089500,0,0,,,,
2021-11-12 00:00:00-05:00,440.4024,433.2202,440.8994,438.1240,0.9376,259299200,0,0,,,,
2021-11-19 00:00:00-05:00,439.4086,437.1489,441.5651,439.6430,0.9376,251637500,0,0,,,,
2021-11-26 00:00:00-05:00,441.5182,429.2165,444.0029,430.3417,0.9376,320496900,0,0,,,,
2021-12-03 00:00:00-05:00,435.1236,420.9186,437.4583,425.1379,0.9376,631737000,0,0,,,,
2021-12-10 00:00:00-05:00,427.6789,425.2692,441.5276,441.3776,0.9376,405133400,0,0,,,,
2021-12-17 00:00:00-05:00,442.4107,430.9974,444.9324,432.7004,0.9409,553968300,0,0,,,,
2021-12-24 00:00:00-05:00,427.6289,424.4862,444.2926,442.7965,0.9409,292271000,0,0,,,,
2021-12-31 00:00:00-05:00,444.1703,444.1233,450.7003,446.8990,0.9409,279152600,0,0,,,,
2022-01-07 00:00:00-05:00,448.1597,437.1980,451.6223,438.5529,0.9409,420356300,0,0,,,,
2022-01-14 00:00:00-05:00,435.3632,429.6236,445.2429,437.2639,0.9409,448334500,0,0,,,,
2022-01-21 00:00:00-05:00,432.5781,412.0755,432.7851,412.1037,0.9409,543717600,0,0,,,,
2022-01-28 00:00:00-05:00,406.5053,395.9011,417.8057,415.8392,0.9409,920508000,0,0,,,,
2022-02-04 00:00:00-05:00,415.1711,413.8256,431.0538,422.1904,0.9409,629246600,0,0,,,,
2022-02-11 00:00:00-05:00,422.9525,413.0069,430.8280,414.4371,0.9409,551393100,0,0,,,,
2022-02-18 00:00:00-05:00,413.9291,406.3077,421.5882,408.5753,0.9409,531254600,0,0,,,,
2022-02-25 00:00:00-05:00,406.3736,386.3791,411.9720,411.8874,0.9409,592717200,0,0,,,,
2022-03-04 00:00:00-05:00,406.5053,401.8759,415.0488,406.6370,0.9409,620607300,0,0,,,,
2022-03-11 00:00:00-05:00,406.0537,390.5944,406.7593,395.2519,0.9409,609269100,0,0,,,,
2022-03-18 00:00:00-04:00,397.2537,392.4401,419.8776,419.5567,0.9438,555925500,0,0,,,,
2022-03-25 00:00:00-04:00,419.3868,415.9323,427.5416,427.2679,0.9438,384264500,0,0,,,,
2022-04-01 00:00:00-04:00,426.6733,423.9173,436.1211,427.4850,0.9438,445526900,0,1,Bearish,436.1211,423.9173,430.0192
2022-04-08 00:00:00-04:00,427.6832,418.5657,432.1193,422.4355,0.9438,398083400,0,0,,,,
2022-04-15 00:00:00-04:00,419.1697,412.1287,420.7177,413.2047,0.9438,346074000,0,0,,,,
2022-04-22 00:00:00-04:00,412.2796,401.5482,424.7384,402.1145,0.9438,426937000,0,0,,,,
2022-04-29 00:00:00-04:00,399.8776,388.1173,405.5124,388.8630,0.9438,596614200,0,0,,,,
2022-05-06 00:00:00-04:00,388.9291,382.2750,405.5312,388.2401,0.9438,727288500,0,0,,,,
2022-05-13 00:00:00-04:00,382.3505,363.5208,383.5869,379.1603,0.9438,659709500,0,0,,,,
2022-05-20 00:00:00-04:00,377.5180,359.1697,385.6256,367.7492,0.9438,509269500,0,0,,,,
2022-05-27 00:00:00-04:00,370.7695,365.2291,392.0531,391.9398,0.9438,426273600,0,0,,,,
2022-06-03 00:00:00-04:00,390.3259,384.0777,393.9975,387.4850,0.9438,334006700,0,0,,,,
2022-06-10 00:00:00-04:00,391.4868,367.8624,393.2140,367.9096,0.9438,400315000,0,0,,,,
2022-06-17 00:00:00-04:00,360.0672,343.3080,363.9062,346.8058,0.9479,645270700,0,0,,,,
2022-06-24 00:00:00-04:00,352.5217,350.9007,369.7738,369.7643,0.9479,344213700,0,0,,,,
2022-07-01 00:00:00-04:00,370.6838,353.1568,372.6839,361.3847,0.9479,405582500,0,0,,,,
2022-07-08 00:00:00-04:00,356.3039,353.4791,370.2952,368.4278,0.9479,288787900,0,0,,,,
2022-07-15 00:00:00-04:00,365.7546,351.7159,366.7215,365.0721,0.9479,373575900,0,0,,,,
2022-07-22 00:00:00-04:00,368.1529,360.8349,379.3383,374.5134,0.9479,350654600,0,0,,,,
2022-07-29 00:00:00-04:00,375.1390,369.6411,391.5191,390.5332,0.9479,349890300,0,0,,,,
2022-08-05 00:00:00-04:00,387.8412,385.6325,394.0311,391.9362,0.9479,303725000,0,0,,,,
2022-08-12 00:00:00-04:00,393.6235,388.8554,404.9606,404.8563,0.9479,288667800,0,0,,,,
2022-08-19 00:00:00-04:00,402.6477,399.2826,409.2452,400.1547,0.9479,293940800,0,0,,,,
2022-08-26 00:00:00-04:00,395.3298,384.1443,398.0882,384.2012,0.9479,330007900,0,0,,,,
2022-09-02 00:00:00-04:00,381.2531,369.7264,384.7035,371.8118,0.9479,405425100,0,0,,,,
2022-09-09 00:00:00-04:00,372.6555,368.1908,386.2866,385.4240,0.9479,305130200,0,0,,,,
2022-09-16 00:00:00-04:00,389.0822,363.6973,391.8901,366.9811,0.9518,467945700,0,0,,,,
2022-09-23 00:00:00-04:00,363.8401,345.7842,370.5504,350.2197,0.9518,469119500,0,0,,,,
2022-09-30 00:00:00-04:00,348.7539,339.8354,354.3601,339.9687,0.9518,578341000,0,0,,,,
2022-10-07 00:00:00-04:00,343.6807,341.9008,361.1750,345.3083,0.9518,471548000,0,0,,,,
2022-10-14 00:00:00-04:00,346.4219,331.3357,352.4184,340.3970,0.9518,516508900,0,0,,,,
2022-10-21 00:00:00-04:00,346.4695,340.0638,357.3582,356.2541,0.9518,489399500,0,0,,,,
2022-10-28 00:00:00-04:00,357.7770,355.1310,370.7502,370.2743,0.9518,450644300,0,0,,,,
2022-11-04 00:00:00-04:00,367.8187,351.0192,371.5783,358.2149,0.9518,499634600,0,0,,,,
2022-11-11 00:00:00-05:00,359.5093,355.6069,380.1066,379.3070,0.9518,466719200,0,0,,,,
2022-11-18 00:00:00-05:00,377.5462,371.3404,382.9239,376.9466,0.9518,401025300,0,0,,,,
2022-11-25 00:00:00-05:00,375.6236,373.7390,383.5141,382.9430,0.9518,210479200,0,0,,,,
2022-12-02 00:00:00-05:00,379.8591,374.3481,390.2434,387.3023,0.9518,426499200,0,0,,,,
2022-12-09 00:00:00-05:00,384.4850,372.7681,385.4177,374.3291,0.9518,363375500,0,0,,,,
2022-12-16 00:00:00-05:00,376.8417,364.3444,392.5040,366.4767,0.9562,544863500,0,0,,,,
2022-12-23 00:00:00-05:00,366.6679,358.3491,370.4352,366.1324,0.9562,392450900,0,0,,,,
2022-12-30 00:00:00-05:00,366.0177,359.9268,367.5093,365.6735,0.9562,273542800,0,0,,,,
2023-01-06 00:00:00-05:00,367.5284,361.2749,372.1946,371.0758,0.9562,341944900,0,0,,,,
2023-01-13 00:00:00-05:00,373.2655,369.3451,381.6130,381.0392,0.9562,362278900,0,0,,,,
2023-01-20 00:00:00-05:00,381.0203,370.2919,382.6936,378.5342,0.9562,341074900,0,0,,,,
2023-01-27 00:00:00-05:00,379.3373,376.3157,390.2760,387.9047,0.9562,369137600,0,0,,,,
2023-02-03 00:00:00-05:00,385.1508,382.7413,399.9813,394.2824,0.9562,458864300,0,0,,,,
2023-02-10 00:00:00-05:00,391.8346,387.2640,398.2410,390.1613,0.9562,376978100,0,0,,,,
2023-02-17 00:00:00-05:00,390.8115,386.3461,396.8641,389.4155,0.9562,380547800,0,0,,,,
2023-02-24 00:00:00-05:00,385.3995,376.3923,386.4513,379.0122,0.9562,370835000,0,0,,,,
2023-03-03 00:00:00-05:00,382.3493,375.1396,386.7286,386.4800,0.9562,451837900,0,0,,,,
2023-03-10 00:00:00-05:00,387.3023,367.4806,389.5971,369.0009,0.9562,557051400,1,0,Bullish,389.5971,367.4806,378.5389
2023-03-17 00:00:00-04:00,366.4739,365.3605,380.5451,374.3253,0.9598,764346900,0,0,,,,
2023-03-24 00:00:00-04:00,375.1028,373.7590,386.3232,379.8539,0.9598,523360300,0,0,,,,
2023-03-31 00:00:00-04:00,382.1289,377.8768,393.2437,392.9462,0.9598,396282600,0,0,,,,
2023-04-07 00:00:00-04:00,392.4278,389.3851,395.3745,392.7541,0.9598,262936100,0,0,,,,
2023-04-14 00:00:00-04:00,390.2778,389.6635,398.4172,395.8928,0.9598,373375600,0,0,,,,
2023-04-21 00:00:00-04:00,395.8064,393.6948,399.0219,395.6433,0.9598,334521500,0,0,,,,
2023-04-28 00:00:00-04:00,395.4417,387.5615,399.2331,399.2235,0.9598,424947300,0,0,,,,
2023-05-05 00:00:00-04:00,398.7819,387.5230,400.8455,396.0559,0.9598,440446300,0,0,,,,
2023-05-12 00:00:00-04:00,396.3823,392.4470,397.8892,395.0577,0.9598,336048400,1,0,Bullish,397.8892,392.4470,395.1681
2023-05-19 00:00:00-04:00,395.6624,393.7524,403.8210,401.8054,0.9598,400252400,0,0,,,,
2023-05-26 00:00:00-04:00,401.8246,393.4164,403.8690,403.1491,0.9598,421134200,0,0,,,,
2023-06-02 00:00:00-04:00,405.0785,399.5018,411.5189,410.7319,0.9598,363319000,0,0,,,,
2023-06-09 00:00:00-04:00,411.0773,408.7162,414.6383,412.6323,0.9598,362551300,0,0,,,,
2023-06-16 00:00:00-04:00,415.1477,414.4251,427.6526,423.3751,0.9634,497085000,0,0,,,,
2023-06-23 00:00:00-04:00,421.4387,416.6410,422.3250,417.3539,0.9634,315854400,0,0,,,,
2023-06-30 00:00:00-04:00,416.7855,415.4079,428.0380,427.0554,0.9634,394119600,0,0,,,,
2023-07-07 00:00:00-04:00,426.7085,421.0630,427.8260,422.4984,0.9634,258004300,0,0,,,,
2023-07-14 00:00:00-04:00,422.1420,421.5736,434.8396,432.8358,0.9634,361072800,0,0,,,,
2023-07-21 00:00:00-04:00,432.6912,432.6430,439.7240,435.6295,0.9634,341107300,0,0,,,,
2023-07-28 00:00:00-04:00,436.7761,435.0227,442.6239,440.1961,0.9634,352473700,0,0,,,,
2023-08-04 00:00:00-04:00,440.6681,429.9358,441.3907,430.4561,0.9634,375670300,0,0,,,,
2023-08-11 00:00:00-04:00,432.2865,427.1227,435.1671,429.3385,0.9634,370204800,0,0,,,,
2023-08-18 00:00:00-04:00,428.4234,417.1613,431.7086,420.5235,0.9634,398245400,0,0,,,,
2023-08-25 00:00:00-04:00,421.5350,419.0783,428.9243,423.8664,0.9634,392996600,0,0,,,,
2023-09-01 00:00:00-04:00,426.0533,423.8664,437.0650,434.6758,0.9634,338759900,0,0,,,,
2023-09-08 00:00:00-04:00,434.2326,426.5447,434.5505,429.2133,0.9634,257939800,0,0,,,,
2023-09-15 00:00:00-04:00,433.3570,428.2136,436.1027,428.6487,0.9668,383224500,0,0,,,,
2023-09-22 00:00:00-04:00,428.3393,415.7129,430.1956,416.1287,0.9668,409754900,0,0,,,,
2023-09-29 00:00:00-04:00,414.9201,408.2686,417.9172,413.2863,0.9668,479118300,0,0,,,,
2023-10-06 00:00:00-04:00,412.4548,406.2287,416.8151,415.2779,0.9668,458428200,0,0,,,,
2023-10-13 00:00:00-04:00,413.3829,412.8319,422.8189,417.1728,0.9668,397730700,0,0,,,,
2023-10-20 00:00:00-04:00,419.4158,407.0987,423.5923,407.2051,0.9668,489560600,0,0,,,,
2023-10-27 00:00:00-04:00,405.6776,395.6230,410.7147,397.0442,0.9668,487347000,1,0,Bullish,410.7147,395.6230,403.1689
2023-11-03 00:00:00-04:00,399.8285,398.5330,421.8038,420.2569,0.9668,459402700,0,0,,,,
2023-11-10 00:00:00-05:00,421.0110,419.0097,426.2897,425.9803,0.9668,366470400,0,0,,,,
2023-11-17 00:00:00-05:00,424.6462,423.8631,436.4315,435.8224,0.9668,376539600,0,0,,,,
2023-11-24 00:00:00-05:00,435.5710,435.5613,441.2268,440.1826,0.9668,208313100,0,0,,,,
2023-12-01 00:00:00-05:00,439.5542,438.2877,444.3881,443.8564,0.9668,344703100,0,0,,,,
2023-12-08 00:00:00-05:00,440.4727,439.2255,445.4516,444.9199,0.9668,361538900,0,0,,,,
2023-12-15 00:00:00-05:00,446.2287,446.0152,459.8576,455.5864,0.9707,487187500,0,0,,,,
2023-12-22 00:00:00-05:00,457.1881,454.1206,461.9640,459.7799,0.9707,382886000,0,0,,,,
2023-12-29 00:00:00-05:00,460.1876,459.4402,463.5657,461.3913,0.9707,322828500,0,0,,,,
2024-01-05 00:00:00-05:00,458.3336,452.7714,459.7994,454.2177,0.9707,397560700,1,0,Bullish,459.7994,452.7714,456.2854
2024-01-12 00:00:00-05:00,454.7128,454.5866,464.5850,462.7212,0.9707,344088200,0,0,,,,
2024-01-19 00:00:00-05:00,461.3428,456.1106,468.5843,468.3028,0.9707,356549500,0,0,,,,
2024-01-26 00:00:00-05:00,469.8366,468.6426,474.7969,473.1370,0.9707,356721800,0,0,,,,
2024-02-02 00:00:00-05:00,473.4476,468.7202,481.5239,479.8737,0.9707,437072100,0,0,,,,
2024-02-09 00:00:00-05:00,479.2428,475.8745,486.9600,486.5232,0.9707,318555200,0,0,,,,
2024-02-16 00:00:00-05:00,486.4940,476.3500,488.7558,484.8826,0.9707,375205200,0,0,,,,
2024-02-23 00:00:00-05:00,483.1450,479.1068,495.1916,492.9784,0.9707,268754400,0,0,,,,
2024-03-01 00:00:00-05:00,493.4153,489.9692,498.2591,497.8320,0.9707,316517400,0,0,,,,
2024-03-08 00:00:00-05:00,497.0361,490.1245,503.0447,496.7351,0.9707,336221900,0,0,,,,
2024-03-15 00:00:00-04:00,497.0711,494.7731,503.7898,496.4381,0.9737,408593800,0,0,,,,
2024-03-22 00:00:00-04:00,500.4986,497.6942,510.3430,507.5192,0.9737,358570100,0,0,,,,
2024-03-29 00:00:00-04:00,506.1463,504.7831,510.8299,509.3304,0.9737,293270500,0,0,,,,
2024-04-05 00:00:00-04:00,510.0704,499.2912,510.6059,504.8122,0.9737,367268200,0,0,,,,
2024-04-12 00:00:00-04:00,505.5133,495.7078,507.0713,497.4313,0.9737,361763900,0,0,,,,
2024-04-19 00:00:00-04:00,501.5989,480.8876,501.7644,482.1535,0.9737,418256400,0,0,,,,
2024-04-26 00:00:00-04:00,484.7533,482.4164,496.4868,494.9094,0.9737,321951200,0,0,,,,
2024-05-03 00:00:00-04:00,496.6913,486.4281,499.0867,497.8598,0.9737,339448700,0,0,,,,
2024-05-10 00:00:00-04:00,500.2551,499.8169,508.9116,507.1589,0.9737,237750100,0,0,,,,
2024-05-17 00:00:00-04:00,508.8337,506.0878,517.5584,515.5427,0.9737,263189600,0,0,,,,
2024-05-24 00:00:00-04:00,515.6596,510.9370,519.0677,515.5330,0.9737,218093500,0,0,,,,
2024-05-31 00:00:00-04:00,516.3412,504.7440,516.5749,513.5173,0.9737,218623300,0,0,,,,
2024-06-07 00:00:00-04:00,515.1241,508.8727,522.7874,519.9830,0.9737,203111800,0,0,,,,
2024-06-14 00:00:00-04:00,519.1749,518.0746,529.8275,528.5228,0.9737,220171600,0,0,,,,
2024-06-21 00:00:00-04:00,529.5439,529.0847,537.3979,531.9177,0.9769,231882700,0,0,,,,
2024-06-28 00:00:00-04:00,531.7418,529.8955,537.5543,531.6343,0.9769,233201500,0,0,,,,
2024-07-05 00:00:00-04:00,533.0118,529.9737,542.2139,541.8134,0.9769,155010900,0,0,,,,
2024-07-12 00:00:00-04:00,542.5950,541.3739,550.6346,547.0397,0.9769,208240000,0,0,,,,
2024-07-19 00:00:00-04:00,549.0325,535.2390,552.0900,536.2940,0.9769,255958100,0,0,,,,
2024-07-26 00:00:00-04:00,540.2113,525.0209,543.8648,531.8492,0.9769,267223700,0,0,,,,
2024-08-02 00:00:00-04:00,533.3928,516.3756,542.0381,520.5762,0.9769,311250600,0,0,,,,
2024-08-09 00:00:00-04:00,499.8079,498.4695,522.1490,520.6641,0.9769,410688200,0,0,,,,
2024-08-16 00:00:00-04:00,521.8559,518.6713,542.1846,541.4910,0.9769,242599600,0,0,,,,
2024-08-23 00:00:00-04:00,541.9014,541.0515,550.1560,549.1302,0.9769,221129600,0,0,,,,
2024-08-30 00:00:00-04:00,550.1560,542.2042,551.1524,550.6444,0.9769,210963800,0,0,,,,
2024-09-06 00:00:00-04:00,547.5086,526.9649,547.8407,527.8636,0.9769,220583100,1,0,Bullish,547.8407,526.9649,537.4028
2024-09-13 00:00:00-04:00,532.0545,527.4729,550.0094,549.0130,0.9769,243219100,0,0,,,,
2024-09-20 00:00:00-04:00,550.4324,548.6294,561.3481,556.8113,0.9799,297840600,0,0,,,,
2024-09-27 00:00:00-04:00,557.8794,556.1744,563.1413,559.9665,0.9799,219788100,0,0,,,,
2024-10-04 00:00:00-04:00,558.9377,553.8914,562.8180,561.4462,0.9799,258109600,0,0,,,,
2024-10-11 00:00:00-04:00,559.7999,555.2239,568.6482,567.9133,0.9799,211681700,0,0,,,,
2024-10-18 00:00:00-04:00,569.5204,566.8943,574.3217,572.8226,0.9799,192956700,0,0,,,,
2024-10-25 00:00:00-04:00,572.0972,562.8570,573.0771,567.3840,0.9799,202185500,0,0,,,,
2024-11-01 00:00:00-04:00,570.8528,556.9975,571.5779,559.5451,0.9799,220360200,0,0,,,,
2024-11-08 00:00:00-05:00,559.6823,556.4585,587.5694,586.1486,0.9799,239555400,0,0,,,,
2024-11-15 00:00:00-05:00,587.7360,572.1071,588.0888,573.9590,0.9799,242874400,0,0,,,,
2024-11-22 00:00:00-05:00,574.4196,572.2738,584.1498,583.5226,0.9799,221423000,0,0,,,,
2024-11-29 00:00:00-05:00,587.4519,583.2189,591.2048,590.4209,0.9799,152240300,0,0,,,,
2024-12-06 00:00:00-05:00,590.8325,590.2152,596.8097,595.5751,0.9799,161443900,0,0,,,,
2024-12-13 00:00:00-05:00,595.4574,590.0093,596.1825,592.0475,0.9799,168103400,0,0,,,,
2024-12-20 00:00:00-05:00,595.8000,571.1323,597.5500,581.2000,0.9832,419353600,0,0,,,,
2024-12-27 00:00:00-05:00,580.9443,577.7687,592.3392,584.9950,0.9832,196984300,0,0,,,,
2025-01-03 00:00:00-05:00,577.9948,570.7292,582.6255,581.9865,0.9832,201724000,0,0,,,,
2025-01-10 00:00:00-05:00,586.2338,568.8120,589.6060,570.7194,0.9832,228482200,1,0,Bullish,589.6060,568.8120,579.2090
2025-01-17 00:00:00-05:00,566.0788,565.6659,589.2717,587.5217,0.9832,254621200,0,0,,,,
2025-01-24 00:00:00-05:00,590.5597,588.5934,600.4996,597.7368,0.9832,166485700,0,0,,,,
2025-01-31 00:00:00-05:00,584.7983,584.6312,599.6933,591.6903,0.9832,257820000,0,0,,,,
2025-02-07 00:00:00-05:00,582.6944,580.5511,597.8942,590.6581,0.9832,216528100,0,0,,,,
2025-02-14 00:00:00-05:00,593.8632,588.4361,600.7060,599.4377,0.9832,169013200,0,0,,,,
2025-02-21 00:00:00-05:00,600.5978,589.3799,602.9083,589.8420,0.9832,170833900,0,0,,,,
2025-02-28 00:00:00-05:00,591.8870,572.6366,592.8800,584.1790,0.9832,315266100,0,0,,,,
2025-03-07 00:00:00-05:00,586.1453,556.1095,587.2858,566.2263,0.9832,416381600,0,0,,,,
2025-03-14 00:00:00-04:00,558.0366,540.4280,559.9537,553.3370,0.9832,393756600,0,0,,,,
2025-03-21 00:00:00-04:00,554.9818,550.2879,563.0286,556.1553,0.9861,328327300,0,0,,,,
2025-03-28 00:00:00-04:00,562.8807,547.3690,568.4129,547.9507,0.9861,262797700,0,0,,,,
2025-04-04 00:00:00-04:00,542.2016,498.0528,559.5476,498.2697,0.9861,569903400,0,0,,,,
2025-04-11 00:00:00-04:00,482.4029,475.1154,541.0084,526.5320,0.9861,924492800,0,0,,,,
2025-04-18 00:00:00-04:00,536.5018,513.0714,536.7286,519.1065,0.9861,288279800,0,0,,,,
2025-04-25 00:00:00-04:00,513.9293,501.4056,543.4047,543.0004,0.9861,361176900,0,0,,,,
2025-05-02 00:00:00-04:00,543.7399,534.0069,560.4942,558.8967,0.9861,312393800,0,0,,,,
2025-05-09 00:00:00-04:00,554.7648,548.3254,562.3974,556.5103,0.9861,245246100,0,0,,,,
2025-05-16 00:00:00-04:00,573.4026,569.0340,586.2518,585.9560,0.9861,360544500,0,0,,,,
2025-05-23 00:00:00-04:00,579.9406,567.6140,587.2774,571.0753,0.9861,370870100,0,0,,,,
2025-05-30 00:00:00-04:00,577.9388,570.4048,584.9699,581.2128,0.9861,301608500,0,0,,,,
2025-06-06 00:00:00-04:00,579.6054,576.9428,592.4941,590.8275,0.9861,341418300,0,0,,,,
2025-06-13 00:00:00-04:00,591.3993,587.2182,596.6653,588.7171,0.9861,346556600,0,0,,,,
2025-06-20 00:00:00-04:00,593.8203,586.3629,597.8259,587.7674,0.9890,332849900,1,0,Bullish,597.8259,586.3629,592.0944
2025-06-27 00:00:00-04:00,588.5191,585.4036,609.6351,608.1713,0.9890,382082900,0,0,,,,
2025-07-04 00:00:00-04:00,610.6142,608.2998,619.4167,618.4870,0.9890,280108800,0,0,,,,
2025-07-11 00:00:00-04:00,616.5287,611.0988,620.0002,616.7858,0.9890,321151600,0,0,,,,
2025-07-18 00:00:00-04:00,616.3308,611.2769,622.5717,620.7025,0.9890,349710600,0,0,,,,
2025-07-25 00:00:00-04:00,621.8795,619.3278,630.5929,630.1182,0.9890,322104800,0,0,,,,
2025-08-01 00:00:00-04:00,630.4939,612.5033,632.8379,614.9066,0.9890,439381100,1,0,Bullish,632.8379,612.5033,622.6706
2025-08-08 00:00:00-04:00,618.8133,618.7244,630.6621,630.1972,0.9890,343884300,0,0,,,,
2025-08-15 00:00:00-04:00,630.4742,627.7048,639.1085,636.3886,0.9890,311485900,0,0,,,,
2025-08-22 00:00:00-04:00,635.8149,626.0136,639.4151,638.2381,0.9890,341334900,0,0,,,,
2025-08-29 00:00:00-04:00,636.9821,634.5392,642.3625,637.9810,0.9890,287238700,0,0,,,,
2025-09-05 00:00:00-04:00,630.5137,627.9619,645.0625,640.1469,0.9890,303202500,0,0,,,,
2025-09-12 00:00:00-04:00,641.5118,640.1271,651.8868,650.2054,0.9890,350016000,0,0,,,,
2025-09-19 00:00:00-04:00,654.2199,648.9237,659.4267,658.2465,0.9918,415298400,0,0,,,,
2025-09-26 00:00:00-04:00,656.7589,649.0329,661.8567,656.3820,0.9918,378044600,0,0,,,,
2025-10-03 00:00:00-04:00,658.9011,656.1737,667.1527,663.7112,0.9918,359722800,0,0,,,,
2025-10-10 00:00:00-04:00,666.1014,647.4757,668.4122,647.6542,0.9918,413270100,0,0,,,,
2025-10-17 00:00:00-04:00,655.2216,647.8030,664.7228,658.9308,0.9918,457106900,0,0,,,,
2025-10-24 00:00:00-04:00,661.8368,657.8498,672.8951,671.6852,0.9918,337267400,0,0,,,,
2025-10-31 00:00:00-04:00,677.1200,673.6587,684.0328,676.4556,0.9918,374234900,0,0,,,,
2025-11-07 00:00:00-05:00,680.0360,655.7770,680.1649,665.4567,0.9918,395772100,0,0,,,,
2025-11-14 00:00:00-05:00,671.6752,657.8201,679.3318,666.4089,0.9918,397413300,0,0,,,,
2025-11-21 00:00:00-05:00,664.1972,645.5021,670.0091,653.6149,0.9918,588876300,0,0,,,,
2025-11-28 00:00:00-05:00,657.2448,656.1539,678.0524,677.7747,0.9918,282606600,0,0,,,,
2025-12-05 00:00:00-05:00,673.2323,673.1629,682.7336,680.0558,0.9918,322604800,0,0,,,,
2025-12-12 00:00:00-05:00,680.9485,673.5894,683.5866,676.1581,0.9918,398546900,0,0,,,,
2025-12-19 00:00:00-05:00,682.1150,667.6519,682.1350,676.9923,0.9947,535716400,0,0,,,,
2025-12-26 00:00:00-05:00,680.3246,676.9923,688.0037,686.6609,0.9947,215455600,0,0,,,,
2026-01-02 00:00:00-05:00,683.9055,676.2263,685.5567,679.5586,0.9947,273242200,1,0,Bullish,685.5567,676.2263,680.8915
2026-01-09 00:00:00-05:00,682.9108,682.7516,691.6344,690.4010,0.9947,360934000,0,0,,,,
2026-01-16 00:00:00-05:00,687.0289,682.4134,692.4104,688.0037,0.9947,394113600,0,0,,,,
2026-01-23 00:00:00-05:00,677.8875,672.9935,687.4765,685.5865,0.9947,379639600,0,0,,,,
2026-01-30 00:00:00-05:00,686.8399,681.2099,694.1511,688.3121,0.9947,376473400,0,0,,,,
2026-02-06 00:00:00-05:00,685.9348,672.2176,693.2758,686.9692,0.9947,495134100,0,0,,,,
2026-02-13 00:00:00-05:00,685.7756,673.9385,693.4548,678.1461,0.9947,430521300,0,0,,,,
2026-02-20 00:00:00-05:00,676.5447,672.2078,686.4123,685.7856,0.9947,313608400,0,1,Bearish,686.4123,672.2078,679.3101
2026-02-27 00:00:00-05:00,684.1940,676.4054,690.0131,682.3637,0.9947,375706200,0,0,,,,
2026-03-06 00:00:00-05:00,675.1123,666.1200,684.9798,668.8257,0.9947,478956000,0,0,,,,
2026-03-13 00:00:00-04:00,662.8674,657.8639,679.7476,658.7890,0.9947,458697100,0,0,,,,
2026-03-20 00:00:00-04:00,666.6625,643.0633,672.7070,646.9034,0.9974,526103700,0,0,,,,
2026-03-27 00:00:00-04:00,656.3790,631.4831,660.9173,632.4606,0.9974,522057800,1,0,Bullish,660.9173,631.4831,646.2002
2026-04-03 00:00:00-04:00,638.4651,627.6630,656.8279,654.1448,0.9974,418010200,0,0,,,,
2026-04-10 00:00:00-04:00,654.1747,649.3870,680.2775,677.7141,0.9974,302080200,0,0,,,,
2026-04-17 00:00:00-04:00,675.6693,674.8415,710.5595,708.3152,0.9974,296541000,0,0,,,,
2026-04-24 00:00:00-04:00,706.9588,700.4755,712.6341,712.1055,0.9974,246362700,0,0,,,,
2026-05-01 00:00:00-04:00,711.3374,706.5497,723.0073,718.7982,0.9974,228403200,0,0,,,,
2026-05-08 00:00:00-04:00,718.2197,713.1528,736.1834,735.7246,0.9974,241124400,0,0,,,,
2026-05-15 00:00:00-04:00,734.5576,729.9495,747.6041,737.2706,0.9974,248127900,0,0,,,,
2026-05-22 00:00:00-04:00,737.9289,729.6503,747.0155,743.7240,0.9974,232962000,0,0,,,,
2026-05-29 00:00:00-04:00,748.0828,746.2973,756.1321,754.5361,0.9974,179868200,0,0,,,,
2026-06-05 00:00:00-04:00,753.4190,733.6400,758.4461,735.6548,0.9974,270531700,0,0,,,,
2026-06-12 00:00:00-04:00,741.4498,720.7333,744.9808,739.8440,0.9974,340753900,0,0,,,,
2026-06-19 00:00:00-04:00,751.8500,739.2200,756.6800,746.7400,1.0000,294090400,0,0,,,,
2026-06-26 00:00:00-04:00,747.7000,716.5800,750.1800,728.9900,1.0000,295781600,0,0,,,,
