Week_Ending,Open,Low,High,Close,A2P,Volume,VIX_Open,VIX_High,VIX_Low,VIX_Close,Brent_Open,Brent_High,Brent_Low,Brent_Close,OB_Bull,OB_Bear,OB_Type,OB_High,OB_Low,OB_Mid,Open_Chg,Low_Chg,High_Chg,Close_Chg,Volume_Chg,VIX_Open_Chg,VIX_High_Chg,VIX_Low_Chg,VIX_Close_Chg,Brent_Open_Chg,Brent_High_Chg,Brent_Low_Chg,Brent_Close_Chg
2000-01-07,92.8951,86.0024,92.8951,91.3286,0.6266,42725700,24.3600,29.0000,21.7200,21.7200,,,,,0,0,,,,,0.0000,0.0000,0.0000,0.0000,0.0000,0.0000,0.0000,0.0000,0.0000,0.0000,0.0000,0.0000,0.0000
2000-01-14,91.6419,89.5271,92.4056,92.0923,0.6266,32748700,21.8900,23.4900,19.5100,19.6600,,,,,0,0,,,,,-1.2532,3.5247,-0.4895,0.7637,-9977000.0000,-2.4700,-5.5100,-2.2100,-2.0600,0.0000,0.0000,0.0000,0.0000
2000-01-21,91.0740,90.1145,92.1119,90.5062,0.6266,24691300,21.3900,22.6000,20.5000,20.8200,,,,,0,0,,,,,-0.5679,0.5874,-0.2937,-1.5861,-8057400.0000,-0.5000,-0.8900,0.9900,1.1600,0.0000,0.0000,0.0000,0.0000
2000-01-28,91.2698,84.9254,91.3873,85.1408,0.6266,45836400,21.4300,26.5400,21.4300,26.1400,,,,,0,0,,,,,0.1958,-5.1891,-0.7246,-5.3654,21145100.0000,0.0400,3.9400,0.9300,5.3200,0.0000,0.0000,0.0000,0.0000
2000-02-04,85.1016,84.5925,90.2320,89.3508,0.6266,38317400,26.7800,27.4300,20.6900,21.5400,,,,,0,0,,,,,-6.1682,-0.3329,-1.1553,4.2100,-7519000.0000,5.3500,0.8900,-0.7400,-4.6000,0.0000,0.0000,0.0000,0.0000
2000-02-11,89.3312,86.4919,90.5844,86.9031,0.6266,35834100,22.9700,24.8000,21.1700,24.4200,,,,,0,0,,,,,4.2296,1.8994,0.3524,-2.4477,-2483300.0000,-3.8100,-2.6300,0.4800,2.8800,0.0000,0.0000,0.0000,0.0000
2000-02-18,87.5885,84.3575,88.4892,84.7883,0.6266,45445900,24.6700,26.3700,22.6300,26.0000,,,,,0,0,,,,,-1.7427,-2.1344,-2.0952,-2.1148,9611800.0000,1.7000,1.5700,1.4600,1.5800,0.0000,0.0000,0.0000,0.0000
2000-02-25,84.7100,83.3980,86.1395,83.5449,0.6266,56469300,25.9100,28.1200,23.5600,25.2000,,,,,0,0,,,,,-2.8785,-0.9595,-2.3497,-1.2434,11023400.0000,1.2400,1.7500,0.9300,-0.8000,0.0000,0.0000,0.0000,0.0000
2000-03-03,83.5742,83.1630,88.8025,88.4305,0.6266,48878800,25.9000,26.1900,19.1900,19.2100,,,,,0,0,,,,,-1.1358,-0.2350,2.6630,4.8856,-7590500.0000,-0.0100,-1.9300,-4.3700,-5.9900,0.0000,0.0000,0.0000,0.0000
2000-03-10,88.2347,84.6121,88.9788,87.8039,0.6266,57263100,20.3800,25.2000,20.3300,21.2400,,,,,0,0,,,,,4.6605,1.4491,0.1763,-0.6266,8384300.0000,-5.5200,-0.9900,1.1400,2.0300,0.0000,0.0000,0.0000,0.0000
2000-03-17,85.8676,85.2394,92.9742,92.3067,0.6282,64979500,23.0300,24.7600,20.4900,22.3700,,,,,0,0,,,,,-2.3671,0.6273,3.9954,4.5028,7716400.0000,2.6500,-0.4400,0.1600,1.1300,0.0000,0.0000,0.0000,0.0000
2000-03-24,92.2674,90.7755,97.8428,96.4686,0.6282,57492300,22.3100,23.9600,21.1000,23.3100,,,,,0,0,,,,,6.3998,5.5361,4.8686,4.1619,-7487200.0000,-0.7200,-0.8000,0.6100,0.9400,0.0000,0.0000,0.0000,0.0000
2000-03-31,96.3507,92.4245,96.6059,94.4661,0.6282,40621500,24.3500,25.8700,23.4400,24.1100,,,,,0,0,,,,,4.0833,1.6490,-1.2369,-2.0025,-16870800.0000,2.0400,1.9100,2.3400,0.8000,0.0000,0.0000,0.0000,0.0000
2000-04-07,94.3091,88.8221,96.1152,95.1336,0.6282,48883000,24.9900,31.1600,23.2500,24.3900,,,,,0,0,,,,,-2.0416,-3.6024,-0.4907,0.6675,8261500.0000,0.6400,5.2900,-0.1900,0.2800,0.0000,0.0000,0.0000,0.0000
2000-04-14,95.3299,83.8652,96.1839,85.4357,0.6282,71239600,25.4400,33.7900,24.9700,33.4900,,,,,0,0,,,,,1.0208,-4.9569,0.0687,-9.6979,22356600.0000,0.4500,2.6300,1.7200,9.1000,0.0000,0.0000,0.0000,0.0000
2000-04-21,84.9253,84.6112,91.1680,90.3435,0.6282,50078700,33.7000,34.3100,25.7700,25.8500,,,,,0,0,,,,,-10.4046,0.7460,-5.0159,4.9078,-21160900.0000,8.2600,0.5200,0.8000,-7.6400,0.0000,0.0000,0.0000,0.0000
2000-04-28,88.8908,88.2626,93.4453,91.1484,0.6282,59044900,27.7900,29.5000,25.2000,26.2000,,,,,0,0,,,,,3.9655,3.6514,2.2773,0.8049,8966200.0000,-5.9100,-4.8100,-0.5700,0.3500,0.0000,0.0000,0.0000,0.0000
2000-05-05,92.0711,87.8111,93.2784,90.1669,0.6282,43196900,26.0700,32.8900,25.2600,27.5300,,,,,0,0,,,,,3.1803,-0.4515,-0.1669,-0.9815,-15848000.0000,-1.7200,3.3900,0.0600,1.3300,0.0000,0.0000,0.0000,0.0000
2000-05-12,89.6761,86.5351,90.1276,89.7153,0.6282,34030200,28.8000,30.6000,25.6100,26.0500,,,,,0,0,,,,,-2.3950,-1.2760,-3.1508,-0.4516,-9166700.0000,2.7300,-2.2900,0.3500,-1.4800,0.0000,0.0000,0.0000,0.0000
2000-05-19,89.6761,88.2037,92.7974,88.6552,0.6282,29384700,26.4700,26.7000,23.2900,25.4400,,,,,0,0,,,,,0.0000,1.6686,2.6698,-1.0601,-4645500.0000,-2.3300,-3.9000,-2.3200,-0.6100,0.0000,0.0000,0.0000,0.0000
2000-05-26,88.7338,85.7498,89.0872,86.6921,0.6282,42993000,26.2500,27.9000,23.8500,24.4700,,,,,0,0,,,,,-0.9423,-2.4539,-3.7102,-1.9631,13608300.0000,-0.2200,1.2000,0.5600,-0.9700,0.0000,0.0000,0.0000,0.0000
2000-06-02,87.9485,87.6148,93.6612,92.8760,0.6282,29343000,24.5900,24.7800,21.3000,21.4800,,,,,0,0,,,,,-0.7853,1.8650,4.5740,6.1839,-13650000.0000,-1.6600,-3.1200,-2.5500,-2.9900,0.0000,0.0000,0.0000,0.0000
2000-06-09,92.6404,91.4822,93.1116,92.0907,0.6282,25584900,23.0600,23.5300,21.9900,22.1400,,,,,0,0,,,,,4.6919,3.8674,-0.5496,-0.7853,-3758100.0000,-1.5300,-1.2500,0.6900,0.6600,0.0000,0.0000,0.0000,0.0000
2000-06-16,92.5437,91.0679,93.7440,92.3075,0.6297,28107200,22.2200,23.3900,20.3000,20.5000,,,,,0,0,,,,,-0.0967,-0.4143,0.6324,0.2168,2522300.0000,-0.8400,-0.1400,-1.6900,-1.6400,0.0000,0.0000,0.0000,0.0000
2000-06-23,92.2288,90.5956,93.9211,90.9104,0.6297,27055700,21.1600,22.8200,20.3400,22.3400,,,,,0,0,,,,,-0.3149,-0.4723,0.1771,-1.3971,-1051500.0000,-1.0600,-0.5700,0.0400,1.8400,0.0000,0.0000,0.0000,0.0000
2000-06-30,91.5401,90.3693,92.5535,91.4811,0.6297,28474400,24.8500,25.0100,19.3900,19.5400,,,,,0,0,,,,,-0.6887,-0.2263,-1.3676,0.5707,1418700.0000,3.6900,2.1900,-0.9500,-2.8000,0.0000,0.0000,0.0000,0.0000
2000-07-07,91.5795,90.8121,93.6850,93.2521,0.6297,13182800,20.5100,21.6500,19.1700,19.2200,,,,,0,0,,,,,0.0394,0.4428,1.1315,1.7710,-15291600.0000,-4.3400,-3.3600,-0.2200,-0.3200,0.0000,0.0000,0.0000,0.0000
2000-07-14,93.1144,92.6618,95.2395,95.2395,0.6297,24828600,20.2000,20.6300,19.2100,19.3200,,,,,0,0,,,,,1.5349,1.8497,1.5545,1.9874,11645800.0000,-0.3100,-1.0200,0.0400,0.1000,0.0000,0.0000,0.0000,0.0000
2000-07-21,95.0723,92.9963,95.7020,92.9963,0.6297,27173000,20.0200,20.1300,18.7700,18.9400,,,,,0,0,,,,,1.9579,0.3345,0.4625,-2.2432,2344400.0000,-0.1800,-0.5000,-0.4400,-0.3800,0.0000,0.0000,0.0000,0.0000
2000-07-28,93.2717,89.1099,93.7342,89.4740,0.6297,36330200,19.3500,20.9800,19.1700,20.8400,,,,,1,0,Bullish,93.7342,89.1099,91.4220,-1.8006,-3.8864,-1.9678,-3.5223,9157200.0000,-0.6700,0.8500,0.4000,1.9000,0.0000,0.0000,0.0000,0.0000
2000-08-04,90.0052,89.4543,92.3862,92.1698,0.6297,24945600,20.9800,21.1700,18.5300,18.6200,,,,,0,0,,,,,-3.2665,0.3444,-1.3480,2.6958,-11384600.0000,1.6300,0.1900,-0.6400,-2.2200,0.0000,0.0000,0.0000,0.0000
2000-08-11,92.3863,91.6582,93.9605,92.8192,0.6297,22485100,19.3100,19.3600,18.3400,18.5500,,,,,0,0,,,,,2.3811,2.2039,1.5743,0.6494,-2460500.0000,-1.6700,-1.8100,-0.1900,-0.0700,0.0000,0.0000,0.0000,0.0000
2000-08-18,93.0553,92.6027,94.7279,94.2556,0.6297,24001500,18.9800,18.9900,16.9900,17.0500,,,,,0,0,,,,,0.6690,0.9445,0.7674,1.4364,1516400.0000,-0.3300,-0.3700,-1.3500,-1.5000,0.0000,0.0000,0.0000,0.0000
2000-08-25,94.4721,93.9999,95.4757,95.2395,0.6297,18290300,17.7100,17.8300,16.4900,16.5300,,,,,0,0,,,,,1.4168,1.3972,0.7478,0.9839,-5711200.0000,-1.2700,-1.1600,-0.5000,-0.5200,0.0000,0.0000,0.0000,0.0000
2000-09-01,95.2395,94.6688,96.7153,96.0266,0.6297,21099700,17.1100,17.9600,16.2800,17.5300,,,,,0,1,Bearish,96.7153,94.6688,95.6920,0.7674,0.6689,1.2396,0.7871,2809400.0000,-0.6000,0.1300,-0.2100,1.0000,0.0000,0.0000,0.0000,0.0000
2000-09-08,95.6331,94.0293,95.8397,94.3343,0.6297,15576700,19.1800,20.9200,18.4600,18.4600,,,,,0,0,,,,,0.3936,-0.6395,-0.8756,-1.6923,-5523000.0000,2.0700,2.9600,2.1800,0.9300,0.0000,0.0000,0.0000,0.0000
2000-09-15,94.5319,92.1647,95.4394,92.1647,0.6313,23881000,19.0300,19.1000,17.9600,18.5200,,,,,0,0,,,,,-1.1012,-1.8646,-0.4003,-2.1696,8304300.0000,-0.1500,-1.8200,-0.5000,0.0600,0.0000,0.0000,0.0000,0.0000
2000-09-22,92.4014,89.9059,92.7762,91.7109,0.6313,31969200,18.8800,22.6600,18.7800,20.7400,,,,,0,0,,,,,-2.1305,-2.2588,-2.6632,-0.4538,8088200.0000,-0.1500,3.5600,0.8200,2.2200,0.0000,0.0000,0.0000,0.0000
2000-09-29,92.1252,89.7185,92.3718,90.6654,0.6313,38584900,20.8500,22.1000,19.4000,20.5700,,,,,0,0,,,,,-0.2762,-0.1874,-0.4044,-1.0455,6615700.0000,1.9700,-0.5600,0.6200,-0.1700,0.0000,0.0000,0.0000,0.0000
2000-10-06,91.0796,88.2192,92.0068,89.0477,0.6313,35595700,20.9800,23.3500,20.4100,22.7100,,,,,0,0,,,,,-1.0456,-1.4993,-0.3650,-1.6177,-2989200.0000,0.1300,1.2500,1.0100,2.1400,0.0000,0.0000,0.0000,0.0000
2000-10-13,89.2056,83.8201,89.2056,86.8383,0.6313,45074400,23.9200,30.5500,23.6300,27.6000,,,,,0,0,,,,,-1.8740,-4.3991,-2.8012,-2.2094,9478700.0000,2.9400,7.2000,3.2200,4.8900,0.0000,0.0000,0.0000,0.0000
2000-10-20,86.7397,82.1630,89.1267,88.3179,0.6313,40528800,27.3300,30.8000,23.0200,24.2400,,,,,0,0,,,,,-2.4659,-1.6571,-0.0789,1.4796,-4545600.0000,3.4100,0.2500,-0.6100,-3.3600,0.0000,0.0000,0.0000,0.0000
2000-10-27,88.3376,84.6092,89.6001,87.9233,0.6313,39287000,24.5800,30.0800,23.6000,26.4700,,,,,0,0,,,,,1.5979,2.4462,0.4734,-0.3946,-1241800.0000,-2.7500,-0.7200,0.5800,2.2300,0.0000,0.0000,0.0000,0.0000
2000-11-03,87.3907,87.2132,90.8429,90.1328,0.6313,41242300,26.2300,26.4800,23.3700,23.6700,,,,,0,0,,,,,-0.9469,2.6040,1.2428,2.2095,1955300.0000,1.6500,-3.6000,-0.2300,-2.8000,0.0000,0.0000,0.0000,0.0000
2000-11-10,90.3695,86.1873,91.0895,86.2465,0.6313,34601900,24.5300,28.8100,24.1300,28.5300,,,,,0,0,,,,,2.9788,-1.0259,0.2466,-3.8863,-6640400.0000,-1.7000,2.3300,0.7600,4.8600,0.0000,0.0000,0.0000,0.0000
2000-11-17,85.6152,83.9680,88.4461,86.2564,0.6313,47027100,29.1300,30.5700,24.4700,24.8100,,,,,0,0,,,,,-4.7543,-2.2193,-2.6434,0.0099,12425200.0000,4.6000,1.7600,0.3400,-3.7200,0.0000,0.0000,0.0000,0.0000
2000-11-24,85.6942,83.4058,86.0887,85.1221,0.6313,22291300,26.4900,27.8300,25.9900,26.0000,,,,,0,0,,,,,0.0790,-0.5622,-2.3574,-1.1343,-24735800.0000,-2.6400,-2.7400,1.5200,1.1900,0.0000,0.0000,0.0000,0.0000
2000-12-01,86.1479,81.9066,86.2860,83.4650,0.6313,37031000,26.1200,31.1100,26.1200,27.4800,,,,,0,0,,,,,0.4537,-1.4992,0.1973,-1.6571,14739700.0000,-0.3700,3.2800,0.1300,1.4800,0.0000,0.0000,0.0000,0.0000
2000-12-08,83.2480,83.0113,88.0417,84.5697,0.6313,45573400,28.5500,28.7400,22.3800,22.4100,,,,,0,0,,,,,-2.8999,1.1047,1.7557,1.1047,8542400.0000,2.4300,-2.3700,-3.7400,-5.0700,0.0000,0.0000,0.0000,0.0000
2000-12-15,86.9860,82.6723,88.3712,82.9296,0.6332,34242700,23.8000,26.8700,22.8100,26.5500,,,,,0,0,,,,,3.7380,-0.3390,0.3295,-1.6401,-11330700.0000,-4.7500,-1.8700,0.4300,4.1400,0.0000,0.0000,0.0000,0.0000
2000-12-22,83.6221,79.4865,85.4624,82.9098,0.6332,51360700,26.7900,32.3200,25.4100,27.5500,,,,,0,0,,,,,-3.3639,-3.1858,-2.9088,-0.0198,17118000.0000,2.9900,5.4500,2.6000,1.0000,0.0000,0.0000,0.0000,0.0000
2000-12-29,82.8504,82.4942,85.0270,83.0680,0.6332,26652700,28.4700,29.1300,26.3200,26.8500,,,,,0,0,,,,,-0.7717,3.0077,-0.4354,0.1582,-24708000.0000,1.6800,-3.1900,0.9100,-0.7000,0.0000,0.0000,0.0000,0.0000
2001-01-05,83.5825,80.7727,86.1153,81.8017,0.6332,50299500,27.9300,30.4000,25.9900,28.6700,,,,,0,0,,,,,0.7321,-1.7215,1.0883,-1.2663,23646800.0000,-0.5400,1.2700,-0.3300,1.8200,0.0000,0.0000,0.0000,0.0000
2001-01-12,82.2370,80.8519,84.6709,83.5826,0.6332,35562900,29.9800,30.8000,24.5000,24.5600,,,,,0,0,,,,,-1.3455,0.0792,-1.4444,1.7809,-14736600.0000,2.0500,0.4000,-1.4900,-4.1100,0.0000,0.0000,0.0000,0.0000
2001-01-19,83.5825,83.2758,86.2341,84.8588,0.6332,32283100,25.5900,25.6800,23.0000,23.2400,,,,,0,0,,,,,1.3455,2.4239,1.5632,1.2762,-3279800.0000,-4.3900,-5.1200,-1.5000,-1.3200,0.0000,0.0000,0.0000,0.0000
2001-01-26,85.0072,84.5719,86.9464,86.0362,0.6332,39669000,24.2700,24.3100,21.4700,22.5700,,,,,0,1,Bearish,86.9464,84.5719,85.7592,1.4247,1.2961,0.7123,1.1774,7385900.0000,-1.3200,-1.3700,-1.5300,-0.6700,0.0000,0.0000,0.0000,0.0000
2001-02-02,85.7987,85.3238,87.8250,85.3555,0.6332,39997600,22.8000,23.3500,20.8100,21.9500,,,,,0,0,,,,,0.7915,0.7519,0.8786,-0.6807,328600.0000,-1.4700,-0.9600,-0.6600,-0.6200,0.0000,0.0000,0.0000,0.0000
2001-02-09,85.3555,83.1140,86.5586,83.4812,0.6332,33064600,22.7500,23.0100,20.9200,22.0300,,,,,0,0,,,,,-0.4432,-2.2098,-1.2664,-1.8743,-6933000.0000,-0.0500,-0.3400,0.1100,0.0800,0.0000,0.0000,0.0000,0.0000
2001-02-16,83.3926,81.8729,84.9566,82.5694,0.6332,33156800,23.0600,23.1300,20.2200,22.1200,,,,,0,0,,,,,-1.9629,-1.2411,-1.6020,-0.9118,92200.0000,0.3100,0.1200,-0.7000,0.0900,0.0000,0.0000,0.0000,0.0000
2001-02-23,82.9746,77.1239,83.0380,79.1248,0.6332,58125400,23.4300,30.6200,23.1600,27.2100,,,,,0,0,,,,,-0.4180,-4.7490,-1.9186,-3.4446,24968600.0000,0.3700,7.4900,2.9400,5.0900,0.0000,0.0000,0.0000,0.0000
2001-03-02,79.6567,77.0922,80.9484,78.2700,0.6332,64980800,27.1800,30.2600,25.0200,27.4300,,,,,0,0,,,,,-3.3179,-0.0317,-2.0896,-0.8548,6855400.0000,3.7500,-0.3600,1.8600,0.2200,0.0000,0.0000,0.0000,0.0000
2001-03-09,78.6119,77.9534,80.8915,78.1117,0.6332,34657200,28.3200,28.4300,24.1200,25.6200,,,,,0,0,,,,,-1.0448,0.8612,-0.0569,-0.1583,-30323600.0000,1.1400,-1.8300,-0.9000,-1.8100,0.0000,0.0000,0.0000,0.0000
2001-03-16,77.6744,72.8935,77.7759,73.0205,0.6349,115629200,27.8800,30.8400,27.5500,29.9100,,,,,0,0,,,,,-0.9375,-5.0599,-3.1156,-5.0912,80972000.0000,-0.4400,2.4100,3.4300,4.2900,0.0000,0.0000,0.0000,0.0000
2001-03-23,73.4967,68.5952,75.2109,72.6840,0.6349,85642800,30.6100,35.4500,29.3000,30.4500,,,,,0,0,,,,,-4.1777,-4.2983,-2.5650,-0.3365,-29986400.0000,2.7300,4.6100,1.7500,0.5400,0.0000,0.0000,0.0000,0.0000
2001-03-30,73.4586,71.1983,75.3315,74.0871,0.6349,55021700,30.0000,30.2400,27.0300,28.6400,,,,,0,0,,,,,-0.0381,2.6031,0.1206,1.4031,-30621100.0000,-0.6100,-5.2100,-2.2700,-1.8100,0.0000,0.0000,0.0000,0.0000
2001-04-06,73.8396,69.3952,74.5252,71.9348,0.6349,74741900,29.4000,35.2000,29.1600,31.6900,,,,,0,0,,,,,0.3810,-1.8031,-0.8063,-2.1523,19720200.0000,-0.6000,4.9600,2.1300,3.0500,0.0000,0.0000,0.0000,0.0000
2001-04-13,72.3793,71.6047,75.5475,75.4586,0.6349,48863400,31.9400,32.5500,26.1200,26.1200,,,,,0,0,,,,,-1.4603,2.2095,1.0223,3.5238,-25878500.0000,2.5400,-2.6500,-3.0400,-5.5700,0.0000,0.0000,0.0000,0.0000
2001-04-20,75.1030,74.2268,79.9981,79.0458,0.6349,72192900,26.8500,27.1800,23.0100,25.3800,,,,,0,0,,,,,2.7237,2.6221,4.4506,3.5872,23329500.0000,-5.0900,-5.3700,-3.1100,-0.7400,0.0000,0.0000,0.0000,0.0000
2001-04-27,78.5061,76.7919,79.8966,79.8585,0.6349,45274600,27.3500,28.6800,24.0200,24.0200,,,,,0,0,,,,,3.4031,2.5651,-0.1015,0.8127,-26918300.0000,0.5000,1.5000,1.0100,-1.3600,0.0000,0.0000,0.0000,0.0000
2001-05-04,80.2838,78.3728,81.0711,80.8489,0.6349,52989300,24.2100,26.4900,23.8800,23.9100,,,,,0,0,,,,,1.7777,1.5809,1.1745,0.9904,7714700.0000,-3.1400,-2.1900,-0.1400,-0.1100,0.0000,0.0000,0.0000,0.0000
2001-05-11,80.5442,78.9823,80.9505,79.4585,0.6349,38252000,25.1000,25.4600,23.1400,23.5400,,,,,0,0,,,,,0.2604,0.6095,-0.1206,-1.3904,-14737300.0000,0.8900,-1.0300,-0.7400,-0.3700,0.0000,0.0000,0.0000,0.0000
2001-05-18,79.2997,79.0204,82.5886,82.3727,0.6349,51112900,24.2300,24.5000,21.1700,21.2300,,,,,0,0,,,,,-1.2445,0.0381,1.6381,2.9142,12860900.0000,-0.8700,-0.9600,-1.9700,-2.3100,0.0000,0.0000,0.0000,0.0000
2001-05-25,82.4362,81.2045,83.8647,81.3314,0.6349,47532800,21.9000,22.1500,20.4600,20.6000,,,,,0,0,,,,,3.1365,2.1841,1.2761,-1.0413,-3580100.0000,-2.3300,-2.3500,-0.7100,-0.6300,0.0000,0.0000,0.0000,0.0000
2001-06-01,81.4076,79.3632,81.4902,80.4616,0.6349,37768200,22.1600,23.1600,21.5200,21.5900,,,,,0,0,,,,,-1.0286,-1.8413,-2.3745,-0.8698,-9764600.0000,0.2600,1.0100,1.0600,0.9900,0.0000,0.0000,0.0000,0.0000
2001-06-08,80.5061,80.0489,82.0489,80.6330,0.6349,42329700,21.6400,22.0700,19.4700,19.9200,,,,,0,0,,,,,-0.9015,0.6857,0.5587,0.1714,4561500.0000,-0.5200,-1.0900,-2.0500,-1.6700,0.0000,0.0000,0.0000,0.0000
2001-06-15,80.6777,76.6601,80.8560,77.5833,0.6367,53430100,20.6200,24.4200,20.3700,22.8100,,,,,0,0,,,,,0.1716,-3.3888,-1.1929,-3.0497,11100400.0000,-1.0200,2.3500,0.9000,2.8900,0.0000,0.0000,0.0000,0.0000
2001-06-22,77.4560,76.9721,79.1496,78.2200,0.6367,52358900,23.2600,23.5400,19.3400,20.0200,,,,,0,0,,,,,-3.2217,0.3120,-1.7064,0.6367,-1071200.0000,2.6400,-0.8800,-1.0300,-2.7900,0.0000,0.0000,0.0000,0.0000
2001-06-29,78.4938,76.7683,78.9586,78.0608,0.6367,46611200,20.3600,21.8400,18.8300,19.0600,,,,,0,0,,,,,1.0378,-0.2038,-0.1910,-0.1592,-5747700.0000,-2.9000,-1.7000,-0.5100,-0.9600,0.0000,0.0000,0.0000,0.0000
2001-07-06,78.1882,75.8005,79.1560,75.8005,0.6367,29009100,19.7500,21.9000,18.7400,21.6300,,,,,0,0,,,,,-0.3056,-0.9678,0.1974,-2.2603,-17602100.0000,-0.6100,0.0600,-0.0900,2.5700,0.0000,0.0000,0.0000,0.0000
2001-07-13,76.0807,74.5526,77.8826,77.8316,0.6367,54735200,22.7100,24.9100,21.0200,21.1400,,,,,0,0,,,,,-2.1075,-1.2479,-1.2734,2.0311,25726100.0000,2.9600,3.0100,2.2800,-0.4900,0.0000,0.0000,0.0000,0.0000
2001-07-20,77.5324,76.2972,78.3028,77.2586,0.6367,38883100,21.6900,23.8400,21.5800,22.3400,,,,,0,0,,,,,1.4517,1.7446,0.4202,-0.5730,-15852100.0000,-1.0200,-1.0700,0.5600,1.2000,0.0000,0.0000,0.0000,0.0000
2001-07-27,77.5515,74.3361,77.6024,76.9211,0.6367,53799700,22.6400,25.6100,21.9300,22.0000,,,,,0,0,,,,,0.0191,-1.9611,-0.7004,-0.3375,14916600.0000,0.9500,1.7700,0.3500,-0.3400,0.0000,0.0000,0.0000,0.0000
2001-08-03,77.1631,76.5964,78.4747,77.6406,0.6367,54293000,22.4800,23.0300,19.6900,19.8900,,,,,0,0,,,,,-0.3884,2.2603,0.8723,0.7195,493300.0000,-0.1600,-2.5800,-2.2400,-2.1100,0.0000,0.0000,0.0000,0.0000
2001-08-10,77.2649,74.7117,77.3668,75.9533,0.6367,57890800,21.0700,22.5700,20.3700,20.5500,,,,,0,0,,,,,0.1018,-1.8847,-1.1079,-1.6873,3597800.0000,-1.4100,-0.4600,0.6800,0.6600,0.0000,0.0000,0.0000,0.0000
2001-08-17,76.1507,73.8649,76.6282,74.3361,0.6367,51469600,20.5800,24.2400,19.8400,23.8400,,,,,0,0,,,,,-1.1142,-0.8468,-0.7386,-1.6172,-6421200.0000,-0.4900,1.6700,-0.5300,3.2900,0.0000,0.0000,0.0000,0.0000
2001-08-24,74.3679,73.7185,75.8515,75.7814,0.6367,57082300,24.8300,24.8500,19.7000,19.7100,,,,,0,0,,,,,-1.7828,-0.1464,-0.7767,1.4453,5612700.0000,4.2500,0.6100,-0.1400,-4.1300,0.0000,0.0000,0.0000,0.0000
2001-08-31,75.7496,71.3372,75.8960,72.6806,0.6367,69329700,20.5000,25.8400,20.1300,24.9200,,,,,0,0,,,,,1.3817,-2.3813,0.0445,-3.1008,12247400.0000,-4.3300,0.9900,0.4300,5.2100,0.0000,0.0000,0.0000,0.0000
2001-09-07,72.4896,69.1660,73.9668,69.2233,0.6367,100737400,26.1100,31.3000,24.1900,30.9900,,,,,0,0,,,,,-3.2600,-2.1712,-1.9292,-3.4573,31407700.0000,5.6100,5.4600,4.0600,6.0700,0.0000,0.0000,0.0000,0.0000
2001-09-14,68.5739,68.5739,70.2611,70.0701,0.6367,23408700,33.1100,33.3400,31.8400,31.8400,,,,,0,0,,,,,-3.9157,-0.5921,-3.7057,0.8468,-77328700.0000,7.0000,2.0400,7.6500,0.8500,0.0000,0.0000,0.0000,0.0000
2001-09-21,64.5492,59.9476,68.0003,62.1717,0.6391,183182700,43.2000,49.3500,37.5000,42.6600,,,,,0,0,,,,,-4.0247,-8.6263,-2.2608,-7.8984,159774000.0000,10.0900,16.0100,5.6600,10.8200,0.0000,0.0000,0.0000,0.0000
2001-09-28,63.7311,63.3093,70.0582,66.7477,0.6391,111827300,41.3200,41.4900,31.7400,31.9300,,,,,0,0,,,,,-0.8181,3.3617,2.0579,4.5760,-71355400.0000,-1.8800,-7.8600,-5.7600,-10.7300,0.0000,0.0000,0.0000,0.0000
2001-10-05,66.4026,65.7187,69.6428,68.5308,0.6391,134806500,33.4200,34.3900,30.3100,33.3900,,,,,0,0,,,,,2.6715,2.4094,-0.4154,1.7831,22979200.0000,-7.9000,-7.1000,-1.4300,1.4600,0.0000,0.0000,0.0000,0.0000
2001-10-12,67.9172,67.4379,70.4928,69.9815,0.6391,103300800,35.6600,36.5600,30.8300,35.2700,,,,,0,0,,,,,1.5146,1.7192,0.8500,1.4507,-31505700.0000,2.2400,2.1700,0.5200,1.8800,0.0000,0.0000,0.0000,0.0000
2001-10-19,69.4255,67.7511,71.0360,68.6075,0.6391,99714900,36.7500,36.9500,32.4400,34.1100,,,,,0,0,,,,,1.5083,0.3132,0.5432,-1.3740,-3585900.0000,1.0900,0.3900,1.6100,-1.1600,0.0000,0.0000,0.0000,0.0000
2001-10-26,68.5755,68.2176,71.4451,70.5056,0.6391,101759500,34.4700,34.6600,28.1100,28.4200,,,,,0,0,,,,,-0.8500,0.4665,0.4091,1.8981,2044600.0000,-2.2800,-2.2900,-4.3300,-5.6900,0.0000,0.0000,0.0000,0.0000
2001-11-02,70.4033,67.4634,70.6525,69.8217,0.6391,120413000,30.4300,34.7700,30.3100,30.7100,,,,,0,0,,,,,1.8278,-0.7542,-0.7926,-0.6839,18653500.0000,-4.0400,0.1100,2.2000,2.2900,0.0000,0.0000,0.0000,0.0000
2001-11-09,70.3778,70.2052,72.9086,72.0394,0.6391,97350600,31.1400,31.2100,27.3400,27.4400,,,,,0,0,,,,,-0.0255,2.7418,2.2561,2.2177,-23062400.0000,0.7100,-3.5600,-2.9700,-3.2700,0.0000,0.0000,0.0000,0.0000
2001-11-16,70.9401,70.3010,73.7522,73.0875,0.6391,96541400,31.9400,31.9400,25.0300,25.0700,,,,,0,0,,,,,0.5623,0.0958,0.8436,1.0481,-809200.0000,0.8000,0.7300,-2.3100,-2.3700,0.0000,0.0000,0.0000,0.0000
2001-11-23,73.4455,72.5443,74.0398,73.9312,0.6391,48022400,25.4300,25.4300,23.0000,23.2500,,,,,0,0,,,,,2.5054,2.2433,0.2876,0.8437,-48519000.0000,-6.5100,-6.5100,-2.0300,-1.8200,0.0000,0.0000,0.0000,0.0000
2001-11-30,73.9759,72.2184,74.7109,72.8894,0.6391,83217900,24.2200,26.4600,22.9600,23.8400,,,,,0,0,,,,,0.5304,-0.3259,0.6711,-1.0418,35195500.0000,-1.2100,1.0300,-0.0400,0.5900,0.0000,0.0000,0.0000,0.0000
2001-12-07,72.6338,72.2248,75.4139,74.4936,0.6391,94495000,25.9200,26.3800,22.5800,23.4900,,,,,0,0,,,,,-1.3421,0.0064,0.7030,1.6042,11277100.0000,1.7000,-0.0800,-0.3800,-0.3500,0.0000,0.0000,0.0000,0.0000
2001-12-14,74.0398,71.5793,74.3849,72.3015,0.6391,86616100,24.9700,25.9300,24.2200,24.6300,,,,,0,0,,,,,1.4060,-0.6455,-1.0290,-2.1921,-7878900.0000,-0.9500,-0.4500,1.6400,1.1400,0.0000,0.0000,0.0000,0.0000
2001-12-21,72.4604,72.4027,74.3394,73.7173,0.6413,76638600,25.0200,25.0600,22.2600,22.5000,,,,,0,0,,,,,-1.5794,0.8234,-0.0455,1.4158,-9977500.0000,0.0500,-0.8700,-1.9600,-2.1300,0.0000,0.0000,0.0000,0.0000
2001-12-28,73.6403,73.4993,74.8716,74.3907,0.6413,36034700,23.0600,23.1100,21.1200,21.4000,,,,,0,0,,,,,1.1799,1.0966,0.5322,0.6734,-40603900.0000,-1.9600,-1.9500,-1.1400,-1.1000,0.0000,0.0000,0.0000,0.0000
2002-01-04,74.4869,72.9862,75.6604,75.4296,0.6413,69155100,22.5000,24.2000,20.4000,20.4500,,,,,0,1,Bearish,75.6604,72.9862,74.3233,0.8466,-0.5131,0.7888,1.0389,33120400.0000,-0.5600,1.0900,-0.7200,-0.9500,0.0000,0.0000,0.0000,0.0000
2002-01-11,75.4809,73.5570,75.6668,73.7109,0.6413,68932300,21.4100,22.8400,20.6600,22.6000,,,,,0,0,,,,,0.9940,0.5708,0.0064,-1.7187,-222800.0000,-1.0900,-1.3600,0.2600,2.1500,0.0000,0.0000,0.0000,0.0000
2002-01-18,73.5249,72.2552,73.9995,72.5630,0.6413,83899400,23.9400,24.0400,22.1300,22.5200,,,,,0,0,,,,,-1.9560,-1.3018,-1.6673,-1.1479,14967100.0000,2.5300,1.2000,1.4700,-0.0800,0.0000,0.0000,0.0000,0.0000
2002-01-25,72.9477,71.8383,73.2684,72.8195,0.6413,49081700,22.9300,23.8300,20.7400,21.0100,,,,,0,0,,,,,-0.5772,-0.4169,-0.7311,0.2565,-34817700.0000,-1.0100,-0.2100,-1.3900,-1.5100,0.0000,0.0000,0.0000,0.0000
2002-02-01,73.0440,69.5168,73.2299,72.2423,0.6413,108769500,21.2400,26.8800,20.6900,21.1200,,,,,0,0,,,,,0.0963,-2.3215,-0.0385,-0.5772,59687800.0000,-1.6900,3.0500,-0.0500,0.1100,0.0000,0.0000,0.0000,0.0000
2002-02-08,71.9730,69.2603,71.9730,70.6006,0.6413,130066600,22.7700,27.3200,22.6900,23.2600,,,,,0,0,,,,,-1.0710,-0.2565,-1.2569,-1.6417,21297100.0000,1.5300,0.4400,2.0000,2.1400,0.0000,0.0000,0.0000,0.0000
2002-02-15,70.5750,70.4275,72.4476,71.1137,0.6413,88336600,24.0400,24.0400,20.5500,22.3700,,,,,0,0,,,,,-1.3980,1.1672,0.4746,0.5131,-41730000.0000,1.2700,-3.2800,-2.1400,-0.8900,0.0000,0.0000,0.0000,0.0000
2002-02-22,70.6391,69.1449,70.9469,70.3120,0.6413,98092400,23.9200,24.9400,21.9000,22.8600,,,,,0,0,,,,,0.0641,-1.2826,-1.5007,-0.8017,9755800.0000,-0.1200,0.9000,1.3500,0.4900,0.0000,0.0000,0.0000,0.0000
2002-03-01,70.3761,70.3505,73.0118,72.9413,0.6413,118432100,23.0900,23.1100,19.8800,19.9600,,,,,0,0,,,,,-0.2630,1.2056,2.0649,2.6293,20339700.0000,-0.8300,-1.8300,-2.0200,-2.9000,0.0000,0.0000,0.0000,0.0000
2002-03-08,73.0440,72.8836,75.6092,75.0256,0.6413,109307600,20.6900,21.1200,19.2700,19.2700,,,,,0,0,,,,,2.6679,2.5331,2.5974,2.0843,-9124500.0000,-2.4000,-1.9900,-0.6100,-0.6900,0.0000,0.0000,0.0000,0.0000
2002-03-15,75.1762,74.3658,75.8257,75.0218,0.6431,82338900,20.6600,20.7700,18.3800,18.4200,,,,,0,0,,,,,2.1322,1.4822,0.2165,-0.0038,-26968700.0000,-0.0300,-0.3500,-0.8900,-0.8500,0.0000,0.0000,0.0000,0.0000
2002-03-22,75.3112,73.3947,75.7228,73.9864,0.6431,93657600,18.7900,19.4000,17.6200,17.7700,,,,,0,0,,,,,0.1350,-0.9711,-0.1029,-1.0354,11318700.0000,-1.8700,-1.3700,-0.7600,-0.6500,0.0000,0.0000,0.0000,0.0000
2002-03-29,74.0185,72.8673,74.4559,73.6519,0.6431,74000400,18.1800,18.7200,17.0200,17.4000,,,,,0,0,,,,,-1.2927,-0.5274,-1.2669,-0.3345,-19657200.0000,-0.6100,-0.6800,-0.6000,-0.3700,0.0000,0.0000,0.0000,0.0000
2002-04-05,73.4654,72.1341,74.0250,72.4750,0.6431,101992900,18.9900,20.4700,18.6100,19.1300,,,,,0,0,,,,,-0.5531,-0.7332,-0.4309,-1.1769,27992500.0000,0.8100,1.7500,1.5900,1.7300,0.0000,0.0000,0.0000,0.0000
2002-04-12,71.5939,70.7707,73.0217,71.6582,0.6431,89196400,20.3500,20.4600,18.1700,19.4200,,,,,0,0,,,,,-1.8715,-1.3634,-1.0033,-0.8168,-12796500.0000,1.3600,-0.0100,-0.4400,0.2900,0.0000,0.0000,0.0000,0.0000
2002-04-19,71.7868,70.8736,73.1053,72.5972,0.6431,81059900,20.1300,20.2000,17.7300,18.3000,,,,,0,0,,,,,0.1929,0.1029,0.0836,0.9390,-8136500.0000,-0.2200,-0.2600,-0.4400,-1.1200,0.0000,0.0000,0.0000,0.0000
2002-04-26,72.2756,69.0021,72.3078,69.0664,0.6431,95013900,19.4100,22.1400,19.2000,22.1400,,,,,0,0,,,,,0.4888,-1.8715,-0.7975,-3.5308,13954000.0000,-0.7200,1.9400,1.4700,3.8400,0.0000,0.0000,0.0000,0.0000
2002-05-03,69.4137,68.5776,70.6871,69.1886,0.6431,95625800,23.2300,24.5000,19.9100,20.1900,,,,,0,0,,,,,-2.8619,-0.4245,-1.6207,0.1222,611900.0000,3.8200,2.3600,0.7100,-1.9500,0.0000,0.0000,0.0000,0.0000
2002-05-10,69.2271,67.4650,70.3333,67.9923,0.6431,110502300,20.9900,22.7100,20.2100,22.4100,,,,,0,0,,,,,-0.1866,-1.1126,-0.3538,-1.1963,14876500.0000,-2.2400,-1.7900,0.3000,2.2200,0.0000,0.0000,0.0000,0.0000
2002-05-17,68.3139,68.0374,71.5489,71.3238,0.6431,134329900,22.2500,22.2500,17.7000,17.7000,,,,,0,1,Bearish,71.5489,68.0374,69.7931,-0.9132,0.5724,1.2156,3.3315,23827600.0000,1.2600,-0.4600,-2.5100,-4.7100,0.0000,0.0000,0.0000,0.0000
2002-05-24,71.1566,69.4587,71.1887,69.9025,0.6431,72312000,18.7600,20.7100,18.1900,18.9000,,,,,0,0,,,,,2.8427,1.4213,-0.3602,-1.4213,-62017900.0000,-3.4900,-1.5400,0.4900,1.2000,0.0000,0.0000,0.0000,0.0000
2002-05-31,70.1340,68.1081,70.1854,68.9570,0.6431,77054400,20.2100,21.5800,19.4300,19.9800,,,,,0,0,,,,,-1.0226,-1.3506,-1.0033,-0.9455,4742400.0000,1.4500,0.8700,1.2400,1.0800,0.0000,0.0000,0.0000,0.0000
2002-06-07,68.8734,65.4198,69.2014,66.4617,0.6431,118618500,20.9800,26.1500,20.6200,23.5100,,,,,0,0,,,,,-1.2606,-2.6883,-0.9840,-2.4953,41564100.0000,0.7700,4.5700,1.1900,3.5300,0.0000,0.0000,0.0000,0.0000
2002-06-14,66.3973,63.3489,67.2334,65.2140,0.6431,130328000,24.1800,28.7800,22.8100,25.9600,,,,,0,0,,,,,-2.4761,-2.0709,-1.9680,-1.2477,11709500.0000,3.2000,2.6300,2.1900,2.4500,0.0000,0.0000,0.0000,0.0000
2002-06-21,65.7778,63.6868,67.7850,64.0740,0.6454,117698100,25.9200,28.5000,24.0600,27.2300,,,,,0,0,,,,,-0.6195,0.3379,0.5516,-1.1400,-12629900.0000,1.7400,-0.2800,1.2500,1.2700,0.0000,0.0000,0.0000,0.0000
2002-06-28,63.6416,61.4343,65.1130,63.8674,0.6454,168238900,27.9300,30.9800,24.8800,25.4000,,,,,0,0,,,,,-2.1362,-2.2525,-2.6720,-0.2066,50540800.0000,2.0100,2.4800,0.8200,-1.8300,0.0000,0.0000,0.0000,0.0000
2002-07-05,64.0095,60.4857,64.4096,64.0934,0.6454,104063400,25.7100,31.0300,25.6300,27.1100,,,,,0,0,,,,,0.3679,-0.9486,-0.7034,0.2260,-64175500.0000,-2.2200,0.0500,0.7500,1.7100,0.0000,0.0000,0.0000,0.0000
2002-07-12,63.8804,58.2914,64.3451,59.2788,0.6454,196756600,28.5400,36.3500,27.7900,32.9400,,,,,0,0,,,,,-0.1291,-2.1943,-0.0645,-4.8146,92693200.0000,2.8300,5.3200,2.1600,5.8300,0.0000,0.0000,0.0000,0.0000
2002-07-19,59.1433,54.4061,60.2146,54.6707,0.6454,289709500,35.0700,38.3800,33.4500,38.1700,,,,,0,0,,,,,-4.7371,-3.8853,-4.1305,-4.6081,92952900.0000,6.5300,2.0300,5.6600,5.2300,0.0000,0.0000,0.0000,0.0000
2002-07-26,54.2771,50.1337,55.4581,55.2451,0.6454,388024300,39.1300,48.4600,35.5100,35.5100,,,,,0,0,,,,,-4.8662,-4.2724,-4.7565,0.5744,98314800.0000,4.0600,10.0800,2.0600,-2.6600,0.0000,0.0000,0.0000,0.0000
2002-08-02,56.4713,55.2580,59.0852,56.0131,0.6454,264039800,33.8900,43.9300,30.6000,41.2900,,,,,0,0,,,,,2.1942,5.1243,3.6271,0.7680,-123984500.0000,-5.2400,-4.5300,-4.9100,5.7800,0.0000,0.0000,0.0000,0.0000
2002-08-09,55.8195,53.9221,59.3369,58.9174,0.6454,245429700,41.9500,45.2100,34.6900,35.3300,,,,,0,0,,,,,-0.6518,-1.3359,0.2517,2.9043,-18610100.0000,8.0600,1.2800,4.0900,-5.9600,0.0000,0.0000,0.0000,0.0000
2002-08-16,58.0784,56.8070,60.7180,60.1630,0.6454,215024600,37.2300,37.5200,28.0100,28.8100,,,,,0,0,,,,,2.2589,2.8849,1.3811,1.2456,-30405100.0000,-4.7200,-7.6900,-6.6800,-6.5200,0.0000,0.0000,0.0000,0.0000
2002-08-23,60.3179,60.0855,62.6993,61.0536,0.6454,175923300,29.6000,30.2200,27.6100,29.3200,,,,,0,0,,,,,2.2395,3.2785,1.9813,0.8906,-39101300.0000,-7.6300,-7.3000,-0.4000,0.5100,0.0000,0.0000,0.0000,0.0000
2002-08-30,61.2537,58.6076,62.1185,59.2336,0.6454,181468800,30.7300,35.4200,29.5300,32.6400,,,,,0,0,,,,,0.9358,-1.4779,-0.5808,-1.8200,5545500.0000,1.1300,5.2000,1.9200,3.3200,0.0000,0.0000,0.0000,0.0000
2002-09-06,58.5559,56.4713,58.7302,58.0848,0.6454,233559000,37.1200,40.4100,35.9900,36.3300,,,,,0,0,,,,,-2.6978,-2.1363,-3.3883,-1.1488,52090200.0000,6.3900,4.9900,6.4600,3.6900,0.0000,0.0000,0.0000,0.0000
2002-09-13,57.5040,56.9554,60.2340,57.8718,0.6454,187858900,39.1000,39.6300,33.7200,35.8200,,,,,0,0,,,,,-1.0519,0.4841,1.5038,-0.2130,-45700100.0000,1.9800,-0.7800,-2.2700,-0.5100,0.0000,0.0000,0.0000,0.0000
2002-09-20,57.8979,54.4879,59.1167,54.6824,0.6483,225332800,37.3400,40.7000,35.7900,38.9800,,,,,0,0,,,,,0.3939,-2.4675,-1.1173,-3.1894,37473900.0000,-1.7600,1.0700,2.0700,3.1600,0.0000,0.0000,0.0000,0.0000
2002-09-27,54.2287,53.0618,55.7327,53.6452,0.6483,293981500,40.7800,41.3400,33.9600,36.9700,,,,,0,0,,,,,-3.6692,-1.4261,-3.3840,-1.0372,68648700.0000,3.4400,0.6400,-1.8300,-2.0100,0.0000,0.0000,0.0000,0.0000
2002-10-04,53.1590,51.5901,55.6030,52.3810,0.6483,321074300,41.0700,41.8600,33.7700,39.4600,,,,,0,0,,,,,-1.0697,-1.4717,-0.1297,-1.2642,27092800.0000,0.2900,0.5200,-0.1900,2.4900,0.0000,0.0000,0.0000,0.0000
2002-10-11,51.9013,49.9629,54.9288,54.5593,0.6483,371732700,41.6500,43.4400,35.2000,35.7000,,,,,0,0,,,,,-1.2577,-1.6272,-0.6742,2.1783,50658400.0000,0.5800,1.5800,1.4300,-3.7600,0.0000,0.0000,0.0000,0.0000
2002-10-18,53.9369,53.8332,57.8914,57.4636,0.6483,301912800,36.9200,37.1800,33.3400,33.5300,,,,,0,0,,,,,2.0356,3.8703,2.9626,2.9043,-69819900.0000,-4.7300,-6.2600,-1.8600,-2.1700,0.0000,0.0000,0.0000,0.0000
2002-10-25,57.1264,56.7699,58.9286,58.4748,0.6483,240391200,35.3400,35.6100,29.8800,30.0000,,,,,0,0,,,,,3.1895,2.9367,1.0372,1.0112,-61521600.0000,-1.5800,-1.5700,-3.4600,-3.5300,0.0000,0.0000,0.0000,0.0000
2002-11-01,59.0907,56.4004,59.1815,58.5202,0.6483,234112400,30.7800,33.5300,28.6200,29.3000,,,,,0,0,,,,,1.9643,-0.3695,0.2529,0.0454,-6278800.0000,-4.5600,-2.0800,-1.2600,-0.7000,0.0000,0.0000,0.0000,0.0000
2002-11-08,59.5121,58.0340,60.3354,58.1183,0.6483,240841900,29.8100,32.6000,28.8300,29.4100,,,,,0,0,,,,,0.4214,1.6336,1.1539,-0.4019,6729500.0000,-0.9700,-0.9300,0.2100,0.1100,0.0000,0.0000,0.0000,0.0000
2002-11-15,58.0276,56.6921,59.3501,59.2528,0.6483,206170000,30.6300,31.9000,26.4400,26.6500,,,,,0,0,,,,,-1.4845,-1.3419,-0.9853,1.1345,-34671900.0000,0.8200,-0.7000,-2.3900,-2.7600,0.0000,0.0000,0.0000,0.0000
2002-11-22,59.7390,58.1896,61.1134,60.5623,0.6483,186071800,27.0900,28.1500,23.0500,23.1600,,,,,0,0,,,,,1.7114,1.4975,1.7633,1.3095,-20098200.0000,-3.5400,-3.7500,-3.3900,-3.4900,0.0000,0.0000,0.0000,0.0000
2002-11-29,60.5688,59.3954,61.5542,60.9254,0.6483,133280800,23.9200,27.7000,23.6200,27.5000,,,,,0,0,,,,,0.8298,1.2058,0.4408,0.3631,-52791000.0000,-3.1700,-0.4500,0.5700,4.3400,0.0000,0.0000,0.0000,0.0000
2002-12-06,61.8913,58.3322,62.2673,59.6612,0.6483,234909400,28.3500,30.6400,27.2800,28.8800,,,,,0,0,,,,,1.3225,-1.0632,0.7131,-1.2642,101628600.0000,4.4300,2.9400,3.6600,1.3800,0.0000,0.0000,0.0000,0.0000
2002-12-13,59.0389,57.8720,59.3954,57.9173,0.6483,180638300,30.0700,31.2000,27.2300,28.1800,,,,,0,0,,,,,-2.8524,-0.4602,-2.8719,-1.7439,-54271100.0000,1.7200,0.5600,-0.0500,-0.7000,0.0000,0.0000,0.0000,0.0000
2002-12-20,58.5147,57.7199,59.7981,58.6254,0.6515,175506000,28.2500,30.8400,25.9000,26.7100,,,,,0,0,,,,,-0.5242,-0.1521,0.4027,0.7081,-5132300.0000,-1.8200,-0.3600,-1.3300,-1.4700,0.0000,0.0000,0.0000,0.0000
2002-12-27,58.3649,56.9251,59.0294,56.9251,0.6515,73227600,27.6100,29.9700,25.8700,29.5500,,,,,0,0,,,,,-0.1498,-0.7948,-0.7687,-1.7003,-102278400.0000,-0.6400,-0.8700,-0.0300,2.8400,0.0000,0.0000,0.0000,0.0000
2003-01-03,57.1922,56.7492,59.5309,59.5114,0.6515,140743500,30.6900,30.8300,24.6800,24.6800,,,,,0,0,,,,,-1.1727,-0.1759,0.5015,2.5863,67515900.0000,3.0800,0.8600,-1.1900,-4.8700,0.0000,0.0000,0.0000,0.0000
2003-01-10,59.4397,59.3160,61.0033,60.6254,0.6515,190900900,25.3200,25.7600,24.0200,24.3200,,,,,0,0,,,,,2.2475,2.5668,1.4724,1.1140,50157400.0000,-5.3700,-5.0700,-0.6600,-0.3600,0.0000,0.0000,0.0000,0.0000
2003-01-17,60.9381,58.7296,61.1466,59.0619,0.6515,176325100,24.9500,26.0100,24.3800,25.7000,,,,,0,0,,,,,1.4984,-0.5864,0.1433,-1.5635,-14575800.0000,-0.3700,0.2500,0.3600,1.3800,0.0000,0.0000,0.0000,0.0000
2003-01-24,59.1987,56.1368,59.2313,56.2736,0.6515,203666400,26.7500,32.4100,26.7300,31.5100,,,,,0,0,,,,,-1.7394,-2.5928,-1.9153,-2.7883,27341300.0000,1.8000,6.4000,2.3500,5.8100,0.0000,0.0000,0.0000,0.0000
2003-01-31,55.8501,54.8208,56.7948,56.0651,0.6515,263688600,33.3100,35.3300,30.6100,31.1700,,,,,0,0,,,,,-3.3486,-1.3160,-2.4365,-0.2085,60022200.0000,6.5600,2.9200,3.8800,-0.3400,0.0000,0.0000,0.0000,0.0000
2003-02-07,56.1172,54.0521,56.5537,54.3453,0.6515,235403000,32.4500,34.3100,30.8700,34.0100,,,,,0,0,,,,,0.2671,-0.7687,-0.2411,-1.7198,-28285600.0000,-0.8600,-1.0200,0.2600,2.8400,0.0000,0.0000,0.0000,0.0000
2003-02-14,54.3713,52.7687,55.2964,54.8209,0.6515,245705500,35.2100,35.6600,32.4200,32.6200,,,,,0,0,,,,,-1.7459,-1.2834,-1.2573,0.4756,10302500.0000,2.7600,1.3500,1.5500,-1.3900,0.0000,0.0000,0.0000,0.0000
2003-02-21,55.0684,54.3713,55.8958,55.4919,0.6515,161160600,32.1200,32.1200,30.1600,30.2500,,,,,0,0,,,,,0.6971,1.6026,0.5994,0.6710,-84544900.0000,-3.0900,-3.5400,-2.2600,-2.3700,0.0000,0.0000,0.0000,0.0000
2003-02-28,55.3290,53.5635,55.5244,55.3095,0.6515,219979200,31.4600,33.0600,29.0600,29.6300,,,,,0,0,,,,,0.2606,-0.8078,-0.3714,-0.1824,58818600.0000,-0.6600,0.9400,-1.1000,-0.6200,0.0000,0.0000,0.0000,0.0000
2003-03-07,55.5440,53.0489,55.8827,54.2801,0.6515,223094000,29.7800,32.8100,29.7100,31.0800,,,,,0,0,,,,,0.2150,-0.5146,0.3583,-1.0294,3114800.0000,-1.6800,-0.2500,0.6500,1.4500,0.0000,0.0000,0.0000,0.0000
2003-03-14,53.8111,51.7134,55.2248,54.8078,0.6515,287646200,33.3700,34.4000,30.4500,30.9800,,,,,0,0,,,,,-1.7329,-1.3355,-0.6579,0.5277,64552200.0000,3.5900,1.5900,0.7400,-0.1000,0.0000,0.0000,0.0000,0.0000
2003-03-21,54.5905,54.4336,58.7898,58.6525,0.6541,327127500,31.8500,32.6200,28.4400,28.6700,,,,,0,0,,,,,0.7794,2.7202,3.5650,3.8447,39481300.0000,-1.5200,-1.7800,-2.0100,-2.3100,0.0000,0.0000,0.0000,0.0000
2003-03-28,57.5732,56.2454,57.7302,56.7164,0.6541,257883000,30.5300,31.0000,27.5800,27.7500,,,,,0,0,,,,,2.9827,1.8118,-1.0596,-1.9361,-69244500.0000,-1.3200,-1.6200,-0.8600,-0.9200,0.0000,0.0000,0.0000,0.0000
2003-04-04,55.8268,55.2054,58.2077,57.7040,0.6541,250130300,29.9500,30.2100,27.4500,29.1300,,,,,0,0,,,,,-1.7464,-1.0400,0.4775,0.9876,-7752700.0000,-0.5800,-0.7900,-0.1300,1.3800,0.0000,0.0000,0.0000,0.0000
2003-04-11,59.0907,56.0623,59.4243,57.0042,0.6541,254678700,28.8600,28.8600,24.3100,24.4400,,,,,1,0,Bullish,59.4243,56.0623,57.7433,3.2639,0.8569,1.2166,-0.6998,4548400.0000,-1.0900,-1.3500,-3.1400,-4.6900,0.0000,0.0000,0.0000,0.0000
2003-04-18,57.2135,56.9061,58.9076,58.5805,0.6541,175612600,24.8300,25.0000,21.3300,21.5000,,,,,0,0,,,,,-1.8772,0.8438,-0.5167,1.5763,-79066100.0000,-4.0300,-3.8600,-2.9800,-2.9400,0.0000,0.0000,0.0000,0.0000
2003-04-25,58.7767,58.1423,60.4054,59.0187,0.6541,229653000,21.8100,22.3500,20.2600,20.8000,,,,,0,0,,,,,1.5632,1.2362,1.4978,0.4382,54040400.0000,-3.0200,-2.6500,-1.0700,-0.7000,0.0000,0.0000,0.0000,0.0000
2003-05-02,59.1561,59.0646,61.1380,60.9680,0.6541,247601000,20.8900,22.3300,20.4600,20.6300,,,,,0,0,,,,,0.3794,0.9223,0.7326,1.9493,17948000.0000,-0.9200,-0.0200,0.2000,-0.1700,0.0000,0.0000,0.0000,0.0000
2003-05-09,61.1380,60.3597,61.7333,61.3081,0.6541,195430700,21.3200,21.7100,19.6600,19.6900,,,,,0,0,,,,,1.9819,1.2951,0.5953,0.3401,-52170300.0000,0.4300,-0.6200,-0.8000,-0.9400,0.0000,0.0000,0.0000,0.0000
2003-05-16,61.1576,61.0137,62.4331,62.0537,0.6541,189895200,19.9600,20.2900,18.2400,18.4000,,,,,0,0,,,,,0.0196,0.6540,0.6998,0.7456,-5535500.0000,-1.3600,-1.4200,-1.4200,-1.2900,0.0000,0.0000,0.0000,0.0000
2003-05-23,61.5828,59.9083,61.7594,61.3277,0.6541,210922100,19.4900,21.7200,19.1400,19.1700,,,,,0,0,,,,,0.4252,-1.1054,-0.6737,-0.7260,21026900.0000,-0.4700,1.4300,0.9000,0.7700,0.0000,0.0000,0.0000,0.0000
2003-05-30,61.0268,60.8764,63.5058,63.4143,0.6541,184820000,20.6800,20.7500,19.4400,19.4700,,,,,0,0,,,,,-0.5560,0.9681,1.7464,2.0866,-26102100.0000,1.1900,-0.9700,0.3000,0.3000,0.0000,0.0000,0.0000,0.0000
2003-06-06,63.7936,63.2311,66.3250,64.9252,0.6541,244539900,20.3500,21.4400,20.0600,21.2500,,,,,0,0,,,,,2.7668,2.3547,2.8192,1.5109,59719900.0000,-0.3300,0.6900,0.6200,1.7800,0.0000,0.0000,0.0000,0.0000
2003-06-13,64.6047,63.9506,65.9979,65.1215,0.6541,190454900,22.2000,22.8100,20.1000,20.6600,,,,,0,0,,,,,0.8111,0.7195,-0.3271,0.1963,-54085000.0000,1.8500,1.3700,0.0400,-0.5900,0.0000,0.0000,0.0000,0.0000
2003-06-20,65.6193,65.2648,67.0766,65.2779,0.6565,193745800,21.2800,21.2800,18.8900,19.1400,,,,,0,0,,,,,1.0146,1.3142,1.0787,0.1564,3290900.0000,-0.9200,-1.5300,-1.2100,-1.5200,0.0000,0.0000,0.0000,0.0000
2003-06-27,65.2845,63.6499,65.4223,64.1094,0.6565,205880600,20.1600,21.2500,18.8700,19.1600,,,,,0,0,,,,,-0.3348,-1.6149,-1.6543,-1.1685,12134800.0000,-1.1200,-0.0300,-0.0200,0.0200,0.0000,0.0000,0.0000,0.0000
2003-07-04,64.4771,63.3020,65.5471,64.8184,0.6565,150126700,19.3100,20.8000,18.8400,19.3900,,,,,0,0,,,,,-0.8074,-0.3479,0.1248,0.7090,-55753900.0000,-0.8500,-0.4500,-0.0300,0.2300,0.0000,0.0000,0.0000,0.0000
2003-07-11,65.4158,64.7462,66.5646,65.8031,0.6565,188626100,19.9900,20.3200,18.2600,18.4700,,,,,0,0,,,,,0.9387,1.4442,1.0175,0.9847,38499400.0000,0.6800,-0.4800,-0.5800,-0.9200,0.0000,0.0000,0.0000,0.0000
2003-07-18,66.4333,64.4377,66.8928,65.3239,0.6565,212534300,18.8800,20.4500,18.7000,19.1100,,,,,0,0,,,,,1.0175,-0.3085,0.3282,-0.4792,23908200.0000,-1.1100,0.1300,0.4400,0.6400,0.0000,0.0000,0.0000,0.0000
2003-07-25,65.2845,64.2341,65.8687,65.7965,0.6565,206167000,20.0600,20.3600,17.6500,17.7500,,,,,0,0,,,,,-1.1488,-0.2036,-1.0241,0.4726,-6367300.0000,1.1800,-0.0900,-1.0500,-1.3600,0.0000,0.0000,0.0000,0.0000
2003-08-01,65.8884,64.4902,66.2889,64.6674,0.6565,220476400,18.6900,20.7700,18.2500,20.7500,,,,,0,0,,,,,0.6039,0.2561,0.4202,-1.1291,14309400.0000,-1.3700,0.4100,0.6000,3.0000,0.0000,0.0000,0.0000,0.0000
2003-08-08,64.5361,63.2429,64.9891,64.5164,0.6565,237511300,22.1600,23.8900,19.4800,19.5900,,,,,0,0,,,,,-1.3523,-1.2473,-1.2998,-0.1510,17034900.0000,3.4700,3.1200,1.2300,-1.1600,0.0000,0.0000,0.0000,0.0000
2003-08-15,64.5033,64.2276,65.5470,65.3961,0.6565,162161100,20.0400,20.3100,17.7500,18.2700,,,,,0,0,,,,,-0.0328,0.9847,0.5579,0.8797,-75350200.0000,-2.1200,-3.5800,-1.7300,-1.3200,0.0000,0.0000,0.0000,0.0000
2003-08-22,65.5996,65.4683,66.8403,65.4945,0.6565,180141300,18.7200,18.8500,17.6400,18.5500,,,,,0,0,,,,,1.0963,1.2407,1.2933,0.0984,17980200.0000,-1.3200,-1.4600,-0.1100,0.2800,0.0000,0.0000,0.0000,0.0000
2003-08-29,65.4552,64.8775,66.6171,66.5908,0.6565,143567300,19.4500,20.3000,18.4500,18.6300,,,,,0,0,,,,,-0.1444,-0.5908,-0.2232,1.0963,-36574000.0000,0.7300,1.4500,0.8100,0.0800,0.0000,0.0000,0.0000,0.0000
2003-09-05,66.7221,66.3348,68.0744,67.5033,0.6565,154349800,19.3100,19.8300,18.1500,18.1700,,,,,0,0,,,,,1.2669,1.4573,1.4573,0.9125,10782500.0000,-0.1400,-0.4700,-0.3000,-0.4600,0.0000,0.0000,0.0000,0.0000
2003-09-12,67.6412,66.5318,68.1926,67.2539,0.6565,194512000,18.3000,20.6600,18.2500,18.6800,,,,,0,0,,,,,0.9191,0.1970,0.1182,-0.2494,40162200.0000,-1.0100,0.8300,0.1000,0.5100,0.0000,0.0000,0.0000,0.0000
2003-09-19,67.5581,67.1825,68.9947,68.3160,0.6590,155666400,19.1500,19.3500,17.5200,17.5400,,,,,0,0,,,,,-0.0831,0.6507,0.8021,1.0621,-38845600.0000,0.8500,-1.3100,-0.7300,-1.1400,0.0000,0.0000,0.0000,0.0000
2003-09-26,67.7756,65.7987,68.0656,65.8646,0.6590,206449100,19.0800,22.7300,19.0300,22.2300,,,,,0,0,,,,,0.2175,-1.3838,-0.9291,-2.4514,50782700.0000,-0.0700,3.3800,1.5100,4.6900,0.0000,0.0000,0.0000,0.0000
2003-10-03,66.0952,65.4033,68.7179,68.1314,0.6590,266732100,22.8500,23.2600,18.9500,19.5000,,,,,0,0,,,,,-1.6804,-0.3954,0.6523,2.2668,60283000.0000,3.7700,0.5300,-0.0800,-2.7300,0.0000,0.0000,0.0000,0.0000
2003-10-10,68.1908,67.8152,69.3374,68.9091,0.6590,156499500,20.6900,20.6900,18.2600,18.4500,,,,,0,0,,,,,2.0956,2.4119,0.6195,0.7777,-110232600.0000,-2.1600,-2.5700,-0.6900,-1.0500,0.0000,0.0000,0.0000,0.0000
2003-10-17,69.0013,68.5202,69.7789,68.7048,0.6590,166894200,17.6200,18.0500,16.8600,17.6200,,,,,0,0,,,,,0.8105,0.7050,0.4415,-0.2043,10394700.0000,-3.0700,-2.6400,-1.4000,-0.8300,0.0000,0.0000,0.0000,0.0000
2003-10-24,68.8300,67.3341,69.3769,68.2567,0.6590,185854700,17.8400,18.6800,16.1900,17.7100,,,,,0,0,,,,,-0.1713,-1.1861,-0.4020,-0.4481,18960500.0000,0.2200,0.6300,-0.6700,0.0900,0.0000,0.0000,0.0000,0.0000
2003-10-31,68.3621,68.0524,69.8316,69.3901,0.6590,163256500,17.9700,18.1800,15.7900,16.1000,,,,,0,0,,,,,-0.4679,0.7183,0.4547,1.1334,-22598200.0000,0.1300,-0.5000,-0.4000,-1.6100,0.0000,0.0000,0.0000,0.0000
2003-11-07,69.6866,69.1265,70.3258,69.5944,0.6590,162685200,16.3300,17.3700,16.2200,16.9300,,,,,0,0,,,,,1.3245,1.0741,0.4942,0.2043,-571300.0000,-1.6400,-0.8100,0.4300,0.8300,0.0000,0.0000,0.0000,0.0000
2003-11-14,69.6801,69.0606,70.4774,69.4956,0.6590,158962700,17.7900,18.5300,16.1700,16.9400,,,,,0,0,,,,,-0.0065,-0.0659,0.1516,-0.0988,-3722500.0000,1.4600,1.1600,-0.0500,0.0100,0.0000,0.0000,0.0000,0.0000
2003-11-21,69.1331,68.2830,69.4889,68.6718,0.6590,198958800,18.1400,19.6100,17.7800,18.9800,,,,,0,0,,,,,-0.5470,-0.7776,-0.9885,-0.8238,39996100.0000,0.3500,1.0800,1.6100,2.0400,0.0000,0.0000,0.0000,0.0000
2003-11-28,68.9881,68.9815,70.2863,70.1479,0.6590,110047500,18.9100,18.9800,16.0200,16.3200,,,,,0,0,,,,,-0.1450,0.6985,0.7974,1.4761,-88911300.0000,0.7700,-0.6300,-1.7600,-2.6600,0.0000,0.0000,0.0000,0.0000
2003-12-05,70.4115,70.2600,71.2221,70.4115,0.6590,178043500,16.7400,17.3200,15.7700,17.0900,,,,,0,0,,,,,1.4234,1.2785,0.9358,0.2636,67996000.0000,-2.1700,-1.6600,-0.2500,0.7700,0.0000,0.0000,0.0000,0.0000
2003-12-12,70.3391,69.8251,71.3012,71.2616,0.6590,192440600,17.5500,18.2700,16.0900,16.4100,,,,,0,0,,,,,-0.0724,-0.4349,0.0791,0.8501,14397100.0000,0.8100,0.9500,0.3200,-0.6800,0.0000,0.0000,0.0000,0.0000
2003-12-19,72.2803,71.1613,72.6510,72.1015,0.6621,165604600,15.8000,17.4500,14.6600,16.4200,,,,,0,0,,,,,1.9412,1.3362,1.3498,0.8399,-26836000.0000,-1.7500,-0.8200,-1.4300,0.0100,0.0000,0.0000,0.0000,0.0000
2003-12-26,72.0287,72.0220,72.8828,72.6312,0.6621,68716700,17.0600,17.4900,16.2400,17.4500,,,,,0,0,,,,,-0.2516,0.8607,0.2318,0.5297,-96887900.0000,1.2600,0.0400,1.5800,1.0300,0.0000,0.0000,0.0000,0.0000
2004-01-02,72.8960,72.6842,74.2798,73.6442,0.6621,111617300,17.8100,18.8600,17.0700,18.2200,,,,,0,0,,,,,0.8673,0.6622,1.3970,1.0130,42900600.0000,0.7500,1.3700,0.8300,0.7700,0.0000,0.0000,0.0000,0.0000
2004-01-09,73.9487,73.8825,75.1471,74.4122,0.6621,169125700,18.4500,18.4900,15.3200,16.7500,,,,,0,0,,,,,1.0527,1.1983,0.8673,0.7680,57508400.0000,0.6400,-0.3700,-1.7500,-1.4700,0.0000,0.0000,0.0000,0.0000
2004-01-16,74.5181,73.9951,75.6834,75.6304,0.6621,186248000,17.3200,18.3300,14.9000,15.0000,,,,,0,0,,,,,0.5694,0.1126,0.5363,1.2182,17122300.0000,-1.1300,-0.1600,-0.4200,-1.7500,0.0000,0.0000,0.0000,0.0000
2004-01-23,75.8291,75.2928,76.3919,75.7629,0.6621,134721800,15.7700,16.1300,14.0100,14.8400,,,,,0,0,,,,,1.3110,1.2977,0.7085,0.1325,-51526200.0000,-1.5500,-2.2000,-0.8900,-0.1600,0.0000,0.0000,0.0000,0.0000
2004-01-30,75.7364,74.5248,77.1334,75.1339,0.6621,209506200,15.7800,17.6600,14.5200,16.6300,,,,,0,0,,,,,-0.0927,-0.7680,0.7415,-0.6290,74784400.0000,0.0100,1.5300,0.5100,1.7900,0.0000,0.0000,0.0000,0.0000
2004-02-06,75.2795,74.6704,75.9416,75.7761,0.6621,177701300,17.4500,18.0600,15.9400,16.0000,,,,,0,0,,,,,-0.4569,0.1456,-1.1918,0.6422,-31804900.0000,1.6700,0.4000,1.4200,-0.6300,0.0000,0.0000,0.0000,0.0000
2004-02-13,75.9217,75.5907,77.0605,76.2263,0.6621,168279700,16.5400,16.8200,14.8600,15.5800,,,,,0,0,,,,,0.6422,0.9203,1.1189,0.4502,-9421600.0000,-0.9100,-1.2400,-1.0800,-0.4200,0.0000,0.0000,0.0000,0.0000
2004-02-20,76.7030,75.6900,77.1996,76.0608,0.6621,150477300,15.6300,16.5500,15.2000,16.0400,,,,,0,0,,,,,0.7813,0.0993,0.1391,-0.1655,-17802400.0000,-0.9100,-0.2700,0.3400,0.4600,0.0000,0.0000,0.0000,0.0000
2004-02-27,76.2859,74.8359,76.6302,76.1535,0.6621,180518600,16.5000,16.7800,13.8000,14.5500,,,,,0,0,,,,,-0.4171,-0.8541,-0.5694,0.0927,30041300.0000,0.8700,0.2300,-1.4000,-1.4900,0.0000,0.0000,0.0000,0.0000
2004-03-05,76.4249,76.0873,77.4446,77.0539,0.6621,179999000,14.9100,15.2700,13.8300,14.4800,,,,,0,0,,,,,0.1390,1.2514,0.8144,0.9004,-519600.0000,-1.5900,-1.5100,0.0300,-0.0700,0.0000,0.0000,0.0000,0.0000
2004-03-12,77.0274,73.5581,77.2128,74.5380,0.6621,289846500,14.8300,20.6900,14.5400,18.3000,,,,,0,0,,,,,0.6025,-2.5292,-0.2318,-2.5159,109847500.0000,-0.0800,5.4200,0.7100,3.8200,0.0000,0.0000,0.0000,0.0000
2004-03-19,74.5933,73.6432,75.2577,73.7894,0.6644,267767600,18.9800,21.3900,17.8900,19.1500,,,,,0,0,,,,,-2.4341,0.0851,-1.9551,-0.7486,-22078900.0000,4.1500,0.7000,3.3500,0.8500,0.0000,0.0000,0.0000,0.0000
2004-03-26,73.4439,72.3211,74.2744,73.7695,0.6644,255699700,20.6100,22.6700,16.6700,17.3300,,,,,0,0,,,,,-1.1494,-1.3221,-0.9833,-0.0199,-12067900.0000,1.6300,1.2800,-1.2200,-1.8200,0.0000,0.0000,0.0000,0.0000
2004-04-02,74.1681,74.1349,76.3009,76.1680,0.6644,227782600,17.1100,17.2500,15.2100,15.6400,,,,,0,0,,,,,0.7242,1.8138,2.0265,2.3985,-27917100.0000,-3.5000,-5.4200,-1.4600,-1.6900,0.0000,0.0000,0.0000,0.0000
2004-04-09,76.0483,75.5700,76.6795,75.9885,0.6644,151492900,16.1700,16.8200,14.8100,16.2600,,,,,0,0,,,,,1.8802,1.4351,0.3786,-0.1795,-76289700.0000,-0.9400,-0.4300,-0.4000,0.6200,0.0000,0.0000,0.0000,0.0000
2004-04-16,76.1281,74.6531,76.6065,75.6298,0.6644,250279500,15.7100,17.9800,14.7700,14.9400,,,,,0,0,,,,,0.0798,-0.9169,-0.0730,-0.3587,98786600.0000,-0.4600,1.1600,-0.0400,-1.3200,0.0000,0.0000,0.0000,0.0000
2004-04-23,75.4438,74.2678,76.1879,75.9819,0.6644,223221500,15.7300,16.9400,13.8600,14.0100,,,,,0,0,,,,,-0.6843,-0.3853,-0.4186,0.3521,-27058000.0000,0.0200,-1.0400,-0.9100,-0.9300,0.0000,0.0000,0.0000,0.0000
2004-04-30,76.0750,73.6831,76.4869,73.7229,0.6644,247535500,14.7500,17.2700,14.3700,17.1900,,,,,0,0,,,,,0.6312,-0.5847,0.2990,-2.2590,24314000.0000,-0.9800,0.3300,0.5100,3.1800,0.0000,0.0000,0.0000,0.0000
2004-05-07,73.9953,73.0585,75.2511,73.0585,0.6644,235295100,17.6900,18.1700,15.6400,18.1300,,,,,1,0,Bullish,75.2511,73.0585,74.1548,-2.0797,-0.6246,-1.2358,-0.6644,-12240400.0000,2.9400,0.9000,1.2700,0.9400,0.0000,0.0000,0.0000,0.0000
2004-05-14,72.7130,71.7962,73.6233,73.1117,0.6644,325927300,19.4400,20.4100,17.9400,18.4700,,,,,0,0,,,,,-1.2823,-1.2623,-1.6278,0.0532,90632200.0000,1.7500,2.2400,2.3000,0.3400,0.0000,0.0000,0.0000,0.0000
2004-05-21,72.3476,72.0287,73.8691,72.9589,0.6644,225580900,19.7000,20.4500,17.5800,18.4900,,,,,0,0,,,,,-0.3654,0.2325,0.2458,-0.1528,-100346400.0000,0.2600,0.0400,-0.3600,0.0200,0.0000,0.0000,0.0000,0.0000
2004-05-28,73.4373,72.8194,75.0983,74.9853,0.6644,194280600,18.7900,18.8200,15.1900,15.5000,,,,,0,0,,,,,1.0897,0.7907,1.2292,2.0264,-31300300.0000,-0.9100,-1.6300,-2.3900,-2.9900,0.0000,0.0000,0.0000,0.0000
2004-06-04,74.7196,74.3276,75.4637,75.0651,0.6644,152246700,16.6000,17.0400,15.8200,16.7800,,,,,0,0,,,,,1.2823,1.5082,0.3654,0.0798,-42033900.0000,-2.1900,-1.7800,0.6300,1.2800,0.0000,0.0000,0.0000,0.0000
2004-06-11,75.3640,75.3574,76.3540,75.9753,0.6644,122938900,16.6000,16.7000,14.5600,15.0400,,,,,0,0,,,,,0.6444,1.0298,0.8903,0.9102,-29307800.0000,0.0000,-0.3400,-1.2600,-1.7400,0.0000,0.0000,0.0000,0.0000
2004-06-18,75.8992,75.2657,76.3193,75.7725,0.6668,158913600,15.5400,16.3600,14.4800,14.9900,,,,,0,0,,,,,0.5352,-0.0917,-0.0347,-0.2028,35974700.0000,-1.0600,-0.3400,-0.0800,-0.0500,0.0000,0.0000,0.0000,0.0000
2004-06-25,75.8525,75.1323,76.6461,75.9125,0.6668,166308000,15.6100,15.6400,13.7500,15.1900,,,,,0,0,,,,,-0.0467,-0.1334,0.3268,0.1400,7394400.0000,0.0700,-0.7200,-0.7300,0.2000,0.0000,0.0000,0.0000,0.0000
2004-07-02,76.3660,75.0723,76.5460,75.2724,0.6668,213823000,15.2800,16.2800,14.2500,15.0800,,,,,0,0,,,,,0.5135,-0.0600,-0.1001,-0.6401,47515000.0000,-0.3300,0.6400,0.5000,-0.1100,0.0000,0.0000,0.0000,0.0000
2004-07-09,74.9323,74.1521,75.0657,74.5055,0.6668,141242000,16.2500,16.7500,15.5000,15.7800,,,,,0,0,,,,,-1.4337,-0.9202,-1.4803,-0.7669,-72581000.0000,0.9700,0.4700,1.2500,0.7000,0.0000,0.0000,0.0000,0.0000
2004-07-16,74.3655,73.6453,74.9456,73.8253,0.6668,195807400,15.2500,16.5900,13.3400,14.3400,,,,,0,0,,,,,-0.5668,-0.5068,-0.1201,-0.6802,54565400.0000,-1.0000,-0.1600,-2.1600,-1.4400,0.0000,0.0000,0.0000,0.0000
2004-07-23,73.8520,72.4784,74.7256,72.6584,0.6668,264601300,15.1700,17.1000,13.9100,16.5000,,,,,0,0,,,,,-0.5135,-1.1669,-0.2200,-1.1669,68793900.0000,-0.0800,0.5100,0.5700,2.1600,0.0000,0.0000,0.0000,0.0000
2004-07-30,72.8118,72.1583,73.9521,73.9120,0.6668,260618700,17.2200,17.9300,15.2700,15.3200,,,,,0,0,,,,,-1.0402,-0.3201,-0.7735,1.2536,-3982600.0000,2.0500,0.8300,1.3600,-1.1800,0.0000,0.0000,0.0000,0.0000
2004-08-06,73.4786,71.0980,74.2588,71.2513,0.6668,245476100,16.4200,19.6800,15.2200,19.3400,,,,,1,0,Bullish,74.2588,71.0980,72.6784,0.6668,-1.0603,0.3067,-2.6607,-15142600.0000,-0.8000,1.7500,-0.0500,4.0200,0.0000,0.0000,0.0000,0.0000
2004-08-13,71.3648,71.0780,72.2917,71.4781,0.6668,237930700,19.9700,19.9700,17.2500,17.9800,,,,,0,0,,,,,-2.1138,-0.0200,-1.9671,0.2268,-7545400.0000,3.5500,0.2900,2.0300,-1.3600,0.0000,0.0000,0.0000,0.0000
2004-08-20,71.4447,71.4181,73.7720,73.6720,0.6668,214351400,19.2800,19.2800,15.7800,16.0000,,,,,0,0,,,,,0.0799,0.3401,1.4803,2.1939,-23579300.0000,-0.6900,-0.6900,-1.4700,-1.9800,0.0000,0.0000,0.0000,0.0000
2004-08-27,73.7187,73.2519,74.4389,74.3188,0.6668,154282000,16.6800,16.7100,14.6700,14.7100,,,,,0,0,,,,,2.2740,1.8338,0.6669,0.6468,-60069400.0000,-2.6000,-2.5700,-1.1100,-1.2900,0.0000,0.0000,0.0000,0.0000
2004-09-03,74.1654,73.4185,75.2323,74.7656,0.6668,196847200,15.3500,15.8500,13.7900,13.9100,,,,,0,0,,,,,0.4467,0.1666,0.7934,0.4468,42565200.0000,-1.3300,-0.8600,-0.8800,-0.8000,0.0000,0.0000,0.0000,0.0000
2004-09-10,75.0457,74.7056,75.5325,75.3924,0.6668,132517300,14.5200,14.6400,13.6900,13.7600,,,,,0,0,,,,,0.8803,1.2871,0.3002,0.6268,-64329900.0000,-0.8300,-1.2100,-0.1000,-0.1500,0.0000,0.0000,0.0000,0.0000
2004-09-17,75.8736,75.4518,76.1616,75.7665,0.6696,168336700,13.6400,14.6700,13.1600,14.0300,,,,,0,0,,,,,0.8279,0.7462,0.6291,0.3741,35819400.0000,-0.8800,0.0300,-0.5300,0.2700,0.0000,0.0000,0.0000,0.0000
2004-09-24,75.4451,74.2934,75.9808,74.6349,0.6696,206162100,13.9800,15.9800,13.3800,14.2800,,,,,0,0,,,,,-0.4285,-1.1584,-0.1808,-1.1316,37825400.0000,0.3400,1.3100,0.2200,0.2500,0.0000,0.0000,0.0000,0.0000
2004-10-01,74.3938,73.9318,76.1013,76.1013,0.6696,220704700,14.8600,15.0900,12.6000,12.7500,,,,,0,0,,,,,-1.0513,-0.3616,0.1205,1.4664,14542600.0000,0.8800,-0.8900,-0.7800,-1.5300,0.0000,0.0000,0.0000,0.0000
2004-10-08,76.4026,75.2308,76.7910,75.3380,0.6696,203552200,13.0500,15.5200,12.9900,15.0500,,,,,0,0,,,,,2.0088,1.2990,0.6897,-0.7633,-17152500.0000,-1.8100,0.4300,0.3900,2.3000,0.0000,0.0000,0.0000,0.0000
2004-10-15,75.5187,74.0389,75.7129,74.5009,0.6696,243760800,14.6900,16.5600,13.9200,15.0400,,,,,0,0,,,,,-0.8839,-1.1919,-1.0781,-0.8371,40208600.0000,1.6400,1.0400,0.9300,-0.0100,0.0000,0.0000,0.0000,0.0000
2004-10-22,74.2532,73.4898,75.1505,73.6505,0.6696,258476200,16.1600,16.3200,14.2800,15.2800,,,,,0,0,,,,,-1.2655,-0.5491,-0.5624,-0.8504,14715400.0000,1.4700,-0.2400,0.3600,0.2400,0.0000,0.0000,0.0000,0.0000
2004-10-29,73.4898,73.2220,76.0946,75.8000,0.6696,275457800,16.0700,16.8700,14.9600,16.2700,,,,,0,0,,,,,-0.7634,-0.2678,0.9441,2.1495,16981600.0000,-0.0900,0.5500,0.6800,0.9900,0.0000,0.0000,0.0000,0.0000
2004-11-05,76.0411,75.8000,78.7731,78.5320,0.6696,288528600,16.4300,16.7600,12.9500,13.8400,,,,,0,0,,,,,2.5513,2.5780,2.6785,2.7320,13070800.0000,0.3600,-0.1100,-2.0100,-2.4300,0.0000,0.0000,0.0000,0.0000
2004-11-12,78.3311,78.1570,79.6837,79.5431,0.6696,217234200,14.1100,14.4800,12.6400,13.3300,,,,,0,0,,,,,2.2900,2.3570,0.9106,1.0111,-71294400.0000,-2.3200,-2.2800,-0.3100,-0.5100,0.0000,0.0000,0.0000,0.0000
2004-11-19,79.5841,78.6707,80.0139,78.8587,0.6716,215951400,14.0500,14.0600,12.7700,13.5000,,,,,0,0,,,,,1.2530,0.5137,0.3302,-0.6844,-1282800.0000,-0.0600,-0.4200,0.1300,0.1700,0.0000,0.0000,0.0000,0.0000
2004-11-26,78.6909,78.5969,79.9065,79.4834,0.6716,124741500,13.7100,13.7100,12.5600,12.7800,,,,,0,0,,,,,-0.8932,-0.0738,-0.1074,0.6247,-91209900.0000,-0.3400,-0.3500,-0.2100,-0.7200,0.0000,0.0000,0.0000,0.0000
2004-12-03,79.7789,78.8991,80.6855,80.0878,0.6716,274275700,12.9900,13.6900,12.4000,12.9600,,,,,0,0,,,,,1.0880,0.3022,0.7790,0.6044,149534200.0000,-0.7200,-0.0200,-0.1600,0.1800,0.0000,0.0000,0.0000,0.0000
2004-12-10,80.0609,79.0669,80.3497,80.1415,0.6716,237724200,12.9500,13.7400,12.6800,12.7600,,,,,0,0,,,,,0.2820,0.1678,-0.3358,0.0537,-36551500.0000,-0.0400,0.0500,0.2800,-0.2000,0.0000,0.0000,0.0000,0.0000
2004-12-17,80.8103,80.4054,81.8089,80.5943,0.6748,249144600,12.3700,12.9700,11.8700,11.9500,,,,,0,0,,,,,0.7494,1.3385,1.4592,0.4528,11420400.0000,-0.5800,-0.7700,-0.8100,-0.8100,0.0000,0.0000,0.0000,0.0000
2004-12-24,80.8035,80.4121,81.8359,81.4917,0.6748,137428400,12.2600,12.3400,11.1400,11.2300,,,,,0,0,,,,,-0.0068,0.0067,0.0270,0.8974,-111716200.0000,-0.1100,-0.6300,-0.7300,-0.7200,0.0000,0.0000,0.0000,0.0000
2004-12-31,81.7819,81.2353,82.0923,81.5592,0.6748,125743300,11.5300,13.2900,11.5300,13.2900,,,,,0,0,,,,,0.9784,0.8232,0.2564,0.0675,-11685100.0000,-0.7300,0.9500,0.3900,2.0600,0.0000,0.0000,0.0000,0.0000
2005-01-07,82.0248,79.6227,82.1598,79.9196,0.6748,294245300,13.3900,14.4500,12.9400,13.4900,,,,,0,0,,,,,0.2429,-1.6126,0.0675,-1.6396,168502000.0000,1.8600,1.1600,1.4100,0.2000,0.0000,0.0000,0.0000,0.0000
2005-01-14,79.8521,79.2853,80.6078,79.7846,0.6748,289953500,13.9200,13.9400,12.2900,12.4300,,,,,0,0,,,,,-2.1727,-0.3374,-1.5520,-0.1350,-4291800.0000,0.5300,-0.5100,-0.6500,-1.0600,0.0000,0.0000,0.0000,0.0000
2005-01-21,79.6564,78.7117,80.7158,78.7994,0.6748,246980300,13.1300,14.4600,12.3000,14.3600,,,,,0,0,,,,,-0.1957,-0.5736,0.1080,-0.9852,-42973200.0000,-0.7900,0.5200,0.0100,1.9300,0.0000,0.0000,0.0000,0.0000
2005-01-28,79.0086,78.5228,79.4540,79.2380,0.6748,300499700,14.3800,14.7500,12.8300,13.2400,,,,,0,0,,,,,-0.6478,-0.1889,-1.2618,0.4386,53519400.0000,1.2500,0.2900,0.5300,-1.1200,0.0000,0.0000,0.0000,0.0000
2005-02-04,79.5889,79.4269,81.2623,81.1274,0.6748,253704500,13.6300,13.6300,10.9000,11.2100,,,,,0,0,,,,,0.5803,0.9041,1.8083,1.8894,-46795200.0000,-0.7500,-1.1200,-1.9300,-2.0300,0.0000,0.0000,0.0000,0.0000
2005-02-11,81.1408,80.4661,81.6739,81.4917,0.6748,238946500,11.5300,12.0200,11.2500,11.4300,,,,,0,0,,,,,1.5519,1.0392,0.4116,0.3643,-14758000.0000,-2.1000,-1.6100,0.3500,0.2200,0.0000,0.0000,0.0000,0.0000
2005-02-18,81.4377,80.9047,81.9573,81.2353,0.6748,237655100,11.2800,12.1200,11.0300,11.1800,,,,,0,0,,,,,0.2969,0.4386,0.2834,-0.2564,-1291400.0000,-0.2500,0.1000,-0.2200,-0.2500,0.0000,0.0000,0.0000,0.0000
2005-02-25,80.9047,80.0140,82.0990,81.9371,0.6748,278453700,12.1800,13.2000,10.9200,11.4900,,,,,0,0,,,,,-0.5330,-0.8907,0.1417,0.7018,40798600.0000,0.9000,1.0800,-0.1100,0.3100,0.0000,0.0000,0.0000,0.0000
2005-03-04,81.7482,80.9992,82.8818,82.8143,0.6748,298301500,11.8900,13.0700,11.6600,11.9400,,,,,0,0,,,,,0.8435,0.9852,0.7828,0.8772,19847800.0000,-0.2900,-0.1300,0.7400,0.4500,0.0000,0.0000,0.0000,0.0000
2005-03-11,82.7670,81.0801,83.1651,81.2353,0.6748,284193500,12.3600,12.9800,11.9500,12.8000,,,,,0,0,,,,,1.0188,0.0809,0.2833,-1.5790,-14108000.0000,0.4700,-0.0900,0.2900,0.8600,0.0000,0.0000,0.0000,0.0000
2005-03-18,81.7034,80.0370,82.2793,80.3012,0.6774,296465300,12.8200,13.8100,12.3300,13.1400,,,,,0,0,,,,,-1.0636,-1.0431,-0.8858,-0.9341,12271800.0000,0.4600,0.8300,0.3800,0.3400,0.0000,0.0000,0.0000,0.0000
2005-03-25,80.4164,79.0886,80.5654,79.3528,0.6774,276466500,13.6200,14.8900,12.9700,13.4200,,,,,0,0,,,,,-1.2870,-0.9484,-1.7139,-0.9484,-19998800.0000,0.8000,1.0800,0.6400,0.2800,0.0000,0.0000,0.0000,0.0000
2005-04-01,79.5425,78.7499,80.6060,79.5492,0.6774,339758600,14.0100,14.6800,12.9200,14.0900,,,,,0,0,,,,,-0.8739,-0.3387,0.0406,0.1964,63292100.0000,0.3900,-0.2100,-0.0500,0.6700,0.0000,0.0000,0.0000,0.0000
2005-04-08,79.5018,79.0818,80.7889,79.9354,0.6774,282210800,14.5300,14.7600,11.5200,12.6200,,,,,0,0,,,,,-0.0407,0.3319,0.1829,0.3862,-57547800.0000,0.5200,0.0800,-1.4000,-1.4700,0.0000,0.0000,0.0000,0.0000
2005-04-15,80.1319,77.2935,80.6535,77.3274,0.6774,421835900,12.0900,18.0500,11.2000,17.7400,,,,,0,0,,,,,0.6301,-1.7883,-0.1354,-2.6080,139625100.0000,-2.4400,3.2900,-0.3200,5.1200,0.0000,0.0000,0.0000,0.0000
2005-04-22,77.3070,76.9209,78.9192,78.2892,0.6774,448499200,18.3300,18.5900,14.2000,15.3800,,,,,0,0,,,,,-2.8249,-0.3726,-1.7343,0.9618,26663300.0000,6.2400,0.5400,3.0000,-2.3600,0.0000,0.0000,0.0000,0.0000
2005-04-29,78.4857,77.2054,79.1021,78.4112,0.6774,385517300,15.2900,16.9200,14.1900,15.3100,,,,,0,0,,,,,1.1787,0.2845,0.1829,0.1220,-62981900.0000,-3.0400,-1.6700,-0.0100,-0.0700,0.0000,0.0000,0.0000,0.0000
2005-05-06,78.6280,78.2554,79.9354,79.3189,0.6774,387404500,15.4500,16.0100,13.1100,14.0500,,,,,0,0,,,,,0.1423,1.0500,0.8333,0.9077,1887200.0000,0.1600,-0.9100,-1.0800,-1.2600,0.0000,0.0000,0.0000,0.0000
2005-05-13,79.4002,77.7676,79.9896,78.3909,0.6774,390365200,14.1100,17.7000,13.5300,16.3200,,,,,1,0,Bullish,79.9896,77.7676,78.8786,0.7722,-0.4878,0.0542,-0.9280,2960700.0000,-1.3400,1.6900,0.4200,2.2700,0.0000,0.0000,0.0000,0.0000
2005-05-20,78.3773,78.3502,80.8905,80.6941,0.6774,296337300,16.8700,16.8700,13.0700,13.1400,,,,,0,0,,,,,-1.0229,0.5826,0.9009,2.3032,-94027900.0000,2.7600,-0.8300,-0.4600,-3.1800,0.0000,0.0000,0.0000,0.0000
2005-05-27,80.7551,80.4976,81.4596,81.4596,0.6774,217163100,13.3800,13.4500,11.6500,12.1500,,,,,0,0,,,,,2.3778,2.1474,0.5691,0.7655,-79174200.0000,-3.4900,-3.4200,-1.4200,-0.9900,0.0000,0.0000,0.0000,0.0000
2005-06-03,81.3444,80.8838,81.9135,81.3918,0.6774,213692100,12.6900,13.4500,11.5200,12.1500,,,,,0,0,,,,,0.5893,0.3862,0.4539,-0.0678,-3471000.0000,-0.6900,0.0000,-0.1300,0.0000,0.0000,0.0000,0.0000,0.0000
2005-06-10,81.2564,80.9109,82.1370,81.4257,0.6774,242547500,12.6800,13.0700,11.4700,11.9600,,,,,0,0,,,,,-0.0880,0.0271,0.2235,0.0339,28855400.0000,-0.0100,-0.3800,-0.0500,-0.1900,0.0000,0.0000,0.0000,0.0000
2005-06-17,81.5775,81.4890,82.9106,82.5433,0.6802,234529800,12.1200,12.1200,10.7800,11.4800,,,,,0,0,,,,,0.3211,0.5781,0.7736,1.1176,-8017700.0000,-0.5600,-0.9500,-0.6900,-0.4800,0.0000,0.0000,0.0000,0.0000
2005-06-24,82.3529,80.8293,82.9378,80.9246,0.6802,247967400,12.5100,12.5300,10.8100,12.1800,,,,,1,0,Bullish,82.9378,80.8293,81.8835,0.7754,-0.6597,0.0272,-1.6187,13437600.0000,0.3900,0.4100,0.0300,0.7000,0.0000,0.0000,0.0000,0.0000
2005-07-01,80.9177,80.7681,81.8904,81.2986,0.6802,243700800,12.7300,12.7800,11.3800,11.4000,,,,,0,0,,,,,-1.4352,-0.0612,-1.0474,0.3740,-4266600.0000,0.2200,0.2500,0.5700,-0.7800,0.0000,0.0000,0.0000,0.0000
2005-07-08,81.1082,80.4349,82.5161,82.5161,0.6802,271672600,12.4100,13.9200,11.0900,11.4500,,,,,0,0,,,,,0.1905,-0.3332,0.6257,1.2175,27971800.0000,-0.3200,1.1400,-0.2900,0.0500,0.0000,0.0000,0.0000,0.0000
2005-07-15,82.5229,82.5093,83.9581,83.5500,0.6802,262456400,10.9600,11.4400,10.1300,10.3300,,,,,0,0,,,,,1.4147,2.0744,1.4420,1.0339,-9216200.0000,-1.4500,-2.4800,-0.9600,-1.1200,0.0000,0.0000,0.0000,0.0000
2005-07-22,83.3187,83.0126,84.1553,84.0260,0.6802,338959100,11.0900,11.2100,9.8800,10.5200,,,,,0,0,,,,,0.7958,0.5033,0.1972,0.4760,76502700.0000,0.1300,-0.2300,-0.2500,0.1900,0.0000,0.0000,0.0000,0.0000
2005-07-29,83.9376,83.5567,84.7742,84.1621,0.6802,253480800,11.1200,11.7300,10.2400,11.5700,,,,,0,0,,,,,0.6189,0.5441,0.6189,0.1361,-85478300.0000,0.0300,0.5200,0.3600,1.0500,0.0000,0.0000,0.0000,0.0000
2005-08-05,84.2233,83.4343,84.8422,83.5772,0.6802,226853900,11.7500,12.9200,11.3600,12.4800,,,,,0,0,,,,,0.2857,-0.1224,0.0680,-0.5849,-26626900.0000,0.6300,1.1900,1.1200,0.9100,0.0000,0.0000,0.0000,0.0000
2005-08-12,83.7608,83.2371,84.6790,83.6996,0.6802,280996800,12.5600,13.2900,11.5100,12.7400,,,,,0,0,,,,,-0.4625,-0.1972,-0.1632,0.1224,54142900.0000,0.8100,0.3700,0.1500,0.2600,0.0000,0.0000,0.0000,0.0000
2005-08-19,83.8084,82.8698,84.2505,83.2983,0.6802,263656400,12.8700,13.8900,12.0800,13.4200,,,,,0,0,,,,,0.0476,-0.3673,-0.4285,-0.4013,-17340400.0000,0.3100,0.6000,0.5700,0.6800,0.0000,0.0000,0.0000,0.0000
2005-08-26,83.3731,82.0808,83.8152,82.1352,0.6802,301773100,13.6700,14.2000,13.0000,13.7200,,,,,0,0,,,,,-0.4353,-0.7890,-0.4353,-1.1631,38116700.0000,0.8000,0.3100,0.9200,0.3000,0.0000,0.0000,0.0000,0.0000
2005-09-02,81.8972,81.8768,83.7608,83.1623,0.6802,355516700,14.3400,14.4100,12.3100,13.5700,,,,,0,0,,,,,-1.4759,-0.2040,-0.0544,1.0271,53743600.0000,0.6700,0.2100,-0.6900,-0.1500,0.0000,0.0000,0.0000,0.0000
2005-09-09,83.4275,83.4207,84.8422,84.7470,0.6802,181163600,14.1700,14.1800,11.9600,11.9800,,,,,0,0,,,,,1.5303,1.5439,1.0814,1.5847,-174353100.0000,-0.1700,-0.2300,-0.3500,-1.5900,0.0000,0.0000,0.0000,0.0000
2005-09-16,85.0053,83.9261,85.1556,84.3564,0.6830,297720700,11.6600,13.2600,11.0700,11.2200,,,,,0,0,,,,,1.5778,0.5054,0.3134,-0.3906,116557100.0000,-2.5100,-0.9200,-0.8900,-0.7600,0.0000,0.0000,0.0000,0.0000
2005-09-23,84.3359,82.2663,84.4315,82.9493,0.6830,376270000,12.1700,14.3900,11.8300,12.9600,,,,,0,0,,,,,-0.6694,-1.6598,-0.7241,-1.4071,78549300.0000,0.5100,1.1300,0.7600,1.7400,0.0000,0.0000,0.0000,0.0000
2005-09-30,83.3455,82.6625,84.0422,84.0422,0.6830,309618600,13.2700,13.4700,11.9200,11.9200,,,,,0,0,,,,,-0.9904,0.3962,-0.3893,1.0929,-66651400.0000,1.1000,-0.9200,0.0900,-1.0400,0.0000,0.0000,0.0000,0.0000
2005-10-07,83.9876,80.7158,84.2471,81.6994,0.6830,434426400,12.3700,15.6300,11.9800,14.5900,,,,,0,0,,,,,0.6421,-1.9467,0.2049,-2.3428,124807800.0000,-0.9000,2.1600,0.0600,2.6700,0.0000,0.0000,0.0000,0.0000
2005-10-14,81.7472,79.8346,81.7677,81.0573,0.6830,416521100,14.9300,17.1900,14.8300,14.8700,,,,,0,0,,,,,-2.2404,-0.8812,-2.4794,-0.6421,-17905300.0000,2.5600,1.5600,2.8500,0.2800,0.0000,0.0000,0.0000,0.0000
2005-10-21,81.1461,79.9986,81.8360,80.6884,0.6830,488216200,15.3000,16.2700,13.4700,16.1300,,,,,1,0,Bullish,81.8360,79.9986,80.9173,-0.6011,0.1640,0.0683,-0.3689,71695100.0000,0.3700,-0.9200,-1.3600,1.2600,0.0000,0.0000,0.0000,0.0000
2005-10-28,80.9002,80.5518,82.3346,81.8291,0.6830,367703800,16.1800,16.4400,13.7200,14.2500,,,,,0,0,,,,,-0.2459,0.5532,0.4986,1.1407,-120512400.0000,0.8800,0.1700,0.2500,-1.8800,0.0000,0.0000,0.0000,0.0000
2005-11-04,82.1638,82.0546,83.7827,83.4070,0.6830,362129900,14.0400,15.6600,12.5000,13.1700,,,,,0,0,,,,,1.2636,1.5028,1.4481,1.5779,-5573900.0000,-2.1400,-0.7800,-1.2200,-1.0800,0.0000,0.0000,0.0000,0.0000
2005-11-11,83.5845,83.1611,84.5886,84.5340,0.6830,260500100,13.1100,13.6500,11.6300,11.6300,,,,,0,0,,,,,1.4207,1.1065,0.8059,1.1270,-101629800.0000,-0.9300,-2.0100,-0.8700,-1.5400,0.0000,0.0000,0.0000,0.0000
2005-11-18,84.5545,83.9193,85.5722,85.4698,0.6830,293972400,11.9900,12.6900,10.9600,11.1200,,,,,0,0,,,,,0.9700,0.7582,0.9836,0.9358,33472300.0000,-1.1200,-0.9600,-0.6700,-0.5100,0.0000,0.0000,0.0000,0.0000
2005-11-25,85.4834,85.3673,87.0271,86.8359,0.6830,182584700,11.1800,11.3800,10.5000,10.8800,,,,,0,0,,,,,0.9289,1.4480,1.4549,1.3661,-111387700.0000,-0.8100,-1.3100,-0.4600,-0.2400,0.0000,0.0000,0.0000,0.0000
2005-12-02,86.9178,85.5791,86.9315,86.6446,0.6830,274412200,11.3400,12.2300,10.9400,11.0100,,,,,0,0,,,,,1.4344,0.2118,-0.0956,-0.1913,91827500.0000,0.1600,0.8500,0.4400,0.1300,0.0000,0.0000,0.0000,0.0000
2005-12-09,86.5422,85.7089,87.2526,86.2895,0.6830,297378200,11.4500,12.4400,10.9600,11.6900,,,,,0,0,,,,,-0.3756,0.1298,0.3211,-0.3551,22966000.0000,0.1100,0.2100,0.0200,0.6800,0.0000,0.0000,0.0000,0.0000
2005-12-16,87.0078,86.4928,87.9554,86.7675,0.6867,303534400,10.8600,11.8100,10.1500,10.6800,,,,,0,0,,,,,0.4656,0.7839,0.7028,0.4780,6156200.0000,-0.5900,-0.6300,-0.8100,-1.0100,0.0000,0.0000,0.0000,0.0000
2005-12-23,87.0215,86.1632,87.1176,87.0421,0.6867,207368300,11.1100,11.4500,10.2400,10.2700,,,,,0,0,,,,,0.0137,-0.3296,-0.8378,0.2746,-96166100.0000,0.2500,-0.3600,0.0900,-0.4100,0.0000,0.0000,0.0000,0.0000
2005-12-30,87.1795,85.3941,87.2413,85.4971,0.6867,152698300,10.9700,12.0700,10.8300,12.0700,,,,,0,0,,,,,0.1580,-0.7691,0.1237,-1.5450,-54670000.0000,-0.1400,0.6200,0.5900,1.8000,0.0000,0.0000,0.0000,0.0000
2006-01-06,85.9640,85.4147,88.2919,88.1957,0.6867,235349700,12.2500,12.5100,10.8100,11.0000,,,,,0,0,,,,,-1.2155,0.0206,1.0506,2.6986,82651400.0000,1.2800,0.4400,-0.0200,-1.0700,0.0000,0.0000,0.0000,0.0000
2006-01-13,88.1820,88.0309,88.8824,88.3605,0.6867,223453000,11.3500,11.6100,10.8300,11.2300,,,,,0,0,,,,,2.2180,2.6162,0.5905,0.1648,-11896700.0000,-0.9000,-0.9000,0.0200,0.2300,0.0000,0.0000,0.0000,0.0000
2006-01-20,88.0309,86.4997,88.5116,86.4997,0.6867,323622400,12.1300,14.5600,11.6500,14.5600,,,,,0,0,,,,,-0.1511,-1.5312,-0.3708,-1.8608,100169400.0000,0.7800,2.9500,0.8200,3.3300,0.0000,0.0000,0.0000,0.0000
2006-01-27,86.6644,86.4104,88.3468,88.2644,0.6867,344839100,14.4400,14.4800,11.7200,11.9700,,,,,0,0,,,,,-1.3665,-0.0893,-0.1648,1.7647,21216700.0000,2.3100,-0.0800,0.0700,-2.5900,0.0000,0.0000,0.0000,0.0000
2006-02-03,88.1957,86.6164,88.4498,86.7057,0.6867,339874900,12.2200,13.7000,12.0700,12.9600,,,,,0,0,,,,,1.5313,0.2060,0.1030,-1.5587,-4964200.0000,-2.2200,-0.7800,0.3500,0.9900,0.0000,0.0000,0.0000,0.0000
2006-02-10,86.8224,86.1082,87.9622,86.9597,0.6867,302674200,13.4300,13.7300,12.2700,12.8700,,,,,0,0,,,,,-1.3733,-0.5082,-0.4876,0.2540,-37200700.0000,1.2100,0.0300,0.2000,-0.0900,0.0000,0.0000,0.0000,0.0000
2006-02-17,86.9322,86.4859,88.7244,88.4498,0.6867,330104900,13.3400,13.7000,11.1300,12.0100,,,,,0,0,,,,,0.1098,0.3777,0.7622,1.4901,27430700.0000,-0.0900,-0.0300,-1.1400,-0.8600,0.0000,0.0000,0.0000,0.0000
2006-02-24,88.6558,88.0858,89.0266,88.8618,0.6867,168983600,12.3600,12.6400,11.4200,11.4600,,,,,0,0,,,,,1.7236,1.5999,0.3022,0.4120,-161121300.0000,-0.9800,-1.0600,0.2900,-0.5500,0.0000,0.0000,0.0000,0.0000
2006-03-03,88.8549,87.9829,89.3150,88.4155,0.6867,292939800,11.7900,12.3600,11.3600,11.9600,,,,,0,0,,,,,0.1991,-0.1029,0.2884,-0.4463,123956200.0000,-0.5700,-0.2800,-0.0600,0.5000,0.0000,0.0000,0.0000,0.0000
2006-03-10,88.6764,87.3305,88.7039,88.2987,0.6867,302756000,12.2200,13.3400,11.7900,11.8500,,,,,0,0,,,,,-0.1785,-0.6524,-0.6111,-0.1168,9816200.0000,0.4300,0.9800,0.4300,-0.1100,0.0000,0.0000,0.0000,0.0000
2006-03-17,88.8222,88.6085,90.6354,90.0494,0.6894,281568500,11.7200,12.2000,10.5300,12.1200,,,,,0,0,,,,,0.1458,1.2780,1.9315,1.7507,-21187500.0000,-0.5000,-1.1400,-1.2600,0.2700,0.0000,0.0000,0.0000,0.0000
2006-03-24,90.0632,89.2428,90.3044,89.7667,0.6894,274160300,12.1100,12.2100,10.7900,11.1900,,,,,0,0,,,,,1.2410,0.6343,-0.3310,-0.2827,-7408200.0000,0.3900,0.0100,0.2600,-0.9300,0.0000,0.0000,0.0000,0.0000
2006-03-31,89.6426,88.9670,90.2975,89.5047,0.6894,309605900,11.4600,11.9000,10.7000,11.3900,,,,,0,0,,,,,-0.4206,-0.2758,-0.0069,-0.2620,35445600.0000,-0.6500,-0.3100,-0.0900,0.2000,0.0000,0.0000,0.0000,0.0000
2006-04-07,89.6702,89.1738,90.5871,89.3048,0.6894,305128300,11.4700,12.3100,11.0300,12.2600,,,,,0,0,,,,,0.0276,0.2068,0.2896,-0.1999,-4477600.0000,0.0100,0.4100,0.3300,0.8700,0.0000,0.0000,0.0000,0.0000
2006-04-14,89.4427,88.4154,89.6770,88.7326,0.6894,208381400,12.4400,13.0900,12.0400,12.3800,,,,,0,0,,,,,-0.2275,-0.7584,-0.9101,-0.5722,-96746900.0000,0.9700,0.7800,1.0100,0.1200,0.0000,0.0000,0.0000,0.0000
2006-04-21,88.8153,88.2569,90.9042,90.4147,0.6894,402316600,12.8000,13.0200,11.0200,11.5900,,,,,0,0,,,,,-0.6274,-0.1585,1.2272,1.6821,193935200.0000,0.3600,-0.0700,-1.0200,-0.7900,0.0000,0.0000,0.0000,0.0000
2006-04-28,90.2355,89.3393,90.8284,90.6353,0.6894,384501600,12.2600,12.5200,11.3400,11.5900,,,,,0,0,,,,,1.4202,1.0824,-0.0758,0.2206,-17815000.0000,-0.5400,-0.5000,0.3200,0.0000,0.0000,0.0000,0.0000,0.0000
2006-05-05,90.6353,89.8425,91.5522,91.3592,0.6894,280384700,11.8300,12.5900,11.1800,11.6200,,,,,0,0,,,,,0.3998,0.5032,0.7238,0.7239,-104116900.0000,-0.4300,0.0700,-0.1600,0.0300,0.0000,0.0000,0.0000,0.0000
2006-05-12,91.3523,89.0635,91.5316,89.0980,0.6894,296612300,11.9800,14.2600,11.7800,14.1900,,,,,0,0,,,,,0.7170,-0.7790,-0.0206,-2.2612,16227600.0000,0.1500,1.6700,0.6000,2.5700,0.0000,0.0000,0.0000,0.0000
2006-05-19,88.7877,86.7264,89.6219,87.6226,0.6894,503172100,15.1200,18.0100,12.9800,17.1800,,,,,0,0,,,,,-2.5646,-2.3371,-1.9097,-1.4754,206559800.0000,3.1400,3.7500,1.2000,2.9900,0.0000,0.0000,0.0000,0.0000
2006-05-26,87.0573,86.0094,88.5051,88.5051,0.6894,513231900,18.5500,19.8700,14.2600,14.2600,,,,,0,0,,,,,-1.7304,-0.7170,-1.1168,0.8825,10059800.0000,3.4300,1.8600,1.2800,-2.9200,0.0000,0.0000,0.0000,0.0000
2006-06-02,88.2224,86.8988,89.2289,88.9325,0.6894,324770400,15.3900,18.7200,13.9200,14.3200,,,,,0,0,,,,,1.1651,0.8894,0.7238,0.4274,-188461500.0000,-3.1600,-1.1500,-0.3400,0.0600,0.0000,0.0000,0.0000,0.0000
2006-06-09,88.8291,85.3959,88.8360,86.4162,0.6894,625132500,14.9700,20.7500,14.9700,18.1200,,,,,0,0,,,,,0.6067,-1.5029,-0.3929,-2.5163,300362100.0000,-0.4200,2.0300,1.0500,3.8000,0.0000,0.0000,0.0000,0.0000
2006-06-16,87.1652,84.7139,87.4976,86.3135,0.6924,673381600,18.1300,23.8100,15.6500,17.2500,,,,,0,0,,,,,-1.6639,-0.6820,-1.3384,-0.1027,48249100.0000,3.1600,3.0600,0.6800,-0.8700,0.0000,0.0000,0.0000,0.0000
2006-06-23,86.8328,85.5518,87.0405,86.1680,0.6924,364980400,16.0600,18.1000,14.8800,15.8900,,,,,0,0,,,,,-0.3324,0.8379,-0.4571,-0.1455,-308401200.0000,-2.0700,-5.7100,-0.7700,-1.3600,0.0000,0.0000,0.0000,0.0000
2006-06-30,86.2373,85.6210,88.3977,88.1346,0.6924,334910500,16.5500,17.0000,12.7400,13.0800,,,,,0,0,,,,,-0.5955,0.0692,1.3572,1.9666,-30069900.0000,0.4900,-1.1000,-2.1400,-2.8100,0.0000,0.0000,0.0000,0.0000
2006-07-07,88.2384,87.4490,88.6401,87.6706,0.6924,225294200,13.2900,14.7700,12.7700,13.9700,,,,,0,0,,,,,2.0011,1.8280,0.2424,-0.4640,-109616300.0000,-3.2600,-2.2300,0.0300,0.8900,0.0000,0.0000,0.0000,0.0000
2006-07-14,87.8992,85.0532,88.2385,85.5310,0.6924,422814400,14.1700,18.7900,13.1000,18.0500,,,,,0,0,,,,,-0.3392,-2.3958,-0.4016,-2.1396,197520200.0000,0.8800,4.0200,0.3300,4.0800,0.0000,0.0000,0.0000,0.0000
2006-07-21,85.5310,84.7485,87.4560,85.8287,0.6924,551315100,18.7300,19.5800,14.4700,17.4000,,,,,0,0,,,,,-2.3682,-0.3047,-0.7825,0.2977,128500700.0000,4.5600,0.7900,1.3700,-0.6500,0.0000,0.0000,0.0000,0.0000
2006-07-28,86.1681,86.1681,88.7301,88.6193,0.6924,442284600,17.0800,17.0800,14.0600,14.3300,,,,,0,0,,,,,0.6371,1.4196,1.2741,2.7906,-109030500.0000,-1.6500,-2.5000,-0.4100,-3.0700,0.0000,0.0000,0.0000,0.0000
2006-08-04,88.3977,87.6637,89.6233,88.7716,0.6924,339577600,15.0100,16.1500,13.6500,14.3400,,,,,0,0,,,,,2.2296,1.4956,0.8932,0.1523,-102707000.0000,-2.0700,-0.9300,-0.4100,0.0100,0.0000,0.0000,0.0000,0.0000
2006-08-11,88.5639,87.4421,89.0486,87.9476,0.6924,331993700,14.9800,15.7300,14.0700,14.3000,,,,,0,0,,,,,0.1662,-0.2216,-0.5747,-0.8240,-7583900.0000,-0.0300,-0.4200,0.4200,-0.0400,0.0000,0.0000,0.0000,0.0000
2006-08-18,88.3769,87.8853,90.4958,90.4958,0.6924,327000800,14.1500,14.4300,11.5700,11.6400,,,,,0,0,,,,,-0.1870,0.4432,1.4472,2.5482,-4992900.0000,-0.8300,-1.3000,-2.5000,-2.6600,0.0000,0.0000,0.0000,0.0000
2006-08-25,90.1427,89.4572,90.3781,89.8865,0.6924,269304600,12.4000,12.7300,11.9300,12.3100,,,,,0,0,,,,,1.7658,1.5719,-0.1177,-0.6093,-57696200.0000,-1.7500,-1.7000,0.3600,0.6700,0.0000,0.0000,0.0000,0.0000
2006-09-01,89.7757,89.7688,91.1121,91.0013,0.6924,250856300,12.9200,12.9200,11.9100,11.9600,,,,,0,0,,,,,-0.3670,0.3116,0.7340,1.1148,-18448300.0000,0.5200,0.1900,-0.0200,-0.3500,0.0000,0.0000,0.0000,0.0000
2006-09-08,91.0636,89.5679,91.2991,90.2119,0.6924,237509600,12.8000,14.4900,12.4300,13.1600,,,,,0,0,,,,,1.2879,-0.2009,0.1870,-0.7894,-13346700.0000,-0.1200,1.5700,0.5200,1.2000,0.0000,0.0000,0.0000,0.0000
2006-09-15,90.3166,90.0523,92.1179,91.7771,0.6955,335779100,13.9500,13.9500,10.7400,11.7600,,,,,0,0,,,,,-0.7470,0.4844,0.8188,1.5652,98269500.0000,1.1500,-0.5400,-1.6900,-1.4000,0.0000,0.0000,0.0000,0.0000
2006-09-22,91.6589,91.1094,92.3405,91.4363,0.6955,386346600,12.2800,13.2800,11.2800,12.5900,,,,,1,0,Bullish,92.3405,91.1094,91.7250,1.3423,1.0571,0.2226,-0.3408,50567500.0000,-1.6700,-0.6700,0.5400,0.8300,0.0000,0.0000,0.0000,0.0000
2006-09-29,91.6172,91.1442,93.1890,92.9038,0.6955,355258100,12.9700,13.4100,11.4200,11.9800,,,,,0,0,,,,,-0.0417,0.0348,0.8485,1.4675,-31088500.0000,0.6900,0.1300,0.1400,-0.6100,0.0000,0.0000,0.0000,0.0000
2006-10-06,92.8760,92.2570,94.1765,93.8983,0.6955,331175500,12.4500,12.9100,11.5500,11.5600,,,,,0,0,,,,,1.2588,1.1128,0.9875,0.9945,-24082600.0000,-0.5200,-0.5000,0.1300,-0.4200,0.0000,0.0000,0.0000,0.0000
2006-10-13,93.7871,93.4045,95.0807,95.0250,0.6955,314754900,12.0700,12.0900,10.7500,10.7500,,,,,0,0,,,,,0.9111,1.1475,0.9042,1.1267,-16420600.0000,-0.3800,-0.8200,-0.8000,-0.8100,0.0000,0.0000,0.0000,0.0000
2006-10-20,94.9486,94.3574,95.5397,95.1711,0.6955,331779900,11.0700,12.0300,10.4400,10.6300,,,,,0,0,,,,,1.1615,0.9529,0.4590,0.1461,17025000.0000,-1.0000,-0.0600,-0.3100,-0.1200,0.0000,0.0000,0.0000,0.0000
2006-10-27,94.9764,94.8581,96.6734,95.9153,0.6955,344641900,11.1500,11.2700,10.4700,10.8000,,,,,0,0,,,,,0.0278,0.5007,1.1337,0.7442,12862000.0000,0.0800,-0.7600,0.0300,0.1700,0.0000,0.0000,0.0000,0.0000
2006-11-03,95.7414,94.3226,96.1935,94.9625,0.6955,336037000,11.3600,11.7600,10.3400,11.1600,,,,,0,0,,,,,0.7650,-0.5355,-0.4799,-0.9528,-8604900.0000,0.2100,0.4900,-0.1300,0.3600,0.0000,0.0000,0.0000,0.0000
2006-11-10,95.2546,95.1850,96.7707,96.1448,0.6955,359047800,11.3900,11.4900,10.5700,10.7900,,,,,0,0,,,,,-0.4868,0.8624,0.5772,1.1823,23010800.0000,0.0300,-0.2700,0.2300,-0.3700,0.0000,0.0000,0.0000,0.0000
2006-11-17,96.1030,96.0265,97.8418,97.6609,0.6955,365694400,11.1900,11.3100,10.0400,10.0500,,,,,0,0,,,,,0.8484,0.8415,1.0711,1.5161,6646600.0000,-0.2000,-0.1800,-0.5300,-0.7400,0.0000,0.0000,0.0000,0.0000
2006-11-24,97.5775,97.3272,98.1757,97.6123,0.6955,197045400,10.4200,10.8600,9.8100,10.7300,,,,,0,0,,,,,1.4745,1.3007,0.3339,-0.0486,-168649000.0000,-0.7700,-0.4500,-0.2300,0.6800,0.0000,0.0000,0.0000,0.0000
2006-12-01,97.5636,96.0544,98.0991,97.5218,0.6955,491307200,11.2600,12.5500,10.5800,11.6600,,,,,0,0,,,,,-0.0139,-1.2728,-0.0766,-0.0905,294261800.0000,0.8400,1.6900,0.7700,0.9300,0.0000,0.0000,0.0000,0.0000
2006-12-08,97.5427,97.5288,98.9685,98.3564,0.6955,356923700,12.0100,12.6800,10.8500,12.0700,,,,,0,0,,,,,-0.0209,1.4744,0.8694,0.8346,-134383500.0000,0.7500,0.1300,0.2700,0.4100,0.0000,0.0000,0.0000,0.0000
2006-12-15,98.9045,98.5338,100.1773,99.5479,0.6994,308363800,11.8800,11.9300,9.3900,10.0500,,,,,0,0,,,,,1.3618,1.0050,1.2088,1.1915,-48559900.0000,-0.1300,-0.7500,-1.4600,-2.0200,0.0000,0.0000,0.0000,0.0000
2006-12-22,99.6878,98.3800,99.9256,98.4359,0.6994,266215300,10.6400,11.4600,10.0300,11.3600,,,,,0,0,,,,,0.7833,-0.1538,-0.2517,-1.1120,-42148500.0000,-1.2400,-0.4700,0.6400,1.3100,0.0000,0.0000,0.0000,0.0000
2006-12-29,98.4778,98.4569,99.7996,99.0443,0.6994,155174000,12.0300,12.0300,10.5900,11.5600,,,,,0,0,,,,,-1.2100,0.0769,-0.1260,0.6084,-111041300.0000,1.3900,0.5700,0.5600,0.2000,0.0000,0.0000,0.0000,0.0000
2007-01-05,99.4849,98.1771,99.9115,98.2890,0.6994,241073500,12.1600,12.7500,11.2800,12.1400,,,,,0,0,,,,,1.0071,-0.2798,0.1119,-0.7553,85899500.0000,0.1300,0.7200,0.6900,0.5800,0.0000,0.0000,0.0000,0.0000
2007-01-12,98.4848,98.0862,100.1773,100.1773,0.6994,329610500,12.4800,12.8300,10.1400,10.1500,,,,,0,0,,,,,-1.0001,-0.0909,0.2658,1.8883,88537000.0000,0.3200,0.0800,-1.1400,-1.9900,0.0000,0.0000,0.0000,0.0000
2007-01-19,100.0584,99.5269,100.3312,99.8836,0.6994,220263000,10.6400,11.0400,10.2400,10.4000,,,,,0,0,,,,,1.5736,1.4407,0.1539,-0.2937,-109347500.0000,-1.8400,-1.7900,0.1000,0.2500,0.0000,0.0000,0.0000,0.0000
2007-01-26,100.0584,99.0164,100.6948,99.4010,0.6994,310992100,10.7700,11.6000,9.8700,11.1300,,,,,0,0,,,,,0.0000,-0.5105,0.3636,-0.4826,90729100.0000,0.1300,0.5600,-0.3700,0.7300,0.0000,0.0000,0.0000,0.0000
2007-02-02,99.4430,99.1283,101.3733,101.2754,0.6994,347310200,11.5000,11.6000,9.9600,10.0800,,,,,0,0,,,,,-0.6154,0.1119,0.6785,1.8744,36318100.0000,0.7300,0.0000,0.0900,-1.0500,0.0000,0.0000,0.0000,0.0000
2007-02-09,101.1984,100.2822,101.6600,100.6669,0.6994,308181700,10.5300,11.5600,10.2400,11.1000,,,,,0,0,,,,,1.7554,1.1539,0.2867,-0.6085,-39128500.0000,-0.9700,-0.0400,0.2800,1.0200,0.0000,0.0000,0.0000,0.0000
2007-02-16,100.6669,100.1423,102.0726,101.9187,0.6994,274335200,11.3300,11.8800,9.7000,10.0200,,,,,0,0,,,,,-0.5315,-0.1399,0.4126,1.2518,-33846500.0000,0.8000,0.3200,-0.5400,-1.0800,0.0000,0.0000,0.0000,0.0000
2007-02-23,101.7999,101.4082,102.4013,101.6180,0.6994,271917000,10.6200,10.7200,10.0100,10.5800,,,,,0,0,,,,,1.1330,1.2659,0.3287,-0.3007,-2418200.0000,-0.7100,-1.1600,0.3100,0.5600,0.0000,0.0000,0.0000,0.0000
2007-03-02,101.9886,96.5476,102.0726,96.9812,0.6994,896598200,10.5900,19.4000,10.5200,18.6100,,,,,0,0,,,,,0.1887,-4.8606,-0.3287,-4.6368,624681200.0000,-0.0300,8.6800,0.5100,8.0300,0.0000,0.0000,0.0000,0.0000
2007-03-09,96.4637,96.0441,98.9045,98.4569,0.6994,627885300,20.4000,20.4100,13.4800,14.0900,,,,,0,0,,,,,-5.5249,-0.5035,-3.1681,1.4757,-268712900.0000,9.8100,1.0100,2.9600,-4.5200,0.0000,0.0000,0.0000,0.0000
2007-03-16,98.5946,96.0178,99.2406,97.2676,0.7021,756793400,14.9600,21.2500,13.7600,16.7900,,,,,0,0,,,,,2.1309,-0.0263,0.3361,-1.1893,128908100.0000,-5.4400,0.8400,0.2800,2.7000,0.0000,0.0000,0.0000,0.0000
2007-03-23,97.7801,97.7029,100.9748,100.6799,0.7021,524036300,15.8200,15.8200,11.2100,12.9500,,,,,0,0,,,,,-0.8145,1.6851,1.7342,3.4123,-232757100.0000,0.8600,-5.4300,-2.5500,-3.8400,0.0000,0.0000,0.0000,0.0000
2007-03-30,100.7572,98.6929,100.8625,99.7040,0.7021,634186800,13.3900,16.0500,12.9100,14.6400,,,,,1,0,Bullish,100.8625,98.6929,99.7777,2.9771,0.9900,-0.1123,-0.9759,110150500.0000,-2.4300,0.2300,1.7000,1.6900,0.0000,0.0000,0.0000,0.0000
2007-04-06,99.8163,99.3389,101.4172,101.2768,0.7021,272652200,14.9100,15.4600,12.6900,13.2300,,,,,0,0,,,,,-0.9409,0.6460,0.5547,1.5728,-361534600.0000,1.5200,-0.5900,-0.2200,-1.4100,0.0000,0.0000,0.0000,0.0000
2007-04-13,101.5647,100.6448,102.0351,102.0351,0.7021,413774500,13.2600,14.1500,12.1300,12.2000,,,,,0,0,,,,,1.7484,1.3059,0.6179,0.7583,141122300.0000,-1.6500,-1.3100,-0.5600,-1.0300,0.0000,0.0000,0.0000,0.0000
2007-04-20,102.3932,102.3862,104.3522,104.3522,0.7021,506895800,11.8600,13.2700,11.4600,12.0700,,,,,0,0,,,,,0.8285,1.7414,2.3171,2.3171,93121300.0000,-1.4000,-0.8800,-0.6700,-0.1300,0.0000,0.0000,0.0000,0.0000
2007-04-27,104.1766,103.4394,105.1807,104.9911,0.7021,497093300,12.6000,13.8900,12.4100,12.4500,,,,,0,0,,,,,1.7834,1.0532,0.8285,0.6389,-9802500.0000,0.7400,0.6200,0.9500,0.3800,0.0000,0.0000,0.0000,0.0000
2007-05-04,105.0684,103.6851,106.1075,105.9671,0.7021,505325300,12.9000,14.6000,12.5500,12.9100,,,,,0,0,,,,,0.8918,0.2457,0.9268,0.9760,8232000.0000,0.3000,0.7100,0.1400,0.4600,0.0000,0.0000,0.0000,0.0000
2007-05-11,105.9390,104.8086,107.3012,105.9250,0.7021,513142200,13.3400,13.8500,12.5400,12.9500,,,,,0,0,,,,,0.8706,1.1235,1.1937,-0.0421,7816900.0000,0.4400,-0.7500,-0.0100,0.0400,0.0000,0.0000,0.0000,0.0000
2007-05-18,105.9249,105.1736,107.1607,107.1607,0.7021,603182100,13.2600,14.4300,12.6900,12.7600,,,,,0,0,,,,,-0.0141,0.3650,-0.1405,1.2357,90039900.0000,-0.0800,0.5800,0.1500,-0.1900,0.0000,0.0000,0.0000,0.0000
2007-05-25,107.1326,105.8407,107.7786,106.5077,0.7021,661502200,13.2400,14.3600,12.0800,13.3400,,,,,0,0,,,,,1.2077,0.6671,0.6179,-0.6530,58320100.0000,-0.0200,-0.0700,-0.6100,0.5800,0.0000,0.0000,0.0000,0.0000
2007-06-01,106.6833,106.2620,108.4105,108.1859,0.7021,433672000,13.8600,14.2900,12.4300,12.7800,,,,,0,0,,,,,-0.4493,0.4213,0.6319,1.6782,-227830200.0000,0.6200,-0.0700,0.3500,-0.5600,0.0000,0.0000,0.0000,0.0000
2007-06-08,107.8067,104.6611,108.4035,106.0513,0.7021,777324100,13.4700,17.0900,13.2100,14.8400,,,,,0,0,,,,,1.1234,-1.6009,-0.0070,-2.1346,343652100.0000,-0.3900,2.8000,0.7800,2.0600,0.0000,0.0000,0.0000,0.0000
2007-06-15,106.4308,105.4577,108.3559,107.9399,0.7052,829549100,15.3100,16.7000,12.5800,13.9400,,,,,0,0,,,,,-1.3759,0.7966,-0.0476,1.8886,52225000.0000,1.8400,-0.3900,-0.6300,-0.9000,0.0000,0.0000,0.0000,0.0000
2007-06-22,108.1585,105.6693,108.2996,106.1629,0.7052,786735600,14.4200,16.5800,12.7500,15.7500,,,,,0,0,,,,,1.7277,0.2116,-0.0563,-1.7770,-42813500.0000,-0.8900,-0.1200,0.1700,1.8100,0.0000,0.0000,0.0000,0.0000
2007-06-29,105.9443,104.4070,106.9386,106.0783,0.7052,1001504900,16.5000,18.9800,14.6200,16.2300,,,,,0,0,,,,,-2.2142,-1.2623,-1.3610,-0.0846,214769300.0000,2.0800,2.4000,1.8700,0.4800,0.0000,0.0000,0.0000,0.0000
2007-07-06,106.3886,106.3180,108.0104,107.8765,0.7052,327793400,16.4800,16.4800,14.6700,14.7200,,,,,0,0,,,,,0.4443,1.9110,1.0718,1.7982,-673711500.0000,-0.0200,-2.5000,0.0500,-1.5100,0.0000,0.0000,0.0000,0.0000
2007-07-13,108.0034,106.1417,109.6253,109.1951,0.7052,673995100,15.3400,17.9100,14.7900,15.1500,,,,,0,0,,,,,1.6148,-0.1763,1.6149,1.3186,346201700.0000,-1.1400,1.4300,0.1200,0.4300,0.0000,0.0000,0.0000,0.0000
2007-07-20,109.2938,107.7707,109.6746,108.2431,0.7052,853182600,15.5700,18.5300,15.0600,16.9500,,,,,0,0,,,,,1.2904,1.6290,0.0493,-0.9520,179187500.0000,0.2300,0.6200,0.2700,1.8000,0.0000,0.0000,0.0000,0.0000
2007-07-27,108.7226,102.2845,109.1034,102.3268,0.7052,1533710900,16.6200,24.1700,16.3900,24.1700,,,,,0,0,,,,,-0.5712,-5.4862,-0.5712,-5.9163,680528300.0000,1.0500,5.6400,1.3300,7.2200,0.0000,0.0000,0.0000,0.0000
2007-08-03,102.9050,100.9799,105.3943,101.4030,0.7052,1721820800,23.6400,26.2200,19.6800,25.1600,75.8500,77.1700,74.2700,74.7500,0,0,,,,,-5.8176,-1.3046,-3.7091,-0.9238,188109900.0000,7.0200,2.0500,3.2900,0.9900,0.0000,0.0000,0.0000,0.0000
2007-08-10,101.6921,100.5075,106.1911,102.0447,0.7052,1601119800,25.3200,29.8400,19.3300,28.3000,74.5400,74.6000,68.9700,70.3900,0,0,,,,,-1.2129,-0.4724,0.7968,0.6417,-120701000.0000,1.6800,3.6200,-0.3500,3.1400,-1.3100,-2.5700,-5.3000,-4.3600
2007-08-17,103.3070,96.6079,103.5820,102.0447,0.7052,1704847500,28.0200,37.5000,25.2300,29.9900,70.9600,72.2000,69.0500,70.4400,0,0,,,,,1.6149,-3.8996,-2.6091,0.0000,103727700.0000,2.7000,7.6600,5.9000,1.6900,-3.5800,-2.4000,0.0800,0.0500
2007-08-24,102.3691,101.0434,104.5975,104.5975,0.7052,850360700,29.8700,29.9500,20.4400,20.7200,69.6800,70.8100,68.1800,70.6200,0,0,,,,,-0.9379,4.4355,1.0155,2.5528,-854486800.0000,1.8500,-7.5500,-4.7900,-9.2700,-1.2800,-1.3900,-0.8700,0.1800
2007-08-31,104.2590,101.1633,104.7173,104.0756,0.7052,917764000,22.2400,26.5700,21.9600,23.3800,70.4400,73.0600,69.4900,72.6900,0,0,,,,,1.8899,0.1199,0.1198,-0.5219,67403300.0000,-7.6300,-3.3800,1.5200,2.6600,0.7600,2.2500,1.3100,2.0700
2007-09-07,103.9769,102.4326,105.7609,103.0038,0.7052,649649800,21.9300,26.9700,21.7100,26.2300,73.2600,75.6400,72.8000,75.0700,1,0,Bullish,105.7609,102.4326,104.0968,-0.2821,1.2693,1.0436,-1.0718,-268114200.0000,-0.3100,0.4000,-0.2500,2.8500,2.8200,2.5800,3.3100,2.3800
2007-09-14,103.3211,101.7767,105.3872,104.9994,0.7052,779932400,26.9100,28.8200,23.8300,24.9200,74.5700,77.8500,73.8600,76.2200,0,0,,,,,-0.6558,-0.6559,-0.3737,1.9956,130282600.0000,4.9800,1.8500,2.1200,-1.3100,1.3100,2.2100,1.0600,1.1500
2007-09-21,105.0795,104.5977,109.3872,107.6726,0.7085,884054500,26.4500,27.0800,18.3700,19.0000,75.5400,79.9500,75.5400,79.3000,0,0,,,,,1.7584,2.8210,4.0000,2.6732,104122100.0000,-0.4600,-1.7400,-5.4600,-5.9200,0.9700,2.1000,1.6800,3.0800
2007-09-28,107.9915,106.6099,108.5370,108.1048,0.7085,653372500,19.0400,20.4600,16.9100,18.0000,78.6500,81.0300,76.3800,79.1700,0,0,,,,,2.9120,2.0122,-0.8502,0.4322,-230682000.0000,-7.4100,-6.6200,-1.4600,-1.0000,3.1100,1.0800,0.8400,-0.1300
2007-10-05,108.1190,108.0481,110.5988,110.4216,0.7085,591641100,18.4400,18.9900,16.4400,16.9100,78.8300,79.2400,76.3300,78.9000,0,0,,,,,0.1275,1.4382,2.0618,2.3168,-61731400.0000,-0.6000,-1.4700,-0.4700,-1.0900,0.1800,-1.7900,-0.0500,-0.2700
2007-10-12,110.0957,109.4935,111.6049,110.7617,0.7085,625121600,17.7300,19.7300,16.0800,17.7300,78.3400,80.8900,75.6700,80.5500,0,0,,,,,1.9767,1.4454,1.0061,0.3401,33480500.0000,-0.7100,0.7400,-0.3600,0.8200,-0.4900,1.6500,-0.6600,1.6500
2007-10-19,110.7192,106.0360,110.8680,106.0431,0.7085,989902300,18.1400,22.9600,17.7300,22.9600,81.4000,84.7000,81.3700,83.7900,0,0,,,,,0.6235,-3.4575,-0.7369,-4.7186,364780700.0000,0.4100,3.2300,1.6500,5.2300,3.0600,3.8100,5.7000,3.2400
2007-10-26,105.4691,105.3274,108.8416,108.8416,0.7085,1182627600,23.8900,24.1500,19.4800,19.5600,81.9500,88.7500,81.9500,88.6900,0,0,,,,,-5.2501,-0.7086,-2.0264,2.7985,192725300.0000,5.7500,1.1900,1.7500,-3.4000,0.5500,4.0500,0.5800,4.9000
2007-11-02,109.0613,105.7171,110.0107,107.1271,0.7085,1125046000,19.9300,25.1700,17.3800,23.0100,89.5900,92.2300,86.9100,92.0800,0,0,,,,,3.5922,0.3897,1.1691,-1.7145,-57581600.0000,-3.9600,1.0200,-2.1000,3.4500,7.6400,3.4800,4.9600,3.3900
2007-11-09,106.0218,102.6563,107.7718,102.8335,0.7085,1363536200,25.2500,29.1500,21.2400,28.5000,90.5800,94.7400,90.2600,93.1800,0,0,,,,,-3.0395,-3.0608,-2.2389,-4.2936,238490200.0000,5.3200,3.9800,3.8600,5.4900,0.9900,2.5100,3.3500,1.1000
2007-11-16,102.8831,101.8132,105.8518,103.2940,0.7085,1236645700,30.5700,31.0900,23.0700,25.4900,92.2600,92.3800,87.9100,91.6200,0,0,,,,,-3.1387,-0.8431,-1.9200,0.4605,-126890500.0000,5.3200,1.9400,1.8300,-3.0100,1.6800,-2.3600,-2.3500,-1.5600
2007-11-23,102.9327,100.3750,103.1098,102.1179,0.7085,1019214300,26.7400,27.7700,23.6200,25.6100,92.3200,96.1400,91.0200,95.7600,0,0,,,,,0.0496,-1.4382,-2.7420,-1.1761,-217431400.0000,-3.8300,-3.3200,0.5500,0.1200,0.0600,3.7600,3.1100,4.1400
2007-11-30,102.3304,99.6593,106.1847,105.3274,0.7085,1189044700,26.4600,28.9500,22.0000,22.8700,95.9700,96.1200,87.9100,88.2600,0,0,,,,,-0.6023,-0.7157,3.0749,3.2095,169830400.0000,-0.2800,1.1800,-1.6200,-2.7400,3.6500,-0.0200,-3.1100,-7.5000
2007-12-07,104.9944,103.6624,107.3396,106.9216,0.7085,757531800,23.5900,24.5900,20.2900,20.8500,87.6500,91.2200,87.0500,88.6400,0,0,,,,,2.6640,4.0031,1.1549,1.5942,-431512900.0000,-2.8700,-4.3600,-1.7100,-2.0200,-8.3200,-4.9000,-0.8600,0.3800
2007-12-14,107.1837,104.2222,108.3244,104.2717,0.7085,1093400500,21.1600,24.2200,19.7700,23.2700,88.2100,94.4400,87.5000,91.6900,0,0,,,,,2.1893,0.5598,0.9848,-2.6499,335868700.0000,-2.4300,-0.3700,-0.5200,2.4200,0.5600,3.2200,0.4500,3.0500
2007-12-21,104.4263,102.5388,105.7155,105.5089,0.7123,982654100,24.1300,24.8600,18.2800,18.4700,91.8000,92.9200,89.3600,92.4600,0,0,,,,,-2.7574,-1.6834,-2.6089,1.2372,-110746400.0000,2.9700,0.6400,-1.4900,-4.8000,3.5900,-1.5200,1.8600,0.7700
2007-12-28,106.0004,104.6328,106.6129,104.9177,0.7123,352074300,19.0800,21.0500,18.4800,20.7400,92.2700,95.8600,91.3800,93.8800,0,0,,,,,1.5741,2.0940,0.8974,-0.5912,-630579800.0000,-5.0500,-3.8100,0.2000,2.2700,0.4700,2.9400,2.0200,1.4200
2008-01-04,104.7753,100.3664,105.1386,100.6513,0.7123,670526600,21.8700,24.3000,21.7900,23.9400,93.9000,98.4700,93.2800,96.7900,0,0,,,,,-1.2251,-4.2664,-1.4743,-4.2664,318452300.0000,2.7900,3.2500,3.3100,3.2000,1.6300,2.6100,1.9000,2.9100
2008-01-11,101.0074,98.0800,101.7838,99.8251,0.7123,1465959400,24.6200,25.9500,22.6200,23.6800,96.8200,97.4600,90.8500,91.0700,0,0,,,,,-3.7679,-2.2864,-3.3548,-0.8262,795432800.0000,2.7500,1.6500,0.8300,-0.2600,2.9200,-1.0100,-2.4300,-5.7200
2008-01-18,100.5444,93.3790,101.0430,94.0627,0.7123,1535562300,23.7600,29.3000,22.6500,27.1800,91.2000,93.0200,88.2000,89.2300,0,0,,,,,-0.4630,-4.7010,-0.7408,-5.7624,69602900.0000,-0.8600,3.3500,0.0300,3.5000,-5.6200,-4.4400,-2.6500,-1.8400
2008-01-25,90.6082,89.7464,97.4104,94.7608,0.7123,1477389900,35.1200,37.5700,25.9300,29.0800,88.6000,91.3700,85.1000,90.9000,0,0,,,,,-9.9362,-3.6326,-3.6326,0.6981,-58172400.0000,11.3600,8.2700,3.2800,1.9000,-2.6000,-1.6500,-3.1000,1.6700
2008-02-01,94.9175,94.0627,99.4404,99.4190,0.7123,1272366500,29.6700,30.2600,24.0200,24.0200,89.9000,92.8000,88.9800,89.4400,0,0,,,,,4.3093,4.3163,2.0300,4.6582,-205023400.0000,-5.4500,-7.3100,-1.9100,-5.0600,1.3000,1.4300,3.8800,-1.4600
2008-02-08,99.1555,93.8277,99.2196,94.7821,0.7123,1181381300,25.0900,29.7000,24.8500,28.0100,89.0100,92.3000,86.8500,91.9400,0,0,,,,,4.2380,-0.2350,-0.2208,-4.6369,-90985200.0000,-4.5800,-0.5600,0.8300,3.9900,-0.8900,-0.5000,-2.1300,2.5000
2008-02-15,94.8035,94.0485,97.6241,96.2565,0.7123,996516000,29.1400,29.5700,23.9800,25.0200,92.0400,95.7800,91.1100,94.6300,0,0,,,,,-4.3520,0.2208,-1.5955,1.4744,-184865300.0000,4.0500,-0.1300,-0.8700,-2.9900,3.0300,3.4800,4.2600,2.6900
2008-02-22,97.3819,94.6325,97.5885,96.5984,0.7123,771817900,25.3900,26.9500,23.6200,24.0600,94.4800,99.2000,94.4800,97.0100,0,0,,,,,2.5784,0.5840,-0.0356,0.3419,-224698100.0000,-3.7500,-2.6200,-0.3600,-0.9600,2.4400,3.4200,3.3700,2.3800
2008-02-29,96.5414,94.5756,99.1056,95.3163,0.7123,994469800,24.0600,26.9100,21.6400,26.5400,97.8600,101.2800,96.3500,100.1000,0,0,,,,,-0.8405,-0.0569,1.5171,-1.2821,222651900.0000,-1.3300,-0.0400,-1.9800,2.4800,3.3800,2.0800,1.8700,3.0900
2008-03-07,94.8320,91.5840,95.9930,92.3889,0.7123,1317024300,27.5400,29.2900,22.2900,27.4900,100.2500,103.9400,96.9900,102.3800,0,0,,,,,-1.7094,-2.9916,-3.1126,-2.9274,322554500.0000,3.4800,2.3800,0.6500,0.9500,2.3900,2.6600,0.6400,2.2800
2008-03-14,92.4815,90.8789,95.2807,92.3177,0.7123,1642477300,28.1300,32.8900,24.9000,31.1600,102.1900,107.8600,101.2000,106.2000,0,0,,,,,-2.3505,-0.7051,-0.7123,-0.0712,325453000.0000,0.5900,3.6000,2.6100,3.6700,1.9400,3.9200,4.2100,3.8200
2008-03-21,90.5987,90.2408,96.3823,94.5427,0.7158,1331020000,35.1400,35.6000,25.1600,26.6200,102.8700,106.1100,97.9800,100.3800,0,0,,,,,-1.8828,-0.6381,1.1016,2.2250,-311457300.0000,7.0100,2.7100,0.2600,-4.5400,0.6800,-1.7500,-3.2200,-5.8200
2008-03-28,95.4232,93.8126,97.2127,94.1347,0.7158,1004908100,26.6400,27.0400,24.7500,25.7100,99.6200,105.5400,98.8600,103.7700,0,0,,,,,4.8245,3.5718,0.8304,-0.4080,-326111900.0000,-8.5000,-8.5600,-0.4100,-0.9100,-3.2500,-0.5700,0.8800,3.3900
2008-04-04,93.9773,93.8341,98.7517,97.9857,0.7158,1012481800,25.7100,26.7700,21.7500,22.4500,103.5300,105.3100,98.9800,104.9000,0,0,,,,,-1.4459,0.0215,1.5390,3.8510,7573700.0000,-0.9300,-0.2700,-3.0000,-3.2600,3.9100,-0.2300,0.1200,1.1300
2008-04-11,98.6872,95.2084,99.1883,95.4733,0.7158,914734500,22.4500,23.5900,21.2100,23.4600,105.6100,109.9500,104.6300,108.7500,0,0,,,,,4.7099,1.3743,0.4366,-2.5124,-97747300.0000,-3.2600,-3.1800,-0.5400,1.0100,2.0800,4.6400,5.6500,3.8500
2008-04-18,95.3372,94.7217,99.8969,99.1238,0.7158,920376400,23.4600,24.3500,19.2100,20.1300,108.7200,114.1700,108.1300,113.9200,0,0,,,,,-3.3500,-0.4867,0.7086,3.6505,5641900.0000,1.0100,0.7600,-2.0000,-3.3300,3.1100,4.2200,3.5000,5.1700
2008-04-25,98.9449,97.9929,100.1331,99.9255,0.7158,894231800,20.1500,21.6000,19.2100,19.5900,114.3000,117.5800,112.5200,116.3400,0,0,,,,,3.6077,3.2712,0.2362,0.8017,-26144600.0000,-3.3100,-2.7500,0.0000,-0.5400,5.5800,3.4100,4.3900,2.4200
2008-05-02,100.1259,98.9663,101.9083,101.2927,0.7158,808385200,20.1400,20.8300,17.9700,18.1800,116.9000,117.4700,108.4500,114.5600,0,0,,,,,1.1810,0.9734,1.7752,1.3672,-85846600.0000,-0.0100,-0.7700,-1.2400,-1.4100,2.6000,-0.1100,-4.0700,-1.7800
2008-05-09,100.9634,99.1023,101.7866,99.4244,0.7158,828021000,18.6800,20.0100,18.1100,19.4100,115.2000,125.8700,114.2500,125.4000,0,0,,,,,0.8375,0.1360,-0.1217,-1.8683,19635800.0000,-1.4600,-0.8200,0.1400,1.2300,-1.7000,8.4000,5.8000,10.8400
2008-05-16,99.6750,99.3027,102.2661,102.1158,0.7158,860072700,19.1700,19.4800,16.2500,16.4700,124.5900,126.3100,120.1300,124.9900,0,0,,,,,-1.2884,0.2004,0.4795,2.6914,32051700.0000,0.4900,-0.5300,-1.8600,-2.9400,9.3900,0.4400,5.8800,-0.4100
2008-05-23,102.2232,98.4367,103.2898,98.5226,0.7158,949138100,16.4700,19.8000,15.8200,19.5500,124.2600,135.1100,123.6500,131.5700,0,0,,,,,2.5482,-0.8660,1.0237,-3.5932,89065400.0000,-2.7000,0.3200,-0.4300,3.0800,-0.3300,8.8000,3.5200,6.5800
2008-05-30,98.6371,98.4438,100.8775,100.4624,0.7158,640900200,20.7800,20.9500,17.5400,17.8300,132.5600,133.3800,125.1000,127.7800,0,1,Bearish,100.8775,98.4438,99.6607,-3.5861,0.0071,-2.4123,1.9398,-308237900.0000,4.3100,1.1500,1.7200,-1.7200,8.3000,-1.7300,1.4500,-3.7900
2008-06-06,100.0901,97.5061,100.8489,97.5562,0.7158,1321816700,17.8300,23.7900,17.8300,23.5600,127.1100,137.5400,121.3900,137.6900,0,0,,,,,1.4530,-0.9377,-0.0286,-2.9062,680916500.0000,-2.9500,2.8400,0.2900,5.7300,-5.4500,4.1600,-3.7100,9.9100
2008-06-13,97.9642,95.5734,98.4223,97.4560,0.7158,1269907600,23.5600,24.4700,20.7800,21.2200,137.1100,137.6900,130.8200,135.1100,0,0,,,,,-2.1259,-1.9327,-2.4266,-0.1002,-51909100.0000,5.7300,0.6800,2.9500,-2.3400,10.0000,0.1500,9.4300,-2.5800
2008-06-20,97.5119,94.3970,98.6413,94.6559,0.7194,1236913800,21.2200,23.7000,20.0200,22.8700,135.1400,139.1000,131.5500,134.8600,0,0,,,,,-0.4523,-1.1764,0.2190,-2.8001,-32993800.0000,-2.3400,-0.7700,-0.7600,1.6500,-1.9700,1.4100,0.7300,-0.2500
2008-06-27,95.0228,91.3899,95.9652,91.7424,0.7194,1321449300,22.8900,24.5600,20.3400,23.4400,136.9700,142.9100,132.0700,140.3100,0,0,,,,,-2.4891,-3.0071,-2.6761,-2.9135,84535500.0000,1.6700,0.8600,0.3200,0.5700,1.8300,3.8100,0.5200,5.4500
2008-07-04,92.0014,89.9152,92.9150,90.8648,0.7194,1174881700,24.2500,26.0800,22.7000,24.7800,142.3500,146.2700,139.7600,146.0800,0,0,,,,,-3.0214,-1.4747,-3.0502,-0.8776,-146567600.0000,1.3600,1.5200,2.3600,1.3400,5.3800,3.3600,7.6900,5.7700
2008-07-11,91.2101,88.1168,91.8935,89.0879,0.7194,2002730700,25.4800,29.4400,22.5900,27.4900,143.2700,147.4300,135.6200,144.4900,0,0,,,,,-0.7913,-1.7984,-1.0215,-1.7769,827849000.0000,1.2300,3.3600,-0.1100,2.7100,0.9200,1.1600,-4.1400,-1.5900
2008-07-18,90.1094,86.3399,90.9439,90.6274,0.7194,1839386900,27.4900,30.8100,23.7800,24.0500,143.7600,145.5100,130.0200,130.1900,0,0,,,,,-1.1007,-1.7769,-0.9496,1.5395,-163343800.0000,2.0100,1.3700,1.1900,-3.4400,0.4900,-1.9200,-5.6000,-14.3000
2008-07-25,91.0087,89.8145,92.9078,90.2677,0.7194,1299231100,24.0500,24.5800,20.7300,22.9100,130.7200,133.7100,123.4500,124.5200,0,0,,,,,0.8993,3.4746,1.9639,-0.3597,-540155800.0000,-3.4400,-6.2300,-3.0500,-1.1400,-13.0400,-11.8000,-6.5700,-5.6700
2008-08-01,90.2893,88.7858,92.5122,90.7569,0.7194,1347509900,22.9100,24.6200,20.9900,22.5700,125.8700,127.9100,121.2800,124.1800,0,0,,,,,-0.7194,-1.0287,-0.3956,0.4892,48278800.0000,-1.1400,0.0400,0.2600,-0.3400,-4.8500,-5.8000,-2.1700,-0.3400
2008-08-08,90.6705,89.7497,93.4689,93.0661,0.7194,1156496800,23.5300,23.8600,19.7500,20.6600,124.6600,124.8500,113.1700,113.3300,0,0,,,,,0.3812,0.9639,0.9567,2.3092,-191013100.0000,0.6200,-0.7600,-1.2400,-1.9100,-1.2100,-3.0600,-8.1100,-10.8500
2008-08-15,93.1380,91.8431,94.6055,93.6416,0.7194,1139575900,20.6600,22.3000,19.5700,19.5800,115.0900,115.5100,110.3600,112.5500,0,0,,,,,2.4675,2.0934,1.1366,0.5755,-16920900.0000,-2.8700,-1.5600,-0.1800,-1.0800,-9.5700,-9.3400,-2.8100,-0.7800
2008-08-22,93.8286,90.8864,93.8646,93.2675,0.7194,940772100,19.5800,22.1400,18.6400,18.8100,113.1300,120.7900,110.7500,113.9200,0,0,,,,,0.6906,-0.9567,-0.7409,-0.3741,-198803800.0000,-1.0800,-0.1600,-0.9300,-0.7700,-1.9600,5.2800,0.3900,1.3700
2008-08-29,92.6560,91.0590,93.7639,92.6488,0.7194,858819800,18.7800,21.2700,18.7800,20.6500,114.7900,118.2900,112.9000,114.0500,0,0,,,,,-1.1726,0.1726,-0.1007,-0.6187,-81952300.0000,-0.8000,-0.8700,0.1400,1.8400,1.6600,-2.5000,2.1500,0.1300
2008-09-05,93.5409,87.7642,94.0300,89.5051,0.7194,1133857800,20.6500,24.7100,20.4700,23.0600,106.5500,109.2200,103.4800,104.0900,0,0,,,,,0.8849,-3.2948,0.2661,-3.1437,275038000.0000,1.8700,3.4400,1.6900,2.4100,-8.2400,-9.0700,-9.4200,-9.9600
2008-09-12,92.1093,87.4765,92.2532,90.7066,0.7194,1713539300,22.2200,26.6700,22.1200,25.6600,105.4300,105.5000,96.5000,97.5800,0,0,,,,,-1.4316,-0.2877,-1.7768,1.2015,579681500.0000,1.5700,1.9600,1.6500,2.6000,-1.1200,-3.7200,-6.9800,-6.5100
2008-09-19,88.0046,82.3392,92.6135,89.8062,0.7235,2966649400,25.6600,42.1600,25.6600,32.0700,94.5500,100.4100,89.0800,99.6100,0,1,Bearish,92.6135,82.3392,87.4763,-4.1047,-5.1373,0.3603,-0.9004,1253110100.0000,3.4400,15.4900,3.5400,6.4100,-10.8800,-5.0900,-7.4200,2.0300
2008-09-26,90.0450,85.2262,90.2620,87.4402,0.7235,1503425700,32.4000,36.7100,30.8100,34.7400,102.2100,106.3100,100.7600,103.5400,0,0,,,,,2.0404,2.8870,-2.3515,-2.3660,-1463223700.0000,6.7400,-5.4500,5.1500,2.6700,7.6600,5.9000,11.6800,3.9300
2008-10-03,86.2029,79.3582,86.3476,79.8357,0.7235,1947635500,36.9200,48.4000,36.9200,45.1400,98.5100,99.1000,88.1200,90.2500,0,0,,,,,-3.8421,-5.8680,-3.9144,-7.6045,444209800.0000,4.5200,11.6900,6.1100,10.4000,-3.7000,-7.2100,-12.6400,-13.2900
2008-10-10,77.5277,60.4738,77.8677,64.0336,0.7235,3281575900,45.1200,76.9400,45.1200,69.9500,86.8100,88.1800,74.2500,74.0900,0,0,,,,,-8.6752,-18.8844,-8.4799,-15.8021,1333940400.0000,8.2000,28.5400,8.2000,24.8100,-11.7000,-10.9200,-13.8700,-16.1600
2008-10-17,67.9190,62.6154,76.3555,67.4415,0.7235,2671940000,69.9500,81.1700,46.3500,70.3300,78.0100,79.3400,67.7800,69.6000,0,0,,,,,-9.6087,2.1416,-1.5122,3.4079,-609635900.0000,24.8300,4.2300,1.2300,0.3800,-8.8000,-8.8400,-6.4700,-4.4900
2008-10-24,68.9898,60.7776,71.7031,62.9772,0.7235,2374443200,70.4000,89.5300,50.9100,79.1300,71.2100,73.1200,61.0700,62.0500,0,0,,,,,1.0708,-1.8378,-4.6524,-4.4643,-297496800.0000,0.4500,8.3600,4.5600,8.8000,-6.8000,-6.2200,-6.7100,-7.5500
2008-10-31,62.2030,60.5606,71.3197,70.0607,0.7235,2394474300,79.1300,81.6500,56.7300,59.8900,61.3500,66.7000,59.4900,65.3200,0,0,,,,,-6.7868,-0.2170,-0.3834,7.0835,20031100.0000,8.7300,-7.8800,5.8200,-19.2400,-9.8600,-6.4200,-1.5800,3.2700
2008-11-07,70.0245,65.1623,72.9766,67.9118,0.7235,1798169800,60.1700,64.7800,44.2500,56.1000,63.0400,67.6700,56.8100,57.3500,0,0,,,,,7.8215,4.6017,1.6569,-2.1489,-596304500.0000,-18.9600,-16.8700,-12.4800,-3.7900,1.6900,0.9700,-2.6800,-7.9700
2008-11-14,68.8886,59.3957,69.1201,62.6733,0.7235,2468096000,56.0900,69.9900,54.6300,66.3100,61.5900,61.6100,52.0000,54.2400,0,0,,,,,-1.1359,-5.7666,-3.8565,-5.2385,669926200.0000,-4.0800,5.2100,10.3800,10.2100,-1.4500,-6.0600,-4.8100,-3.1100
2008-11-21,62.4996,53.7882,64.0770,57.5361,0.7235,3030111200,69.5700,81.4800,65.1000,72.6700,54.4700,56.0100,47.4500,49.1900,0,0,,,,,-6.3890,-5.6075,-5.0431,-5.1372,562015200.0000,13.4800,11.4900,10.4700,6.3600,-7.1200,-5.6000,-4.5500,-5.0500
2008-11-28,59.2727,58.1439,65.2130,65.1840,0.7235,1465860000,71.1900,71.3500,50.5000,55.2800,50.1600,54.4900,49.5400,53.4900,0,0,,,,,-3.2269,4.3557,1.1360,7.6479,-1564251200.0000,1.6200,-10.1300,-14.6000,-17.3900,-4.3100,-1.5200,2.0900,4.3000
2008-12-05,63.3172,59.2292,63.9757,63.6211,0.7235,2275378100,60.4700,68.6000,59.2600,59.9300,50.1600,50.4200,39.3800,39.7400,0,0,,,,,4.0445,1.0853,-1.2373,-1.5629,809518100.0000,-10.7200,-2.7500,8.7600,4.6500,0.0000,-4.0700,-10.1600,-13.7500
2008-12-12,65.3649,61.6459,66.8409,64.3881,0.7235,1959958100,58.8600,59.8700,52.9400,54.2800,43.0700,48.3100,41.1200,46.4100,0,0,,,,,2.0477,2.4167,2.8652,0.7670,-315420000.0000,-1.6100,-8.7300,-6.3200,-5.6500,-7.0900,-2.1100,1.7400,6.6700
2008-12-19,64.9327,62.9414,67.4200,64.3272,0.7294,1592338100,55.6800,58.4900,41.2900,44.9300,49.5400,49.7600,43.2500,44.0000,0,0,,,,,-0.4322,1.2955,0.5791,-0.0609,-367620000.0000,-3.1800,-1.3800,-11.6500,-9.3500,6.4700,1.4500,2.1300,-2.4100
2008-12-26,64.6117,62.3578,64.6774,63.5759,0.7294,602214000,44.9300,46.6900,41.6800,43.3800,43.4700,44.3800,37.0000,38.3700,0,0,,,,,-0.3210,-0.5836,-2.7426,-0.7513,-990124100.0000,-10.7500,-11.8000,0.3900,-1.5500,-6.0700,-5.3800,-6.2500,-5.6300
2009-01-02,63.6343,62.4381,68.1567,67.8066,0.7294,717605700,43.3500,46.2400,36.8800,39.1900,39.8800,46.9100,38.2300,46.9100,0,0,,,,,-0.9774,0.0803,3.4793,4.2307,115391700.0000,-1.5800,-0.4500,-4.8000,-4.1900,-3.5900,2.5300,1.2300,8.5400
2009-01-09,67.5658,62.2630,68.8934,64.9837,0.7294,1444297800,39.2400,44.6000,37.3400,42.8200,46.4000,52.1300,42.8500,44.4200,0,0,,,,,3.9315,-0.1751,0.7367,-2.8229,726692100.0000,-4.1100,-1.6400,0.4600,3.6300,6.5200,5.2200,4.6200,-2.4900
2009-01-16,64.8014,59.6079,64.8524,62.0442,0.7294,2001666900,42.0600,55.1600,41.9400,46.1100,42.9600,48.8700,42.6500,46.5700,0,0,,,,,-2.7644,-2.6551,-4.0410,-2.9395,557369100.0000,2.8200,10.5600,4.6000,3.2900,-3.4400,-3.2600,-0.2000,2.1500
2009-01-23,61.4388,58.3898,62.0442,60.6218,0.7294,1598956800,50.1200,57.3600,46.1500,47.2700,44.2500,48.4800,43.2000,48.3700,0,0,,,,,-3.3626,-1.2181,-2.8082,-1.4224,-402710100.0000,8.0600,2.2000,4.2100,1.1600,1.2900,-0.3900,0.5500,1.8000
2009-01-30,60.9719,59.9653,64.1522,60.4176,0.7294,1599551600,47.8900,47.9300,38.0900,44.8400,47.6700,49.5000,43.5900,45.8800,0,0,,,,,-0.4669,1.5755,2.1080,-0.2042,594800.0000,-2.2300,-9.4300,-8.0600,-2.4300,3.4200,1.0200,0.3900,-2.4900
2009-02-06,59.4985,56.6976,63.7073,63.4447,0.7294,1673389500,49.4200,49.5400,41.2000,43.3700,44.9900,47.0600,43.6800,46.2100,0,0,,,,,-1.4734,-3.2677,-0.4449,3.0271,73837900.0000,1.5300,1.6100,3.1100,-1.4700,-2.6800,-2.4400,0.0900,0.3300
2009-02-13,63.4301,59.1192,63.9990,60.3665,0.7294,1864031100,45.4000,48.1200,40.7300,42.9300,48.2000,48.2000,44.0700,46.2600,0,0,,,,,3.9316,2.4216,0.2917,-3.0782,190641600.0000,-4.0200,-1.4200,-0.4700,-0.4400,3.2100,1.1400,0.3900,0.0500
2009-02-20,58.4700,55.2679,60.5124,56.4714,0.7294,1635919000,48.1400,52.0400,44.8100,49.3000,42.4500,43.2800,40.7500,43.1400,0,0,,,,,-4.9601,-3.8513,-3.4866,-3.8951,-228112100.0000,2.7400,3.9200,4.0800,6.3700,-5.7500,-4.9200,-3.3200,-3.1200
2009-02-27,57.0914,53.8382,58.1126,53.9258,0.7294,2101752900,49.3000,53.1600,41.9100,46.3500,42.2800,47.4600,42.2800,47.2000,0,0,,,,,-1.3786,-1.4297,-2.3998,-2.5456,465833900.0000,1.1600,1.1200,-2.9000,-2.9500,-0.1700,4.1800,1.5300,4.0600
2009-03-06,52.8973,48.9439,53.9185,50.2714,0.7294,2308986100,49.9600,53.2500,45.0200,49.3300,44.3700,47.1500,42.9100,45.9400,0,0,,,,,-4.1941,-4.8943,-4.1941,-3.6544,207233200.0000,0.6600,0.0900,3.1100,2.9800,2.0900,-0.3100,0.6300,-1.2600
2009-03-13,49.5639,49.4034,56.1505,55.5013,0.7294,1889958900,49.3500,51.3400,40.0300,42.3600,45.5900,47.2900,42.4900,45.8800,0,0,,,,,-3.3334,0.4595,2.2320,5.2299,-419027200.0000,-0.6100,-1.9100,-4.9900,-6.9700,1.2200,0.1400,-0.4200,-0.0600
2009-03-20,56.5377,55.4284,59.5056,56.3540,0.7346,1990331000,42.3600,47.6300,38.7900,45.8900,44.0200,51.6000,43.7900,51.2200,1,0,Bullish,59.5056,55.4284,57.4670,6.9738,6.0250,3.3551,0.8527,100372100.0000,-6.9900,-3.7100,-1.2400,3.5300,-1.5700,4.3100,1.3000,5.3400
2009-03-27,57.8454,57.5295,61.1953,59.9538,0.7346,1936336900,45.8900,45.8900,40.1700,41.0400,51.6200,53.8200,51.1800,51.9800,0,0,,,,,1.3077,2.1011,1.6897,3.5998,-53994100.0000,3.5300,-1.7400,1.3800,-4.8500,7.6000,2.2200,7.3900,0.7600
2009-04-03,58.6241,57.2723,62.1577,61.9006,0.7346,1826242100,44.8600,46.2800,39.6400,39.7000,50.3800,53.5000,47.2900,53.4700,0,0,,,,,0.7787,-0.2572,0.9624,1.9468,-110094800.0000,-1.0300,0.3900,-0.5300,-1.3400,-1.2400,-0.3200,-3.8900,1.4900
2009-04-10,61.2247,59.8803,63.0466,63.0392,0.7346,1023870700,41.9600,43.0200,36.5300,36.5300,52.2500,54.2100,50.6000,54.0600,0,0,,,,,2.6006,2.6080,0.8889,1.1386,-802371400.0000,-2.9000,-3.2600,-3.1100,-3.1700,1.8700,0.7100,3.3100,0.5900
2009-04-17,62.3854,61.4231,64.3910,63.9722,0.7346,1350024300,38.3200,38.9100,33.6800,33.9400,53.3400,53.5700,50.9600,51.9600,0,0,,,,,1.1607,1.5428,1.3444,0.9330,326153600.0000,-3.6400,-4.1100,-2.8500,-2.5900,1.0900,-0.6400,0.3600,-2.1000
2009-04-24,62.8409,60.7912,64.1412,63.6637,0.7346,1360782900,33.9400,40.2900,33.9400,36.8200,,,,,0,0,,,,,0.4555,-0.6319,-0.2498,-0.3085,10758600.0000,-4.3800,1.3800,0.2600,2.8800,0.0000,0.0000,0.0000,0.0000
2009-05-01,62.9438,62.2679,65.3974,64.5673,0.7346,1386543700,39.4600,39.6400,34.5000,35.3000,51.7000,53.0300,50.6200,52.8500,0,0,,,,,0.1029,1.4767,1.2562,0.9036,25760800.0000,5.5200,-0.6500,0.5600,-1.5200,0.0000,0.0000,0.0000,0.0000
2009-05-08,65.0522,64.9273,68.4829,68.3066,0.7346,1438907000,35.3000,36.2400,31.1900,32.0500,52.6300,58.3000,52.4400,58.1400,0,0,,,,,2.1084,2.6594,3.0855,3.7393,52363300.0000,-4.1600,-3.4000,-3.3100,-3.2500,0.9300,5.2700,1.8200,5.2900
2009-05-15,67.3663,64.7583,67.6675,65.1697,0.7346,1331575400,32.0500,34.0800,30.5900,33.1200,56.6100,58.8200,55.9000,55.9800,0,0,,,,,2.3141,-0.1690,-0.8154,-3.1369,-107331600.0000,-3.2500,-2.1600,-0.6000,1.0700,3.9800,0.5200,3.4600,-2.1600
2009-05-22,65.7868,64.8391,68.1743,65.3974,0.7346,1159072100,32.9100,32.9100,26.5700,32.6300,57.9300,60.8700,57.5200,60.7800,0,0,,,,,-1.5795,0.0808,0.5068,0.2277,-172503300.0000,0.8600,-1.1700,-4.0200,-0.4900,1.3200,2.0500,1.6200,4.8000
2009-05-29,64.9125,64.8832,68.8355,67.9760,0.7346,1030070800,34.5700,34.5700,28.8500,28.9200,59.3500,65.6500,59.1400,65.5200,0,0,,,,,-0.8743,0.0441,0.6612,2.5786,-129001300.0000,1.6600,1.6600,2.2800,-3.7100,1.4200,4.7800,1.6200,4.7400
2009-06-05,68.8135,68.1450,70.2828,69.4600,0.7346,1236792000,28.7000,31.7900,28.3000,29.6200,67.1800,69.8500,64.9100,68.3400,0,0,,,,,3.9010,3.2618,1.4473,1.4840,206721200.0000,-5.8700,-2.7800,-0.5500,0.7000,7.8300,4.2000,5.7700,2.8200
2009-06-12,68.9384,68.3507,70.6060,69.8494,0.7346,1219567000,30.8800,31.8200,26.8100,28.1500,67.8900,72.2300,67.0000,70.9200,0,0,,,,,0.1249,0.2057,0.3232,0.3894,-17225000.0000,2.1800,0.0300,-1.4900,-1.4700,0.7100,2.3800,2.0900,2.5800
2009-06-19,69.4164,67.1040,69.4608,67.9980,0.7388,1102335400,29.7000,32.7700,27.5600,27.9900,69.4400,72.3400,68.6300,69.1900,0,0,,,,,0.4780,-1.2467,-1.1452,-1.8514,-117231600.0000,-1.1800,0.9500,0.7500,-0.1600,1.5500,0.1100,1.6300,-1.7300
2009-06-26,67.3331,65.6413,68.1458,67.8502,0.7388,1098791100,30.4000,32.0500,25.7600,25.9300,66.9800,70.5100,66.1700,68.9200,0,0,,,,,-2.0833,-1.4627,-1.3150,-0.1478,-3544300.0000,0.7000,-0.7200,-1.8000,-2.0600,-2.4600,-1.8300,-2.4600,-0.2700
2009-07-03,68.0497,66.3135,68.8771,66.3505,0.7388,782720500,25.9300,28.6200,24.8000,27.9500,69.7200,71.6500,66.6300,66.6500,0,0,,,,,0.7166,0.6722,0.7313,-1.4997,-316070600.0000,-4.4700,-3.4300,-0.9600,2.0200,2.7400,1.1400,0.4600,-2.2700
2009-07-10,65.7078,64.2745,66.4392,64.9837,0.7388,956936900,30.3200,33.0500,28.8200,29.0200,64.0500,64.8200,59.5700,60.5200,1,0,Bullish,66.4392,64.2745,65.3569,-2.3419,-2.0390,-2.4379,-1.3668,174216400.0000,4.3900,4.4300,4.0200,1.0700,-5.6700,-6.8300,-7.0600,-6.1300
2009-07-17,65.2423,64.7104,69.8228,69.5420,0.7388,989515000,28.3600,29.2400,23.8300,24.3400,60.2800,65.8600,59.5400,65.3800,0,0,,,,,-0.4655,0.4359,3.3836,4.5583,32578100.0000,-1.9600,-3.8100,-4.9900,-4.6800,-3.7700,1.0400,-0.0300,4.8600
2009-07-24,69.9484,69.5864,72.5046,72.4455,0.7388,990764400,25.0600,25.4200,23.0000,23.0900,65.4000,70.2900,65.3100,70.3200,0,0,,,,,4.7061,4.8760,2.6818,2.9035,1249400.0000,-3.3000,-3.8200,-0.8300,-1.2500,5.1200,4.4300,5.7700,4.9400
2009-07-31,72.3125,71.6476,73.7531,72.9996,0.7388,973277300,24.0600,26.2200,24.0200,25.9200,70.6000,72.0600,66.2000,71.7000,0,0,,,,,2.3641,2.0612,1.2485,0.5541,-17487100.0000,-1.0000,0.8000,1.0200,2.8300,5.2000,1.7700,0.8900,1.3800
2009-08-07,73.7679,73.3689,75.3784,74.7652,0.7388,951062600,25.9200,26.4900,23.9800,24.7600,72.9400,75.8200,72.6000,73.5900,0,0,,,,,1.4554,1.7213,1.6253,1.7656,-22214700.0000,1.8600,0.2700,-0.0400,-1.1600,2.3400,3.7600,6.4000,1.8900
2009-08-14,74.4254,73.4798,75.0682,74.4624,0.7388,883317700,24.7600,26.9800,24.2600,24.2700,73.3200,74.1900,71.9400,72.4100,0,0,,,,,0.6575,0.1109,-0.3102,-0.3028,-67744900.0000,-1.1600,0.4900,0.2800,-0.4900,0.3800,-1.6300,-0.6600,-1.1800
2009-08-21,73.0291,72.4824,76.1911,76.0729,0.7388,1002678100,24.2700,28.3900,23.9100,25.0100,70.0500,74.8200,69.2600,74.1900,0,0,,,,,-1.3963,-0.9974,1.1229,1.6105,119360400.0000,-0.4900,1.4100,-0.3500,0.7400,-3.2700,0.6300,-2.6800,1.7800
2009-08-28,76.3832,75.3120,77.0924,76.3758,0.7388,944464800,25.0100,25.8900,23.6800,24.7600,74.2600,74.5700,70.4700,72.7900,0,0,,,,,3.3541,2.8296,0.9013,0.3029,-58213300.0000,0.7400,-2.5000,-0.2300,-0.2500,4.2100,-0.2500,1.2100,-1.4000
2009-09-04,75.6297,73.5610,76.2724,75.4006,0.7388,955393600,24.7600,29.5700,24.7600,25.2600,70.5100,70.9800,66.0200,66.8200,0,0,,,,,-0.7535,-1.7510,-0.8200,-0.9752,10928800.0000,-0.2500,3.6800,1.0800,0.5000,-3.7500,-3.5900,-4.4500,-5.9700
2009-09-11,76.0951,75.6444,77.7943,77.4027,0.7388,602784100,25.2600,26.1500,22.4800,24.1500,69.4000,70.8100,67.0600,67.6900,0,0,,,,,0.4654,2.0834,1.5219,2.0021,-352609500.0000,0.5000,-3.4200,-2.2800,-1.1100,-1.1100,-0.1700,1.0400,0.8700
2009-09-18,77.1108,76.5689,80.2136,79.2189,0.7423,935766000,25.3900,25.3900,22.7800,23.9200,67.4100,72.1700,66.9600,71.3200,0,0,,,,,1.0157,0.9245,2.4193,1.8162,332981900.0000,0.1300,-0.7600,0.3000,-0.2300,-1.9900,1.3600,-0.1000,3.6300
2009-09-25,78.6028,77.2666,80.1913,77.5339,0.7423,953661900,25.3400,26.3400,22.1900,25.6100,69.1200,70.6800,64.5700,65.1100,0,0,,,,,1.4920,0.6977,-0.0223,-1.6850,17895900.0000,-0.0500,0.9500,-0.5900,1.6900,1.7100,-1.4900,-2.3900,-6.2100
2009-10-02,77.8308,75.7078,79.4416,76.0790,0.7423,1012992100,26.2600,29.5600,24.5400,28.6800,66.1700,69.7200,64.8300,68.0700,0,0,,,,,-0.7720,-1.5588,-0.7497,-1.4549,59330200.0000,0.9200,3.2200,2.3500,3.0700,-2.9500,-0.9600,0.2600,2.9600
2009-10-09,76.3833,76.1606,79.6198,79.6198,0.7423,829880500,29.3400,29.3400,22.9900,23.1200,65.9500,70.3000,65.9500,70.0000,0,0,,,,,-1.4475,0.4528,0.1782,3.5408,-183111600.0000,3.0800,-0.2200,-1.5500,-5.5600,-0.2200,0.5800,1.1200,1.9300
2009-10-16,79.9909,79.2486,81.4384,80.8297,0.7423,833088300,23.1200,24.0700,20.9800,21.4300,71.6700,76.2800,71.3100,76.9900,0,0,,,,,3.6076,3.0880,1.8186,1.2099,3207800.0000,-6.2200,-5.2700,-2.0100,-1.6900,5.7200,5.9800,5.3600,6.9900
2009-10-23,80.9634,79.7979,81.8838,80.2285,0.7423,1044308000,21.4100,22.7700,20.1000,22.2700,77.3500,80.2000,76.3500,78.9200,0,0,,,,,0.9725,0.5493,0.4454,-0.6012,211219700.0000,-1.7100,-1.3000,-0.8800,0.8400,5.6800,3.9200,5.0400,1.9300
2009-10-30,80.3175,76.7842,81.1415,76.8732,0.7423,1267834600,23.0600,31.5900,21.8900,30.6900,78.3900,80.0300,75.2700,75.2000,0,0,,,,,-0.6459,-3.0137,-0.7423,-3.3553,223526600.0000,1.6500,8.8200,1.7900,8.4200,1.0400,-0.1700,-1.0800,-3.7200
2009-11-06,77.2963,76.5169,79.7237,79.5233,0.7423,1081551600,30.7000,31.8400,24.0600,24.1900,75.6200,79.3800,75.1600,75.8700,0,0,,,,,-3.0212,-0.2673,-1.4178,2.6501,-186283000.0000,7.6400,0.2500,2.1700,-6.5000,-2.7700,-0.6500,-0.1100,0.6700
2009-11-13,80.1320,80.0726,82.2624,81.3716,0.7423,808969200,24.1900,24.6100,21.6100,23.3600,77.7700,78.6700,75.3400,75.5500,0,0,,,,,2.8357,3.5557,2.5387,1.8483,-272582400.0000,-6.5100,-7.2300,-2.4500,-0.8300,2.1500,-0.7100,0.1800,-0.3200
2009-11-20,81.9358,80.9188,82.9082,81.2306,0.7423,857473700,23.3600,24.2000,21.6300,22.1900,77.8700,80.0700,76.6400,77.2000,0,0,,,,,1.8038,0.8462,0.6458,-0.1410,48504500.0000,-0.8300,-0.4100,0.0200,-1.1700,0.1000,1.4000,1.3000,1.6500
2009-11-27,82.1882,80.3844,82.9453,81.3345,0.7423,521996900,21.9800,25.9300,20.0500,24.7400,79.3200,79.5100,74.9200,77.1800,0,0,,,,,0.2524,-0.5344,0.0371,0.1039,-335476800.0000,-1.3800,1.7300,-1.5800,2.5500,1.4500,-0.5600,-1.7200,-0.0200
2009-12-04,81.2677,80.2581,83.4204,82.4034,0.7423,895036300,24.9500,25.5700,20.6100,21.2500,78.4700,79.7000,76.5200,77.5200,0,0,,,,,-0.9205,-0.1263,0.4751,1.0689,373039400.0000,2.9700,-0.3600,0.5600,-3.4900,-0.8500,0.1900,1.6000,0.3400
2009-12-11,82.3292,80.9262,82.7894,82.4776,0.7423,715769500,22.3200,24.2000,21.3900,21.5900,76.4300,77.9600,71.0800,71.8800,0,0,,,,,1.0615,0.6681,-0.6310,0.0742,-179266800.0000,-2.6300,-1.3700,0.7800,0.3400,-2.0400,-1.7400,-5.4400,-5.6400
2009-12-18,83.4889,81.5560,83.6829,82.2500,0.7463,740889800,21.5900,23.0200,20.4600,21.6800,71.8900,73.7500,71.2600,73.7500,0,0,,,,,1.1597,0.6298,0.8935,-0.2276,25120300.0000,-0.7300,-1.1800,-0.9300,0.0900,-4.5400,-4.2100,0.1800,1.8700
2009-12-25,82.6604,82.6604,84.0336,83.9441,0.7463,361207700,21.4600,21.5100,19.2500,19.4700,72.9900,75.9300,72.5800,76.3100,0,0,,,,,-0.8285,1.1044,0.3507,1.6941,-379682100.0000,-0.1300,-1.5100,-1.2100,-2.2100,1.1000,2.1800,1.3200,2.5600
2010-01-01,84.2576,83.1307,84.3546,83.1680,0.7463,331857300,20.2900,21.8300,19.6200,21.6800,77.3200,78.6000,76.8700,77.9300,0,0,,,,,1.5972,0.4703,0.3210,-0.7761,-29350400.0000,-1.1700,0.3200,0.3700,2.2100,4.3300,2.6700,4.2900,1.6200
2010-01-08,83.8620,83.2202,85.5412,85.5039,0.7463,604092800,21.6800,21.6800,18.1100,18.1300,80.1200,81.7000,80.1200,81.3700,0,0,,,,,-0.3956,0.0895,1.1866,2.3359,272235500.0000,1.3900,-0.1500,-1.5100,-3.5500,2.8000,3.1000,3.2500,3.4400
2010-01-15,85.8845,84.4814,85.9293,84.8098,0.7463,759533100,16.9300,19.4600,16.8600,17.9100,80.9700,81.7100,76.8800,77.1100,0,0,,,,,2.0225,1.2612,0.3881,-0.6941,155440300.0000,-4.7500,-2.2200,-1.2500,-0.2200,0.8500,0.0100,-3.2400,-4.2600
2010-01-22,84.7949,81.4142,85.9219,81.5037,0.7463,1046464900,18.6300,28.0100,17.3300,27.3100,77.6300,77.7500,72.4600,72.8300,0,0,,,,,-1.0896,-3.0672,-0.0074,-3.3061,286931800.0000,1.7000,8.5500,0.4700,9.4000,-3.3400,-3.9600,-4.4200,-4.2800
2010-01-29,82.2500,80.0186,82.4440,80.1454,0.7463,1296751500,27.3200,27.3200,22.1100,24.6200,73.6800,73.7300,71.2300,71.4600,0,0,,,,,-2.5449,-1.3956,-3.4779,-1.3583,250286600.0000,8.6900,-0.6900,4.7800,-2.6900,-3.9500,-4.0200,-1.2300,-1.3700
2010-02-05,80.7126,78.0483,82.5336,79.6006,0.7463,1427225100,24.3300,29.2200,21.0800,26.1100,72.1400,76.8600,67.9500,69.5900,0,0,,,,,-1.5374,-1.9703,0.0896,-0.5448,130473600.0000,-2.9900,1.9000,-1.0300,1.4900,-1.5400,3.1300,-3.2800,-1.8700
2010-02-12,79.6603,78.9663,80.7873,80.6305,0.7463,1330712600,26.1100,27.1100,22.7300,22.7300,70.1000,73.0500,69.2300,72.9000,0,0,,,,,-1.0523,0.9180,-1.7463,1.0299,-96512500.0000,1.7800,-2.1100,1.6500,-3.3800,-2.0400,-3.8100,1.2800,3.3100
2010-02-19,81.2425,80.4664,83.2650,82.9441,0.7463,744556100,23.5100,23.5700,19.7100,20.0200,74.1700,78.2700,73.8400,78.1900,0,0,,,,,1.5822,1.5001,2.4777,2.3136,-586156500.0000,-2.6000,-3.5400,-3.0200,-2.7100,4.0700,5.2200,4.6100,5.2900
2010-02-26,83.2501,81.3022,83.2725,82.6456,0.7463,949418600,20.1600,22.6800,19.3200,19.5000,78.2700,78.7000,75.3100,77.5900,1,0,Bullish,83.2725,81.3022,82.2874,2.0076,0.8358,0.0075,-0.2985,204862500.0000,-3.3500,-0.8900,-0.3900,-0.5200,4.1000,0.4300,1.4700,-0.6000
2010-03-05,82.9889,82.9665,85.3322,85.2651,0.7463,771376300,19.9300,19.9400,17.2300,17.4200,77.5400,80.5000,76.3100,79.8900,0,0,,,,,-0.2612,1.6643,2.0597,2.6195,-178042300.0000,-0.2300,-2.7400,-2.0900,-2.0800,-0.7300,1.8000,1.0000,2.3000
2010-03-12,85.2725,84.9815,86.5487,86.1681,0.7463,778142600,17.9500,19.3400,17.4300,17.5800,80.4600,81.4300,78.7900,79.3900,0,0,,,,,2.2836,2.0150,1.2165,0.9030,6766300.0000,-1.9800,-0.6000,0.2000,0.1600,2.9200,0.9300,2.4800,-0.5000
2010-03-19,86.3731,85.8785,88.0367,86.9052,0.7494,916108100,18.2800,18.7800,16.1700,16.9700,77.8900,82.0500,77.8900,79.8800,0,0,,,,,1.1006,0.8970,1.4880,0.7371,137965500.0000,0.3300,-0.5600,-1.2600,-0.6100,-2.5700,0.6200,-0.9000,0.4900
2010-03-26,86.4105,86.3581,88.5537,87.3622,0.7494,992696800,18.3000,18.6900,16.2100,17.7700,78.8200,81.1500,78.0100,79.2900,0,0,,,,,0.0374,0.4796,0.5170,0.4570,76588700.0000,0.0200,-0.0900,0.0400,0.8000,0.9300,-0.9000,0.1200,-0.5900
2010-04-02,87.8044,87.3848,88.6137,88.2765,0.7494,602579900,18.1700,18.2800,16.7900,17.4700,80.1100,84.3000,79.8700,84.0100,0,0,,,,,1.3939,1.0267,0.0600,0.9143,-390116900.0000,-0.1300,-0.4100,0.5800,-0.3000,1.2900,3.1500,1.8600,4.7200
2010-04-09,88.6137,88.1266,89.6254,89.5879,0.7494,692518600,17.9600,18.1600,16.0600,16.1400,85.1100,86.4500,83.9900,84.8300,0,0,,,,,0.8093,0.7418,1.0117,1.3114,89938700.0000,-0.2100,-0.1200,-0.7300,-1.3300,5.0000,2.1500,4.1200,0.8200
2010-04-16,89.7003,88.9884,91.1016,89.4455,0.7494,908333600,15.6700,19.7000,15.2300,18.3600,84.7900,87.3400,84.2500,85.9900,0,0,,,,,1.0866,0.8618,1.4762,-0.1424,215815000.0000,-2.2900,1.5400,-0.8300,2.2200,-0.3200,0.8900,0.2600,1.1600
2010-04-23,89.1832,88.7786,91.3189,91.2815,0.7494,861261700,19.1400,19.5500,15.5000,16.6200,83.6800,87.3200,83.5800,87.2500,0,0,,,,,-0.5171,-0.2098,0.2173,1.8360,-47071900.0000,3.4700,-0.1500,0.2700,-1.7400,-1.1100,-0.0200,-0.6700,1.2600
2010-04-30,91.3115,88.6137,91.5138,89.0334,0.7494,1263760600,17.5200,23.2000,17.0700,22.0500,87.5100,87.6500,85.0900,87.4400,0,0,,,,,2.1283,-0.1649,0.1949,-2.2481,402498900.0000,-1.6200,3.6500,1.5700,5.4300,3.8300,0.3300,1.5100,0.1900
2010-05-07,89.4605,78.6845,90.4347,83.3755,0.7494,2156989900,22.4100,42.1500,19.6100,40.9500,88.4600,89.4600,77.5900,78.2700,0,0,,,,,-1.8510,-9.9292,-1.0791,-5.6579,893229300.0000,4.8900,18.9500,2.5400,18.9000,0.9500,1.8100,-7.5000,-9.1700
2010-05-14,86.7852,84.5821,88.1866,85.3464,0.7494,1529670400,28.6500,33.2400,24.3000,31.2400,81.3300,81.6900,77.1800,77.1800,0,0,,,,,-2.6753,5.8976,-2.2481,1.9709,-627319500.0000,6.2400,-8.9100,4.6900,-9.7100,-7.1300,-7.7700,-0.4100,-1.0900
2010-05-21,85.5788,78.9543,86.3431,81.7644,0.7494,2112367000,31.3300,48.2000,28.0900,40.1000,77.6300,77.6300,70.3700,71.6800,0,0,,,,,-1.2064,-5.6278,-1.8435,-3.5820,582696600.0000,2.6800,14.9600,3.7900,8.8600,-3.7000,-4.0600,-6.8100,-5.5000
2010-05-28,81.3223,78.2199,83.0309,81.9593,0.7494,1614851500,41.7400,43.7400,24.1000,32.0700,71.7400,75.5800,68.2300,74.0200,0,0,,,,,-4.2565,-0.7344,-3.3122,0.1949,-497515500.0000,10.4100,-4.4600,-3.9900,-8.0300,-5.8900,-2.0500,-2.1400,2.3400
2010-06-04,81.1949,79.7786,83.2257,80.0483,0.7494,1143247000,34.8700,36.1200,29.1200,35.4800,73.9300,76.4900,71.5100,72.0900,0,0,,,,,-0.1274,1.5587,0.1948,-1.9110,-471604500.0000,-6.8700,-7.6200,5.0200,3.4100,2.1900,0.9100,3.2800,-1.9300
2010-06-11,80.3331,78.4222,82.2440,82.1916,0.7494,1422425500,35.6600,37.3800,28.6000,28.7900,72.3000,75.8600,71.4000,74.3500,0,0,,,,,-0.8618,-1.3564,-0.9817,2.1433,279178500.0000,0.7900,1.2600,-0.5200,-6.6900,-1.6300,-0.6300,-0.1100,2.2600
2010-06-18,83.2151,82.3718,84.6456,84.1261,0.7529,1099031200,27.9400,28.7200,23.3000,23.9500,75.8500,79.0600,75.8300,78.2200,0,0,,,,,2.8820,3.9496,2.4016,1.9345,-323394300.0000,-7.7200,-8.6600,-5.3000,-4.8400,3.5500,3.2000,4.4300,3.8700
2010-06-25,85.1727,80.3915,85.2329,81.2198,0.7529,1214386100,22.9000,30.4100,22.8700,28.5300,79.3900,79.7800,75.4600,78.1200,0,0,,,,,1.9576,-1.9803,0.5873,-2.9063,115354900.0000,-5.0400,1.6900,-0.4300,4.5800,3.5400,0.7200,-0.3700,-0.1000
2010-07-02,81.3402,76.1450,81.5586,76.9506,0.7529,1443279800,29.2000,37.5800,28.4700,30.1200,77.6100,77.7200,71.4800,71.6500,0,0,,,,,-3.8325,-4.2465,-3.6743,-4.2692,228893700.0000,6.3000,7.1700,5.6000,1.5900,-1.7800,-2.0600,-3.9800,-6.4700
2010-07-09,78.0348,76.7097,81.2951,81.2876,0.7529,866546700,28.8200,31.1500,24.3700,24.9800,72.4500,75.8400,71.0100,75.4200,0,0,,,,,-3.3054,0.5647,-0.2635,4.3370,-576733100.0000,-0.3800,-6.4300,-4.1000,-5.1400,-5.1600,-1.8800,-0.4700,3.7700
2010-07-16,81.0165,80.1506,82.8913,80.3087,0.7529,1043767600,24.6600,28.1600,23.1200,26.2500,74.9900,76.9900,73.9300,75.3700,0,0,,,,,2.9817,3.4409,1.5962,-0.9789,177220900.0000,-4.1600,-2.9900,-1.2500,1.2700,2.5400,1.1500,2.9200,-0.0500
2010-07-23,80.6024,79.6763,83.2527,83.1323,0.7529,1206200500,27.0200,27.4000,23.3200,23.4700,75.1800,77.9100,74.7700,77.4500,0,0,,,,,-0.4141,-0.4743,0.3614,2.8236,162432900.0000,2.3600,-0.7600,0.2000,-2.7800,0.1900,0.9200,0.8400,2.0800
2010-07-30,83.2753,82.0555,84.5477,83.0268,0.7529,992577200,24.3700,27.3200,21.8600,23.5000,76.8800,78.3000,74.8500,78.1800,0,0,,,,,2.6729,2.3792,1.2950,-0.1055,-213623300.0000,-2.6500,-0.0800,-1.4600,0.0300,1.7000,0.3900,0.0800,0.7300
2010-08-06,84.3219,83.5163,85.1652,84.6231,0.7529,873294300,23.0700,23.8900,21.7200,21.7400,79.2500,82.7900,79.1500,80.1600,0,0,,,,,1.0466,1.4608,0.6175,1.5963,-119282900.0000,-1.3000,-3.4300,-0.1400,-1.7600,2.3700,4.4900,4.3000,1.9800
2010-08-13,85.0221,81.0165,85.2179,81.5511,0.7529,1035364700,21.8500,27.2100,21.3600,26.2400,81.0100,81.2700,74.7500,75.1100,0,0,,,,,0.7002,-2.4998,0.0527,-3.0720,162070400.0000,-1.2200,3.3200,-0.3600,4.5000,1.7600,-1.5200,-4.4000,-5.0500
2010-08-20,80.9939,80.3765,83.1172,80.9638,0.7529,978649500,27.4100,28.1000,23.4000,25.4900,74.8500,77.6900,74.0100,74.2600,0,0,,,,,-4.0282,-0.6400,-2.1007,-0.5873,-56715200.0000,5.5600,0.8900,2.0400,-0.7500,-6.1600,-3.5800,-0.7400,-0.8500
2010-08-27,81.3478,78.5243,81.7469,80.4593,0.7529,1213491400,25.9700,28.9200,24.4100,24.4500,74.8300,76.9700,71.7500,76.6500,0,0,,,,,0.3539,-1.8522,-1.3703,-0.5045,234841900.0000,-1.4400,0.8200,1.0100,-1.0400,-0.0200,-0.7200,-2.2600,2.3900
2010-09-03,80.2485,78.6748,83.5689,83.4937,0.7529,1066309300,25.8800,27.8300,21.2400,21.3100,76.2800,77.4300,74.4300,76.6700,0,0,,,,,-1.0993,0.1505,1.8220,3.0344,-147182100.0000,-0.0900,-1.0900,-3.1700,-3.1400,1.4500,0.4600,2.6800,0.0200
2010-09-10,83.1021,82.4847,84.0885,83.9379,0.7529,566735000,22.7700,23.9400,21.7600,21.9900,75.8100,78.7900,75.5700,78.1600,0,0,,,,,2.8536,3.8099,0.5196,0.4442,-499574300.0000,-3.1100,-3.8900,0.5200,0.6800,-0.4700,1.3600,1.1400,1.4900
2010-09-17,85.2199,84.7657,85.7574,85.1518,0.7570,952735300,21.0600,22.8300,20.8500,22.0100,78.3500,79.9000,77.2700,78.2100,0,0,,,,,2.1178,2.2810,1.6689,1.2139,386000300.0000,-1.7100,-1.1100,-0.9100,0.0200,2.5400,1.1100,1.7000,0.0500
2010-09-24,85.4470,84.9171,86.9761,86.9156,0.7570,1086292800,22.4700,24.0600,21.2500,21.7100,77.7200,79.9400,76.6900,78.8700,0,0,,,,,0.2271,0.1514,1.2187,1.7638,133557500.0000,1.4100,1.2300,0.4000,-0.3000,-0.6300,0.0400,-0.5800,0.6600
2010-10-01,86.9458,85.6741,87.6498,86.7566,0.7570,979380500,22.5800,24.5200,21.9700,22.5000,78.7900,83.7700,77.6800,83.7500,0,0,,,,,1.4988,0.7570,0.6737,-0.1590,-106912300.0000,0.1100,0.4600,0.7200,0.7900,1.0700,3.8300,0.9900,4.8800
2010-10-08,86.5749,85.6741,88.4598,88.2175,0.7570,887034000,23.6300,24.3400,20.2900,20.7100,83.3500,86.0100,81.9000,84.0300,0,0,,,,,-0.3709,0.0000,0.8100,1.4609,-92346500.0000,1.0500,-0.1800,-1.6800,-1.7900,4.5600,2.2400,4.2200,0.2800
2010-10-15,88.3538,87.5438,89.7390,89.0956,0.7570,941124800,19.3300,21.5900,17.9000,19.0300,83.8800,84.9400,82.0200,82.4500,0,0,,,,,1.7789,1.8697,1.2792,0.8781,54090800.0000,-4.3000,-2.7500,-2.3900,-1.6800,0.5300,-1.0700,0.1200,-1.5800
2010-10-22,89.1259,87.8239,90.1479,89.5877,0.7570,951659200,20.4300,21.3500,18.7600,18.7800,81.9700,84.3800,81.0500,82.9600,0,0,,,,,0.7721,0.2801,0.4089,0.4921,10534400.0000,1.1000,-0.2400,0.8600,-0.2500,-1.9100,-0.5600,-0.9700,0.5100
2010-10-29,90.1857,88.7626,90.6550,89.6936,0.7570,813034100,19.2200,22.3700,18.8600,21.2000,83.8200,84.1600,81.8600,83.1500,0,0,,,,,1.0598,0.9387,0.5071,0.1059,-138625100.0000,-1.2100,1.0200,0.1000,2.4200,1.8500,-0.2200,0.8100,0.1900
2010-11-05,90.1327,89.2092,93.0470,92.8956,0.7570,954817000,21.6500,22.5400,17.9200,18.2600,84.0000,88.4700,84.0000,88.1100,0,0,,,,,-0.0530,0.4466,2.3920,3.2020,141782900.0000,2.4300,0.1700,-0.9400,-2.9400,0.1800,4.3100,2.1400,4.9600
2010-11-12,92.6080,90.5717,93.0697,90.9880,0.7570,961202500,19.3300,21.2300,17.8300,20.6100,87.7300,89.4100,85.8200,86.3400,0,0,,,,,2.4753,1.3625,0.0227,-1.9076,6385500.0000,-2.3200,-1.3100,-0.0900,2.3500,3.7300,0.9400,1.8200,-1.7700
2010-11-19,91.2757,89.0123,91.6315,91.0562,0.7570,990392500,20.3300,23.0700,17.7600,18.0400,86.7000,86.7000,82.9700,84.3400,0,0,,,,,-1.3323,-1.5594,-1.4382,0.0682,29190000.0000,1.0000,1.8400,-0.0700,-2.5700,-1.0300,-2.7100,-2.8500,-2.0000
2010-11-26,90.6020,89.3151,91.0183,89.9283,0.7570,619723900,19.4500,22.2200,18.3500,22.2200,84.8200,86.0900,82.4600,85.5800,0,0,,,,,-0.6737,0.3028,-0.6132,-1.1279,-370668600.0000,-0.8800,-0.8500,0.5900,4.1800,-1.8800,-0.6100,-0.5100,1.2400
2010-12-03,89.7012,89.1259,93.1303,93.0243,0.7570,1021112700,23.1500,23.8400,17.7100,18.0100,86.1300,91.8400,85.5800,91.4200,0,0,,,,,-0.9008,-0.1892,2.1120,3.0960,401388800.0000,3.7000,1.6200,-0.6400,-4.2100,1.3100,5.7500,3.1200,5.8400
2010-12-10,92.8275,92.6610,94.3188,94.2279,0.7570,688927500,18.8000,18.8500,17.0600,17.6100,90.9800,92.8500,89.8900,90.4800,0,0,,,,,3.1263,3.5351,1.1885,1.2036,-332185200.0000,-4.3500,-4.9900,-0.6500,-0.4000,4.8500,1.0100,4.3100,-0.9400
2010-12-17,95.1572,94.1680,95.2942,94.5865,0.7610,767995900,16.8200,18.2700,15.4600,16.1100,90.7000,92.3700,90.5900,91.6700,0,0,,,,,2.3297,1.5070,0.9754,0.3586,79068400.0000,-1.9800,-0.5800,-1.6000,-1.5000,-0.2800,-0.4800,0.7000,1.1900
2010-12-24,94.8452,94.3430,95.7431,95.5757,0.7610,362982800,16.2200,16.8600,15.4000,16.4700,91.7100,94.5400,91.0500,94.2500,0,0,,,,,-0.3120,0.1750,0.4489,0.9892,-405013100.0000,-0.6000,-1.4100,-0.0600,0.3600,1.0100,2.1700,0.4600,2.5800
2010-12-31,95.2181,95.1496,96.0323,95.6898,0.7610,339304000,18.2600,18.3200,17.0200,17.7500,94.4700,95.1200,92.2100,94.7500,0,0,,,,,0.3729,0.8066,0.2892,0.1141,-23678800.0000,2.0400,1.4600,1.6200,1.2800,2.7600,0.5800,1.1600,0.5000
2011-01-07,96.4204,95.6518,97.2726,96.7476,0.7610,688663800,17.9400,18.2400,16.5700,17.1400,95.4500,96.1600,92.4200,93.3300,0,0,,,,,1.2023,0.5022,1.2403,1.0578,349359800.0000,-0.3200,-0.0800,-0.4500,-0.6100,0.9800,1.0400,0.2100,-1.4200
2011-01-14,96.3215,96.0323,98.4141,98.3913,0.7610,587344200,18.3500,18.6300,15.3700,15.4600,94.1300,98.8300,94.0500,98.0600,0,0,,,,,-0.0989,0.3805,1.1415,1.6437,-101319600.0000,0.4100,0.3900,-1.2000,-1.6800,-1.3200,2.6700,1.6300,4.7300
2011-01-21,98.2999,96.7400,98.6500,97.6835,0.7610,593568300,16.1900,18.8500,15.7100,18.4700,98.1000,98.5500,95.6000,97.6000,0,0,,,,,1.9784,0.7077,0.2359,-0.7078,6224100.0000,-2.1600,0.2200,0.3400,3.0100,3.9700,-0.2800,1.5500,-0.4600
2011-01-28,97.6227,97.0291,99.1903,97.1889,0.7610,841489200,18.7800,20.0800,15.8100,20.0400,97.9000,99.5500,94.8600,99.4200,0,0,,,,,-0.6772,0.2891,0.5403,-0.4946,247920900.0000,2.5900,1.2300,0.1000,1.5700,-0.2000,1.0000,-0.7400,1.8200
2011-02-04,97.4553,97.2118,99.8371,99.7990,0.7610,715288600,19.6100,19.9600,15.8900,15.9300,99.4200,103.4600,98.5600,99.8300,0,0,,,,,-0.1674,0.1827,0.6468,2.6101,-126200600.0000,0.8300,-0.1200,0.0800,-4.1100,1.5200,3.9100,3.7000,0.4100
2011-02-11,100.0197,99.9132,101.4198,101.2905,0.7610,658367400,16.1400,17.0700,14.8600,15.6900,100.5300,102.8200,97.5600,101.4300,0,0,,,,,2.5644,2.7014,1.5827,1.4915,-56921200.0000,-3.4700,-2.8900,-1.0300,-0.2400,1.1100,-0.6400,-1.0000,1.6000
2011-02-18,101.2296,100.6893,102.4928,102.3710,0.7610,591262500,16.0700,17.3000,15.2200,16.4300,101.7000,104.4800,100.9500,102.5200,0,0,,,,,1.2099,0.7761,1.0730,1.0805,-67104900.0000,-0.0700,0.2300,0.3600,0.7400,1.1700,1.6600,3.3900,1.0900
2011-02-25,101.2981,98.6956,102.3939,100.6969,0.7610,862818700,19.4600,23.2200,18.3800,19.2200,104.4200,118.0300,103.9900,112.1400,0,0,,,,,0.0685,-1.9937,-0.0989,-1.6741,271556200.0000,3.3900,5.9200,3.1600,2.7900,2.7200,13.5500,3.0400,9.6200
2011-03-04,101.0698,99.1903,101.7318,100.8035,0.7610,1054110800,19.1200,21.1400,17.6300,19.0600,114.2000,117.8100,111.5500,115.9700,0,0,,,,,-0.2283,0.4947,-0.6621,0.1066,191292100.0000,-0.3400,-2.0800,-0.7500,-0.1600,9.7800,-0.2200,7.5600,3.8300
2011-03-11,101.1002,98.5358,101.3285,99.5631,0.7610,1072125000,19.3700,22.2500,18.9500,20.0800,116.3000,117.9000,112.2500,113.8400,0,0,,,,,0.0304,-0.6545,-0.4033,-1.2404,18014200.0000,0.2500,1.1100,1.3200,1.0200,2.1000,0.0900,0.7000,-2.1300
2011-03-18,99.3460,95.7464,99.7205,97.6417,0.7643,1547968900,21.7900,31.2800,20.9200,24.4400,111.4200,116.3300,108.0800,113.9300,0,0,,,,,-1.7542,-2.7894,-1.6080,-1.9214,475843900.0000,2.4200,9.0300,1.9700,4.3600,-4.8800,-1.5700,-4.1700,0.0900
2011-03-25,98.8569,98.0697,100.7828,100.3472,0.7643,746906900,22.1000,22.1600,17.0700,17.9100,114.9800,116.3300,114.2400,115.5900,0,0,,,,,-0.4891,2.3233,1.0623,2.7055,-801062000.0000,0.3100,-9.1200,-3.8500,-6.5300,3.5600,0.0000,6.1600,1.6600
2011-04-01,100.5612,99.6899,102.2349,101.7611,0.7643,661783400,18.3100,19.7800,16.4400,17.4000,114.9300,118.8500,114.5400,118.7000,0,0,,,,,1.7043,1.6202,1.4521,1.4139,-85123500.0000,-3.7900,-2.3800,-0.6300,-0.5100,-0.0500,2.5200,0.3000,3.1100
2011-04-08,101.9751,101.1191,102.4107,101.5394,0.7643,660648900,17.6300,18.3300,16.4900,17.8700,119.0500,126.8700,119.0500,126.6500,0,0,,,,,1.4139,1.4292,0.1758,-0.2217,-1134500.0000,-0.6800,-1.4500,0.0500,0.4700,4.1200,8.0200,4.5100,7.9500
2011-04-15,101.6465,99.5600,101.9904,100.9128,0.7643,775858900,16.7400,18.4600,14.9200,15.3200,126.8000,127.3000,120.5900,123.4500,0,0,,,,,-0.3286,-1.5591,-0.4203,-0.6266,115210000.0000,-0.8900,0.1300,-1.5700,-2.5500,7.7500,0.4300,1.5400,-3.2000
2011-04-22,99.8046,98.9792,102.2884,102.2426,0.7643,627087300,18.3000,19.0700,14.3000,14.6900,122.7000,124.4000,119.2700,123.9900,0,0,,,,,-1.8419,-0.5808,0.2980,1.3298,-148771600.0000,1.5600,0.6100,-0.6200,-0.6300,-4.1000,-2.9000,-1.3200,0.5400
2011-04-29,102.1661,101.7993,104.3749,104.2678,0.7643,595273300,15.6400,16.4200,14.2700,14.7500,124.6400,126.1900,122.8700,125.8900,0,0,,,,,2.3615,2.8201,2.0865,2.0252,-31814000.0000,-2.6600,-2.6500,-0.0300,0.0600,1.9400,1.7900,3.6000,1.9000
2011-05-06,104.7570,101.6617,104.8410,102.5636,0.7643,897019400,15.0700,19.2900,15.0700,18.4000,125.5000,126.1100,108.3500,109.1300,0,0,,,,,2.5909,-0.1376,0.4661,-1.7042,301746100.0000,-0.5700,2.8700,0.8000,3.6500,0.8600,-0.0800,-14.5200,-16.7600
2011-05-13,102.5559,101.9445,104.0233,102.4413,0.7643,751471200,18.5900,18.5900,15.7900,17.0700,110.6100,117.8000,110.6100,113.8300,0,0,,,,,-2.2011,0.2828,-0.8177,-0.1223,-145548200.0000,3.5200,-0.7000,0.7200,-1.3300,-14.8900,-8.3100,2.2600,4.7000
2011-05-20,102.0744,100.9739,103.1979,102.1127,0.7643,771663900,17.8600,19.0900,15.5000,17.4300,113.3300,113.7400,108.6400,112.3900,0,0,,,,,-0.4815,-0.9706,-0.8254,-0.3286,20192700.0000,-0.7300,0.5000,-0.2900,0.3600,2.7200,-4.0600,-1.9700,-1.4400
2011-05-27,100.8669,100.4083,102.3113,102.0362,0.7643,752721600,20.0300,20.0300,15.3600,15.9800,109.5000,115.5400,109.3300,115.0300,0,0,,,,,-1.2075,-0.5656,-0.8866,-0.0765,-18942300.0000,2.1700,0.9400,-0.1400,-1.4500,-3.8300,1.8000,0.6900,2.6400
2011-06-03,102.9992,99.4148,103.1138,99.6746,0.7643,832982500,15.8500,19.8700,15.1500,17.9500,114.6300,116.8600,113.5900,115.8400,0,0,,,,,2.1323,-0.9935,0.8025,-2.3616,80260900.0000,-4.1800,-0.1600,-0.2100,1.9700,5.1300,1.3200,4.2600,0.8100
2011-06-10,99.4225,97.2596,99.6288,97.5194,0.7643,939901900,18.4200,19.1600,17.2600,18.8600,114.9000,119.6000,114.1500,118.7800,0,0,,,,,-3.5767,-2.1552,-3.4850,-2.1552,106919400.0000,2.5700,-0.7100,2.1100,0.9100,0.2700,2.7400,0.5600,2.9400
2011-06-17,98.2256,97.0198,99.6696,97.5805,0.7680,1210445900,19.1000,24.6500,17.8000,21.8500,118.5300,120.7100,111.8800,113.2100,0,0,,,,,-1.1969,-0.2398,0.0408,0.0611,270544000.0000,0.6800,5.4900,0.5400,2.9900,3.6300,1.1100,-2.2700,-5.5700
2011-06-24,97.2502,96.9200,99.7003,97.3962,0.7680,1089755100,22.9900,23.0800,17.7200,21.1000,112.0700,114.3200,103.7200,105.1200,0,0,,,,,-0.9754,-0.0998,0.0307,-0.1843,-120690800.0000,3.8900,-1.5700,-0.0800,-0.7500,-6.4600,-6.3900,-8.1600,-8.0900
2011-07-01,97.4576,97.2656,102.9952,102.8570,0.7680,1004464900,21.6000,21.8200,15.1200,15.8700,104.9200,112.9200,102.4000,111.7700,0,0,,,,,0.2074,0.3456,3.2949,5.4608,-85290200.0000,-1.3900,-1.2600,-2.6000,-5.2300,-7.1500,-1.4000,-1.3200,6.6500
2011-07-08,102.7495,102.2349,104.2241,103.2257,0.7680,673832300,16.3200,17.1400,15.3000,15.9500,113.6500,119.7900,112.5800,118.3300,0,0,,,,,5.2919,4.9693,1.2289,0.3687,-330632600.0000,-5.2800,-4.6800,0.1800,0.0800,8.7300,6.8700,10.1800,6.5600
2011-07-15,101.9584,100.3685,102.3194,101.1443,0.7680,1060781500,17.4400,21.6800,17.1600,19.5300,116.6200,118.7500,115.2500,117.2600,0,0,,,,,-0.7911,-1.8664,-1.9047,-2.0814,386949200.0000,1.1200,4.5400,1.8600,3.5800,2.9700,-1.0400,2.6700,-1.0700
2011-07-22,100.6757,99.5621,103.5482,103.3639,0.7680,871838100,21.2500,21.9300,17.1400,17.5200,116.5000,119.0400,114.7900,118.6700,0,0,,,,,-1.2827,-0.8064,1.2288,2.2196,-188943400.0000,3.8100,0.2500,-0.0200,-2.0100,-0.1200,0.2900,-0.4600,1.4100
2011-07-29,102.3808,98.2871,103.2948,99.3316,0.7680,1031930400,19.2600,25.9400,18.7300,25.2500,117.9900,118.8000,115.8000,116.7400,0,0,,,,,1.7051,-1.2750,-0.2534,-4.0323,160092300.0000,-1.9900,4.0100,1.5900,7.7300,1.4900,-0.2400,1.0100,-1.9300
2011-08-05,100.4914,89.7541,100.5836,92.2272,0.7680,2219616500,22.6300,39.2500,22.4600,32.0000,118.0900,119.9500,105.6900,109.3700,0,0,,,,,-1.8894,-8.5330,-2.7112,-7.1044,1187686100.0000,3.3700,13.3100,3.7300,6.7500,0.1000,1.1500,-10.1100,-7.3700
2011-08-12,89.7925,84.6926,92.2579,90.7218,0.7680,2884411300,36.9000,48.0000,34.0100,36.3600,106.8500,108.9000,99.0600,108.0300,0,0,,,,,-10.6989,-5.0615,-8.3257,-1.5054,664794800.0000,14.2700,8.7500,11.5500,4.3600,-11.2400,-11.0500,-6.6300,-1.3400
2011-08-19,91.5436,86.4054,93.0874,86.5129,0.7680,1732344500,34.7300,45.4000,30.8100,43.0500,108.2000,111.6300,106.4300,108.6200,0,0,,,,,1.7511,1.7128,0.8295,-4.2089,-1152066800.0000,-2.1700,-2.6000,-3.2000,6.6900,1.3500,2.7300,7.3700,0.5900
2011-08-26,88.4561,86.3363,91.7049,90.6066,0.7680,1479958200,38.8000,43.8400,34.0500,35.5900,106.3500,111.5300,105.3300,111.3600,0,0,,,,,-3.0875,-0.0691,-1.3825,4.0937,-252386300.0000,4.0700,-1.5600,3.2400,-7.4600,-1.8500,-0.1000,-1.1000,2.7400
2011-09-02,91.8278,90.1919,94.8616,90.5144,0.7680,1244224400,33.8100,34.7400,30.1600,33.9200,111.0600,115.2800,111.0600,112.3300,0,0,,,,,3.3717,3.8556,3.1567,-0.0922,-235733800.0000,-4.9900,-9.1000,-3.8900,-1.6700,4.7100,3.7500,5.7300,0.9700
2011-09-09,87.8570,87.8493,92.8877,89.0321,0.7680,1125697000,39.8400,40.7400,32.7900,38.5200,110.9300,116.4900,110.8500,112.7700,0,0,,,,,-3.9708,-2.3426,-1.9739,-1.4823,-118527400.0000,6.0300,6.0000,2.6300,4.6000,-0.1300,1.2100,-0.2100,0.4400
2011-09-16,88.3733,88.0490,94.1635,93.8160,0.7720,1509003200,42.5600,43.1800,30.4300,30.9800,111.6300,115.3400,110.9900,112.2200,0,0,,,,,0.5163,0.1997,1.2758,4.7839,383306200.0000,2.7200,2.4400,-2.3600,-7.5400,0.7000,-1.1500,0.1400,-0.5500
2011-09-23,92.2797,85.9260,94.1789,87.6553,0.7720,1597854300,34.8000,43.8700,31.4500,41.2500,111.8400,112.4000,103.4900,103.9700,0,0,,,,,3.9064,-2.1230,0.0154,-6.1607,88851100.0000,-7.7600,0.6900,1.0200,10.2700,0.2100,-2.9400,-7.5000,-8.2500
2011-09-30,88.4814,87.2230,92.3029,87.3542,0.7720,1445625600,40.9900,43.3400,35.3200,42.9600,105.5500,107.2200,101.8300,102.7600,0,0,,,,,-3.7983,1.2970,-1.8760,-0.3011,-152228700.0000,6.1900,-0.5300,3.8700,1.7100,-6.2900,-5.1800,-1.6600,-1.2100
2011-10-07,86.8447,82.9383,90.5195,89.3306,0.7720,1678881000,44.2500,46.8800,35.1900,36.2000,101.8500,106.2900,99.3800,105.8800,0,0,,,,,-1.6367,-4.2847,-1.7834,1.9764,233255400.0000,3.2600,3.5400,-0.1300,-6.7600,-3.7000,-0.9300,-2.4500,3.1200
2011-10-14,90.8515,90.8437,94.6498,94.6266,0.7720,1145235600,35.4500,35.4500,28.0800,28.2400,106.0800,114.7400,105.7800,114.6800,0,0,,,,,4.0068,7.9054,4.1303,5.2960,-533645400.0000,-8.8000,-11.4300,-7.1100,-7.9600,4.2300,8.4500,6.4000,8.8000
2011-10-21,94.1789,92.0250,95.8233,95.7075,0.7720,1288845800,30.3500,36.8700,29.6900,31.3200,112.0000,112.3200,107.3500,109.5600,0,0,,,,,3.3274,1.1813,1.1735,1.0809,143610200.0000,-5.1000,1.4200,1.6100,3.0800,5.9200,-2.4200,1.5700,-5.1200
2011-10-28,95.8619,94.3487,99.9150,99.2820,0.7720,1379992900,31.6700,33.3000,24.4400,24.5300,110.2700,112.7000,108.8300,109.9100,0,0,,,,,1.6830,2.3237,4.0917,3.5745,91147100.0000,1.3200,-3.5700,-5.2500,-6.7900,-1.7300,0.3800,1.4800,0.3500
2011-11-04,98.1703,93.8161,99.2974,96.8733,0.7720,1430006500,27.0900,37.5300,27.0100,30.1600,109.4000,111.9700,108.4400,111.9700,0,0,,,,,2.3084,-0.5326,-0.6176,-2.4087,50013600.0000,-4.5800,4.2300,2.5700,5.6300,-0.8700,-0.7300,-0.3900,2.0600
2011-11-11,96.8038,94.8506,98.8342,97.7842,0.7720,1180816400,31.4000,36.4300,27.4700,30.0400,113.0000,116.4300,111.4300,114.1600,0,0,,,,,-1.3665,1.0345,-0.4632,0.9109,-249190100.0000,4.3100,-1.1000,0.4600,-0.1200,3.6000,4.4600,2.9900,2.1900
2011-11-18,97.4214,93.5922,98.3941,94.1712,0.7720,1126550200,31.4200,36.4600,30.4000,32.0000,113.1800,113.1800,107.0000,107.5600,0,0,,,,,0.6176,-1.2584,-0.4401,-3.6130,-54266200.0000,0.0200,0.0300,2.9300,1.9600,0.1800,-3.2500,-4.4300,-6.6000
2011-11-25,92.7970,89.7089,92.9128,89.8170,0.7720,769992600,34.5900,35.2900,31.2800,34.4700,107.5100,109.5000,106.8600,106.4000,0,0,,,,,-4.6244,-3.8833,-5.4813,-4.3542,-356557600.0000,3.1700,-1.1700,0.8800,2.4700,-5.6700,-3.6800,-0.1400,-1.1600
2011-12-02,92.2874,91.7316,97.6607,96.3946,0.7720,1132431500,31.9300,33.1100,25.2900,27.5200,108.8600,111.0100,107.6400,109.9400,0,0,,,,,-0.5096,2.0227,4.7479,6.5776,362438900.0000,-2.6600,-2.1800,-5.9900,-6.9500,1.3500,1.5100,0.7800,3.5400
2011-12-09,97.9232,95.4605,98.2475,97.3133,0.7720,1091882700,26.7400,30.9100,26.0000,26.3800,111.2200,111.4600,107.3200,108.6200,0,0,,,,,5.6358,3.7289,0.5868,0.9187,-40548800.0000,-5.1900,-2.2000,0.7100,-1.1400,2.3600,0.4500,-0.3200,-1.3200
2011-12-16,97.0759,94.2401,97.5576,94.4654,0.7769,1119195300,26.7800,27.7300,23.2700,24.2900,107.6000,109.6800,102.8300,103.3500,0,0,,,,,-0.8473,-1.2204,-0.6899,-2.8479,27312600.0000,0.0400,-3.1800,-2.7300,-2.0900,-3.6200,-1.7800,-4.4900,-5.2700
2011-12-23,94.8306,93.2534,98.2257,98.1946,0.7769,815204600,25.1400,25.3800,20.3400,20.7300,104.2000,108.2300,103.2300,107.9600,0,0,,,,,-2.2453,-0.9867,0.6681,3.7292,-303990700.0000,-1.6400,-2.3500,-2.9300,-3.5600,-3.4000,-1.4500,0.4000,4.6100
2011-12-30,98.0237,96.9050,98.5287,97.5032,0.7769,424289000,22.5800,23.5600,21.6800,23.4000,108.3300,109.4800,106.9100,107.3800,0,0,,,,,3.1931,3.6516,0.3030,-0.6914,-390915600.0000,-2.5600,-1.8200,1.3400,2.6700,4.1300,1.2500,3.6800,-0.5800
2012-01-06,99.2590,98.2257,99.7407,99.2201,0.7769,642829400,22.9500,23.7300,20.5800,20.6300,109.9500,114.0500,109.9500,113.0600,1,0,Bullish,99.7407,98.2257,98.9832,1.2353,1.3207,1.2120,1.7169,218540400.0000,0.3700,0.1700,-1.1000,-2.7700,1.6200,4.5700,3.0400,5.6800
2012-01-13,99.4455,98.9871,100.7662,100.0981,0.7769,625172800,21.6700,22.4300,20.0500,20.9100,113.4300,114.5200,109.7900,110.4400,0,0,,,,,0.1865,0.7614,1.0255,0.8780,-17656600.0000,-1.2800,-1.3000,-0.5300,0.2800,3.4800,0.4700,-0.1600,-2.6200
2012-01-20,101.0615,100.1447,102.5143,102.5143,0.7769,560163500,20.9000,23.4400,18.1600,18.2800,112.4800,112.4800,109.6500,109.8600,0,0,,,,,1.6160,1.1576,1.7481,2.4162,-65009300.0000,-0.7700,1.0100,-1.8900,-2.6300,-0.9500,-2.0400,-0.1400,-0.5800
2012-01-27,102.1724,101.4655,103.6408,102.4133,0.7769,751131900,19.2200,20.0000,16.8000,18.5300,110.8700,111.9600,109.0400,111.4600,0,0,,,,,1.1109,1.3208,1.1265,-0.1010,190968400.0000,-1.6800,-3.4400,-1.3600,0.2500,-1.6100,-0.5200,-0.6100,1.6000
2012-02-03,101.3955,101.0459,104.5887,104.5265,0.7769,744447200,20.3300,20.3300,16.1000,17.1000,111.2200,114.6200,110.4800,114.5800,0,0,,,,,-0.7769,-0.4196,0.9479,2.1132,-6684700.0000,1.1100,0.3300,-0.7000,-1.4300,0.3500,2.6600,1.4400,3.1200
2012-02-10,104.0914,103.8273,105.3423,104.3867,0.7769,699094400,17.9800,21.9800,16.1100,20.7900,114.0600,118.7700,113.9200,117.3100,0,0,,,,,2.6959,2.7814,0.7536,-0.1398,-45352800.0000,-2.3500,1.6500,0.0100,3.6900,2.8400,4.1500,3.4400,2.7300
2012-02-17,105.1325,104.3012,106.1503,105.9794,0.7769,792803700,19.6400,21.7700,17.5400,17.7800,118.2900,120.3100,117.4500,119.5800,0,0,,,,,1.0411,0.4739,0.8080,1.5927,93709300.0000,1.6600,-0.2100,1.4300,-3.0100,4.2300,1.5400,3.5300,2.2700
2012-02-24,106.2280,105.2724,106.5931,106.3833,0.7769,501741000,18.4100,18.9700,16.4200,17.3100,119.8000,125.5500,119.8000,125.4700,0,0,,,,,1.0955,0.9712,0.4428,0.4039,-291062700.0000,-1.2300,-2.8000,-1.1200,-0.4700,1.5100,5.2400,2.3500,5.8900
2012-03-02,105.6764,105.5054,107.3623,106.6786,0.7769,726681300,19.1000,19.2500,17.1400,17.2900,124.3000,128.2500,120.6800,123.6500,0,0,,,,,-0.5516,0.2330,0.7692,0.2953,224940300.0000,0.6900,0.2800,0.7200,-0.0200,4.5000,2.7000,0.8800,-1.8200
2012-03-09,106.5154,104.3867,107.1603,106.8806,0.7769,726392800,18.2700,21.2400,16.6300,17.1100,123.8700,126.2900,121.6500,125.9800,0,0,,,,,0.8390,-1.1187,-0.2020,0.2020,-288500.0000,-0.8300,1.9900,-0.5100,-0.1800,-0.4300,-1.9600,0.9700,2.3300
2012-03-16,107.3334,106.9744,109.8538,109.4793,0.7803,751269600,15.7900,16.6700,13.6600,14.4700,124.3000,126.7100,123.2100,125.8100,0,0,,,,,0.8180,2.5877,2.6935,2.5987,24876800.0000,-2.4800,-4.5700,-2.9700,-2.6400,0.4300,0.4200,1.5600,-0.1700
2012-03-23,109.4091,108.1137,110.2440,108.9721,0.7803,625146900,15.4200,16.5800,14.1900,14.8200,125.1300,127.0200,122.3200,125.1300,0,0,,,,,2.0757,1.1393,0.3902,-0.5072,-126122700.0000,-0.3700,-0.0900,0.5300,0.3500,0.8300,0.3100,-0.8900,-0.6800
2012-03-30,109.7524,108.5351,110.6732,109.8772,0.7803,689045100,14.5100,17.2700,14.1400,15.5000,125.6800,126.1200,121.4300,122.8800,0,0,,,,,0.3433,0.4214,0.4292,0.9051,63898200.0000,-0.9100,0.6900,-0.0500,0.6800,0.5500,-0.9000,-0.8900,-2.2500
2012-04-06,109.7446,108.6677,110.9697,109.0813,0.7803,591883200,16.3500,17.7400,15.0200,16.7000,122.2100,125.9500,121.7500,123.4300,0,0,,,,,-0.0078,0.1326,0.2965,-0.7959,-97161900.0000,1.8400,0.4700,0.8800,1.2000,-3.4700,-0.1700,0.3200,0.5500
2012-04-13,107.7079,105.9366,109.1203,107.0134,0.7803,840617400,18.9400,21.0600,17.2000,19.5500,121.8800,122.7100,119.3100,121.8300,0,0,,,,,-2.0367,-2.7311,-1.8494,-2.0679,248734200.0000,2.5900,3.3200,2.1800,2.8500,-0.3300,-3.2400,-2.4400,-1.6000
2012-04-20,107.5597,106.5765,108.7458,107.6455,0.7803,761453400,18.8700,20.4200,16.9700,17.4400,120.0300,120.0500,116.7400,118.7600,0,0,,,,,-0.1482,0.6399,-0.3745,0.6321,-79164000.0000,-0.0700,-0.6400,-0.2300,-2.1100,-1.8500,-2.6600,-2.5700,-3.0700
2012-04-27,106.5453,106.0771,109.8616,109.5495,0.7803,726597900,20.2200,20.2700,15.7500,16.3200,117.9300,120.1000,117.2700,119.8300,0,0,,,,,-1.0144,-0.4994,1.1158,1.9040,-34855500.0000,1.3500,-0.1500,-1.2200,-1.1200,-2.1000,0.0500,0.5300,1.0700
2012-05-04,109.3310,106.8418,110.5405,106.9042,0.7803,712692400,17.0400,19.2800,16.0100,19.1600,119.3700,119.9600,111.8300,113.1800,0,0,,,,,2.7857,0.7647,0.6789,-2.6453,-13905500.0000,-3.1800,-0.9900,0.2600,2.8400,1.4400,-0.1400,-5.4400,-6.6500
2012-05-11,106.5218,104.9455,107.3411,105.8195,0.7803,865528500,19.8000,21.5900,17.9500,19.8900,113.0700,113.6500,110.5600,112.2600,0,0,,,,,-2.8092,-1.8963,-3.1994,-1.0847,152836100.0000,2.7600,2.3100,1.9400,0.7300,-6.3000,-6.3100,-1.2700,-0.9200
2012-05-18,104.8051,101.0908,105.8196,101.2391,0.7803,1146413600,21.4700,25.1400,20.7600,25.1000,111.0200,112.5300,106.8600,107.1400,0,0,,,,,-1.7167,-3.8547,-1.5215,-4.5804,280885100.0000,1.6700,3.5500,2.8100,5.2100,-2.0500,-1.1200,-3.7000,-5.1200
2012-05-25,101.5668,101.4029,103.9623,103.0806,0.7803,883173900,24.8800,24.8800,19.9800,21.7600,107.8300,109.2700,105.4700,106.8300,0,0,,,,,-3.2383,0.3121,-1.8573,1.8415,-263239700.0000,3.4100,-0.2600,-0.7800,-3.3400,-3.1900,-3.2600,-1.3900,-0.3100
2012-06-01,103.9078,100.0062,104.5086,100.0062,0.7803,764680800,21.7000,26.7100,20.9900,26.6600,107.1900,107.8300,97.5800,98.4300,0,0,,,,,2.3410,-1.3967,0.5463,-3.0744,-118493100.0000,-3.1800,1.8300,1.0100,4.9000,-0.6400,-1.4400,-7.8900,-8.4000
2012-06-08,100.1856,99.2102,104.1965,103.8609,0.7803,879586100,26.3500,27.7300,20.2900,21.2300,96.7700,102.2900,96.7300,99.4700,0,0,,,,,-3.7222,-0.7960,-0.3121,3.8547,114905300.0000,4.6500,1.0200,-0.7000,-5.4300,-10.4200,-5.5400,-0.8500,1.0400
2012-06-15,105.2384,102.8774,105.3090,105.2148,0.7844,923971800,19.8700,24.9300,19.6300,21.1100,100.3900,100.5900,96.6500,97.6100,0,0,,,,,5.0528,3.6672,1.1125,1.3539,44385700.0000,-6.4800,-2.8000,-0.6600,-0.1200,3.6200,-1.7000,-0.0800,-1.8600
2012-06-22,104.7756,103.7951,106.8698,104.6815,0.7844,810496700,21.7600,21.9800,16.7700,18.1100,97.0000,97.0000,89.0400,90.9800,0,0,,,,,-0.4628,0.9177,1.5608,-0.5333,-113475100.0000,1.8900,-2.9500,-2.8600,-3.0000,-3.3900,-3.5900,-7.6100,-6.6300
2012-06-29,103.5755,102.6342,106.8855,106.7522,0.7844,777590700,20.4700,21.3600,16.8700,17.0800,90.2400,98.2700,89.7400,97.8000,0,0,,,,,-1.2001,-1.1609,0.0157,2.0707,-32906000.0000,-1.2900,-0.6200,0.1000,-1.0300,-6.7600,1.2700,0.7000,6.8200
2012-07-06,107.0502,105.7717,108.0856,106.2737,0.7844,487344100,17.6200,18.2500,16.2700,17.1000,96.0900,101.4200,95.8100,98.1900,1,0,Bullish,108.0856,105.7717,106.9287,3.4747,3.1375,1.2001,-0.4785,-290246600.0000,-2.8500,-3.1100,-0.6000,0.0200,5.8500,3.1500,6.0700,0.3900
2012-07-13,106.1874,104.0069,106.8541,106.4777,0.7844,686624500,18.1700,19.5100,16.3600,16.7400,98.8200,102.7000,97.8700,102.4000,0,0,,,,,-0.8628,-1.7648,-1.2315,0.2040,199280400.0000,0.5500,1.2600,0.0900,-0.3600,2.7300,1.2800,2.0600,4.2100
2012-07-20,106.2345,105.5364,108.3837,107.0424,0.7844,622487000,17.3100,17.4600,15.4500,16.2700,103.5500,108.1400,102.8700,106.8300,0,0,,,,,0.0471,1.5295,1.5296,0.5647,-64137500.0000,-0.8600,-2.0500,-0.9100,-0.4700,4.7300,5.4400,5.0000,4.4300
2012-07-27,105.4737,104.3442,109.0817,108.7758,0.7844,840929800,20.4100,21.0000,16.5200,16.7000,103.2000,106.5000,102.1800,106.4700,0,0,,,,,-0.7608,-1.1922,0.6980,1.7334,218442800.0000,3.1000,3.5400,1.0700,0.4300,-0.3500,-1.6400,-0.6900,-0.3600
2012-08-03,108.6503,106.3443,109.5288,109.3014,0.7844,723033300,17.5500,19.2500,15.6400,15.6400,105.7900,109.0700,104.2000,108.9400,0,0,,,,,3.1766,2.0001,0.4471,0.5256,-117896500.0000,-2.8600,-1.7500,-0.8800,-1.0600,2.5900,2.5700,2.0200,2.4700
2012-08-10,109.5916,109.4661,110.5328,110.4701,0.7844,475710400,15.8500,16.4700,14.7300,14.7400,108.5600,113.3000,108.1200,112.9500,0,0,,,,,0.9413,3.1218,1.0040,1.1687,-247322900.0000,-1.7000,-2.7800,-0.9100,-0.9000,2.7700,4.2300,3.9200,4.0100
2012-08-17,110.2818,109.8426,111.6152,111.5211,0.7844,455720100,14.0900,15.1500,13.3000,13.4500,114.7800,116.9000,112.8500,113.7100,0,0,,,,,0.6902,0.3765,1.0824,1.0510,-19990300.0000,-1.7600,-1.3200,-1.4300,-1.2900,6.2200,3.6000,4.7300,0.7600
2012-08-24,111.3642,109.9838,112.2349,110.9956,0.7844,528027900,14.1100,16.4500,13.3800,15.1800,114.4100,116.2900,112.9000,113.5900,0,0,,,,,1.0824,0.1412,0.6197,-0.5255,72307800.0000,0.0200,1.3000,0.0800,1.7300,-0.3700,-0.6100,0.0500,-0.1200
2012-08-31,111.2937,109.9603,111.4427,110.7211,0.7844,458457100,16.1500,18.0500,15.7500,17.4700,114.2400,114.8600,111.7600,114.5700,0,0,,,,,-0.0705,-0.0235,-0.7922,-0.2745,-69570800.0000,2.0400,1.6000,2.3700,2.2900,-0.1700,-1.4300,-1.1400,0.9800
2012-09-07,110.6269,109.9132,113.2546,113.2075,0.7844,486431100,18.6500,18.9600,14.3300,14.3800,115.8000,115.8100,112.4300,114.2500,0,0,,,,,-0.6668,-0.0471,1.8119,2.4864,27974000.0000,2.5000,0.9100,-1.4200,-3.0900,1.5600,0.9500,0.6700,-0.3200
2012-09-14,113.0977,112.5251,116.1724,115.4900,0.7844,658106600,14.2700,16.5400,13.5100,14.5100,114.5700,117.0000,114.1200,116.9000,0,0,,,,,2.4708,2.6119,2.9178,2.2825,171675500.0000,-4.3800,-2.4200,-0.8200,0.1300,-1.2300,1.1900,1.6900,2.6500
2012-09-21,115.8699,114.8369,116.0670,115.0261,0.7886,608820000,14.6700,14.9200,13.6100,13.9800,113.7600,113.8400,107.6600,111.4200,0,0,,,,,2.7722,2.3118,-0.1054,-0.4639,-49286600.0000,0.4000,-1.6200,0.1000,-0.5300,-0.8100,-3.1600,-6.4600,-5.4800
2012-09-28,114.4584,112.7236,115.3180,113.5279,0.7886,637875800,15.0600,17.0800,13.8700,15.7300,109.8700,112.7900,108.7000,112.3900,0,0,,,,,-1.4115,-2.1133,-0.7490,-1.4982,29055800.0000,0.3900,2.1600,0.2600,1.7500,-3.8900,-1.0500,1.0400,0.9700
2012-10-05,113.9616,113.4175,116.0434,115.2391,0.7886,619770200,16.0300,16.5300,13.6700,14.3300,111.7200,113.2400,107.7200,112.0200,0,0,,,,,-0.4968,0.6939,0.7254,1.7112,-18105600.0000,0.9700,-0.5500,-0.2000,-1.4000,1.8500,0.4500,-0.9800,-0.3700
2012-10-12,114.8133,112.4318,115.2233,112.6763,0.7886,599319200,15.1900,16.7900,14.9600,16.1400,111.2800,115.9100,111.1700,114.6200,0,0,,,,,0.8517,-0.9857,-0.8201,-2.5628,-20451000.0000,-0.8400,0.2600,1.2900,1.8100,-0.4400,2.6700,3.4500,2.6000
2012-10-19,112.9444,112.5817,115.5387,113.0706,0.7886,679092400,16.0500,17.6000,14.5000,17.0600,115.1200,115.8600,110.0700,110.1400,0,0,,,,,-1.8689,0.1499,0.3154,0.3943,79773200.0000,0.8600,0.8100,-0.4600,0.9200,3.8400,-0.0500,-1.1000,-4.4800
2012-10-26,112.8813,110.7049,113.2914,111.4619,0.7886,718295200,17.4400,19.6500,16.6200,17.8100,110.5700,110.9600,106.9300,109.5500,0,0,,,,,-0.0631,-1.8768,-2.2473,-1.6087,39202800.0000,1.3900,2.0500,2.1200,0.7500,-4.5500,-4.9000,-3.1400,-0.5900
2012-11-02,111.8562,110.9336,113.3308,111.6275,0.7886,342136300,17.6800,18.8400,16.0500,17.5900,109.6600,109.7000,105.5700,105.6800,0,0,,,,,-1.0251,0.2287,0.0394,0.1656,-376158900.0000,0.2400,-0.8100,-0.5700,-0.2200,-0.9100,-1.2600,-1.3600,-3.8700
2012-11-09,111.4619,108.4654,113.1731,108.9464,0.7886,852323700,18.3300,19.4000,17.1900,18.6100,105.4800,111.1000,105.0600,109.4000,0,0,,,,,-0.3943,-2.4682,-0.1577,-2.6811,510187400.0000,0.6500,0.5600,1.1400,1.0200,-4.1800,1.4000,-0.5100,3.7200
2012-11-16,109.2855,106.2180,109.8060,107.5349,0.7886,829813100,18.1500,18.6400,15.9300,16.4100,109.0200,110.9800,107.5000,110.9800,0,0,,,,,-2.1764,-2.2474,-3.3671,-1.4115,-22510600.0000,-0.1800,-0.7600,-1.2600,-2.2000,3.5400,-0.1200,2.4400,1.5800
2012-11-23,108.7414,107.5665,111.5014,111.4619,0.7886,418423200,15.8800,15.9800,14.7700,15.1400,110.8400,111.6400,109.0300,111.3800,0,0,,,,,-0.5441,1.3485,1.6954,3.9270,-411389900.0000,-2.2700,-2.6600,-1.1600,-1.2700,1.8200,0.6600,1.5300,0.4000
2012-11-30,110.9100,109.6088,112.3767,112.0928,0.7886,693511300,15.6300,16.9800,14.8900,15.8700,111.0400,111.2900,108.5000,111.2300,0,0,,,,,2.1686,2.0423,0.8753,0.6309,275088100.0000,-0.2500,1.0000,0.1200,0.7300,0.2000,-0.3500,-0.5300,-0.1500
2012-12-07,112.6053,110.6891,112.6999,112.2978,0.7886,611416000,15.8100,17.5300,15.7300,15.9000,111.4200,112.3200,106.7000,107.0200,0,0,,,,,1.6953,1.0803,0.3232,0.2050,-82095300.0000,0.1800,0.5500,0.8400,0.0300,0.3800,1.0300,-1.8000,-4.2100
2012-12-14,112.1401,111.8799,113.9853,112.0534,0.7886,670707900,16.4700,17.1500,15.4100,17.0000,107.9000,110.4700,107.2500,109.1500,0,0,,,,,-0.4652,1.1908,1.2854,-0.2444,59291900.0000,0.6600,-0.3800,-0.3200,1.1000,-3.5200,-1.8500,0.5500,2.1300
2012-12-21,113.1419,112.7210,115.6117,113.3960,0.7941,886267200,17.2000,19.9300,15.4600,17.8400,109.9800,110.5300,108.7600,108.9700,0,0,,,,,1.0018,0.8411,1.6264,1.3426,215559300.0000,0.7300,2.7800,0.0500,0.8400,2.0800,0.0600,1.5100,-0.1800
2012-12-28,113.1499,111.0771,113.3325,111.2042,0.7941,477549600,18.4600,23.2300,17.8400,22.7200,108.4600,111.4600,108.1800,110.6200,1,0,Bullish,113.3325,111.0771,112.2048,0.0080,-1.6439,-2.2792,-2.1918,-408717600.0000,1.2600,3.3000,2.3800,4.8800,-1.5200,0.9300,-0.5800,1.6500
2013-01-04,110.9104,110.8151,116.4297,116.2391,0.7941,697573700,22.1400,22.7200,13.6400,13.8300,109.6500,112.9000,109.4800,111.3100,0,0,,,,,-2.2395,-0.2620,3.0972,5.0349,220024100.0000,3.6800,-0.5100,-4.2000,-8.8900,1.1900,1.4400,1.3000,0.6900
2013-01-11,115.8261,115.1352,116.8585,116.7950,0.7941,566665900,14.5300,14.5300,13.2200,13.3600,110.8000,112.9900,109.7000,110.6400,0,0,,,,,4.9157,4.3201,0.4288,0.5559,-130907800.0000,-7.6100,-8.1900,-0.4200,-0.4700,1.1500,0.0900,0.2200,-0.6700
2013-01-18,116.6521,116.1041,117.9227,117.7956,0.7941,591328800,13.6600,13.9900,12.2900,12.4600,111.1500,112.0200,110.3000,110.6100,0,0,,,,,0.8260,0.9689,1.0642,1.0006,24662900.0000,-0.8700,-0.5400,-0.9300,-0.9000,0.3500,-0.9700,0.6000,-0.0300
2013-01-25,117.7956,117.5177,119.3204,119.3204,0.7941,510031400,13.2800,13.5000,12.3000,12.8900,112.2000,113.8200,111.5700,113.2800,0,0,,,,,1.1435,1.4136,1.3977,1.5248,-81297400.0000,-0.3800,-0.4900,0.0100,0.4300,1.0500,1.8000,1.2700,2.6700
2013-02-01,119.3521,118.7327,120.2495,120.1066,0.7941,596648600,13.2900,14.4300,12.7200,12.9000,112.9700,117.0700,112.6400,116.7600,0,0,,,,,1.5565,1.2150,0.9291,0.7862,86617200.0000,0.0100,0.9300,0.4200,0.0100,0.7700,3.2500,1.0700,3.4800
2013-02-08,119.3760,118.6692,120.6228,120.5513,0.7941,677372500,14.0000,14.7500,12.8900,13.0200,115.9600,119.1500,115.3400,118.9000,0,0,,,,,0.0239,-0.0635,0.3733,0.4447,80723900.0000,0.7100,0.3200,0.1700,0.1200,2.9900,2.0800,2.7000,2.1400
2013-02-15,120.5036,120.2257,121.1945,120.7975,0.7941,517551100,13.3700,13.4200,12.2400,12.4600,118.0300,118.9200,117.5500,118.5800,0,0,,,,,1.1276,1.5565,0.5717,0.2462,-159821400.0000,-0.6300,-1.3300,-0.6500,-0.5600,2.0700,-0.2300,2.2100,-0.3200
2013-02-22,121.0039,119.0742,121.7266,120.6227,0.7941,545293800,12.8100,16.2100,12.0800,14.1700,117.3100,117.5700,113.3300,114.1000,0,0,,,,,0.5003,-1.1515,0.5321,-0.1748,27742700.0000,-0.5600,2.7900,-0.1600,1.7100,-0.7200,-1.3500,-4.2200,-4.4800
2013-03-01,121.2104,118.1132,121.4010,120.7975,0.7941,880703700,13.6900,19.2800,13.5700,15.3600,115.5100,115.8200,109.8400,110.4000,0,0,,,,,0.2065,-0.9610,-0.3256,0.1748,335409900.0000,0.8800,3.0700,1.4900,1.1900,-1.8000,-1.7500,-3.4900,-3.7000
2013-03-08,120.5195,120.3290,123.6088,123.4420,0.7941,524491200,16.1600,16.1600,12.4900,12.5900,110.4000,111.8100,109.1500,110.8500,0,0,,,,,-0.6909,2.2158,2.2078,2.6445,-356212500.0000,2.4700,-3.1200,-1.0800,-2.7700,-5.1100,-4.0100,-0.6900,0.4500
2013-03-15,123.8953,123.7438,125.0759,124.3021,0.7977,546984500,12.3100,12.9300,11.0500,11.3000,110.1700,111.1800,108.3200,109.3800,0,0,,,,,3.3758,3.4148,1.4671,0.8601,22493300.0000,-3.8500,-3.2300,-1.4400,-1.2900,-0.2300,-0.6300,-0.8300,-1.4700
2013-03-22,123.1135,122.5153,124.3978,124.1186,0.7977,647799500,13.4700,15.4000,12.3000,13.5700,109.0100,109.2800,107.0100,107.6600,0,0,,,,,-0.7818,-1.2285,-0.6781,-0.1835,100815000.0000,1.1600,2.4700,1.2500,2.2700,-1.1600,-1.9000,-1.3100,-1.7200
2013-03-29,124.4457,123.1216,125.1158,124.9722,0.7977,441062300,12.8500,14.6100,12.3900,12.7000,108.3800,110.0300,107.2900,110.0200,0,0,,,,,1.3322,0.6063,0.7180,0.8536,-206737200.0000,-0.6200,-0.7900,0.0900,-0.8700,-0.6300,0.7500,0.2800,2.3600
2013-04-05,124.9083,122.6589,125.4029,123.7677,0.7977,646416800,13.4600,15.6500,12.6200,13.9200,109.6800,111.7800,103.6300,104.1200,0,0,,,,,0.4626,-0.4627,0.2871,-1.2045,205354500.0000,0.6100,1.0400,0.2300,1.2200,1.3000,1.7500,-3.6600,-5.9000
2013-04-12,123.8554,123.4406,127.3971,126.6712,0.7977,550706900,14.0400,14.5000,11.9900,12.0600,105.3700,106.5000,101.3000,103.1100,0,0,,,,,-1.0529,0.7817,1.9942,2.9035,-95709900.0000,0.5800,-1.1500,-0.6300,-1.8600,-4.3100,-5.2800,-2.3300,-1.0100
2013-04-19,126.0331,122.4834,126.1368,124.0229,0.7977,908872400,13.1200,18.2000,12.6600,14.9700,101.4200,101.4200,97.5500,99.6500,0,0,,,,,2.1777,-0.9572,-1.2603,-2.6483,358165500.0000,-0.9200,3.7000,0.6700,2.9100,-3.9500,-5.0800,-3.7500,-3.4600
2013-04-26,124.2622,123.4406,127.0461,126.2245,0.7977,596455400,15.0800,16.0000,13.1300,13.6100,100.6600,103.4800,99.0300,103.1600,0,0,,,,,-1.7709,0.9572,0.9093,2.2016,-312417000.0000,1.9600,-2.2000,0.4700,-1.3600,-0.7600,2.0600,1.4800,3.5100
2013-05-03,126.5675,126.1128,129.1281,128.7212,0.7977,584067600,13.7200,14.6700,12.7700,12.8500,103.1800,104.9000,98.7600,104.1900,0,0,,,,,2.3053,2.6722,2.0820,2.4967,-12387800.0000,-1.3600,-1.3300,-0.3600,-0.7600,2.5200,1.4200,-0.2700,1.0300
2013-05-10,128.8169,128.7611,130.5798,130.3485,0.7977,464602100,13.0600,13.5300,12.4900,12.5900,104.6800,105.9300,101.5700,103.9100,0,0,,,,,2.2494,2.6483,1.4517,1.6273,-119465500.0000,-0.6600,-1.1400,-0.2800,-0.2600,1.5000,1.0300,2.8100,-0.2800
2013-05-17,130.1810,129.8779,133.2441,133.1643,0.7977,561277200,12.5700,13.4600,12.2600,12.4500,102.7200,104.0400,101.2500,103.7200,0,0,,,,,1.3641,1.1168,2.6643,2.8158,96675100.0000,-0.4900,-0.0700,-0.2300,-0.1400,-1.9600,-1.8900,-0.3200,-0.1900
2013-05-24,133.0366,130.7712,134.8633,131.8640,0.7977,787545500,13.2800,15.1100,12.8400,13.9900,103.7200,104.6000,100.6600,102.6400,0,0,,,,,2.8556,0.8933,1.6192,-1.3003,226268300.0000,0.7100,1.6500,0.5800,1.5400,1.0000,0.5600,-0.5900,-1.0800
2013-05-31,133.2440,130.1251,133.8343,130.3804,0.7977,588687100,13.6700,16.3500,13.5600,16.3000,104.0700,104.6800,100.0500,100.3900,0,0,,,,,0.2074,-0.6461,-1.0290,-1.4836,-198858400.0000,0.3900,1.2400,0.7200,2.3100,0.3500,0.0800,-0.6100,-2.2500
2013-06-07,130.6835,127.8278,131.6966,131.4573,0.7977,926323300,16.4000,18.5100,14.9600,15.1400,101.0600,105.0000,101.0200,104.5600,0,0,,,,,-2.5605,-2.2973,-2.1377,1.0769,337636200.0000,2.7300,2.1600,1.4000,-1.1600,-3.0100,0.3200,0.9700,4.1700
2013-06-14,131.8641,128.6654,131.9359,130.1650,0.7977,747319300,15.1600,18.6000,15.1000,17.1500,104.1700,104.3900,101.8200,104.2900,0,0,,,,,1.1806,0.8376,0.2393,-1.2923,-179004000.0000,-1.2400,0.0900,0.1400,2.0100,3.1100,-0.6100,0.8000,-0.2700
2013-06-21,131.7439,126.2749,133.1071,127.5580,0.8019,1050353400,16.5300,21.3200,15.3600,18.9000,105.2800,106.5300,100.0800,100.9100,0,0,,,,,-0.1202,-2.3905,1.1712,-2.6070,303034100.0000,1.3700,2.7200,0.2600,1.7500,1.1100,2.1400,-1.7400,-3.3800
2013-06-28,126.2268,124.8796,129.7632,128.6405,0.8019,809325800,20.8700,21.9100,16.1900,16.8600,100.7900,103.3400,99.7200,102.1600,0,0,,,,,-5.5171,-1.3953,-3.3439,1.0825,-241027600.0000,4.3400,0.5900,0.8300,-2.0400,-4.4900,-3.1900,-0.3600,1.2500
2013-07-05,129.3141,128.4802,130.7736,130.7255,0.8019,484451800,16.9000,17.3200,14.8900,14.8900,102.7200,107.8500,102.5200,107.7200,0,0,,,,,3.0873,3.6006,1.0104,2.0850,-324874000.0000,-3.9700,-4.5900,-1.3000,-1.9700,1.9300,4.5100,2.8000,5.5600
2013-07-12,131.3990,130.7736,134.6628,134.3260,0.8019,588605500,14.6600,15.2700,13.5700,13.8400,107.0900,109.0600,106.8000,108.8100,0,0,,,,,2.0849,2.2934,3.8892,3.6005,104153700.0000,-2.2400,-2.0500,-1.3200,-1.0500,4.3700,1.2100,4.2800,1.0900
2013-07-19,134.6949,133.9732,135.7373,135.6572,0.8019,458478400,13.9800,14.5600,12.5400,12.5400,108.4900,109.4000,107.0400,108.0700,0,0,,,,,3.2959,3.1996,1.0745,1.3312,-130127100.0000,-0.6800,-0.7100,-1.0300,-1.3000,1.4000,0.3400,0.2400,-0.7400
2013-07-26,135.8496,134.3340,136.2105,135.6090,0.8019,492075500,13.2300,13.7300,12.0700,12.7200,108.3700,108.6600,106.2700,107.1700,0,0,,,,,1.1547,0.3608,0.4732,-0.0482,33597100.0000,-0.7500,-0.8300,-0.4700,0.1800,-0.1200,-0.7400,-0.7700,-0.9000
2013-08-02,135.2642,134.8071,137.1005,137.0845,0.8019,508848400,13.5400,14.1400,11.9800,11.9800,107.6000,109.6300,105.7400,108.9500,0,0,,,,,-0.5854,0.4731,0.8900,1.4755,16772900.0000,0.3100,0.4100,-0.0900,-0.7400,-0.7700,0.9700,-0.5300,1.7800
2013-08-09,136.7799,135.1600,137.0926,135.7695,0.8019,420361400,12.2900,13.9100,11.8300,13.4100,108.1400,109.0200,105.8500,108.2200,0,0,,,,,1.5157,0.3529,-0.0079,-1.3150,-88487000.0000,-1.2500,-0.2300,-0.1500,1.4300,0.5400,-0.6100,0.1100,-0.7300
2013-08-16,135.0878,132.7142,136.2425,132.9788,0.8019,513028500,13.5200,14.8800,12.2900,14.3700,108.0200,111.2900,107.5500,111.1700,0,0,,,,,-1.6921,-2.4458,-0.8501,-2.7907,92667100.0000,1.2300,0.9700,0.4600,0.9600,-0.1200,2.2700,1.7000,2.9500
2013-08-23,132.8264,131.6637,133.7807,133.6123,0.8019,537622800,14.9400,16.5600,13.9800,13.9800,109.4100,111.2300,108.8000,111.0400,0,0,,,,,-2.2614,-1.0505,-2.4618,0.6335,24594300.0000,1.4200,1.6800,1.6900,-0.3900,1.3900,-0.0600,1.2500,-0.1300
2013-08-30,133.7486,130.7495,134.1576,131.2306,0.8019,610563900,14.3700,17.8100,13.9000,17.0100,110.9000,117.0200,110.5000,114.0100,0,0,,,,,0.9222,-0.9142,0.3769,-2.3817,72941100.0000,-0.5700,1.2500,-0.0800,3.0300,1.4900,5.7900,1.7000,2.9700
2013-09-06,132.4977,131.2707,133.9010,133.1472,0.8019,462611500,16.4700,17.3700,15.1700,15.8500,115.0700,116.5100,114.3100,116.1200,0,0,,,,,-1.2509,0.5212,-0.2566,1.9166,-147952400.0000,2.1000,-0.4400,1.2700,-1.1600,4.1700,-0.5100,3.8100,2.1100
2013-09-13,133.4760,133.4760,135.9699,135.7855,0.8019,443889200,15.8600,16.0200,13.7300,14.1600,115.2000,115.2700,110.6500,112.7800,0,0,,,,,0.9783,2.2053,2.0689,2.6383,-18722300.0000,-0.6100,-1.3500,-1.4400,-1.6900,0.1300,-1.2400,-3.6600,-3.3400
2013-09-20,137.9220,137.0194,139.8881,137.5674,0.8058,671767100,14.1000,14.6800,12.5200,13.1200,108.2300,111.0300,107.8700,109.2200,0,0,,,,,4.4460,3.5434,3.9182,1.7819,227877900.0000,-1.7600,-1.3400,-1.2100,-1.0400,-6.9700,-4.2400,-2.7800,-3.5600
2013-09-27,137.3821,135.7543,137.5110,136.1089,0.8058,504544800,14.0400,15.7900,13.5800,15.4600,109.2300,109.9400,107.4500,108.6300,1,0,Bullish,137.5110,135.7543,136.6327,-0.5399,-1.2651,-2.3771,-1.4585,-167222300.0000,-0.0600,1.1100,1.0600,2.3400,1.0000,-1.0900,-0.4200,-0.5900
2013-10-04,134.9566,134.4409,136.5843,136.0928,0.8058,658023000,17.4900,18.7100,15.4700,16.7400,107.7000,109.8400,106.8100,109.4600,0,0,,,,,-2.4255,-1.3134,-0.9267,-0.0161,153478200.0000,3.4500,2.9200,1.8900,1.2800,-1.5300,-0.1000,-0.6400,0.8300
2013-10-11,134.9082,132.5794,137.2450,137.1967,0.8058,744278000,18.7600,21.3400,15.4600,15.7200,108.3100,111.9800,108.1500,111.2800,0,0,,,,,-0.0484,-1.8615,0.6607,1.1039,86255000.0000,1.2700,2.6300,-0.0100,-1.0200,0.6100,2.1400,1.3400,1.8200
2013-10-18,136.3506,136.2459,140.6214,140.5247,0.8058,696972000,17.0800,18.6700,12.3400,13.0400,110.4200,111.2000,109.5900,110.9700,0,0,,,,,1.4424,3.6665,3.3764,3.3280,-47306000.0000,-1.6800,-2.6700,-3.1200,-2.6800,2.1100,-0.7800,1.4400,-0.3100
2013-10-25,140.5731,140.1782,141.8221,141.7818,0.8058,500226000,13.3400,14.2100,12.9300,13.0900,109.6700,110.9000,106.2800,106.9300,0,0,,,,,4.2225,3.9323,1.2007,1.2571,-196746000.0000,-3.7400,-4.4600,0.5900,0.0500,-0.7500,-0.3000,-3.3100,-4.0400
2013-11-01,141.7335,141.1936,143.0389,141.9913,0.8058,588982000,13.6200,14.3500,13.0600,13.2800,107.1700,110.1200,105.7900,105.9100,0,0,,,,,1.1604,1.0154,1.2168,0.2095,88756000.0000,0.2800,0.1400,0.1300,0.1900,-2.5000,-0.7800,-0.4900,-1.0200
2013-11-08,142.3781,140.8229,143.1436,142.8615,0.8058,552563000,13.3500,14.1400,12.6700,12.9000,105.9700,106.5400,103.0000,105.1200,0,0,,,,,0.6446,-0.3707,0.1047,0.8702,-36419000.0000,-0.2700,-0.2100,-0.3900,-0.3800,-1.2000,-3.5800,-2.7900,-0.7900
2013-11-15,142.7245,141.8946,145.1420,145.0856,0.8058,456701000,12.8500,13.3500,11.9900,12.1900,105.6500,108.8700,105.3100,108.5500,0,0,,,,,0.3464,1.0717,1.9984,2.2241,-95862000.0000,-0.5000,-0.7900,-0.6800,-0.7100,-0.3200,2.3300,2.3100,3.4300
2013-11-22,145.3273,143.4175,145.7141,145.6980,0.8058,497733000,12.4100,13.9400,12.2400,12.2600,108.1400,111.3700,106.5400,111.0500,0,0,,,,,2.6028,1.5229,0.5721,0.6124,41032000.0000,-0.4400,0.5900,0.2500,0.0700,2.4900,2.5000,1.2300,2.5000
2013-11-29,145.9558,145.3434,146.4554,145.8511,0.8058,281150900,12.5500,13.7800,12.4400,13.7000,109.9000,111.6600,108.0900,109.6900,0,0,,,,,0.6285,1.9259,0.7413,0.1531,-216582100.0000,0.1400,-0.1600,0.2000,1.4400,1.7600,0.2900,1.5500,-1.3600
2013-12-06,145.9236,143.7157,146.1976,145.8028,0.8058,573984000,13.9100,15.7100,13.6200,13.7900,109.7500,112.9400,109.3200,111.6100,0,0,,,,,-0.0322,-1.6277,-0.2578,-0.0483,292833100.0000,1.3600,1.9300,1.1800,0.0900,-0.1500,1.2800,1.2300,1.9200
2013-12-13,146.2298,143.2403,146.3910,143.5223,0.8058,505064000,13.9700,16.0900,13.4900,15.7600,111.6700,111.7000,108.0500,108.8300,0,0,,,,,0.3062,-0.4754,0.1934,-2.2805,-68920000.0000,0.0600,0.3800,-0.1300,1.9700,1.9200,-1.2400,-1.2700,-2.7800
2013-12-20,144.9820,143.6614,147.4450,147.0966,0.8102,754605200,15.6400,16.7500,12.8900,13.7900,109.3500,111.8500,109.1200,111.7700,0,0,,,,,-1.2478,0.4211,1.0540,3.5743,249541200.0000,1.6700,0.6600,-0.6000,-1.9700,-2.3200,0.1500,1.0700,2.9400
2013-12-27,147.8176,147.5098,149.2193,148.9519,0.8102,256145800,13.3700,13.5300,11.6900,12.4600,112.0000,112.8000,111.2800,112.1800,0,0,,,,,2.8356,3.8484,1.7743,1.8553,-498459400.0000,-2.2700,-3.2200,-1.2000,-1.3300,2.6500,0.9500,2.1600,0.4100
2014-01-03,148.9681,147.8420,149.6325,148.1741,0.8102,344004400,12.8700,14.5900,12.8300,13.7600,112.3600,112.5500,106.7800,106.8900,0,0,,,,,1.1505,0.3322,0.4132,-0.7778,87858600.0000,-0.5000,1.0600,1.1400,1.3000,0.3600,-0.2500,-4.5000,-5.2900
2014-01-10,148.6603,147.5179,149.2517,149.1869,0.8102,483464500,13.4100,14.0000,12.1400,12.1400,107.0400,108.1600,106.0500,107.2500,0,0,,,,,-0.3078,-0.3241,-0.3808,1.0128,139460100.0000,0.5400,-0.5900,-0.6900,-1.6200,-5.3200,-4.3900,-0.7300,0.3600
2014-01-17,148.8061,146.9184,149.8350,148.7818,0.8102,533573200,12.1800,13.6500,11.8100,12.4400,107.6400,107.7700,105.8300,107.0600,0,0,,,,,0.1458,-0.5995,0.5833,-0.4051,50108700.0000,-1.2300,-0.3500,-0.3300,0.3000,0.6000,-0.3900,-0.2200,-0.1900
2014-01-24,149.6406,144.8849,149.6973,144.9335,0.8102,491066100,12.6300,18.1400,12.5500,18.1400,106.9900,108.3200,106.2500,107.8800,0,0,,,,,0.8345,-2.0335,-0.1377,-3.8483,-42507100.0000,0.4500,4.4900,0.7400,5.7000,-0.6500,0.5500,0.4200,0.8200
2014-01-31,145.0712,143.3050,145.6788,144.3582,0.8102,821519600,17.2900,18.9900,15.8000,18.4100,107.7100,108.4000,106.3000,106.4000,0,0,,,,,-4.5694,-1.5799,-4.0185,-0.5753,330453500.0000,4.6600,0.8500,3.2500,0.2700,0.7200,0.0800,0.0500,-1.4800
2014-02-07,144.1881,140.7368,145.7275,145.5735,0.8102,887744800,18.5700,21.4800,15.0900,15.2900,106.0700,109.7200,105.3500,109.5700,0,0,,,,,-0.8831,-2.5682,0.0487,1.2153,66225200.0000,1.2800,2.4900,-0.7100,-3.1200,-1.6400,1.3200,-0.9500,3.1700
2014-02-14,145.5897,145.1927,149.3652,149.0897,0.8102,501791200,15.6300,15.7600,13.4400,13.5700,109.6500,109.6800,108.1900,108.7300,0,0,,,,,1.4016,4.4559,3.6377,3.5162,-385953600.0000,-2.9400,-5.7200,-1.6500,-1.7200,3.5800,-0.0400,2.8400,-0.8400
2014-02-21,149.2193,147.9392,149.8432,148.9844,0.8102,430099700,13.9500,15.8000,13.7700,14.6800,110.3100,110.8300,109.3700,109.8500,0,0,,,,,3.6296,2.7465,0.4780,-0.1053,-71691500.0000,-1.6800,0.0400,0.3300,1.1100,0.6600,1.1500,1.1800,1.1200
2014-02-28,149.3003,149.2355,151.6256,150.9288,0.8102,574548900,14.8300,14.8300,13.4900,14.0000,109.9000,110.7600,108.4000,109.0700,0,0,,,,,0.0810,1.2963,1.7824,1.9444,144449200.0000,0.8800,-0.9700,-0.2800,-0.6800,-0.4100,-0.0700,-0.9700,-0.7800
2014-03-07,149.6001,148.8709,153.0920,152.5249,0.8102,620701300,16.4700,16.7800,13.5100,14.1100,110.3700,112.3800,107.3800,109.0000,0,0,,,,,0.2998,-0.3646,1.4664,1.5961,46152400.0000,1.6400,1.9500,0.0200,0.1100,0.4700,1.6200,-1.0200,-0.0700
2014-03-14,152.2899,149.4300,152.8894,149.6082,0.8102,587706600,14.7600,18.2200,13.8400,17.8200,108.5700,108.6700,106.9900,108.5700,0,0,,,,,2.6898,0.5591,-0.2026,-2.9167,-32994700.0000,-1.7100,1.4400,0.3300,3.7100,-1.8000,-3.7100,-0.3900,-0.4300
2014-03-21,151.0253,150.9276,153.8165,151.5217,0.8138,656800400,16.3900,16.4000,13.7700,15.0000,108.5400,108.5400,105.4500,106.9200,0,0,,,,,-1.2646,1.4976,0.9271,1.9135,69093800.0000,1.6300,-1.8200,-0.0700,-2.8200,-0.0300,-0.1300,-1.5400,-1.6500
2014-03-28,152.0425,149.6500,152.4494,150.9439,0.8138,589131000,14.7000,16.0700,13.4600,14.4100,106.7600,108.3700,106.4500,108.0700,0,0,,,,,1.0172,-1.2776,-1.3671,-0.5778,-67669400.0000,-1.6900,-0.3300,-0.3100,-0.5900,-1.7800,-0.1700,1.0000,1.1500
2014-04-04,151.9042,150.9683,154.3698,151.6844,0.8138,514528000,13.8800,14.5500,12.6000,13.9600,107.8600,108.3300,103.9700,106.7200,0,0,,,,,-0.1383,1.3183,1.9204,0.7405,-74603000.0000,-0.8200,-1.5200,-0.8600,-0.4500,1.1000,-0.0400,-2.4800,-1.3500
2014-04-11,151.3182,147.5424,152.3110,147.7051,0.8138,693927000,14.9600,17.8500,13.7000,17.0300,106.5000,108.1300,105.1300,107.3300,0,0,,,,,-0.5860,-3.4259,-2.0588,-3.9793,179399000.0000,1.0800,3.3000,1.1000,3.0700,-1.3600,-0.2000,1.1600,0.6100
2014-04-18,148.8607,147.6482,152.0994,151.6763,0.8138,499927000,16.1400,17.5000,13.0700,13.3600,107.6000,110.1800,107.2900,109.5300,0,0,,,,,-2.4575,0.1058,-0.2116,3.9712,-194000000.0000,1.1800,-0.3500,-0.6300,-3.6700,1.1000,2.0500,2.1600,2.2000
2014-04-25,151.7170,151.2531,153.3119,151.5949,0.8138,416538000,14.1000,14.6700,12.9000,14.0600,109.5300,110.6300,108.5400,109.5800,0,0,,,,,2.8563,3.6049,1.2125,-0.0814,-83389000.0000,-2.0400,-2.8300,-0.1700,0.7000,1.9300,0.4500,1.2500,0.0500
2014-05-02,152.2133,150.5126,153.9141,153.0352,0.8138,511868000,14.2700,15.2800,12.8300,12.9100,109.8300,110.1600,106.8500,108.5900,0,0,,,,,0.4963,-0.7405,0.6022,1.4403,95330000.0000,0.1700,0.6100,-0.0700,-1.1500,0.3000,-0.4700,-1.6900,-0.9900
2014-05-09,152.2866,151.3670,153.8409,152.9539,0.8138,445134000,13.9500,14.4900,12.8700,12.9200,108.6900,109.0100,106.9800,107.8900,0,0,,,,,0.0733,0.8544,-0.0732,-0.0813,-66734000.0000,-0.3200,-0.7900,0.0400,0.0100,-1.1400,-1.1500,0.1300,-0.7000
2014-05-16,153.6374,151.7495,154.9557,153.0271,0.8138,478175000,12.4600,13.7700,11.8800,12.4400,108.3000,110.5900,108.0400,110.4200,0,0,,,,,1.3508,0.3825,1.1148,0.0732,33041000.0000,-1.4900,-0.7200,-0.9900,-0.4800,-0.3900,1.5800,1.0600,2.5300
2014-05-23,152.7342,152.2297,155.0046,154.8988,0.8138,387217800,13.1700,13.3000,11.3600,11.3600,109.8000,111.0300,109.0000,110.5400,0,0,,,,,-0.9032,0.4802,0.0489,1.8717,-90957200.0000,0.7100,-0.4700,-0.5200,-1.0800,1.5000,0.4400,0.9600,0.1200
2014-05-30,155.4765,155.3870,156.8925,156.7948,0.8138,279426000,11.6900,11.8600,11.3200,11.4000,110.1600,110.7500,109.2100,109.4100,0,0,,,,,2.7423,3.1573,1.8879,1.8960,-107791800.0000,-1.4800,-1.4400,-0.0400,0.0400,0.3600,-0.2800,0.2100,-1.1300
2014-06-06,157.0145,156.2170,159.0326,158.9919,0.8138,356031000,11.6900,12.3400,10.7300,10.7300,109.6200,109.9000,107.7700,108.6100,0,0,,,,,1.5380,0.8300,2.1401,2.1971,76605000.0000,0.0000,0.4800,-0.5900,-0.6700,-0.5400,-0.8500,-1.4400,-0.8000
2014-06-13,158.9676,157.1448,159.5372,157.9748,0.8138,379387000,11.2300,12.8100,10.9300,12.1800,108.6000,114.4000,108.6000,113.4100,0,0,,,,,1.9531,0.9278,0.5046,-1.0171,23356000.0000,-0.4600,0.4700,0.2000,1.4500,-1.0200,4.5000,0.8300,4.8000
2014-06-20,158.5355,158.3474,160.7513,160.2117,0.8177,464041000,12.6500,12.8900,10.3400,10.8500,113.2200,115.6900,112.1400,114.8100,0,0,,,,,-0.4321,1.2026,1.2141,2.2369,84654000.0000,1.4200,0.0800,-0.5900,-1.3300,4.6200,1.2900,3.5400,1.4000
2014-06-27,160.2525,158.7317,160.6695,160.1135,0.8177,405387100,11.2600,12.5100,10.8700,11.2600,115.2000,115.6500,112.9000,113.3000,0,0,,,,,1.7170,0.3843,-0.0818,-0.0982,-58653900.0000,-1.3900,-0.3800,0.5300,0.4100,1.9800,-0.0400,0.7600,-1.5100
2014-07-04,160.0154,159.8764,162.1331,162.0596,0.8177,266085000,11.7500,11.8100,10.2800,10.3200,113.1000,113.1000,110.5300,111.0000,0,0,,,,,-0.2371,1.1447,1.4636,1.9461,-139302100.0000,0.4900,-0.7000,-0.5900,-0.9400,-2.1000,-2.5500,-2.3700,-2.3000
2014-07-11,161.7489,159.4921,161.8797,160.7595,0.8177,406114000,11.1500,13.2300,11.0100,12.0800,110.9900,111.2700,106.2600,106.6600,0,0,,,,,1.7335,-0.3843,-0.2534,-1.3001,140029000.0000,-0.6000,1.4200,0.7300,1.7600,-2.1100,-1.8300,-4.2700,-4.3400
2014-07-18,161.5772,159.7947,162.1087,161.6590,0.8177,519679400,11.6000,15.3800,10.5900,12.0600,106.8500,108.6400,104.5100,107.2400,0,0,,,,,-0.1717,0.3026,0.2290,0.8995,113565400.0000,0.4500,2.1500,-0.4200,-0.0200,-4.1400,-2.6300,-1.7500,0.5800
2014-07-25,161.1520,160.6124,162.7628,161.6671,0.8177,334607000,12.8500,13.6200,11.4100,12.6900,107.1300,108.4500,106.7400,108.3900,0,0,,,,,-0.4252,0.8177,0.6541,0.0081,-185072400.0000,1.2500,-1.7600,0.8200,0.6300,0.2800,-0.1900,2.2300,1.1500
2014-08-01,161.6998,156.6385,162.2640,157.3989,0.8177,626687000,12.9300,17.5700,12.1200,17.0300,108.0700,108.0800,104.4000,104.8400,1,0,Bullish,162.2640,156.6385,159.4513,0.5478,-3.9739,-0.4988,-4.2682,292080000.0000,0.0800,3.9500,0.7100,4.3400,0.9400,-0.3700,-2.3400,-3.5500
2014-08-08,157.7015,155.8045,158.8707,158.0040,0.8177,591595000,16.6400,17.3000,14.6900,15.7700,104.7400,106.8200,104.0800,105.0200,0,0,,,,,-3.9983,-0.8340,-3.3933,0.6051,-35092000.0000,3.7100,-0.2700,2.5700,-1.2600,-3.3300,-1.2600,-0.3200,0.1800
2014-08-15,158.6009,157.7587,160.7922,160.0318,0.8177,414545000,15.1600,15.1600,11.8900,13.1500,104.8900,105.4100,101.9500,101.9500,0,0,,,,,0.8994,1.9542,1.9215,2.0278,-177050000.0000,-1.4800,-2.1400,-2.8000,-2.6200,0.1500,-1.4100,-2.1300,-3.0700
2014-08-22,160.9148,160.8249,163.3351,162.8690,0.8177,351220000,12.8500,13.5100,11.4700,11.4700,102.9400,102.9900,101.0700,102.2900,0,0,,,,,2.3139,3.0662,2.5429,2.8372,-63325000.0000,-2.3100,-1.6500,-0.4200,-1.6800,-1.9500,-2.4200,-0.8800,0.3400
2014-08-29,163.6459,162.8364,164.2019,164.1120,0.8177,283264000,11.5800,12.7300,11.2400,12.0900,102.5100,103.3700,101.9000,103.1900,0,0,,,,,2.7311,2.0115,0.8668,1.2430,-67956000.0000,-1.2700,-0.7800,-0.2300,0.6200,-0.4300,0.3800,0.8300,0.9000
2014-09-05,164.3245,163.0490,164.8233,164.4390,0.8177,317301000,12.3200,13.4100,11.7000,12.0900,103.1000,103.2800,100.1900,100.8200,0,0,,,,,0.6786,0.2126,0.6214,0.3270,34037000.0000,0.7400,0.6800,0.4600,0.0000,0.5900,-0.0900,-1.7100,-2.3700
2014-09-12,164.2836,162.3539,164.5207,162.8200,0.8177,404171700,12.6400,14.2700,12.4000,13.3100,100.9500,100.9900,96.7400,97.1100,0,0,,,,,-0.0409,-0.6951,-0.3026,-1.6190,86870700.0000,0.3200,0.8600,0.7000,1.2200,-2.1500,-2.2900,-3.4500,-3.7100
2014-09-19,163.6057,162.9650,165.8566,164.8708,0.8215,560507000,13.5400,14.5300,11.5200,12.1100,96.8500,99.5400,95.9900,98.3900,0,0,,,,,-0.6779,0.6111,1.3359,2.0508,156335300.0000,0.9000,0.2600,-0.8800,-1.2000,-4.1000,-1.4500,-0.7500,1.2800
2014-09-26,164.5833,161.2317,164.6080,162.5707,0.8215,598069000,13.1400,16.6900,13.1300,14.8500,98.2000,98.2000,95.6200,97.0000,0,0,,,,,0.9776,-1.7333,-1.2486,-2.3001,37562000.0000,-0.4000,2.1600,1.6100,2.7400,1.3500,-1.3400,-0.3700,-1.3900
2014-10-03,161.1742,158.0115,162.8993,161.4371,0.8215,683066000,16.9600,17.9800,14.4400,14.5500,97.0000,97.7900,91.4800,92.3100,0,0,,,,,-3.4091,-3.2202,-1.7087,-1.1336,84997000.0000,3.8200,1.2900,1.3100,-0.3000,-1.2000,-0.4100,-4.1400,-4.6900
2014-10-10,162.1106,156.4835,162.3242,156.5246,0.8215,871766000,14.4600,22.0600,14.0500,21.2400,91.9500,93.1900,88.0500,90.2100,0,0,,,,,0.9364,-1.5280,-0.5751,-4.9125,188700000.0000,-2.5000,4.0800,-0.3900,6.6900,-5.0500,-4.6000,-3.4300,-2.1000
2014-10-17,156.4589,149.4435,157.0257,154.8241,0.8215,1312517000,21.1600,31.0600,20.2300,21.9900,89.6900,89.6900,82.7000,84.5400,1,0,Bullish,157.0257,149.4435,153.2346,-5.6517,-7.0400,-5.2985,-1.7005,440751000.0000,6.7000,9.0000,6.1800,0.7500,-2.2600,-3.5000,-5.3500,-5.6700
2014-10-24,154.5449,154.4956,161.4125,161.3632,0.8215,709653000,22.1100,22.1600,15.5600,16.1100,86.2200,87.1600,84.1300,86.1300,0,0,,,,,-1.9140,5.0521,4.3868,6.5391,-602864000.0000,0.9500,-8.9000,-4.6700,-5.8800,-3.4700,-2.5300,1.4300,1.5900
2014-10-31,160.7880,160.2130,165.7908,165.6594,0.8215,592480000,17.2400,17.8700,13.7200,14.0300,86.1700,87.9200,84.5400,85.8600,0,0,,,,,6.2431,5.7174,4.3783,4.2962,-117173000.0000,-4.8700,-4.2900,-1.8400,-2.0800,-0.0500,0.7600,0.4100,-0.2700
2014-11-07,165.8730,164.3451,167.2531,167.0395,0.8215,475281000,14.4100,15.9300,13.0100,13.1200,85.8600,86.3900,81.6500,83.3900,0,0,,,,,5.0850,4.1321,1.4623,1.3801,-117199000.0000,-2.8300,-1.9400,-0.7100,-0.9100,-0.3100,-1.5300,-2.8900,-2.4700
2014-11-14,167.0724,166.8670,168.2636,167.7789,0.8215,376714100,13.1600,14.3100,12.3800,13.3100,83.7200,84.9500,77.7400,77.7400,0,0,,,,,1.1994,2.5219,1.0105,0.7394,-98566900.0000,-1.2500,-1.6200,-0.6300,0.1900,-2.1400,-1.4400,-3.9100,-5.6500
2014-11-21,167.4585,167.2942,170.7362,169.7833,0.8215,454049700,14.7000,15.7400,12.9000,12.9000,79.2100,81.5600,77.5800,80.3600,0,0,,,,,0.3861,0.4272,2.4726,2.0044,77335600.0000,1.5400,1.4300,0.5200,-0.4100,-4.5100,-3.3900,-0.1600,2.6200
2014-11-28,170.1858,169.8819,170.7608,170.2104,0.8215,265047000,12.9200,13.4900,11.9100,13.3300,80.4200,80.7900,69.8300,70.1500,0,0,,,,,2.7273,2.5877,0.0246,0.4271,-189002700.0000,-1.7800,-2.2500,-0.9900,0.4300,1.2100,-0.7700,-7.7500,-10.2100
2014-12-05,169.5533,168.7154,171.2538,170.8677,0.8215,429769700,14.1600,14.7500,11.5300,11.8900,70.1900,73.0100,67.5900,69.0700,0,0,,,,,-0.6325,-1.1665,0.4930,0.6573,164722700.0000,1.2400,1.2600,-0.3800,-1.4400,-10.2300,-7.7800,-2.2400,-1.0800
2014-12-12,170.4733,164.9940,170.9662,165.0269,0.8215,754967700,13.0500,23.0600,12.5500,21.0800,68.3900,68.4400,61.3600,61.8500,0,0,,,,,0.9200,-3.7214,-0.2876,-5.8408,325198000.0000,-1.1100,8.3100,1.0200,9.1900,-1.8000,-4.5700,-6.2300,-7.2200
2014-12-19,166.8381,163.4349,175.9160,170.5882,0.8260,1206138200,19.5900,25.2000,16.0700,16.4900,60.7300,63.6300,58.5900,61.3800,0,0,,,,,-3.6352,-1.5591,4.9498,5.5613,451170500.0000,6.5400,2.1400,3.5200,-4.5900,-7.6600,-4.8100,-2.7700,-0.4700
2014-12-26,170.7782,170.5386,172.5128,172.1741,0.8260,370776900,16.3200,16.8800,14.0100,14.5000,61.8800,62.9400,59.2400,59.4500,0,0,,,,,3.9401,7.1037,-3.4032,1.5859,-835361300.0000,-3.2700,-8.3200,-2.0600,-1.9900,1.1500,-0.6900,0.6500,-1.9300
2015-01-02,171.9925,168.6554,172.6120,169.6879,0.8260,404984400,16.0400,20.1400,15.0600,17.7900,59.8500,60.4100,55.5200,56.4200,0,0,,,,,1.2143,-1.8832,0.0992,-2.4862,34207500.0000,-0.2800,3.2600,1.0500,3.2900,-2.0300,-2.5300,-3.7200,-3.0300
2015-01-09,168.6471,164.2609,170.5056,168.7132,0.8260,809915800,19.1900,22.9000,16.4400,17.5500,56.2900,56.2900,48.9000,50.1100,0,0,,,,,-3.3454,-4.3945,-2.1064,-0.9747,404931400.0000,3.1500,2.7600,1.3800,-0.2400,-3.5600,-4.1200,-6.6200,-6.3100
2015-01-16,168.8453,164.0049,169.7292,166.5490,0.8260,940434000,18.0200,23.4300,17.6500,20.9500,49.8900,50.3300,45.2300,47.6900,0,0,,,,,0.1982,-0.2560,-0.7764,-2.1642,130518200.0000,-1.1700,0.5300,1.2100,3.4000,-6.4000,-5.9600,-3.6700,-2.4200
2015-01-23,167.1850,165.3430,170.3735,169.3079,0.8260,545806600,20.0700,21.3700,15.8100,16.6600,50.2000,50.4400,47.5200,48.7900,0,0,,,,,-1.6603,1.3381,0.6443,2.7589,-394627400.0000,2.0500,-2.0600,-1.8400,-4.2900,0.3100,0.1100,2.2900,1.1000
2015-01-30,169.0931,164.1122,169.7952,164.7482,0.8260,765883700,16.9600,22.1800,15.5200,20.9700,48.7100,53.0600,47.6000,52.9900,0,0,,,,,1.9081,-1.2308,-0.5783,-4.5597,220077100.0000,-3.1100,0.8100,-0.2900,4.3100,-1.4900,2.6200,0.0800,4.2000
2015-02-06,165.2439,163.4350,171.1830,169.7870,0.8260,645251800,20.8900,22.8100,16.0600,17.2900,52.6600,59.0300,51.4100,57.8000,0,0,,,,,-3.8492,-0.6772,1.3878,5.0388,-120631900.0000,3.9300,0.6300,0.5400,-3.6800,3.9500,5.9700,3.8100,4.8100
2015-02-13,169.1427,168.6223,173.3305,173.2810,0.8260,465687300,19.1600,19.2800,14.6900,14.6900,58.5600,59.5600,53.9500,57.3900,0,0,,,,,3.8988,5.1873,2.1475,3.4940,-179564500.0000,-1.7300,-3.5300,-1.3700,-2.6000,5.9000,0.5300,2.5400,-0.4100
2015-02-20,172.9671,172.4137,174.5613,174.4870,0.8260,389980000,15.8500,16.7400,14.2700,14.3000,61.7800,63.0300,57.8000,60.2200,0,0,,,,,3.8244,3.7914,1.2308,1.2060,-75707300.0000,-3.3100,-2.5400,-0.4200,-0.3900,3.2200,3.4700,3.8500,2.8300
2015-02-27,174.2392,173.8592,175.3130,174.0079,0.8260,400719000,15.0500,15.4800,12.8600,13.3400,60.1000,62.8100,58.1200,62.5800,0,0,,,,,1.2721,1.4455,0.7517,-0.4791,10739000.0000,-0.8000,-1.2600,-1.4100,-0.9600,-1.6800,-0.2200,0.3200,2.3600
2015-03-06,174.1070,171.0673,175.1643,171.3977,0.8260,577315400,13.9000,15.8300,12.8700,15.2000,62.2500,62.4000,59.1800,59.7300,0,0,,,,,-0.1322,-2.7919,-0.1487,-2.6102,176596400.0000,-1.1500,0.3500,0.0100,1.8600,2.1500,-0.4100,1.0600,-2.8500
2015-03-13,171.5960,168.8371,172.4633,170.0183,0.8260,613490300,15.7200,17.1900,14.7100,16.0000,59.7300,60.0300,54.4400,54.6700,0,0,,,,,-2.5110,-2.2302,-2.7010,-1.3794,36174900.0000,1.8200,1.3600,1.8400,0.8000,-2.5200,-2.3700,-4.7400,-5.0600
2015-03-20,171.5073,170.8021,175.2907,174.5772,0.8297,755050500,15.7800,16.3700,12.5400,13.0200,54.2700,56.8500,52.5800,55.3200,0,0,,,,,-0.0887,1.9650,2.8274,4.5589,141560200.0000,0.0600,-0.8200,-2.1700,-2.9800,-5.4600,-3.1800,-1.8600,0.6500
2015-03-27,174.5855,169.3584,175.1580,170.7025,0.8297,581117700,13.5200,17.1900,12.5900,15.0700,55.3400,59.7400,54.1600,56.4100,0,0,,,,,3.0782,-1.4437,-0.1327,-3.8747,-173932800.0000,-2.2600,0.8200,0.0500,2.0500,1.0700,2.8900,1.5800,1.0900
2015-04-03,171.7313,169.6820,173.0837,171.2833,0.8297,447153600,14.7600,16.6600,14.0800,14.6700,56.0800,57.6900,54.0000,54.9500,0,0,,,,,-2.8542,0.3236,-2.0743,0.5808,-133964100.0000,1.2400,-0.5300,1.4900,-0.4000,0.7400,-2.0500,-0.1600,-1.4600
2015-04-10,170.3955,170.2628,174.3117,174.2702,0.8297,443228200,15.7500,15.7600,12.5100,12.5800,54.8900,59.2700,54.7900,57.8700,0,0,,,,,-1.3358,0.5808,1.2280,2.9869,-3925400.0000,0.9900,-0.9000,-1.5700,-2.0900,-1.1900,1.5800,0.7900,2.9200
2015-04-17,174.1292,171.7563,175.0999,172.5362,0.8297,509113900,13.1700,15.0200,12.5000,13.8900,57.9500,64.4900,57.4600,63.4500,0,0,,,,,3.7337,1.4935,0.7882,-1.7340,65885700.0000,-2.5800,-0.7400,-0.0100,1.3100,3.0600,5.2200,2.6700,5.5800
2015-04-24,173.4571,173.3244,175.8716,175.6061,0.8297,406927200,13.6700,13.8000,12.1200,12.2900,63.9000,65.7700,61.4100,65.2800,0,0,,,,,-0.6721,1.5681,0.7717,3.0699,-102186700.0000,0.5000,-1.2200,-0.3800,-1.6000,5.9500,1.2800,3.9500,1.8300
2015-05-01,176.1702,172.2623,176.2947,174.8344,0.8297,556611100,12.3400,15.2900,12.3300,12.7000,65.4900,66.9400,63.9100,66.4600,0,0,,,,,2.7131,-1.0621,0.4231,-0.7717,149683900.0000,-1.3300,1.4900,0.2100,0.4100,1.5900,1.1700,2.5000,1.1800
2015-05-08,175.2575,171.5488,175.9130,175.5811,0.8297,563435800,13.1200,16.3600,12.1000,12.8600,66.4300,69.6000,64.2500,65.3900,0,0,,,,,-0.9127,-0.7135,-0.3817,0.7467,6824700.0000,0.7800,1.0700,-0.2300,0.1600,0.9400,2.6600,0.3400,-1.0700
2015-05-15,175.5397,173.0921,176.4026,176.2615,0.8297,462547700,13.3500,15.1300,12.3500,12.3800,65.3100,68.1500,64.2900,66.5700,0,0,,,,,0.2822,1.5433,0.4896,0.6804,-100888100.0000,0.2300,-1.2300,0.2500,-0.4800,-1.1200,-1.4500,0.0400,1.1800
2015-05-22,176.0955,176.0292,177.3733,176.7178,0.8297,345719900,13.0800,13.2700,11.8200,12.1300,66.8700,67.8900,63.9600,65.3700,0,0,,,,,0.5558,2.9371,0.9707,0.4563,-116827800.0000,-0.2700,-1.8600,-0.5300,-0.2500,1.5600,-0.2600,-0.3300,-1.2000
2015-05-29,176.2283,174.4029,176.7095,175.1829,0.8297,417416800,13.4500,14.6300,13.0500,13.8400,65.5800,66.2200,61.2700,65.5600,0,0,,,,,0.1328,-1.6263,-0.6638,-1.5349,71696900.0000,0.3700,1.3600,1.2300,1.7100,-1.2900,-1.6700,-2.6900,0.1900
2015-06-05,175.8466,173.3907,176.4523,174.0462,0.8297,546278200,13.9200,15.6500,13.4000,14.2100,65.4000,65.8500,60.9400,63.3100,0,0,,,,,-0.3817,-1.0122,-0.2572,-1.1367,128861400.0000,0.4700,1.0200,0.3500,0.3700,-0.1800,-0.3700,-0.3300,-2.2500
2015-06-12,173.9383,172.3204,175.9711,174.2453,0.8297,537908100,14.8400,15.7400,12.5600,13.7800,62.9000,66.3500,62.4700,63.8700,0,0,,,,,-1.9083,-1.0703,-0.4812,0.1991,-8370100.0000,0.9200,0.0900,-0.8400,-0.4300,-2.5000,0.5000,1.5300,0.5600
2015-06-19,173.9507,173.2420,177.8692,175.7599,0.8337,632747600,15.4800,15.6200,12.5400,13.9600,63.4400,65.4600,62.2800,63.0200,0,0,,,,,0.0124,0.9216,1.8981,1.5146,94839500.0000,0.6400,-0.1200,-0.0200,0.1800,0.5400,-0.8900,-0.1900,-0.8500
2015-06-26,176.6770,174.3842,177.2439,174.9345,0.8337,432762300,13.4200,14.9100,11.9300,14.0200,62.8100,65.0600,62.1000,63.2600,0,0,,,,,2.7263,1.1422,-0.6253,-0.8254,-199985300.0000,-2.0600,-0.7100,-0.6100,0.0600,-0.6300,-0.4000,-0.1800,0.2400
2015-07-03,173.4588,171.1493,174.9428,172.8418,0.8337,625900000,16.7000,19.8000,15.3900,16.7900,62.6500,63.8200,61.3600,62.0700,0,0,,,,,-3.2182,-3.2349,-2.3011,-2.0927,193137700.0000,3.2800,4.8900,3.4600,2.7700,-0.1600,-1.2400,-0.7400,-1.1900
2015-07-10,171.5579,170.1738,173.5588,172.9835,0.8337,729385700,18.6500,20.0500,15.9300,16.8300,60.3400,60.3400,55.1000,58.7300,0,0,,,,,-1.9009,-0.9755,-1.3840,0.1417,103485700.0000,1.9500,0.2500,0.5400,0.0400,-2.3100,-3.4800,-6.2600,-3.3400
2015-07-17,174.2425,174.2008,177.2106,177.1522,0.8337,481406400,15.2900,15.3600,11.7700,11.9500,58.2600,58.8300,56.4300,57.5200,0,0,,,,,2.6846,4.0270,3.6518,4.1687,-247979300.0000,-3.3600,-4.6900,-4.1600,-4.8800,-2.0800,-1.5100,1.3300,-1.2100
2015-07-24,177.3774,173.0836,177.7359,173.4171,0.8337,445343800,12.2500,14.7300,11.7100,13.7400,57.0900,57.4300,54.3000,54.6200,0,0,,,,,3.1349,-1.1172,0.5253,-3.7351,-36062600.0000,-3.0400,-0.6300,-0.0600,1.7900,-1.1700,-1.4000,-2.1300,-2.9000
2015-07-31,172.5334,171.9664,176.2935,175.5014,0.8337,556268500,15.6000,16.2700,11.8200,12.1200,54.4500,54.8600,51.6400,52.2100,0,0,,,,,-4.8440,-1.1172,-1.4424,2.0843,110924700.0000,3.3500,1.5400,0.1100,-1.6200,-2.6400,-2.5700,-2.6600,-2.4100
2015-08-07,175.4681,172.4750,176.1768,173.3754,0.8337,515462100,12.8500,14.5800,10.8800,13.3900,51.9600,51.9700,48.4300,48.6100,0,0,,,,,2.9347,0.5086,-0.1167,-2.1260,-40806400.0000,-2.7500,-1.6900,-0.9400,1.2700,-2.4900,-2.8900,-3.2100,-3.6000
2015-08-14,174.4843,171.2160,175.6432,174.6010,0.8337,540645600,12.7300,16.2800,12.1800,12.8300,48.2200,51.1000,48.0800,49.0300,0,0,,,,,-0.9838,-1.2590,-0.5336,1.2256,25183500.0000,-0.1200,1.7000,1.3000,-0.5600,-3.7400,-0.8700,-0.3500,0.4200
2015-08-21,174.0091,164.6795,175.6515,164.9380,0.8337,864627700,14.3200,28.3800,13.0100,28.0300,49.0300,49.1000,45.0800,45.4600,0,0,,,,,-0.4752,-6.5365,0.0083,-9.6630,323982100.0000,1.5900,12.1000,0.8300,15.2000,0.8100,-2.0000,-3.0000,-3.5700
2015-08-28,156.3172,152.0734,166.6138,166.1469,0.8337,1650892700,28.0300,53.2900,24.4900,26.0500,45.3500,50.9800,42.2200,50.0500,0,0,,,,,-17.6919,-12.6061,-9.0377,1.2089,786265000.0000,13.7100,24.9100,11.4800,-1.9800,-3.6800,1.8800,-2.8600,4.5900
2015-09-04,165.1714,159.0184,166.0218,160.5692,0.8337,938737300,27.0300,33.8200,23.4500,27.8000,49.8600,54.2900,47.7300,49.6100,0,0,,,,,8.8542,6.9450,-0.5920,-5.5777,-712155400.0000,-1.0000,-19.4700,-1.0400,1.7500,4.5100,3.3100,5.5100,-0.4400
2015-09-11,163.3622,161.9532,166.3053,164.0292,0.8337,543675700,25.0500,27.2200,21.5100,23.2000,49.2200,50.0300,46.8200,48.1400,0,0,,,,,-1.8092,2.9348,0.2835,3.4600,-395061600.0000,-1.9800,-6.6000,-1.9400,-4.6000,-0.6400,-4.2600,-0.9100,-1.4700
2015-09-18,165.0580,163.3902,170.0361,163.8009,0.8381,792543900,24.0300,25.3200,17.8700,22.2800,48.1500,50.1400,46.1600,47.4700,0,0,,,,,1.6958,1.4370,3.7308,-0.2283,248868200.0000,-1.0200,-1.9000,-3.6400,-0.9200,-1.0700,0.1100,-0.6600,-0.6700
2015-09-25,164.6306,159.7027,165.6698,161.6219,0.8381,666841300,21.9700,26.2900,20.0500,23.6200,47.5900,50.2600,47.4000,48.6000,1,0,Bullish,165.6698,159.7027,162.6863,-0.4274,-3.6875,-4.3663,-2.1790,-125702600.0000,-2.0600,0.9700,2.1800,1.3400,-0.5600,0.1200,1.2400,1.1300
2015-10-02,160.7251,156.6605,163.4488,163.4237,0.8381,843095800,25.0200,28.3300,20.3500,20.9400,48.3400,49.8400,46.9400,48.1300,0,0,,,,,-3.9055,-3.0422,-2.2210,1.8018,176254500.0000,3.0500,2.0400,0.3000,-2.6800,0.7500,-0.4200,-0.4600,-0.4700
2015-10-09,164.6473,164.5384,169.2064,168.7287,0.8381,621027000,20.3100,20.4200,16.3400,17.0800,48.2500,54.0500,47.8900,52.6500,0,0,,,,,3.9222,7.8779,5.7576,5.3050,-222068800.0000,-4.7100,-7.9100,-4.0100,-3.8600,-0.0900,4.2100,0.9500,4.5200
2015-10-16,168.8041,166.7257,170.3713,170.3546,0.8381,492262800,17.6800,18.7800,15.0500,15.0500,52.6100,53.3000,48.2500,48.7300,0,0,,,,,4.1568,2.1873,1.1649,1.6259,-128764200.0000,-2.6300,-1.6400,-1.2900,-2.0300,4.3600,-0.7500,0.3600,-3.9200
2015-10-23,169.7093,168.9969,174.2767,173.9080,0.8381,576364400,15.6800,16.7000,13.2400,14.4600,50.5600,50.6400,47.4400,47.9900,0,0,,,,,0.9052,2.2712,3.9054,3.5534,84101600.0000,-2.0000,-2.0800,-1.8100,-0.5900,-2.0500,-2.6600,-0.8100,-0.7400
2015-10-30,173.7320,172.4665,175.5255,174.2600,0.8381,504447900,14.7600,15.9900,12.8000,15.0700,47.9100,50.0000,46.4100,49.5600,0,0,,,,,4.0227,3.4696,1.2488,0.3520,-71916500.0000,-0.9200,-0.7100,-0.4400,0.6100,-2.6500,-0.6400,-1.0300,1.5700
2015-11-06,174.5869,174.4611,177.3860,176.0283,0.8381,466621600,15.4100,16.3900,13.6700,14.3300,49.4600,50.9200,47.2600,47.4200,0,0,,,,,0.8549,1.9946,1.8605,1.7683,-37826300.0000,0.6500,0.4000,0.8700,-0.7400,1.5500,0.9200,0.8500,-2.1400
2015-11-13,175.4165,169.6590,175.5674,169.7428,0.8381,549621600,15.3400,20.6700,15.0200,20.0800,47.4900,48.4000,43.6000,43.6100,0,0,,,,,0.8296,-4.8021,-1.8186,-6.2855,83000000.0000,-0.0700,4.2800,1.3500,5.7500,-1.9700,-2.5200,-3.6600,-3.8100
2015-11-20,169.5584,169.4411,176.0954,175.4165,0.8381,542343400,20.5100,20.5500,15.4700,15.4700,43.5800,45.5000,43.3500,44.6600,0,0,,,,,-5.8581,-0.2179,0.5280,5.6737,-7278200.0000,5.1700,-0.1200,0.4500,-4.6100,-3.9100,-2.9000,-0.2500,1.0500
2015-11-27,175.4752,173.8242,175.9780,175.6260,0.8381,253103500,16.1500,17.2100,15.0500,15.1200,44.3500,46.5000,43.5800,44.8600,0,0,,,,,5.9168,4.3831,-0.1174,0.2095,-289239900.0000,-4.3600,-3.3400,-0.4200,-0.3500,0.7700,1.0000,0.2300,0.2000
2015-12-04,175.7853,171.5950,176.8329,175.6764,0.8381,678260500,15.5500,19.3500,14.6300,14.8100,44.8500,45.7400,42.4400,43.0000,0,0,,,,,0.3101,-2.2292,0.8549,0.0504,425157000.0000,-0.6000,2.1400,-0.4200,-0.3100,0.5000,-0.7600,-1.1400,-1.8600
2015-12-11,175.3495,168.8796,175.7685,169.1897,0.8381,695103200,15.6500,25.2700,15.5800,24.3900,43.2200,43.2200,37.3600,37.9300,0,0,,,,,-0.4358,-2.7154,-1.0644,-6.4867,16842700.0000,0.1000,5.9200,0.9500,9.5800,-1.6300,-2.5200,-5.0800,-5.0700
2015-12-18,170.3568,168.4683,175.7608,168.6285,0.8431,957957800,24.7000,26.8100,16.1300,20.7000,37.8100,39.4000,36.3800,36.8800,0,0,,,,,-4.9927,-0.4113,-0.0077,-0.5612,262854600.0000,9.0500,1.5400,0.5500,-3.6900,-5.4100,-3.8200,-0.9800,-1.0500
2015-12-25,169.8004,168.6875,173.9482,173.4002,0.8431,369647300,19.6400,20.2100,14.4500,15.7400,36.6200,38.1000,35.9900,37.8900,0,0,,,,,-0.5564,0.2192,-1.8126,4.7717,-588310500.0000,-5.0600,-6.6000,-1.6800,-4.9600,-1.1900,-1.3000,-0.3900,1.0100
2016-01-01,172.7089,171.8743,175.1790,171.8743,0.8431,336736200,17.6500,20.3900,15.6300,18.2100,37.8200,37.9700,36.1100,37.2800,0,0,,,,,2.9085,3.1868,1.2308,-1.5259,-32911100.0000,-1.9900,0.1800,1.1800,2.4700,1.2000,-0.1300,0.1200,-0.6100
2016-01-08,169.0247,161.5131,170.2134,161.7997,0.8431,908565200,22.4800,27.0800,19.2500,27.0100,37.4000,38.9900,32.1800,33.5500,0,0,,,,,-3.6842,-10.3612,-4.9656,-10.0746,571829000.0000,4.8300,6.6900,3.6200,8.8000,-0.4200,1.0200,-3.9300,-3.7300
2016-01-15,162.7187,156.4042,164.2783,158.3348,0.8431,1147082700,25.5800,30.9500,21.4400,27.0200,33.1600,33.3800,29.9600,31.0100,0,0,,,,,-6.3060,-5.1089,-5.9351,-3.4649,238517500.0000,3.1000,3.8700,2.1900,0.0100,-4.2400,-5.6100,-2.2200,-2.5400
2016-01-22,160.1473,152.6104,160.8218,160.6194,0.8431,845884700,25.4000,32.0900,22.2200,22.3400,28.8000,32.2900,27.1100,32.1800,0,0,,,,,-2.5714,-3.7938,-3.4565,2.2846,-301198000.0000,-0.1800,1.1400,0.7800,-4.6800,-4.3600,-1.0900,-2.8500,1.1700
2016-01-29,160.1136,157.7024,163.4521,163.3172,0.8431,811418300,23.3000,27.2200,19.5000,20.2000,32.1800,35.8300,29.2800,34.7400,0,0,,,,,-0.0337,5.0920,2.6303,2.6978,-34466400.0000,-2.1000,-4.8700,-2.7200,-2.1400,3.3800,3.5400,2.1700,2.5600
2016-02-05,162.3140,157.7362,164.0422,158.4528,0.8431,844001500,21.3200,27.7000,19.6100,23.3800,34.6900,35.8200,32.2400,34.0600,1,0,Bullish,164.0422,157.7362,160.8892,2.2004,0.0338,0.5901,-4.8644,32583200.0000,-1.9800,0.4800,0.1100,3.1800,2.5100,-0.0100,2.9600,-0.6800
2016-02-12,156.6149,152.6694,158.7816,157.3399,0.8431,870945200,25.8900,30.9000,24.4700,25.4000,33.9500,34.6700,29.9400,33.3600,0,0,,,,,-5.6991,-5.0668,-5.2606,-1.1129,26943700.0000,4.5700,3.2000,4.8600,2.0200,-0.7400,-1.1500,-2.3000,-0.7000
2016-02-19,159.1441,158.1830,162.9800,161.8672,0.8431,473396200,24.9600,25.5200,20.5200,20.5300,32.7300,35.7300,31.8400,33.0100,0,0,,,,,2.5292,5.5136,4.1984,4.5273,-397549000.0000,-0.9300,-5.3800,-3.9500,-4.8700,-1.2200,1.0600,1.9000,-0.3500
2016-02-26,163.4437,159.6078,165.8127,164.4722,0.8431,606469800,20.1400,22.8700,18.4600,19.8100,33.1200,36.9900,32.3700,35.1000,0,0,,,,,4.2996,1.4248,2.8327,2.6050,133073600.0000,-4.8200,-2.6500,-2.0600,-0.7200,0.3900,1.2600,0.5300,2.0900
2016-03-04,164.4891,162.9885,169.7498,168.9742,0.8431,594598600,20.4900,20.8100,16.0500,16.8600,35.1400,38.9800,34.8900,38.7200,0,0,,,,,1.0454,3.3807,3.9371,4.5020,-11871200.0000,0.3500,-2.0600,-2.4100,-2.9500,2.0200,1.9900,2.5200,3.6200
2016-03-11,168.0552,166.4028,170.9806,170.9385,0.8431,613798300,17.9800,19.5900,16.2800,16.5000,38.9900,41.4800,38.8800,40.3900,0,0,,,,,3.5661,3.4143,1.2308,1.9643,19199700.0000,-2.5100,-1.2200,0.2300,-0.3600,3.8500,2.5000,3.9900,1.6700
2016-03-18,171.3117,170.3711,173.9133,173.1930,0.8474,568735200,17.0100,17.8500,13.7500,14.0200,40.2600,42.5400,38.3200,41.2000,0,0,,,,,3.2565,3.9683,2.9327,2.2545,-45063100.0000,-0.9700,-1.7400,-2.5300,-2.4800,1.2700,1.0600,-0.5600,0.8100
2016-03-25,172.9302,170.9558,173.9132,172.1252,0.8474,335812000,14.5700,16.4400,13.7500,14.7400,41.2000,42.1200,39.2200,40.4400,0,0,,,,,1.6185,0.5847,-0.0001,-1.0678,-232923200.0000,-2.4400,-1.4100,0.0000,0.7200,0.9400,-0.4200,0.9000,-0.7600
2016-04-01,172.5404,171.5150,175.5317,175.3453,0.8474,450704000,15.6500,16.0400,13.0000,13.1000,40.5000,41.0000,38.7700,39.6600,0,0,,,,,-0.3898,0.5592,1.6185,3.2201,114892000.0000,1.0800,-0.4000,-0.7500,-1.6400,-0.7000,-1.1200,-0.4500,-0.7800
2016-04-08,175.2691,172.0998,175.4724,173.2946,0.8474,463898600,13.8800,16.7700,13.6600,15.3600,38.6700,42.0000,37.2800,41.9400,0,0,,,,,2.7287,0.5848,-0.0593,-2.0507,13194600.0000,-1.7700,0.7300,0.6600,2.2600,-1.8300,1.0000,-1.4900,2.2800
2016-04-15,173.9302,172.6167,176.7690,176.0741,0.8474,436419000,15.3400,16.5700,13.3800,13.6200,42.0700,44.9300,41.4300,43.1000,0,0,,,,,-1.3389,0.5169,1.2966,2.7795,-27479600.0000,1.4600,-0.2000,-0.2800,-1.7400,3.4000,2.9300,4.1500,1.1600
2016-04-22,176.0741,175.4131,178.7350,177.0825,0.8474,436894100,14.8700,14.9400,12.5000,13.2200,41.7500,46.1700,40.0700,45.1100,0,0,,,,,2.1439,2.7964,1.9660,1.0084,475100.0000,-0.4700,-1.6300,-0.8800,-0.4000,-0.3200,1.2400,-1.3600,2.0100
2016-04-29,176.4809,173.7438,177.7944,174.8454,0.8474,459000400,14.0700,17.0900,13.3000,15.7000,45.1300,48.4900,44.2700,48.1300,0,0,,,,,0.4068,-1.6693,-0.9406,-2.2371,22106300.0000,-0.8000,2.1500,0.8000,2.4800,3.3800,2.3200,4.2000,3.0200
2016-05-06,175.3453,172.7692,176.4130,174.3284,0.8474,417788100,16.3300,16.8500,14.4800,14.7200,48.1000,48.1000,44.1800,45.3700,0,0,,,,,-1.1356,-0.9746,-1.3814,-0.5170,-41212300.0000,2.2600,-0.2400,1.1800,-0.9800,2.9700,-0.3900,-0.0900,-2.7600
2016-05-13,174.2014,173.1930,176.7182,173.5150,0.8474,419635000,15.2000,15.4700,13.2900,15.0400,45.8700,48.1800,43.3400,47.8300,0,0,,,,,-1.1439,0.4238,0.3052,-0.8134,1846900.0000,-1.1300,-1.3800,-1.1900,0.3200,-2.2300,0.0800,-0.8400,2.4600
2016-05-20,173.6844,171.8370,175.7012,174.1335,0.8474,532894700,15.7200,17.6500,14.2800,15.2000,47.8000,49.8400,47.3900,48.7200,0,0,,,,,-0.5170,-1.3560,-1.0170,0.6185,113259700.0000,0.5200,2.1800,0.9900,0.1600,1.9300,1.6600,4.0500,0.8900
2016-05-27,174.1505,173.7099,178.1672,178.1587,0.8474,348333700,16.3300,16.4700,13.0400,13.1200,48.7600,50.5000,47.6000,49.3200,0,0,,,,,0.4661,1.8729,2.4660,4.0252,-184561000.0000,0.6100,-1.1800,-1.2400,-2.0800,0.9600,0.6600,0.2100,0.6000
2016-06-03,178.4299,176.9893,178.7434,178.1926,0.8474,344617400,13.9400,15.2500,12.9000,13.4700,49.5500,50.3300,48.8500,49.6400,0,0,,,,,4.2794,3.2794,0.5762,0.0339,-3716300.0000,-2.3900,-1.2200,-0.1400,0.3500,0.7900,-0.1700,1.2500,0.3200
2016-06-10,178.5485,177.4723,180.0908,178.0146,0.8474,379648800,13.8400,17.3300,12.7200,17.0300,49.8200,52.8500,49.7200,50.5400,0,0,,,,,0.1186,0.4830,1.3474,-0.1780,35031400.0000,-0.1000,2.0800,-0.1800,3.5600,0.2700,2.5200,0.8700,0.9000
2016-06-17,178.3357,175.1243,179.1960,175.9165,0.8518,618523800,18.2400,22.8900,17.8900,19.4100,50.3600,50.7800,46.9400,49.1700,0,0,,,,,-0.2128,-2.3480,-0.8948,-2.0981,238875000.0000,4.4000,5.5600,5.1700,2.3800,0.5400,-2.0700,-2.7800,-1.3700
2016-06-24,177.8756,172.6796,179.6218,173.1225,0.8518,686987600,17.4200,26.2400,16.5900,25.7600,49.4800,51.2300,47.5400,48.4100,1,0,Bullish,179.6218,172.6796,176.1507,-0.4601,-2.4447,0.4258,-2.7940,68463800.0000,-0.8200,3.3500,-1.3000,6.3500,-0.8800,0.4500,0.6000,-0.7600
2016-07-01,171.7170,169.2127,179.2982,178.8126,0.8518,798564000,24.3800,26.7200,14.6100,14.7700,48.4100,50.7200,46.6900,49.8400,0,0,,,,,-6.1586,-3.4669,-0.3236,5.6901,111576400.0000,6.9600,0.4800,-1.9800,-10.9900,-1.0700,-0.5100,-0.8500,1.4300
2016-07-08,177.9863,176.3764,181.3851,181.1380,0.8518,425390000,16.0500,17.0400,13.1900,13.2000,50.7000,50.7300,46.1500,46.7600,0,0,,,,,6.2693,7.1637,2.0869,2.3254,-373174000.0000,-8.3300,-9.6800,-1.4200,-1.5700,2.2900,0.0100,-0.5400,-3.0800
2016-07-15,181.5980,181.3936,184.8520,183.8468,0.8518,460619900,13.2500,13.9300,12.1400,12.6700,46.5300,48.5600,45.9100,47.6100,0,0,,,,,3.6117,5.0172,3.4669,2.7088,35229900.0000,-2.8000,-3.1100,-1.0500,-0.5300,-4.1700,-2.1700,-0.2400,0.8500
2016-07-22,183.9661,183.6765,185.1586,185.0479,0.8518,301795900,12.7500,13.1200,11.4000,12.0200,47.7700,47.8700,45.1800,45.6900,0,0,,,,,2.3681,2.2829,0.3066,1.2011,-158824000.0000,-0.5000,-0.8100,-0.7400,-0.6500,1.2400,-0.6900,-0.7300,-1.9200
2016-07-29,184.8435,183.6680,185.3035,184.9457,0.8518,354592600,12.6400,13.7400,11.7700,11.8700,45.7400,45.8600,41.8200,42.4600,0,0,,,,,0.8774,-0.0085,0.1449,-0.1022,52796700.0000,-0.1100,0.6200,0.3700,-0.1500,-2.0300,-2.0100,-3.3600,-3.2300
2016-08-05,185.0053,182.5010,185.8912,185.8486,0.8518,338078200,11.8900,14.2400,11.1800,11.3900,42.4500,44.4900,41.5000,44.2700,0,0,,,,,0.1618,-1.1670,0.5877,0.9029,-16514400.0000,-0.7500,0.5000,-0.5900,-0.4800,-3.2900,-1.3700,-0.3200,1.8100
2016-08-12,186.0360,185.0394,186.4960,186.0871,0.8518,282917100,11.6600,12.5000,11.0200,11.5500,44.3900,47.2500,43.4600,46.9700,0,0,,,,,1.0307,2.5384,0.6048,0.2385,-55161100.0000,-0.2300,-1.7400,-0.1600,0.1600,1.9400,2.7600,1.9600,2.7000
2016-08-19,186.4534,184.8605,186.9730,186.1553,0.8518,306593700,11.8100,13.7100,11.3300,11.3400,47.1500,51.2200,46.8400,50.8800,0,0,,,,,0.4174,-0.1789,0.4770,0.0682,23676600.0000,0.1500,1.2100,0.3100,-0.2100,2.7600,3.9700,3.3800,3.9100
2016-08-26,185.9168,184.2046,187.0582,185.0905,0.8518,378228000,12.5300,14.9300,11.7200,13.6500,50.7400,50.7500,48.4900,49.9200,0,0,,,,,-0.5366,-0.6559,0.0852,-1.0648,71634300.0000,0.7200,1.2200,0.3900,2.3100,3.5900,-0.4700,1.6500,-0.9600
2016-09-02,185.2183,184.0172,186.4363,186.0104,0.8518,391024300,14.0900,14.6100,11.9000,11.9800,49.6200,49.7600,45.4200,46.8300,0,0,,,,,-0.6985,-0.1874,-0.6219,0.9199,12796300.0000,1.5600,-0.3200,0.1800,-1.6700,-1.1200,-0.9900,-3.0700,-3.0900
2016-09-09,186.2916,181.6492,186.7345,181.6747,0.8518,428949000,12.4200,17.5400,11.6500,17.5000,46.6500,50.1400,46.3000,48.0100,0,0,,,,,1.0733,-2.3680,0.2982,-4.3357,37924700.0000,-1.6700,2.9300,-0.2500,5.5200,-2.9700,0.3800,0.8800,1.1800
2016-09-16,181.8304,181.7620,185.6145,182.6694,0.8561,774789500,20.1300,20.5100,14.7600,15.3700,47.7800,48.6200,45.4800,45.7700,0,0,,,,,-4.4612,0.1128,-1.1200,0.9947,345840500.0000,7.7100,2.9700,3.1100,-2.1300,1.1300,-1.5200,-0.8200,-2.2400
2016-09-23,183.3202,182.3784,186.2310,184.9126,0.8561,410509800,15.1400,16.0900,11.7600,12.2900,45.8900,48.2500,45.0900,45.8900,0,0,,,,,1.4898,0.6164,0.6165,2.2432,-364279700.0000,-4.9900,-4.4200,-3.0000,-3.0800,-1.8900,-0.3700,-0.3900,0.1200
2016-09-30,184.0820,182.8835,185.8799,185.1779,0.8561,501006600,13.2600,15.6900,12.1400,13.2900,46.0800,49.8000,45.6400,49.0600,0,0,,,,,0.7618,0.5051,-0.3511,0.2653,90496800.0000,-1.8800,-0.4000,0.3800,1.0000,0.1900,1.5500,0.5500,3.1700
2016-10-07,184.7670,183.2003,185.1779,184.0992,0.8561,428991900,13.7500,14.5700,12.2100,13.4800,49.1000,52.8400,49.1000,51.9300,0,0,,,,,0.6850,0.3168,-0.7020,-1.0787,-72014700.0000,0.4900,-1.1200,0.0700,0.1900,3.0200,3.0400,3.4600,2.8700
2016-10-14,185.0580,180.8203,185.5203,182.4554,0.8561,450791700,14.1900,17.9500,13.2900,16.1200,52.9900,53.3100,50.9400,51.9500,0,0,,,,,0.2910,-2.3800,0.3424,-1.6438,21799800.0000,0.4400,3.3800,1.0800,2.6400,3.8900,0.4700,1.8400,0.0200
2016-10-21,182.4298,181.6421,183.7567,183.1917,0.8561,364393500,17.0100,17.1100,13.2700,13.3400,51.9600,53.1400,51.1300,51.7800,0,0,,,,,-2.6282,0.8218,-1.7636,0.7363,-86398200.0000,2.8200,-0.8400,-0.0200,-2.7800,-1.0300,-0.1700,0.1900,-0.1700
2016-10-28,184.0649,181.2483,184.3389,181.9589,0.8561,420237800,13.1900,17.3500,12.7300,16.1900,51.9600,52.0000,49.3400,49.7100,0,0,,,,,1.6351,-0.3938,0.5822,-1.2328,55844300.0000,-3.8200,0.2400,-0.5400,2.8500,0.0000,-1.1400,-1.7900,-2.0700
2016-11-04,182.2927,178.3974,182.5153,178.5430,0.8561,485446500,16.3100,23.0100,16.2500,22.5100,49.4500,49.6900,45.0800,45.5800,0,0,,,,,-1.7722,-2.8509,-1.8236,-3.4159,65208700.0000,3.1200,5.6600,3.5200,6.3200,-2.5100,-2.3100,-4.2600,-4.1300
2016-11-11,178.5430,178.5430,186.8987,185.2807,0.8561,747662000,19.7800,21.4800,13.2600,14.1700,46.0700,46.9500,44.3900,45.8400,0,0,,,,,-3.7497,0.1456,4.3834,6.7377,262215500.0000,3.4700,-1.5300,-2.9900,-8.3400,-3.3800,-2.7400,-0.6900,0.2600
2016-11-18,185.8029,184.6814,187.7206,187.0614,0.8561,407913300,14.6900,15.5600,12.8500,12.8500,44.6800,47.6100,43.5800,46.8600,0,0,,,,,7.2599,6.1384,0.8219,1.7807,-339748700.0000,-5.0900,-5.9200,-0.4100,-1.3200,-1.3900,0.6600,-0.8100,1.0200
2016-11-25,187.6349,187.4894,189.6810,189.6468,0.8561,234324100,13.2700,13.4400,12.1600,12.3400,47.0100,49.9700,47.0000,47.2400,0,0,,,,,1.8320,2.8080,1.9604,2.5854,-173589200.0000,-1.4200,-2.1200,-0.6900,-0.5100,2.3300,2.3600,3.4200,0.3800
2016-12-02,189.3386,187.6178,189.9036,188.0715,0.8561,413631800,13.4000,14.7200,12.2300,14.1200,46.7600,54.5000,45.9200,54.4600,0,0,,,,,1.7037,0.1284,0.2226,-1.5753,179307700.0000,0.1300,1.2800,0.0700,1.7800,-0.2500,4.5300,-1.0800,7.2200
2016-12-09,188.9020,188.7051,193.9359,193.9188,0.8561,426173500,13.7500,13.7700,11.3000,11.7500,54.2300,55.3300,52.8300,54.3300,0,0,,,,,-0.4366,1.0873,4.0323,5.8473,12541700.0000,0.3500,-0.9500,-0.9300,-2.3700,7.4700,0.8300,6.9100,-0.1300
2016-12-16,194.9671,193.4773,196.6378,193.7959,0.8612,636388200,12.2300,13.4200,12.0700,12.2000,54.7500,57.4900,53.1500,55.2100,0,0,,,,,6.0651,4.7722,2.7019,-0.1229,210214700.0000,-1.5200,-0.3500,0.7700,0.4500,0.5200,2.1600,0.3200,0.8800
2016-12-23,193.9768,193.6926,195.1135,194.3729,0.8612,341005800,12.5000,12.5200,10.9300,11.4400,55.4900,55.9100,54.0500,55.1600,0,0,,,,,-0.9903,0.2153,-1.5243,0.5770,-295382400.0000,0.2700,-0.9000,-1.1400,-0.7600,0.7400,-1.5800,0.9000,-0.0500
2016-12-30,194.6399,191.8066,195.2513,192.4956,0.8612,264461900,12.2600,14.6800,11.8400,14.0400,55.4800,56.6400,55.0500,56.1300,1,0,Bullish,195.2513,191.8066,193.5290,0.6631,-1.8860,0.1378,-1.8773,-76543900.0000,-0.2400,2.1600,0.9100,2.6000,-0.0100,0.7300,1.0000,0.9700
2017-01-06,193.7959,192.7970,196.1297,195.6646,0.8612,320049800,14.0700,14.0700,10.9800,11.3200,57.0500,58.3700,55.2900,57.1000,0,0,,,,,-0.8440,0.9904,0.8784,3.1690,55587900.0000,1.8100,-0.6100,-0.8600,-2.7200,1.5700,1.7300,0.2400,0.9700
2017-01-13,195.4063,193.7270,195.8713,195.5268,0.8612,320192700,11.7100,12.6000,10.9400,11.2300,56.8600,56.9900,53.5700,55.4500,0,0,,,,,1.6104,0.9300,-0.2584,-0.1378,142900.0000,-2.3600,-1.4700,-0.0400,-0.0900,-0.1900,-1.3800,-1.7200,-1.6500
2017-01-20,194.8895,194.1145,195.7507,195.2598,0.8612,311811500,12.2000,13.2800,11.5300,11.5400,55.6500,56.9700,53.7800,55.4900,0,0,,,,,-0.5168,0.3875,-0.1206,-0.2670,-8381200.0000,0.4900,0.6800,0.5900,0.3100,-1.2100,-0.0200,0.2100,0.0400
2017-01-27,195.2599,193.9940,197.8175,197.1803,0.8612,374736400,12.3000,12.6200,10.3000,10.5800,55.4700,56.5500,54.6500,55.5200,0,0,,,,,0.3704,-0.1205,2.0668,1.9205,62924900.0000,0.1000,-0.6600,-1.2300,-0.9600,-0.1800,-0.4200,0.8700,0.0300
2017-02-03,196.4913,194.8982,197.6798,197.4989,0.8612,384956600,11.1000,12.9900,9.9700,10.9700,55.4000,57.4300,54.9400,56.8100,0,0,,,,,1.2314,0.9042,-0.1377,0.3186,10220200.0000,-1.2000,0.3700,-0.3300,0.3900,-0.0700,0.8800,0.2900,1.2900
2017-02-10,197.0942,196.6119,199.5915,199.3676,0.8612,299258600,11.3700,11.8400,10.5500,10.8500,56.8000,57.1100,54.2100,56.7000,0,0,,,,,0.6029,1.7137,1.9117,1.8687,-85698000.0000,0.2700,-1.1500,0.5800,-0.1200,1.4000,-0.3200,-0.7300,-0.1100
2017-02-17,199.8585,199.8326,202.5108,202.4506,0.8612,375003400,11.3600,12.8600,10.7300,11.4900,56.7700,56.8000,55.1100,55.8100,0,0,,,,,2.7643,3.2207,2.9193,3.0830,75744800.0000,-0.0100,1.0200,0.1800,0.6400,-0.0300,-0.3100,0.9000,-0.8900
2017-02-24,202.8209,202.7261,204.0093,203.8715,0.8612,308058800,12.0500,12.5900,11.3400,11.4700,55.9100,57.3500,55.5800,55.9900,0,0,,,,,2.9624,2.8935,1.4985,1.4209,-66944600.0000,0.6900,-0.2700,0.6100,-0.0200,-0.8600,0.5500,0.4700,0.1800
2017-03-03,203.7854,203.2515,206.9545,205.3183,0.8612,454855800,11.7800,12.9600,10.9400,10.9600,56.0400,56.7600,55.0100,55.9000,0,0,,,,,0.9645,0.5254,2.9452,1.4468,146797000.0000,-0.2700,0.3700,-0.4000,-0.5100,0.1300,-0.5900,-0.5700,-0.0900
2017-03-10,204.5260,203.0103,205.0599,204.6896,0.8612,371339600,11.5900,12.4300,11.0400,11.6600,55.8000,56.6400,51.1500,51.3700,0,0,,,,,0.7406,-0.2412,-1.8946,-0.6287,-83516200.0000,-0.1900,-0.5300,0.1000,0.7000,-0.2400,-0.1200,-3.8600,-4.5300
2017-03-17,205.5196,204.2828,207.0937,205.0093,0.8649,380565500,12.1600,12.5400,10.6000,11.2800,51.3700,52.5900,50.2500,51.7600,0,0,,,,,0.9936,1.2725,2.0338,0.3197,9225900.0000,0.5700,0.1100,-0.4400,-0.3800,-4.4300,-4.0500,-0.9000,0.3900
2017-03-24,205.0093,201.4891,205.5109,202.2675,0.8649,494830700,11.7100,14.1600,10.9200,12.9600,51.7500,52.2100,49.6400,50.8000,0,0,,,,,-0.5103,-2.7937,-1.5828,-2.7418,114265200.0000,-0.4500,1.6200,0.3200,1.6800,0.3800,-0.3800,-0.6100,-0.9600
2017-03-31,200.5982,200.3215,204.5682,203.8935,0.8649,373359800,14.7800,15.1100,11.0300,12.3700,51.0200,53.3200,50.0300,52.8300,0,0,,,,,-4.4111,-1.1676,-0.9427,1.6260,-121470900.0000,3.0700,0.9500,0.1100,-0.5900,-0.7300,1.1100,0.3900,2.0300
2017-04-07,203.9454,202.3107,205.3206,203.4265,0.8649,394361400,12.5900,13.5900,10.9000,12.8700,53.6400,56.0700,52.7500,55.2400,0,0,,,,,3.3472,1.9892,0.7524,-0.4670,21001600.0000,-2.1900,-1.5200,-0.1300,0.5000,2.6200,2.7500,2.7200,2.4100
2017-04-14,203.5648,201.0999,204.3433,201.0999,0.8649,330405400,13.2400,16.2200,12.9400,15.9600,55.2400,56.6300,55.2400,55.8900,0,0,,,,,-0.3806,-1.2108,-0.9773,-2.3266,-63956000.0000,0.6500,2.6300,2.0400,3.0900,1.6000,0.5600,2.4900,0.6500
2017-04-21,201.6189,201.4199,203.9887,202.8989,0.8649,423293100,16.1900,16.2800,13.4600,14.6300,55.8500,55.9700,51.5700,51.9600,0,0,,,,,-1.9459,0.3200,-0.3546,1.7990,92887700.0000,2.9500,0.0600,0.5200,-1.3300,0.6100,-0.6600,-3.6700,-3.9300
2017-04-28,205.1390,202.8729,207.1715,205.9174,0.8649,401553800,11.5600,12.0100,10.2200,10.8200,52.0500,52.5800,50.4300,51.7300,0,0,,,,,3.5201,1.4530,3.1828,3.0185,-21739300.0000,-4.6300,-4.2700,-3.2400,-3.8100,-3.8000,-3.3900,-1.1400,-0.2300
2017-05-05,206.4363,205.5887,207.3358,207.3185,0.8649,320859900,10.9200,11.2400,9.9000,10.5700,51.8500,52.1400,46.6500,49.1000,0,0,,,,,1.2973,2.7158,0.1643,1.4011,-80693900.0000,-0.6400,-0.7700,-0.3200,-0.2500,-0.2000,-0.4400,-3.7800,-2.6300
2017-05-12,207.3618,205.9607,207.7424,206.6959,0.8649,270313700,10.5300,11.2300,9.5600,10.4000,49.2900,51.1500,48.4100,50.8400,0,0,,,,,0.9255,0.3720,0.4066,-0.6226,-50546200.0000,-0.3900,-0.0100,-0.3400,-0.1700,-2.5600,-0.9900,1.7600,1.7400
2017-05-19,207.1196,203.6254,208.1575,206.1163,0.8649,507393900,10.5400,16.3000,10.1800,12.0400,50.8400,53.7900,50.6500,53.6100,0,0,,,,,-0.2422,-2.3353,0.4151,-0.5796,237080200.0000,0.0100,5.0700,0.6200,1.6400,1.5500,2.6400,2.2400,2.7700
2017-05-26,206.6266,206.5574,209.3770,209.0570,0.8649,266981600,12.2900,12.5200,9.6500,9.8100,53.8700,54.6600,50.7100,52.1500,0,0,,,,,-0.4930,2.9320,1.2195,2.9407,-240412300.0000,1.7500,-3.7800,-0.5300,-2.2300,3.0300,0.8700,0.0600,-1.4600
2017-06-02,208.7370,208.1316,211.3404,211.1847,0.8649,284626000,10.6100,11.3000,9.5800,9.7500,52.3000,52.6000,48.9600,49.9500,0,1,Bearish,211.3404,208.1316,209.7360,2.1104,1.5742,1.9634,2.1277,17644400.0000,-1.6800,-1.2200,-0.0700,-0.0600,-1.5700,-2.0600,-1.7500,-2.2000
2017-06-09,211.0118,209.2646,211.9113,210.5274,0.8649,347425600,10.0800,12.1100,9.3700,10.7000,49.9600,50.7300,47.4400,48.1500,0,0,,,,,2.2748,1.1330,0.5709,-0.6573,62799600.0000,-0.5300,0.8100,-0.2100,0.9500,-2.3400,-1.8700,-1.5200,-1.8000
2017-06-16,211.3107,210.0070,212.8229,210.8848,0.8691,375795400,11.1900,12.3700,10.0100,10.3800,48.1800,49.1200,46.7000,47.3700,0,0,,,,,0.2989,0.7424,0.9116,0.3574,28369800.0000,1.1100,0.2600,0.6400,-0.3200,-1.7800,-1.6100,-0.7400,-0.7800
2017-06-23,211.7105,210.6849,212.7013,211.3107,0.8691,289142700,10.5700,11.4000,9.8500,10.0200,47.3000,47.7500,44.3600,45.5400,0,0,,,,,0.3998,0.6779,-0.1216,0.4259,-86652700.0000,-0.6200,-0.9700,-0.1600,-0.3600,-0.8800,-1.3700,-2.3400,-1.8300
2017-06-30,211.9799,208.5556,212.3971,210.1548,0.8691,402761200,10.1300,15.1600,9.6800,11.1800,45.6900,48.2000,45.0400,47.9200,0,0,,,,,0.2694,-2.1293,-0.3042,-1.1559,113618500.0000,-0.4400,3.7600,-0.1700,1.1600,-1.6100,0.4500,0.6800,2.3800
2017-07-07,211.0935,208.8859,211.5280,210.4242,0.8691,216954500,11.0700,13.0500,10.2800,11.1900,48.8900,49.8900,46.2800,46.7100,0,0,,,,,-0.8864,0.3303,-0.8691,0.2694,-185806700.0000,0.9400,-2.1100,0.6000,0.0100,3.2000,1.6900,1.2400,-1.2100
2017-07-14,210.4242,209.3291,213.7790,213.4227,0.8691,246362600,11.2600,12.1400,9.5000,9.5100,46.9000,49.0800,46.1200,48.9100,0,0,,,,,-0.6693,0.4432,2.2510,2.9985,29408100.0000,0.1900,-0.9100,-0.7800,-1.6800,-1.9900,-0.8100,-0.1600,2.2000
2017-07-21,213.3444,212.6491,215.0392,214.5699,0.8691,256784700,9.7700,10.3500,9.3000,9.3600,49.0600,50.1800,47.8100,48.0600,0,0,,,,,2.9202,3.3200,1.2602,1.1472,10422100.0000,-1.4900,-1.7900,-0.2000,-0.1500,2.1600,1.1000,1.6900,-0.8500
2017-07-28,214.4917,213.5270,215.5433,214.5960,0.8691,269968300,9.9400,11.5000,8.8400,10.2900,47.8900,52.6700,47.6800,52.5200,0,0,,,,,1.1473,0.8779,0.5041,0.0261,13183600.0000,0.1700,1.1500,-0.4600,0.9300,-1.1700,2.4900,-0.1300,4.4600
2017-08-04,214.9958,214.1266,215.3608,215.0305,0.8691,269148100,10.5300,10.8400,9.6800,10.0300,52.7600,52.8700,51.1900,52.4200,0,0,,,,,0.5041,0.5996,-0.1825,0.4345,-820200.0000,0.5900,-0.6600,0.8400,-0.2600,4.8700,0.2000,3.5100,-0.1000
2017-08-11,215.1000,211.8060,216.3342,212.1711,0.8691,351696400,10.1900,17.2800,9.5200,15.5100,52.3800,53.6300,51.3100,52.1000,0,0,,,,,0.1042,-2.3206,0.9734,-2.8594,82548300.0000,-0.3400,6.4400,-0.1600,5.4800,-0.3800,0.7600,0.1200,-0.3200
2017-08-18,213.4487,210.5024,215.1696,210.9456,0.8691,450488500,14.0500,16.0400,11.2500,14.2600,52.0100,52.9500,49.9900,52.7200,0,0,,,,,-1.6513,-1.3036,-1.1646,-1.2255,98792100.0000,3.8600,-1.2400,1.7300,-1.2500,-0.3700,-0.6800,-1.3200,0.6200
2017-08-25,210.8848,210.1808,213.4748,212.5535,0.8691,294001200,14.5900,14.7400,11.1000,11.2800,52.9000,52.9000,51.2900,52.4100,0,0,,,,,-2.5639,-0.3216,-1.6948,1.6079,-156487300.0000,0.5400,-1.3000,-0.1500,-2.9800,0.8900,-0.0500,1.3000,-0.3100
2017-09-01,213.0837,211.1368,215.8301,215.4043,0.8691,319543000,12.0900,14.3400,10.0200,10.1300,52.6700,53.1600,50.1300,52.3200,0,0,,,,,2.1989,0.9560,2.3553,2.8508,25541800.0000,-2.5000,-0.4000,-1.0800,-1.1500,-0.2300,0.2600,-1.1600,-0.0900
2017-09-08,214.9001,212.8925,215.1261,214.3091,0.8691,271183200,11.7500,14.0600,11.3200,12.1200,52.8000,54.8600,51.9800,53.7800,0,0,,,,,1.8164,1.7557,-0.7040,-1.0952,-48359800.0000,-0.3400,-0.2800,1.3000,1.9900,0.1300,1.7000,1.8500,1.4600
2017-09-15,216.6479,216.6305,218.6394,217.6524,0.8734,378367500,11.3800,11.3900,10.0000,10.1700,53.7500,56.0000,53.0400,55.6200,0,0,,,,,1.7478,3.7380,3.5133,3.3433,107184300.0000,-0.3700,-2.6700,-1.3200,-1.9500,0.9500,1.1400,1.0600,1.8400
2017-09-22,218.0193,217.4166,218.5259,217.8708,0.8734,252342800,10.1800,10.6700,9.5000,9.5900,55.5300,56.9000,54.8200,56.8600,1,0,Bullish,218.5259,217.4166,217.9712,1.3714,0.7861,-0.1135,0.2184,-126024700.0000,-1.2000,-0.7200,-0.5000,-0.5800,1.7800,0.9000,1.7800,1.2400
2017-09-29,217.6175,216.6829,219.5129,219.4342,0.8734,322504600,10.0800,11.2100,9.3600,9.5100,56.8900,59.4900,56.7000,57.5400,0,0,,,,,-0.4018,-0.7337,0.9870,1.5634,70161800.0000,-0.1000,0.5400,-0.1400,-0.0800,1.3600,2.5900,1.8800,0.6800
2017-10-06,219.6614,219.4867,222.4651,222.1768,0.8734,325955600,9.5900,10.2700,9.1100,9.6500,56.6200,57.2700,55.1400,55.6200,0,0,,,,,2.0439,2.8038,2.9522,2.7426,3451000.0000,-0.4900,-0.9400,-0.2500,0.1400,-0.2700,-2.2200,-1.5600,-1.9200
2017-10-13,222.4039,221.5479,222.9629,222.6834,0.8734,228400300,9.9200,10.6600,9.4400,9.6100,55.4900,57.5600,55.0600,57.1700,0,0,,,,,2.7425,2.0612,0.4978,0.5066,-97555300.0000,0.3300,0.3900,0.3300,-0.0400,-1.1300,0.2900,-0.0800,1.5500
2017-10-20,222.9106,222.1594,224.5963,224.5701,0.8734,261751200,9.9500,11.7700,9.2900,9.9700,57.1200,58.5400,56.6000,57.7500,0,0,,,,,0.5067,0.6115,1.6334,1.8867,33350900.0000,0.0300,1.1100,-0.1500,0.3600,1.6300,0.9800,1.5400,0.5800
2017-10-27,224.8933,221.8537,225.2514,225.0941,0.8734,389927000,10.2500,13.2000,9.7400,9.8000,57.9700,60.6600,57.0300,60.4400,0,0,,,,,1.9827,-0.3057,0.6551,0.5240,128175800.0000,0.3000,1.4300,0.4500,-0.1700,0.8500,2.1200,0.4300,2.6900
2017-11-03,224.0110,223.7665,225.7841,225.7404,0.8734,284832400,10.2800,10.8900,8.9900,9.1400,60.6500,62.2200,60.0400,62.0700,0,0,,,,,-0.8823,1.9128,0.5327,0.6463,-105094600.0000,0.0300,-2.3100,-0.7500,-0.6600,2.6800,1.5600,3.0100,1.6300
2017-11-10,225.6095,223.9150,226.5266,225.4260,0.8734,312694600,9.6300,12.1900,9.2900,11.2900,62.1300,64.6400,62.1300,63.5200,0,0,,,,,1.5985,0.1485,0.7425,-0.3144,27862200.0000,-0.6500,1.3000,0.3000,2.1500,1.4800,2.4200,2.0900,1.4500
2017-11-17,224.7447,223.2774,226.2558,225.2251,0.8734,335889100,11.4300,14.5100,11.0000,11.4300,63.6200,63.7300,61.0900,62.7200,0,0,,,,,-0.8648,-0.6376,-0.2708,-0.2009,23194500.0000,1.8000,2.3200,1.7100,0.1400,1.4900,-0.9100,-1.0400,-0.8000
2017-11-24,225.4697,225.2251,227.5136,227.4087,0.8734,190142200,11.9600,12.0800,8.5600,9.6700,62.7200,63.9500,61.4400,63.8600,0,0,,,,,0.7250,1.9477,1.2578,2.1836,-145746900.0000,0.5300,-2.4300,-2.4400,-1.7600,-0.9000,0.2200,0.3500,1.1400
2017-12-01,227.4523,227.0942,232.3785,230.9897,0.8734,521044000,10.0700,14.5800,9.5300,11.4300,63.8500,64.2000,62.5500,63.4900,0,0,,,,,1.9826,1.8691,4.8649,3.5810,330901800.0000,-1.8900,2.5000,0.9700,1.7600,1.1300,0.2500,1.1100,-0.3700
2017-12-08,232.6057,229.4613,233.0337,231.9070,0.8734,401716200,11.0500,11.8600,9.4300,9.5800,63.4900,63.6400,61.1400,63.4000,0,0,,,,,5.1534,2.3671,0.6552,0.9173,-119327800.0000,0.9800,-2.7200,-0.1000,-1.8500,-0.3600,-0.5600,-1.4100,-0.0900
2017-12-15,233.7947,232.9870,234.8920,233.9702,0.8779,516455700,9.7400,10.5400,9.2100,9.4200,63.3400,65.8200,62.0200,63.2300,0,0,,,,,1.1890,3.5257,1.8583,2.0632,114739500.0000,-1.3100,-1.3200,-0.2200,-0.1600,-0.1500,2.1800,0.8800,-0.1700
2017-12-22,235.3661,234.1283,235.8051,234.8482,0.8779,388541200,9.4600,10.1800,8.9000,9.9000,63.3200,65.2800,63.0000,65.2500,0,0,,,,,1.5714,1.1413,0.9131,0.8780,-127914500.0000,-0.2800,-0.3600,-0.3100,0.4800,-0.0200,-0.5400,0.9800,2.0200
2017-12-29,234.4443,234.0844,235.7612,234.2775,0.8779,244118900,10.1900,11.0600,9.7100,11.0400,65.0700,67.0800,65.0100,66.6000,0,0,,,,,-0.9218,-0.0439,-0.0439,-0.5707,-144422300.0000,0.7300,0.8800,0.8100,1.1400,1.7500,1.8000,2.0100,1.3500
2018-01-05,235.1378,234.7516,240.1595,240.0366,0.8779,340886500,10.9500,11.0700,8.9200,9.2200,66.4200,68.2600,66.2300,67.6200,0,0,,,,,0.6935,0.6672,4.3983,5.7591,96767600.0000,0.7600,0.0100,-0.7900,-1.8200,1.3500,1.1800,1.2200,1.0200
2018-01-12,239.9400,239.5976,244.1539,243.9872,0.8779,337325100,9.6100,10.8500,9.3200,10.1600,67.8200,70.0300,67.4500,69.8700,0,0,,,,,4.8022,4.8460,3.9944,3.9506,-3561400.0000,-1.3400,-0.2200,0.4000,0.9400,1.4000,1.7700,1.2200,2.2500
2018-01-19,245.2425,242.4595,246.1730,246.1730,0.8779,461462000,10.4200,12.8100,10.4000,11.2700,69.9100,70.3700,68.2700,68.6100,0,0,,,,,5.3025,2.8619,2.0191,2.1858,124136900.0000,0.8100,1.9600,1.0800,1.1100,2.0900,0.3400,0.8200,-1.2600
2018-01-26,245.9624,245.9097,251.6336,251.5897,0.8779,515553600,11.5900,12.1900,10.7600,11.0800,68.7800,71.2600,68.3900,70.5200,0,0,,,,,0.7199,3.4502,5.4606,5.4167,54091600.0000,1.1700,-0.6200,0.3600,-0.1900,-1.1300,0.8900,0.1200,1.9100
2018-02-02,251.0191,241.7836,251.4581,241.8187,0.8779,593556800,11.7100,17.8600,11.6800,17.3100,70.5200,70.6400,67.9600,68.5800,0,0,,,,,5.0567,-4.1261,-0.1755,-9.7710,78003200.0000,0.1200,5.6700,0.9200,6.2300,1.7400,-0.6200,-0.4300,-1.9400
2018-02-09,240.0629,222.0395,242.1698,229.5719,0.8779,1347099500,18.4400,50.3000,16.8000,29.0600,68.2000,68.4600,61.7700,62.7900,0,0,,,,,-10.9562,-19.7441,-9.2883,-12.2468,753542700.0000,6.7300,32.4400,5.1200,11.7500,-2.3200,-2.1800,-6.1900,-5.7900
2018-02-16,231.6175,229.7124,241.7046,239.7644,0.8779,617315700,27.2500,29.7000,17.4400,19.4600,62.6400,65.2000,61.7600,64.8400,0,0,,,,,-8.4454,7.6729,-0.4652,10.1925,-729783800.0000,8.8100,-20.6000,0.6400,-9.6000,-5.5600,-3.2600,-0.0100,2.0500
2018-02-23,238.8163,236.7181,241.1779,241.1691,0.8779,388531100,20.5300,21.6100,16.4700,16.4900,64.8600,67.3700,64.4000,67.3100,0,0,,,,,7.1988,7.0057,-0.5267,1.4047,-228784600.0000,-6.7200,-8.0900,-0.9700,-2.9700,2.2200,2.1700,2.6400,2.4700
2018-03-02,242.2401,232.4866,244.8650,236.2264,0.8779,623436700,16.5300,26.2200,15.2900,19.5900,67.3000,67.9000,63.2000,64.3700,0,0,,,,,3.4238,-4.2315,3.6871,-4.9427,234905600.0000,-4.0000,4.6100,-1.1800,3.1000,2.4400,0.5300,-1.2000,-2.9400
2018-03-09,235.0412,234.9359,244.8211,244.8211,0.8779,444110600,21.5500,21.5700,13.3100,14.6400,64.6900,66.1500,63.4300,65.4900,0,0,,,,,-7.1989,2.4493,-0.0439,8.5947,-179326100.0000,5.0200,-4.6500,-1.9800,-4.9500,-2.6100,-1.7500,0.2300,1.1200
2018-03-16,246.0926,241.6326,247.1591,241.6855,0.8814,453565500,15.2800,17.5900,14.9400,15.8000,65.5400,66.4200,64.0400,66.2100,0,0,,,,,11.0514,6.6967,2.3380,-3.1356,9454900.0000,-6.2700,-3.9800,1.6300,1.1600,0.8500,0.2700,0.6100,0.7200
2018-03-23,240.9362,227.2565,241.8617,227.4505,0.8814,579996000,16.6300,26.0100,16.2600,24.8700,66.1200,70.5700,65.3900,70.4500,0,0,,,,,-5.1564,-14.3761,-5.2974,-14.2350,126430500.0000,1.3500,8.4200,1.3200,9.0700,0.5800,4.1500,1.3500,4.2400
2018-03-30,231.0467,227.9177,235.1365,231.9458,0.8814,529951400,23.4100,24.9400,19.6000,19.9700,70.6400,71.0500,68.7800,70.2700,0,0,,,,,-9.8895,0.6612,-6.7252,4.4953,-50044600.0000,6.7800,-1.0700,3.3400,-4.9000,4.5200,0.4800,3.3900,-0.1800
2018-04-06,231.4169,224.4713,235.0219,228.9225,0.8814,692132300,21.0700,25.7200,18.5700,21.4900,69.4200,70.0300,66.7000,67.1100,0,0,,,,,0.3702,-3.4464,-0.1146,-3.0233,162180900.0000,-2.3400,0.7800,-1.0300,1.5200,-1.2200,-1.0200,-2.0800,-3.1600
2018-04-13,230.3768,229.1164,235.8151,233.7085,0.8814,454081800,21.2700,22.0200,17.2600,17.4100,67.0300,73.0800,67.0300,72.5800,0,0,,,,,-1.0401,4.6451,0.7932,4.7860,-238050500.0000,0.2000,-3.7000,-1.3100,-4.0800,-2.3900,3.0500,0.3300,5.4700
2018-04-20,235.3392,234.1140,239.1293,234.9954,0.8814,363000200,17.5900,17.6600,14.5700,16.8800,72.6200,74.7400,70.8300,74.0600,0,0,,,,,4.9624,4.9976,3.3142,1.2869,-91081600.0000,-3.6800,-4.3600,-2.6900,-0.5300,5.5900,1.6600,3.8000,1.4800
2018-04-27,235.5683,229.9184,236.2030,234.9513,0.8814,407069900,17.2900,19.8400,15.2500,15.4100,73.8800,75.4600,73.1300,74.6400,0,0,,,,,0.2291,-4.1956,-2.9263,-0.0441,44069700.0000,-0.3000,2.1800,0.6800,-1.4700,1.2600,0.7200,2.3000,0.5800
2018-05-04,235.5684,228.3319,236.1237,234.4754,0.8814,470288200,15.3100,18.6600,10.9100,14.7700,74.3800,75.3600,72.3700,74.8700,0,0,,,,,0.0001,-1.5865,-0.0793,-0.4759,63218300.0000,-1.9800,-1.1800,-4.3400,-0.6400,0.5000,-0.1000,-0.7600,0.2300
2018-05-11,235.2423,233.7086,240.7599,240.4955,0.8814,314405600,15.0500,15.5600,12.6500,12.6500,74.9800,77.9700,73.1000,77.1200,0,0,,,,,-0.3261,5.3767,4.6362,6.0201,-155882600.0000,-0.2600,-3.1000,1.7400,-2.1200,0.6000,2.6100,0.7300,2.2500
2018-05-18,240.9274,238.0099,241.5796,239.1557,0.8814,316673700,13.0900,15.0100,12.5000,13.4200,77.0900,80.5000,76.5400,78.5100,0,0,,,,,5.6851,4.3013,0.8197,-1.3398,2268100.0000,-1.9600,-0.5500,-0.1500,0.7700,2.1100,2.5300,3.4400,1.3900
2018-05-25,240.6366,238.6710,241.7295,239.8785,0.8814,308105100,12.9900,14.6000,12.2900,13.2200,78.5300,80.4900,76.0000,76.4400,0,0,,,,,-0.2908,0.6611,0.1499,0.7228,-8568600.0000,-0.1000,-0.4100,-0.2100,-0.2000,1.4400,-0.0100,-0.5400,-2.0700
2018-06-01,238.2566,236.0090,241.4562,241.1565,0.8814,350365300,14.3900,18.7800,13.3700,13.4600,75.5000,78.7200,74.5100,77.5900,0,0,,,,,-2.3800,-2.6620,-0.2733,1.2780,42260200.0000,1.4000,4.1800,1.0800,0.2400,-3.0300,-1.7700,-1.4900,1.1500
2018-06-08,241.9763,241.6678,245.2816,245.2023,0.8814,304361500,13.9100,13.9100,11.2200,12.1800,76.6100,77.5800,73.8200,76.4600,0,0,,,,,3.7197,5.6588,3.8254,4.0458,-46003800.0000,-0.4800,-4.8700,-2.1500,-1.2800,1.1100,-1.1400,-0.6900,-1.1300
2018-06-15,246.5246,243.7888,247.4454,245.3648,0.8854,407431300,12.5200,13.1600,11.8800,11.9800,76.3900,77.0700,73.0700,73.4400,0,0,,,,,4.5483,2.1210,2.1638,0.1625,103069800.0000,-1.3900,-0.7500,0.6600,-0.2000,-0.2200,-0.5100,-0.7500,-3.0200
2018-06-22,243.9129,242.1775,245.0019,243.2488,0.8854,330194500,12.7900,15.1800,12.1800,13.7700,73.0500,75.8500,72.4400,75.5500,0,0,,,,,-2.6117,-1.6113,-2.4435,-2.1160,-77236800.0000,0.2700,2.0200,0.3000,1.7900,-3.3400,-1.2200,-0.6300,2.1100
2018-06-29,242.0978,237.7152,242.4785,240.1854,0.8854,485755300,15.0700,19.6100,14.5600,16.0900,75.0700,79.7000,73.7400,79.4400,1,0,Bullish,242.4785,237.7152,240.0969,-1.8151,-4.4623,-2.5234,-3.0634,155560800.0000,2.2800,4.4300,2.3800,2.3200,2.0200,3.8500,1.3000,3.8900
2018-07-06,238.6183,238.3792,244.2227,243.8509,0.8854,229161500,17.7000,18.0800,13.3400,13.3700,78.9000,78.9300,76.3700,77.1100,0,0,,,,,-3.4795,0.6640,1.7442,3.6655,-256593800.0000,2.6300,-1.5300,-1.2200,-2.7200,3.8300,-0.7700,2.6300,-2.3300
2018-07-13,244.8514,244.8071,247.8439,247.5429,0.8854,287912600,13.0200,14.1500,11.6200,12.1800,77.2400,79.5000,72.6800,75.3300,0,0,,,,,6.2331,6.4279,3.6212,3.6920,58751100.0000,-4.6800,-3.9300,-1.7200,-1.1900,-1.6600,0.5700,-3.6900,-1.7800
2018-07-20,247.5872,246.4982,248.9507,247.6226,0.8854,288859800,12.7700,13.5800,11.4400,12.8600,75.0000,75.3700,71.2000,73.0700,0,0,,,,,2.7358,1.6911,1.1068,0.0797,947200.0000,-0.2500,-0.5700,-0.1800,0.6800,-2.2400,-4.1300,-1.4800,-2.2600
2018-07-27,247.4190,247.0736,251.7750,249.1631,0.8854,328645600,13.4700,14.2600,11.6000,13.0300,72.9200,74.8500,72.5300,74.2900,0,0,,,,,-0.1682,0.5754,2.8243,1.5405,39785800.0000,0.7000,0.6800,0.1600,0.1700,-2.0800,-0.5200,1.3300,1.2200
2018-08-03,249.2428,247.1621,251.1463,251.0932,0.8854,303528100,13.6300,14.5300,11.0700,11.6400,74.3500,75.2700,71.8400,73.2100,0,0,,,,,1.8238,0.0885,-0.6287,1.9301,-25117500.0000,0.1600,0.2700,-0.5300,-1.3900,1.4300,0.4200,-0.6900,-1.0800
2018-08-10,251.1288,249.9955,253.2271,250.7038,0.8854,237505100,11.9100,13.8200,10.1700,13.1600,73.2900,74.9000,71.4100,72.8100,0,0,,,,,1.8860,2.8334,2.0808,-0.3894,-66023000.0000,-1.7200,-0.7100,-0.9000,1.5200,-1.0600,-0.3700,-0.4300,-0.4000
2018-08-17,250.9781,248.0475,252.8286,252.3859,0.8854,348086700,14.5000,16.8600,12.4000,12.6400,72.9900,73.9300,70.3000,71.8300,0,0,,,,,-0.1507,-1.9480,-0.3985,1.6821,110581600.0000,2.5900,3.0400,2.2300,-0.5200,-0.3000,-0.9700,-1.1100,-0.9800
2018-08-24,252.8375,252.3859,254.6968,254.5551,0.8854,258765100,12.5700,13.2900,11.6500,11.9900,71.7800,76.4000,71.4500,75.8200,0,0,,,,,1.8594,4.3384,1.8682,2.1692,-89321600.0000,-1.9300,-3.5700,-0.7500,-0.6500,-1.2100,2.4700,1.1500,3.9900
2018-08-31,255.7503,255.5909,258.3002,257.0341,0.8854,292871700,12.3700,14.0300,11.8700,12.8600,75.6100,78.0000,75.4000,77.4200,0,0,,,,,2.9128,3.2050,3.6034,2.4790,34106600.0000,-0.2000,0.7400,0.2200,0.8700,3.8300,1.6000,3.9500,1.6000
2018-09-07,256.6180,253.8467,256.9455,254.6347,0.8854,269481500,13.1300,15.6300,13.1200,14.8800,78.1900,79.7100,75.6400,76.8300,0,0,,,,,0.8677,-1.7442,-1.3547,-2.3994,-23390200.0000,0.7600,1.6000,1.2500,2.0200,2.5800,1.7100,0.2400,-0.5900
2018-09-14,255.6441,254.0858,257.8841,257.5388,0.8854,266666300,15.0900,15.2000,11.9300,12.0700,76.8500,80.1100,76.8500,78.0900,0,0,,,,,-0.9739,0.2391,0.9386,2.9041,-2815200.0000,1.9600,-0.4300,-1.1900,-2.8100,-1.3400,0.4000,1.2100,1.2600
2018-09-21,258.6513,257.0593,261.4261,259.6918,0.8894,385095300,12.7200,13.7500,11.1000,11.6800,78.0700,80.1200,77.5000,78.8000,0,0,,,,,3.0072,2.9735,3.5420,2.1530,118429000.0000,-2.3700,-1.4500,-0.8300,-0.3900,1.2200,0.0100,0.6500,0.7100
2018-09-28,259.1137,257.3972,259.9141,258.5623,0.8894,306860200,12.4600,13.2200,11.5500,12.1200,79.1000,82.8500,79.1000,82.7200,0,0,,,,,0.4624,0.3379,-1.5120,-1.1295,-78235100.0000,-0.2600,-0.5300,0.4500,0.4400,1.0300,2.7300,1.6000,3.9200
2018-10-05,259.7985,254.5601,260.7769,255.9831,0.8894,391529300,11.9900,17.3600,11.3400,14.8200,82.9200,86.7200,82.5600,84.1600,0,0,,,,,0.6848,-2.8371,0.8628,-2.5792,84669100.0000,-0.4700,4.1400,-0.2100,2.7000,3.8200,3.8700,3.4600,1.4400
2018-10-12,255.2983,240.4544,256.9081,245.4261,0.8894,834839200,16.0500,28.8400,15.2700,21.3100,84.1100,85.4400,79.2200,80.4300,0,0,,,,,-4.5002,-14.1057,-3.8688,-10.5570,443309900.0000,4.0600,11.4800,3.9300,6.4900,1.1900,-1.2800,-3.3400,-3.7300
2018-10-19,245.0703,243.9586,250.0509,245.6929,0.8894,605604600,21.9700,22.8900,17.0600,19.8900,80.9700,81.9100,78.6900,79.7800,0,0,,,,,-10.2280,3.5042,-6.8572,0.2668,-229234600.0000,5.9200,-5.9500,1.7900,-1.4200,-3.1400,-3.5300,-0.5300,-0.6500
2018-10-26,246.3600,233.2771,246.6801,235.9808,0.8894,746211300,19.3800,27.5200,18.8200,24.1600,80.0800,80.3900,75.1300,77.6200,0,0,,,,,1.2897,-10.6815,-3.3708,-9.7121,140606700.0000,-2.5900,4.6300,1.7600,4.2700,-0.8900,-1.5200,-3.5600,-2.1600
2018-11-02,239.0670,231.1070,244.7857,241.8152,0.8894,668290500,24.4800,27.8600,18.0500,19.5100,77.6900,78.0100,72.1700,72.8300,0,0,,,,,-7.2930,-2.1701,-1.8944,5.8344,-77920800.0000,5.1000,0.3400,-0.7700,-4.6500,-2.3900,-2.3800,-2.9600,-4.7900
2018-11-09,242.3043,241.3349,250.1132,247.0359,0.8894,392858000,20.5800,20.8700,16.0900,17.3600,72.7500,74.1200,69.1600,70.1800,0,0,,,,,3.2373,10.2279,5.3275,5.2207,-275432500.0000,-3.9000,-6.9900,-1.9600,-2.1500,-4.9400,-3.8900,-3.0100,-2.6500
2018-11-16,246.5289,237.4750,246.7691,243.4517,0.8894,584955500,17.2600,22.9700,17.2500,18.1400,70.5400,71.8600,64.6400,66.7600,0,0,,,,,4.2246,-3.8599,-3.3441,-3.5842,192097500.0000,-3.3200,2.1000,1.1600,0.7800,-2.2100,-2.2600,-4.5200,-3.4200
2018-11-23,242.8468,233.9708,243.1404,234.1309,0.8894,357454600,18.7800,23.8100,18.5200,21.5200,67.0100,67.6200,58.4300,58.8000,0,0,,,,,-3.6821,-3.5042,-3.6287,-9.3208,-227500900.0000,1.5200,0.8400,1.2700,3.3800,-3.5300,-4.2400,-6.2100,-7.9600
2018-11-30,236.3810,235.9896,245.7195,245.1592,0.8894,463664000,20.7800,20.8000,18.0300,18.0700,59.1500,61.4000,57.5200,58.7100,0,0,,,,,-6.4658,2.0188,2.5791,11.0283,106209400.0000,2.0000,-3.0100,-0.4900,-3.4500,-7.8600,-6.2200,-0.9100,-0.0900
2018-12-07,249.2771,233.4105,249.3838,234.4155,0.8894,646366600,16.0400,25.9400,15.9400,23.2300,59.8900,63.7100,58.3900,61.6700,0,0,,,,,12.8961,-2.5791,3.6643,-10.7437,182702600.0000,-4.7400,5.1400,-2.0900,5.1600,0.7400,2.3100,0.8700,2.9600
2018-12-14,234.2376,230.0130,239.2448,231.6584,0.8894,584550800,23.9500,25.9400,20.3400,21.6300,61.4500,62.3100,59.3400,60.2800,0,0,,,,,-15.0395,-3.3975,-10.1390,-2.7571,-61815800.0000,7.9100,0.0000,4.4000,-1.6000,1.5600,-1.4000,0.9500,-1.3900
2018-12-21,232.0540,214.6812,233.1722,215.3253,0.8946,1022399200,22.3600,31.3500,21.9700,30.1100,60.3700,61.1900,52.8100,53.8200,1,0,Bullish,233.1722,214.6812,223.9267,-2.1836,-15.3318,-6.0726,-16.3331,437848400.0000,-1.5900,5.4100,1.6300,8.4800,-1.0800,-1.1200,-6.5300,-6.4600
2018-12-28,213.8403,209.1170,224.8973,221.6321,0.8946,705164500,29.2900,36.2000,27.4300,28.3400,53.5800,55.2800,49.9600,52.2000,0,0,,,,,-18.2137,-5.5642,-8.2749,6.3068,-317234700.0000,6.9300,4.8500,5.4600,-1.7700,-6.7900,-5.9100,-2.8500,-1.6200
2019-01-04,223.2513,217.9823,226.4271,225.7830,0.8946,557994100,27.5900,28.5300,21.1900,21.3800,53.0600,58.3000,52.5000,57.0600,0,0,,,,,9.4110,8.8653,1.5298,4.1509,-147170400.0000,-1.7000,-7.6700,-6.2400,-6.9600,-0.5200,3.0200,2.5400,4.8600
2019-01-11,226.0514,225.1568,231.8393,231.6783,0.8946,471340300,22.0600,22.8000,18.1200,18.1900,57.3700,62.4700,57.1100,60.4800,0,0,,,,,2.8001,7.1745,5.4122,5.8953,-86653800.0000,-5.5300,-5.7300,-3.0700,-3.1900,4.3100,4.1700,4.6100,3.4200
2019-01-18,229.7818,229.3792,238.8349,238.3698,0.8946,457771900,19.8400,20.2700,17.1700,17.8000,60.5400,62.9900,58.9100,62.7000,0,0,,,,,3.7304,4.2224,6.9956,6.6915,-13568400.0000,-2.2200,-2.5300,-0.9500,-0.3900,3.1700,0.5200,1.8000,2.2200
2019-01-25,236.9026,233.1812,238.5845,237.7614,0.8946,357649000,18.5300,22.0200,17.3100,17.4200,62.7400,63.1200,60.2200,61.6400,0,0,,,,,7.1208,3.8020,-0.2504,-0.6084,-100122900.0000,-1.3100,1.7500,0.1400,-0.3800,2.2000,0.1300,1.3100,-1.0600
2019-02-01,235.6234,234.1920,242.6100,241.5902,0.8946,434018300,18.5600,20.4200,16.0800,16.1400,61.3300,62.6400,59.4800,61.8700,0,0,,,,,-1.2792,1.0108,4.0255,3.8288,76369300.0000,0.0300,-1.6000,-1.2300,-1.2800,-1.4100,-0.4800,-0.7400,0.2300
2019-02-08,241.6349,239.5953,244.6139,241.9570,0.8946,369916300,16.7200,17.8900,15.0400,15.7200,62.7000,63.6300,60.6100,62.1000,0,0,,,,,6.0115,5.4033,2.0039,0.3668,-64102000.0000,-1.8400,-2.5300,-1.0400,-0.4200,1.3700,0.9900,1.1300,0.2300
2019-02-15,242.6100,241.5634,248.1654,248.1296,0.8946,385891900,16.1700,17.2700,14.7900,14.9100,62.0000,66.4000,60.9000,66.2500,0,0,,,,,0.9751,1.9681,3.5515,6.1726,15975600.0000,-0.5500,-0.6200,-0.2500,-0.8100,-0.7000,2.7700,0.2900,4.1500
2019-02-22,247.3334,247.2171,249.9097,249.7130,0.8946,278060900,15.6500,16.1600,13.5100,13.5100,66.3100,67.7300,65.5800,67.1200,0,0,,,,,4.7234,5.6537,1.7443,1.5834,-107831000.0000,-0.5200,-1.1100,-1.2800,-1.4000,4.3100,1.3300,4.6800,0.8700
2019-03-01,251.1354,248.2280,251.6542,250.8580,0.8946,330945200,13.9100,16.1700,13.4100,13.5700,66.8000,67.4700,64.3400,65.0700,0,0,,,,,3.8020,1.0109,1.7445,1.1450,52884300.0000,-1.7400,0.0100,-0.1000,0.0600,0.4900,-0.2600,-1.2400,-2.0500
2019-03-08,251.9137,243.7014,252.1552,245.5264,0.8946,421329900,13.7700,18.3300,13.3800,16.0500,65.0100,66.9900,64.0100,65.7400,0,0,,,,,0.7783,-4.5266,0.5010,-5.3316,90384700.0000,-0.1400,2.1600,-0.0300,2.4800,-1.7900,-0.4800,-0.3300,0.6700
2019-03-15,247.3267,247.2997,253.7241,252.7627,0.8985,374233000,16.2800,16.4300,12.5000,12.8800,65.7300,68.1300,65.6500,67.1600,0,0,,,,,-4.5870,3.5983,1.5689,7.2363,-47096900.0000,2.5100,-1.9000,-0.8800,-3.1700,0.7200,1.1400,1.6400,1.4200
2019-03-22,252.9783,250.8488,256.2399,250.9117,0.8985,439286800,13.1300,17.5200,12.3700,16.4800,67.0500,68.7000,66.2100,67.0300,0,0,,,,,5.6516,3.5491,2.5158,-1.8510,65053800.0000,-3.1500,1.0900,-0.1300,3.6000,1.3200,0.5700,0.5600,-0.1300
2019-03-29,250.5703,249.4651,254.1374,253.8140,0.8985,364351100,17.7600,17.8500,13.6400,13.7100,66.9300,68.8800,66.3700,68.3900,0,0,,,,,-2.4080,-1.3837,-2.1025,2.9023,-74935700.0000,4.6300,0.3300,1.2700,-2.7700,-0.1200,0.1800,0.1600,1.3600
2019-04-05,255.8088,255.5392,259.3400,259.2860,0.8985,293550700,13.9000,14.2700,12.1700,12.8200,67.5400,70.4700,67.5400,70.3400,0,0,,,,,5.2385,6.0741,5.2026,5.4720,-70800400.0000,-3.8600,-3.5800,-1.4700,-0.8900,0.6100,1.5900,1.1700,1.9500
2019-04-12,258.8636,257.6056,260.9930,260.7145,0.8985,297131000,13.5500,14.3900,11.9500,12.0100,70.5000,71.8600,70.3000,71.5500,0,0,,,,,3.0548,2.0664,1.6530,1.4285,3580300.0000,-0.3500,0.1200,-0.2200,-0.8100,2.9600,1.3900,2.7600,1.2100
2019-04-19,260.7864,259.3667,261.8556,260.5887,0.8985,228726700,12.4600,13.1400,11.0300,12.0900,71.6200,72.2600,70.7500,71.9700,0,0,,,,,1.9228,1.7611,0.8626,-0.1258,-68404300.0000,-1.0900,-1.2500,-0.9200,0.0800,1.1200,0.4000,0.4500,0.4200
2019-04-26,259.8250,259.7352,263.7066,263.6348,0.8985,251486900,13.2100,14.3000,12.0800,12.7300,72.0500,75.5900,71.2900,72.1500,0,0,,,,,-0.9614,0.3685,1.8510,3.0461,22760200.0000,0.7500,1.1600,1.0500,0.6400,0.4300,3.3300,0.5400,0.1800
2019-05-03,263.7246,260.1394,265.0184,264.1918,0.8985,331555200,13.0400,15.9200,12.6500,12.8700,71.7000,73.2000,69.6800,70.8500,0,0,,,,,3.8996,0.4042,1.3118,0.5570,80068300.0000,-0.1700,1.6200,0.5700,0.1400,-0.3500,-2.3900,-1.6100,-1.3000
2019-05-10,259.8969,253.6522,263.5449,258.8636,0.8985,559396700,12.8900,23.3800,12.8900,16.0400,70.6000,71.7900,68.7600,70.6200,0,0,,,,,-3.8277,-6.4872,-1.4735,-5.3282,227841500.0000,-0.1500,7.4600,0.2400,3.1700,-1.1000,-1.4100,-0.9200,-0.2300
2019-05-17,253.7601,251.5228,259.8610,256.8330,0.8985,455352700,18.6200,21.3200,14.8600,15.9600,70.9000,73.3500,69.7300,72.2100,0,0,,,,,-6.1368,-2.1294,-3.6839,-2.0306,-104044000.0000,5.7300,-2.0600,1.9700,-0.0800,0.3000,1.5600,0.9700,1.5900
2019-05-24,255.2336,252.0977,257.8123,254.0835,0.8985,313209100,15.8800,18.0500,14.4200,15.8500,73.1000,73.3900,67.0000,68.6900,0,0,,,,,1.4735,0.5749,-2.0487,-2.7495,-142143600.0000,-2.7400,-3.2700,-0.4400,-0.1100,2.2000,0.0400,-2.7300,-3.5200
2019-05-31,254.3621,247.3087,255.3145,247.3356,0.8985,324388900,16.5500,19.7200,15.9000,18.7100,69.1000,70.5800,64.4200,64.4900,0,0,,,,,-0.8715,-4.7890,-2.4978,-6.7479,11179800.0000,0.6700,1.6700,1.4800,2.8600,-4.0000,-2.8100,-2.5800,-4.2000
2019-06-07,247.3716,245.3769,259.5376,258.4594,0.8985,388532200,19.4100,19.7500,15.3300,16.3000,61.6000,63.5800,59.4500,63.2900,0,0,,,,,-6.9905,-1.9318,4.2231,11.1238,64143300.0000,2.8600,0.0300,-0.5700,-2.4100,-7.5000,-7.0000,-4.9700,-1.2000
2019-06-14,260.0048,258.6121,261.8288,259.9059,0.8985,267806600,16.3000,16.7000,15.2100,15.2800,63.6900,64.1300,59.5700,62.0100,0,0,,,,,12.6332,13.2352,2.2912,1.4465,-120725600.0000,-3.1100,-3.0500,-0.1200,-1.0200,2.0900,0.5500,0.1200,-1.2800
2019-06-21,261.4049,261.0979,267.5355,265.4498,0.9029,403194400,15.6500,16.0300,13.1900,15.4000,61.9700,65.7500,60.2500,65.2000,0,0,,,,,1.4001,2.4858,5.7067,5.5439,135387800.0000,-0.6500,-0.6700,-2.0200,0.1200,-1.7200,1.6200,0.6800,3.1900
2019-06-28,265.6574,262.1542,265.9734,264.5469,0.9029,280902400,15.4600,16.6800,15.0800,15.0800,65.5400,66.8600,64.1000,66.5500,0,0,,,,,4.2525,1.0563,-1.5621,-0.9029,-122292000.0000,-0.1900,0.6500,1.8900,-0.3200,3.5700,1.1100,3.8500,1.3500
2019-07-05,267.8694,265.7477,269.8016,269.4766,0.9029,232786300,13.8500,14.6400,12.0400,13.2800,65.2800,66.7400,62.0700,64.2300,0,0,,,,,2.2120,3.5935,3.8282,4.9297,-48116100.0000,-1.6100,-2.0400,-3.0400,-1.8000,-0.2600,-0.1200,-2.0300,-2.3200
2019-07-12,268.1674,266.7860,271.5262,271.4539,0.9029,236543700,13.7300,14.7100,12.2800,12.3900,64.3700,67.6400,63.7400,66.7200,0,0,,,,,0.2980,1.0383,1.7246,1.9773,3757400.0000,-0.1200,0.0700,0.2400,-0.8900,-0.9100,0.9000,1.6700,2.4900
2019-07-19,271.8873,267.8875,271.8873,268.3119,0.9029,216657600,12.5800,14.5000,12.2400,14.4500,66.6500,67.4600,61.2900,62.4700,0,0,,,,,3.7199,1.1015,0.3611,-3.1420,-19886100.0000,-1.1500,-0.2100,-0.0400,2.0600,2.2800,-0.1800,-2.4500,-4.2500
2019-07-26,268.7092,268.1946,272.8806,272.6819,0.9029,235894000,14.5500,14.7000,11.6900,12.1600,62.9100,64.6600,62.5900,63.4600,0,0,,,,,-3.1781,0.3071,0.9933,4.3700,19236400.0000,1.9700,0.2000,-0.5500,-2.2900,-3.7400,-2.8000,1.3000,0.9900
2019-08-02,272.5645,262.6508,272.6819,264.2038,0.9029,447617000,12.1500,20.1100,12.1500,17.6100,63.1200,65.3600,60.0300,61.8900,0,0,,,,,3.8553,-5.5438,-0.1987,-8.4781,211723000.0000,-2.4000,5.4100,0.4600,5.4500,0.2100,0.7000,-2.5600,-1.5700
2019-08-09,260.1136,254.3622,265.1066,263.3008,0.9029,621473300,19.9600,24.8100,16.8200,17.9700,61.5500,61.5500,55.8800,58.5300,0,0,,,,,-12.4509,-8.2886,-7.5753,-0.9030,173856300.0000,7.8100,4.7000,4.6700,0.3600,-1.5700,-3.8100,-4.1500,-3.3600
2019-08-16,261.8020,254.9672,265.5851,260.7998,0.9029,478024400,17.8700,24.1000,17.5200,18.4700,58.3600,61.5000,57.6900,58.6400,0,0,,,,,1.6884,0.6050,0.4785,-2.5010,-143448900.0000,-2.0900,-0.7100,0.7000,0.5000,-3.1900,-0.0500,1.8100,0.1100
2019-08-23,263.8155,255.9423,265.3865,257.1883,0.9029,355520800,17.9300,21.0700,15.5100,19.8700,58.6300,61.4100,58.3200,59.3400,0,0,,,,,2.0135,0.9751,-0.1986,-3.6115,-122503600.0000,0.0600,-3.0300,-2.0100,1.4000,0.2700,-0.0900,0.6300,0.7000
2019-08-30,259.3733,257.5494,265.6664,264.0503,0.9029,319590000,20.3400,21.6400,17.0900,18.9800,58.4000,61.1800,58.2700,60.4300,0,0,,,,,-4.4422,1.6071,0.2799,6.8620,-35930800.0000,2.4100,0.5700,1.5800,-0.8900,-0.2300,-0.2300,-0.0500,1.0900
2019-09-06,262.3529,261.1791,269.8107,269.1065,0.9029,248831100,20.9600,21.1500,14.9100,15.0000,59.0700,62.3900,57.2200,61.5400,0,0,,,,,2.9796,3.6297,4.1443,5.0562,-70758900.0000,0.6200,-0.4900,-2.1800,-3.9800,0.6700,1.2100,-1.0500,1.1100
2019-09-13,270.0906,267.2284,273.0882,271.8512,0.9029,313042000,15.2600,16.5200,13.5100,13.7400,61.5400,63.7700,58.9100,60.2200,0,0,,,,,7.7377,6.0493,3.2775,2.7447,64210900.0000,-5.7000,-4.6300,-1.4000,-1.2600,2.4700,1.3800,1.6900,-1.3200
2019-09-20,271.9728,269.7687,274.5035,270.5578,0.9071,339168000,14.8900,15.8400,13.3100,15.3200,67.0000,71.0000,63.0700,64.2800,0,0,,,,,1.8822,2.5403,1.4153,-1.2934,26126000.0000,-0.3700,-0.6800,-0.2000,1.5800,5.4600,7.2300,4.1600,4.0600
2019-09-27,269.8956,266.3944,271.9728,267.9455,0.9071,351126500,15.3500,18.6900,14.3300,17.2200,65.3200,65.3200,60.7700,61.9100,0,0,,,,,-2.0772,-3.3743,-2.5307,-2.6123,11958500.0000,0.4600,2.8500,1.0200,1.9000,-1.6800,-5.6800,-2.3000,-2.3700
2019-10-04,268.4624,258.3487,270.7210,266.9930,0.9071,412814300,17.2300,21.4600,15.7900,17.0400,61.8800,62.0800,56.1500,58.3700,1,0,Bullish,270.7210,258.3487,264.5349,-1.4332,-8.0457,-1.2518,-0.9525,61687800.0000,1.8800,2.7700,1.4600,-0.1800,-3.4400,-3.2400,-4.6200,-3.5400
2019-10-11,266.1949,261.6777,270.9751,268.7437,0.9071,371694700,18.2700,20.3800,15.1100,15.5800,57.7000,60.6900,57.1100,60.5100,0,0,,,,,-2.2675,3.3290,0.2541,1.7507,-41119600.0000,1.0400,-1.0800,-0.6800,-1.4600,-4.1800,-1.3900,0.9600,2.1400
2019-10-18,268.4262,268.0997,272.3357,270.2766,0.9071,246118100,15.6600,16.5000,13.3100,14.2500,60.5600,60.7500,58.0000,59.4200,0,0,,,,,2.2313,6.4220,1.3606,1.5329,-125576600.0000,-2.6100,-3.8800,-1.8000,-1.3300,2.8600,0.0600,0.8900,-1.0900
2019-10-25,271.5918,270.7573,274.1134,273.5692,0.9071,202654000,14.2400,15.1200,12.6200,12.6500,59.3600,62.1100,58.2600,62.0200,0,0,,,,,3.1656,2.6576,1.7777,3.2926,-43464100.0000,-1.4200,-1.3800,-0.6900,-1.6000,-1.2000,1.3600,0.2600,2.6000
2019-11-01,274.7847,273.6871,277.7326,277.6873,0.9071,276271100,13.0100,13.9500,12.2600,12.3000,61.9900,62.3400,59.4000,61.6900,0,0,,,,,3.1929,2.9298,3.6192,4.1181,73617100.0000,-1.2300,-1.1700,-0.3600,-0.3500,2.6300,0.2300,1.1400,-0.3300
2019-11-08,279.2384,277.6147,280.8711,280.2271,0.9071,253331600,12.6800,13.3900,12.0000,12.0700,62.0000,63.3200,60.6600,62.5100,0,0,,,,,4.4537,3.9276,3.1385,2.5398,-22939500.0000,-0.3300,-0.5600,-0.2600,-0.2300,0.0100,0.9800,1.2600,0.8200
2019-11-15,278.8484,278.7123,282.8576,282.8122,0.9071,249443100,13.1500,13.9000,11.9200,12.0500,62.5100,63.6400,61.2300,63.3000,0,0,,,,,-0.3900,1.0976,1.9865,2.5851,-3888500.0000,0.4700,0.5100,-0.0800,-0.0200,0.5100,0.3200,0.5700,0.7900
2019-11-22,282.5762,280.3358,283.6284,282.0592,0.9071,295953800,12.3900,14.1700,12.1600,12.3400,63.3000,64.3000,60.3000,63.3900,1,0,Bullish,283.6284,280.3358,281.9821,3.7278,1.6235,0.7708,-0.7530,46510700.0000,-0.7600,0.2700,0.2400,0.2900,0.7900,0.6600,-0.9300,0.0900
2019-11-29,282.9846,282.9846,286.1593,285.0980,0.9071,167253500,12.5100,12.8300,11.4200,12.6200,63.4600,64.6000,62.4000,62.4300,0,0,,,,,0.4084,2.6488,2.5309,3.0388,-128700300.0000,0.1200,-1.3400,-0.7400,0.2800,0.1600,0.3000,2.1000,-0.9600
2019-12-06,285.3519,278.5852,286.0049,285.6058,0.9071,288425500,12.6900,17.9900,12.5500,13.6200,60.8000,64.8600,60.3000,64.3900,0,0,,,,,2.3673,-4.3994,-0.1544,0.5078,121172000.0000,0.1800,5.1600,1.1300,1.0000,-2.6600,0.2600,-2.1000,1.9600
2019-12-13,285.2159,283.7374,289.0528,287.8282,0.9071,318810900,14.2500,16.9000,12.2500,12.6300,64.4000,65.7800,63.0100,65.2200,0,0,,,,,-0.1360,5.1522,3.0479,2.2224,30385400.0000,1.5600,-1.0900,-0.3000,-0.9900,3.6000,0.9200,2.7100,0.8300
2019-12-20,290.9752,289.1795,293.4819,292.3516,0.9115,424433000,12.4700,12.7800,11.7100,12.5100,64.9800,66.7800,64.8800,66.1400,0,0,,,,,5.7593,5.4421,4.4291,4.5234,105622100.0000,-1.7800,-4.1200,-0.5400,-0.1200,0.5800,1.0000,1.8700,0.9200
2019-12-27,293.1355,292.5066,295.1500,294.2932,0.9115,146700000,12.8100,13.7200,11.7200,13.4300,66.2100,68.2900,65.8100,68.1600,0,0,,,,,2.1603,3.3271,1.6681,1.9416,-277733000.0000,0.3400,0.9400,0.0100,0.9200,1.2300,1.5100,0.9300,2.0200
2020-01-03,294.3752,291.8229,296.1435,293.8830,0.9115,243667300,13.7400,16.2000,12.4200,14.0200,68.2100,69.4800,65.6400,68.6000,0,0,,,,,1.2397,-0.6837,0.9935,-0.4102,96967300.0000,0.9300,2.4800,0.7000,0.5900,2.0000,1.1900,-0.1700,0.4400
2020-01-10,292.1328,292.0143,298.4861,296.8910,0.9115,265948900,15.4500,16.3900,12.0900,12.5600,69.0700,71.9900,64.5500,64.9800,0,0,,,,,-2.2424,0.1914,2.3426,3.0080,22281600.0000,1.7100,0.1900,-0.3300,-1.4600,0.8600,2.5100,-1.0900,-3.6200
2020-01-17,297.5108,297.0824,302.7885,302.5788,0.9115,331872500,12.8400,13.8200,11.7500,12.1000,65.1800,65.2500,63.5500,64.8500,0,0,,,,,5.3780,5.0681,4.3024,5.6878,65923600.0000,-2.6100,-2.5700,-0.3400,-0.4600,-3.8900,-6.7400,-1.0000,-0.1300
2020-01-24,301.6217,298.3950,303.4904,299.6802,0.9115,266198700,13.2300,15.9800,12.3100,14.5600,65.4000,66.0000,60.2200,60.6900,0,0,,,,,4.1109,1.3126,0.7019,-2.8986,-65673800.0000,0.3900,2.1600,0.5600,2.4600,0.2200,0.7500,-3.3300,-4.1600
2020-01-31,294.4481,292.3516,299.5526,293.2632,0.9115,391122800,17.4200,19.9900,14.9400,18.8400,60.2800,60.6100,57.7300,58.1600,0,0,,,,,-7.1736,-6.0434,-3.9378,-6.4170,124924100.0000,4.1900,4.0100,2.6300,4.2800,-5.1200,-5.3900,-2.4900,-2.5300
2020-02-07,294.7398,294.6212,304.6206,302.8067,0.9115,312106400,18.6400,18.8800,14.7000,15.4700,55.8500,56.7600,53.6900,54.4700,0,0,,,,,0.2917,2.2696,5.0680,9.5435,-79016400.0000,1.2200,-1.1100,-0.2400,-3.3700,-4.4300,-3.8500,-4.0400,-3.6900
2020-02-14,301.9226,301.8861,308.2029,307.7289,0.9115,260011300,15.8800,16.4300,13.3800,13.6800,54.2400,57.5300,53.1100,57.3200,0,1,Bearish,308.2029,301.8861,305.0445,7.1828,7.2649,3.5823,4.9222,-52095100.0000,-2.7600,-2.4500,-1.3200,-1.7900,-1.6100,0.7700,-0.5800,2.8500
2020-02-21,306.7354,303.1531,309.0779,303.9734,0.9115,293992500,14.9800,18.2100,14.2100,17.0800,57.3400,60.0200,56.2900,58.5000,0,0,,,,,4.8128,1.2670,0.8750,-3.7555,33981200.0000,-0.9000,1.7800,0.8300,3.4000,3.1000,2.4900,3.1800,1.1800
2020-02-28,294.5483,260.2752,304.0463,270.0467,0.9115,1244104700,22.2500,49.4800,22.0000,40.1100,58.0200,58.1200,50.1200,50.5200,0,0,,,,,-12.1871,-42.8779,-5.0316,-33.9267,950112200.0000,7.2700,31.2700,7.7900,23.0300,0.6800,-1.9000,-6.1700,-7.9800
2020-03-06,271.8242,264.5503,286.0713,271.1406,0.9115,1130490100,38.5400,54.3900,24.9300,41.9400,49.0400,53.8700,45.1600,45.2700,0,0,,,,,-22.7241,4.2751,-17.9750,1.0939,-113614600.0000,16.2900,4.9100,2.9300,1.8300,-8.9800,-4.2500,-4.9600,-5.2500
2020-03-13,250.9413,225.7651,262.9916,245.4904,0.9115,1562964500,41.9400,77.5700,41.9400,57.8300,39.2400,39.6200,31.2500,33.8500,0,0,,,,,-20.8829,-38.7852,-23.0797,-25.6502,432474400.0000,3.4000,23.1800,17.0100,15.8900,-9.8000,-14.2500,-13.9100,-11.4200
2020-03-20,221.1329,209.0668,235.5463,209.7820,0.9169,1523388400,57.8300,85.4700,57.4200,66.0400,34.4600,34.5500,24.5100,26.9800,0,0,,,,,-29.8084,-16.6983,-27.4453,-35.7084,-39576100.0000,15.8900,7.9000,15.4800,8.2100,-4.7800,-5.0700,-6.7400,-6.8700
2020-03-27,209.2227,200.1181,240.9559,232.3556,0.9169,1342924000,74.0800,76.7400,36.2400,65.5400,26.5000,28.6400,24.1700,24.9300,0,0,,,,,-11.9102,-8.9487,5.4096,22.5736,-180464400.0000,16.2500,-8.7300,-21.1800,-0.5000,-7.9600,-5.9100,-0.3400,-2.0500
2020-04-03,234.4461,223.6269,241.4418,227.5603,0.9169,869026800,66.3000,67.6900,46.7400,46.8000,24.0000,35.0000,21.6900,34.1100,0,0,,,,,25.2234,23.5088,0.4859,-4.7953,-473897200.0000,-7.7800,-9.0500,10.5000,-18.7400,-2.5000,6.3600,-2.4800,9.1800
2020-04-10,236.4082,227.5420,257.8265,255.0759,0.9169,733262100,44.1700,47.5100,41.3900,41.6700,31.2500,36.4300,30.5500,31.4800,0,0,,,,,1.9621,3.9151,16.3847,27.5156,-135764700.0000,-22.1300,-20.1800,-5.3500,-5.1300,7.2500,1.4300,8.8600,-2.6300
2020-04-17,254.1040,248.8502,263.4194,262.8143,0.9169,649240600,44.6000,45.0400,37.3100,38.1500,33.0000,33.2300,27.1700,28.0800,0,0,,,,,17.6958,21.3082,5.5929,7.7384,-84021500.0000,0.4300,-2.4700,-4.0800,-3.5200,1.7500,-3.2000,-3.3800,-3.4000
2020-04-24,259.1193,249.4095,262.9519,259.4494,0.9169,509219500,40.6800,47.7700,35.6000,35.9300,28.0500,28.2400,16.0000,21.4400,0,0,,,,,5.0153,0.5593,-0.4675,-3.3649,-140021100.0000,-3.9200,2.7300,-1.7100,-2.2200,-4.9500,-4.9900,-11.1700,-6.6400
2020-05-01,261.4206,258.1199,270.3694,259.2843,0.9169,549993900,36.2900,39.5700,30.5400,37.1900,21.3000,27.9500,18.7300,26.4400,0,0,,,,,2.3013,8.7104,7.4175,-0.1651,40774400.0000,-4.3900,-8.2000,-5.0600,1.2600,-6.7500,-0.2900,2.7300,5.0000
2020-05-08,257.4047,255.9286,268.5999,268.1322,0.9169,385778500,39.1300,40.3200,27.8900,27.9800,26.2100,32.4900,25.4800,30.9700,0,0,,,,,-4.0159,-2.1913,-1.7695,8.8479,-164215400.0000,2.8400,0.7500,-2.6500,-9.2100,4.9100,4.5400,6.7500,4.5300
2020-05-15,266.2067,250.2989,269.7825,262.4842,0.9169,553230300,28.4600,39.2800,26.0000,31.8900,30.6800,32.9000,28.8700,32.5000,0,0,,,,,8.8020,-5.6297,1.1826,-5.6480,167451800.0000,-10.6700,-1.0400,-1.8900,3.9100,4.4700,0.4100,3.3900,1.5300
2020-05-22,268.6915,267.6829,273.1109,270.8828,0.9169,443006900,30.7100,31.5500,27.6700,28.1600,32.7100,36.9800,32.7100,35.1300,0,0,,,,,2.4848,17.3840,3.3284,8.3986,-110223400.0000,2.2500,-7.7300,1.6700,-3.7300,2.0300,4.0800,3.8400,2.6300
2020-05-29,276.8334,270.9012,281.3353,279.0247,0.9169,403264800,27.7200,30.5300,25.9200,27.5100,35.1300,36.6800,33.3900,35.3300,0,0,,,,,8.1419,3.2183,8.2244,8.1419,-39742100.0000,-2.9900,-1.0200,-1.7500,-0.6500,2.4200,-0.3000,0.6800,0.2000
2020-06-05,278.3829,277.8694,294.5658,292.7962,0.9169,448912200,28.9400,30.6000,23.5400,24.5200,37.5400,42.4800,37.1700,42.3000,0,0,,,,,1.5495,6.9682,13.2305,13.7715,45647400.0000,1.2200,0.0700,-2.3800,-2.9900,2.4100,5.8000,3.7800,6.9700
2020-06-12,293.6031,273.7802,296.5280,278.9239,0.9169,650043700,25.5600,44.1600,24.6500,36.0900,42.4100,43.4300,37.0000,38.7300,0,0,,,,,15.2202,-4.0892,1.9622,-13.8723,201131500.0000,-3.3800,13.5600,1.1100,11.5700,4.8700,0.9500,-0.1700,-3.5700
2020-06-19,274.4508,273.2720,290.6773,284.2309,0.9209,573187400,44.0900,44.4400,30.4000,35.1200,38.6900,42.9300,37.2400,42.1900,0,0,,,,,-19.1523,-0.5082,-5.8507,5.3070,-76856300.0000,18.5300,0.2800,5.7500,-0.9700,-3.7200,-0.5000,0.2400,3.4600
2020-06-26,283.6323,275.7401,289.6275,276.3203,0.9209,493363100,35.2200,37.1200,29.2600,34.7300,41.5500,43.9300,39.4700,41.0200,0,0,,,,,9.1815,2.4681,-1.0498,-7.9106,-79824300.0000,-8.8700,-7.3200,-1.1400,-0.3900,2.8600,1.0000,2.2300,-1.1700
2020-07-03,277.5728,275.2889,290.7327,287.5371,0.9209,334908800,35.0500,36.3100,25.9000,27.6800,40.3100,43.2200,40.0600,43.1400,0,0,,,,,-6.0595,-0.4512,1.1052,11.2168,-158454300.0000,-0.1700,-0.8100,-3.3600,-7.0500,-1.2400,-0.7100,0.5900,2.1200
2020-07-10,291.3496,286.1096,292.7402,292.4731,0.9209,340167000,27.7600,31.4800,24.9200,27.2900,42.7500,43.7100,41.3200,43.2400,0,0,,,,,13.7768,10.8207,2.0075,4.9360,5258200.0000,-7.2900,-4.8300,-0.9800,-0.3900,2.4400,0.4900,1.2600,0.1000
2020-07-17,294.8123,287.3252,297.4921,296.2765,0.9209,401248400,27.8500,33.6700,25.4100,25.6800,43.1100,43.8400,41.8000,43.1400,0,0,,,,,3.4627,1.2156,4.7519,3.8034,61081400.0000,0.0900,2.1900,0.4900,-1.6100,0.3600,0.1300,0.4800,-0.1000
2020-07-24,296.0095,294.0019,301.3508,295.5030,0.9209,320898500,26.9400,28.5800,23.6000,25.8400,43.0900,44.8800,42.3700,43.3400,1,0,Bullish,301.3508,294.0019,297.6763,1.1972,6.6767,3.8587,-0.7735,-80349900.0000,-0.9100,-5.0900,-1.8100,0.1600,-0.0200,1.0400,0.5700,0.2000
2020-07-31,296.1936,294.3610,300.7982,300.6969,0.9209,301090700,26.6000,28.2900,23.5500,24.4600,43.4000,43.9400,41.3800,43.3000,0,0,,,,,0.1841,0.3591,-0.5526,5.1939,-19807800.0000,-0.3400,-0.2900,-0.0500,-1.3800,0.3100,-0.9400,-0.9900,-0.0400
2020-08-07,302.3545,301.8112,308.3957,308.1103,0.9209,238681200,25.7500,26.0100,20.9700,22.2100,43.5500,46.2400,42.8900,44.4000,0,0,,,,,6.1609,7.4502,7.5975,7.4134,-62409500.0000,-0.8500,-2.2800,-2.5800,-2.2500,0.1500,2.3000,1.5100,1.1000
2020-08-14,308.5615,305.7527,311.5269,310.2007,0.9209,256734100,22.8800,24.9300,20.2800,22.0500,44.6100,45.7800,44.4000,44.8000,0,0,,,,,6.2070,3.9415,3.1312,2.0904,18052900.0000,-2.8700,-1.0800,-0.6900,-0.1600,1.0600,-0.4600,1.5100,0.4000
2020-08-21,311.2137,308.7088,312.8529,312.6319,0.9209,239583500,22.5200,24.6000,20.9900,22.5400,44.9600,45.5400,43.6000,44.3500,0,0,,,,,2.6522,2.9561,1.3260,2.4312,-17150600.0000,-0.3600,-0.3300,0.7100,0.4900,0.3500,-0.2400,-0.8000,-0.4500
2020-08-28,315.0631,312.6043,322.9829,322.8540,0.9209,244465300,22.8700,27.0900,20.9200,22.9600,44.4200,46.0900,44.2800,45.0500,0,0,,,,,3.8494,3.8955,10.1300,10.2221,4881800.0000,0.3500,2.4900,-0.0700,0.4200,-0.5400,0.5500,0.6800,0.7000
2020-09-04,322.6423,308.3866,330.3780,315.4776,0.9209,477715300,23.9100,38.2800,21.7700,30.7500,45.7100,46.5100,42.3000,42.6600,0,0,,,,,7.5792,-4.2177,7.3951,-7.3764,233250000.0000,1.0400,11.1900,0.8500,7.7900,1.2900,0.4200,-1.9800,-2.3900
2020-09-11,310.0810,304.8226,315.5421,307.6406,0.9209,381177300,30.6100,35.9300,26.5100,26.8700,42.2200,42.4500,39.2800,39.8300,0,0,,,,,-12.5613,-3.5640,-14.8359,-7.8370,-96538000.0000,6.7000,-2.3500,4.7400,-3.8800,-3.4900,-4.0600,-3.0200,-2.8300
2020-09-18,312.0434,303.2413,317.1935,305.7192,0.9246,398023800,25.8600,28.9200,24.8400,25.8300,39.7700,43.8100,39.3100,43.1500,0,0,,,,,1.9624,-1.5813,1.6514,-1.9214,16846500.0000,-4.7500,-7.0100,-1.6700,-1.0400,-2.4500,1.3600,0.0300,3.3200
2020-09-25,301.1424,295.6872,306.2277,303.9439,0.9246,403925800,28.0400,31.1800,25.1900,26.3800,43.0200,43.2800,40.9800,41.9200,0,0,,,,,-10.9010,-7.5541,-10.9658,-1.7753,5902000.0000,2.1800,2.2600,0.3500,0.5500,3.2500,-0.5300,1.6700,-1.2300
2020-10-02,308.0954,306.2185,313.1992,308.6687,0.9246,398099500,27.1500,29.9000,24.9000,27.6300,41.8500,42.6200,38.7900,39.2700,0,0,,,,,6.9530,10.5313,6.9715,4.7248,-5826300.0000,-0.8900,-1.2800,-0.2900,1.2500,-1.1700,-0.6600,-2.1900,-2.6500
2020-10-09,310.7212,309.1679,321.1600,320.6977,0.9246,297612700,29.5200,30.0000,24.0300,25.0000,39.2200,43.5600,39.2100,42.8500,0,0,,,,,2.6258,2.9494,7.9608,12.0290,-100486800.0000,2.3700,0.1000,-0.8700,-2.6300,-2.6300,0.9400,0.4200,3.5800
2020-10-16,323.2311,317.2582,327.3271,321.1045,0.9246,361231500,25.6500,29.0600,24.1400,27.4100,42.6900,43.6000,41.3500,42.9300,0,0,,,,,12.5099,8.0903,6.1671,0.4068,63618800.0000,-3.8700,-0.9400,0.1100,2.4100,3.4700,0.0400,2.1400,0.0800
2020-10-23,322.3620,314.9652,322.9907,319.7084,0.9246,296595700,27.3600,30.5500,27.0400,27.5500,42.7400,43.3100,41.4600,41.7700,0,0,,,,,-0.8691,-2.2930,-4.3364,-1.3961,-64635800.0000,1.7100,1.4900,2.9000,0.1400,0.0500,-0.2900,0.1100,-1.1600
2020-10-30,316.3336,298.2761,317.1195,301.9191,0.9246,495446400,29.3800,41.1600,29.2200,38.0200,41.6300,41.6300,36.6800,37.4600,0,0,,,,,-6.0284,-16.6891,-5.8712,-17.7893,198850700.0000,2.0200,10.6100,2.1800,10.4700,-1.1100,-1.6800,-4.7800,-4.3100
2020-11-06,305.3031,302.5663,325.6351,323.7581,0.9246,463334900,38.5700,38.7800,24.5600,24.8600,37.4200,41.5200,35.7300,39.4500,0,0,,,,,-11.0305,4.2902,8.5156,21.8390,-32111500.0000,9.1900,-2.3800,-4.6600,-13.1600,-4.2100,-0.1100,-0.9500,1.9900
2020-11-13,336.5269,324.0818,336.9060,331.0995,0.9246,446943600,24.8000,27.2700,22.4100,23.1000,39.7000,45.3100,39.6100,42.7800,0,0,,,,,31.2238,21.5155,11.2709,7.3414,-16391300.0000,-13.7700,-11.5100,-2.1500,-1.7600,2.2800,3.7900,3.8800,3.3300
2020-11-20,333.7624,327.4474,335.4267,328.5384,0.9246,341601600,23.6600,24.5200,21.6600,23.7000,42.7300,45.1900,42.6400,44.9600,0,0,,,,,-2.7645,3.3656,-1.4793,-2.5611,-105342000.0000,-1.1400,-2.7500,-0.7500,0.6000,3.0300,-0.1200,3.0300,2.1800
2020-11-27,330.3413,328.1130,336.7210,336.2495,0.9246,199491500,23.6600,23.9600,19.5100,20.8400,45.1300,49.0700,44.9000,48.1800,0,0,,,,,-3.4211,0.6656,1.2943,7.7111,-142110100.0000,0.0000,-0.5600,-2.1500,-2.8600,2.4000,3.8800,2.2600,3.2200
2020-12-04,335.4728,332.0887,341.9635,341.9635,0.9246,317663000,22.6400,22.8900,19.9700,20.7900,47.7500,49.8600,46.7700,49.2500,0,0,,,,,5.1315,3.9757,5.2425,5.7140,118171500.0000,-1.0200,-1.0700,0.4600,-0.0500,2.6200,0.7900,1.8700,1.0700
2020-12-11,341.1961,335.8704,343.0730,338.6812,0.9246,280935500,22.0400,25.1400,20.1000,23.3100,49.2300,51.0700,48.1100,49.9700,0,0,,,,,5.7233,3.7817,1.1095,-3.2823,-36727500.0000,-0.6000,2.2500,0.1300,2.5200,1.4800,1.2100,1.3400,0.7200
2020-12-18,342.2977,338.4257,345.8447,342.7991,0.9285,392163800,22.6700,24.8200,21.5200,21.5700,50.0600,52.4700,49.1800,52.2600,0,0,,,,,1.1016,2.5553,2.7717,4.1179,111228300.0000,0.6300,-0.3200,1.4200,-1.7400,0.8300,1.4000,1.0700,2.2900
2020-12-25,338.8898,336.1599,351.4159,342.6319,0.9285,216995000,24.2500,31.4600,21.3900,21.5300,52.3100,52.3400,49.1800,51.2900,0,0,,,,,-3.4079,-2.2658,5.5712,-0.1672,-175168800.0000,1.5800,6.6400,-0.1300,-0.0400,2.2500,-0.1300,0.0000,-0.9700
2021-01-01,345.1762,344.3312,347.8875,347.1633,0.9285,220656900,22.1100,23.7200,20.9900,22.7500,51.2000,52.0200,50.5200,51.8000,0,0,,,,,6.2864,8.1713,-3.5284,4.5314,3661900.0000,-2.1400,-7.7400,-0.4000,1.2200,-1.1100,-0.3200,1.3400,0.5100
2021-01-08,348.4910,338.7506,354.2294,354.0159,0.9285,425078700,23.0400,29.1900,21.4200,21.5600,51.6600,56.3000,50.5800,55.9900,0,0,,,,,3.3148,-5.5806,6.3419,6.8526,204421800.0000,0.9300,5.4700,0.4300,-1.1900,0.4600,4.2800,0.0600,4.1900
2021-01-15,350.8495,346.9961,353.8951,348.8531,0.9285,306035100,23.3100,25.8000,21.6600,24.3400,56.2100,57.4200,54.6500,55.1000,0,0,,,,,2.3585,8.2455,-0.3343,-5.1628,-119043600.0000,0.2700,-3.3900,0.2400,2.7800,4.5500,1.1200,4.0700,-0.8900
2021-01-22,351.3045,349.8281,357.4422,355.5201,0.9285,213770000,23.0300,23.7300,21.0900,21.9100,54.7400,56.6200,54.4900,55.4100,0,0,,,,,0.4550,2.8320,3.5471,6.6670,-92265100.0000,-0.2800,-2.0700,-0.5700,-2.4300,-1.4700,-0.8000,-0.1600,0.3100
2021-01-29,356.2536,341.9540,358.2778,343.6254,0.9285,457381600,22.3100,37.5100,22.2000,33.0900,55.2000,56.5900,55.0900,55.8800,0,0,,,,,4.9491,-7.8741,0.8356,-11.8947,243611600.0000,-0.7200,13.7800,1.1100,11.1800,0.4600,-0.0300,0.6000,0.4700
2021-02-05,347.0146,343.9133,360.7106,360.0049,0.9285,288507800,31.4500,33.9600,20.8600,20.8700,54.9000,59.7900,54.6200,59.3400,0,0,,,,,-9.2390,1.9593,2.4328,16.3795,-168873800.0000,9.1400,-3.5500,-1.3400,-12.2200,-0.3000,3.2000,-0.4700,3.4600
2021-02-12,361.4534,359.8099,364.8240,364.5826,0.9285,226577300,21.8900,23.8500,19.6900,19.9700,59.5600,62.8300,59.5500,62.4300,0,0,,,,,14.4388,15.8966,4.1134,4.5777,-61930500.0000,-9.5600,-10.1100,-1.1700,-0.9000,4.6600,3.0400,4.9300,3.0900
2021-02-19,365.8083,360.0328,366.0034,362.1592,0.9285,246216800,21.1300,24.2300,20.8400,22.0500,62.7700,65.4900,62.1100,62.9100,0,0,,,,,4.3549,0.2229,1.1794,-2.4234,19639500.0000,-0.7600,0.3800,1.1500,2.0800,3.2100,2.6600,2.5600,0.4800
2021-02-26,359.4013,351.2023,364.2019,353.1801,0.9285,546504300,24.4600,31.1600,21.3100,27.9500,62.7300,67.7000,62.5900,66.1300,0,0,,,,,-6.4070,-8.8305,-1.8015,-8.9791,300287500.0000,3.3300,6.9300,0.4700,5.9000,-0.0400,2.2100,0.4800,3.2200
2021-03-05,358.0365,345.3062,362.9856,356.2165,0.9285,640356900,25.2000,31.9000,22.4500,24.6600,64.7100,69.6900,62.3400,69.3600,0,0,,,,,-1.3648,-5.8961,-1.2163,3.0364,93852600.0000,0.7400,0.7400,1.1400,-3.2900,1.9800,1.9900,-0.2500,3.2300
2021-03-12,357.1730,354.1645,367.3776,365.9012,0.9285,497580800,27.6100,28.3900,20.6300,20.6900,69.9000,71.3600,66.5200,69.2200,0,0,,,,,-0.8635,8.8583,4.3920,9.6847,-142776100.0000,2.4100,-3.5100,-1.8200,-3.9700,5.1900,1.6700,4.1800,-0.1400
2021-03-19,367.3512,360.6624,370.8819,362.8330,0.9316,474082600,21.8400,23.1700,18.9500,20.9500,69.1200,70.0200,61.4200,64.5300,1,0,Bullish,370.8819,360.6624,365.7722,10.1782,6.4979,3.5043,-3.0682,-23498200.0000,-5.7700,-5.2200,-1.6800,0.2600,-0.7800,-1.3400,-5.1000,-4.6900
2021-03-26,363.3453,357.6347,369.2888,368.8882,0.9316,492591500,21.9100,23.5500,18.6800,18.8600,64.6600,65.0700,60.2600,64.5700,0,0,,,,,-4.0059,-3.0277,-1.5931,6.0552,18508900.0000,0.0700,0.3800,-0.2700,-2.0900,-4.4600,-4.9500,-1.1600,0.0400
2021-04-02,367.4163,365.9351,373.2574,373.2014,0.9316,396786900,20.4000,21.7500,17.2900,17.3300,64.0400,65.6500,62.3700,64.8600,0,0,,,,,4.0710,8.3004,3.9686,4.3132,-95804600.0000,-1.5100,-1.8000,-1.3900,-1.5300,-0.6200,0.5800,2.1100,0.2900
2021-04-09,375.8565,375.7819,383.5048,383.3371,0.9316,328509800,18.1600,18.4000,16.2000,16.6900,64.8100,64.8100,61.2400,62.9500,0,0,,,,,8.4402,9.8468,10.2474,10.1357,-68277100.0000,-2.2400,-3.3500,-1.0900,-0.6400,0.7700,-0.8400,-1.1300,-1.9100
2021-04-16,382.7408,382.1352,389.3177,388.7122,0.9316,317182900,17.4300,17.9100,15.3800,16.2500,63.0200,67.3800,62.4100,66.7700,0,0,,,,,6.8843,6.3533,5.8129,5.3751,-11326900.0000,-0.7300,-0.4900,-0.8200,-0.4400,-1.7900,2.5700,1.1700,3.8200
2021-04-23,387.7808,382.4987,389.6346,388.2279,0.9316,397935300,17.0400,19.9000,16.7800,17.3300,66.6900,68.0800,64.5800,66.1100,0,0,,,,,5.0400,0.3635,0.3169,-0.4843,80752400.0000,-0.3900,1.9900,1.4000,1.0800,3.6700,0.7000,2.1700,-0.6600
2021-04-30,388.8800,387.8180,391.9356,388.7496,0.9316,318795700,17.9400,19.2500,16.6700,18.6100,66.0200,68.9500,64.5700,67.2500,0,0,,,,,1.0992,5.3193,2.3010,0.5217,-79139600.0000,0.9000,-0.6500,-0.1100,1.2800,-0.6700,0.8700,-0.0100,1.1400
2021-05-07,390.7338,383.5048,393.8919,393.2398,0.9316,371936900,18.6500,21.8500,16.6800,16.6900,66.7700,69.9600,66.0800,68.2800,0,0,,,,,1.8538,-4.3132,1.9563,4.4902,53141200.0000,0.7100,2.6000,0.0100,-1.9200,0.7500,1.0100,1.5100,1.0300
2021-05-14,393.5939,376.3596,393.8174,388.0789,0.9316,522147000,17.3400,28.9300,17.0700,18.8100,68.6200,70.2600,66.4700,68.7100,0,0,,,,,2.8601,-7.1452,-0.0745,-5.1609,150210100.0000,-1.3100,7.0800,0.3900,2.1200,1.8500,0.3000,0.3900,0.4300
2021-05-21,386.9702,377.5985,389.5880,386.5510,0.9316,386007400,19.8900,25.9600,18.8100,20.1500,68.8600,70.2400,64.5600,66.4400,0,0,,,,,-6.6237,1.2389,-4.2294,-1.5279,-136139600.0000,2.5500,-2.9700,1.7400,1.3400,0.2400,-0.0200,-1.9100,-2.2700
2021-05-28,388.7869,388.5446,392.4294,391.3022,0.9316,267144600,20.5000,20.5100,15.9000,16.7600,66.6400,69.8300,66.4700,69.6300,0,0,,,,,1.8167,10.9461,2.8414,4.7512,-118862800.0000,0.6100,-5.4500,-2.9100,-3.3900,-2.2200,-0.4100,1.9100,3.1900
2021-06-04,393.6590,387.7993,393.9850,393.6869,0.9316,217391300,17.2400,19.2700,15.6800,16.4200,69.0300,72.1700,68.7700,71.8900,0,0,,,,,4.8721,-0.7453,1.5556,2.3847,-49753300.0000,-3.2600,-1.2400,-0.2200,-0.3400,2.3900,2.3400,2.3000,2.2600
2021-06-11,393.6776,391.5629,395.5781,395.2799,0.9316,243716500,17.3400,18.2900,15.1500,15.6500,71.7000,73.0800,70.7200,72.6900,0,0,,,,,0.0186,3.7636,1.5931,1.5930,26325200.0000,0.1000,-0.9800,-0.5300,-0.7700,2.6700,0.9100,1.9500,0.8000
2021-06-18,396.6853,387.5913,397.6480,387.7970,0.9346,383879100,16.0400,21.0400,15.0400,20.7000,72.4900,74.9600,72.0000,73.5100,0,0,,,,,3.0077,-3.9716,2.0699,-7.4829,140162600.0000,-1.3000,2.7500,-0.1100,5.0500,0.7900,1.8800,1.2800,0.8200
2021-06-25,389.5540,388.7409,399.1714,398.7227,0.9346,283207500,21.7400,21.8200,14.1900,15.6200,73.3300,76.2100,72.9800,76.1800,0,0,,,,,-7.1313,1.1496,1.5234,10.9257,-100671600.0000,5.7000,0.7800,-0.8500,-5.0800,0.8400,1.2500,0.9800,2.6700
2021-07-02,399.2463,398.0500,405.7233,405.3681,0.9346,265096700,16.0700,17.3100,14.1000,15.0700,76.1600,76.7500,73.9100,76.1700,0,0,,,,,9.6923,9.3091,6.5519,6.6454,-18110800.0000,-5.6700,-4.5100,-0.0900,-0.5500,2.8300,0.5400,0.9300,-0.0100
2021-07-09,405.4242,399.5734,407.3495,407.0504,0.9346,306093700,15.7700,21.2900,15.7300,16.1800,76.0900,77.8300,72.1000,75.5500,0,0,,,,,6.1779,1.5234,1.6262,1.6823,40997000.0000,-0.3000,3.9800,1.6300,1.1100,-0.0700,1.0800,-1.8100,-0.6200
2021-07-16,406.9663,402.7511,409.2936,403.1437,0.9346,300932400,16.8500,18.7000,15.9400,18.4500,75.6400,76.7100,72.3400,73.5900,0,0,,,,,1.5421,3.1777,1.9441,-3.9067,-5161300.0000,1.0800,-2.5900,0.2100,2.2700,-0.4500,-1.1200,0.2400,-1.9600
2021-07-23,398.3303,394.3862,411.5179,411.1815,0.9346,423964700,19.6100,25.0900,16.3300,17.2000,73.0000,74.2100,67.4200,74.1000,0,0,,,,,-8.6360,-8.3649,2.2243,8.0378,123032300.0000,2.7600,6.3900,0.3900,-1.2500,-2.6400,-2.5000,-4.9200,0.5100
2021-07-30,410.5927,407.4897,412.9199,409.8450,0.9346,279975200,18.6700,20.4400,17.1900,18.2400,74.1700,76.3900,72.7500,76.3300,0,0,,,,,12.2624,13.1035,1.4020,-1.3365,-143989500.0000,-0.9400,-4.6500,0.8600,1.0400,1.1700,2.1800,5.3300,2.2300
2021-08-06,411.5553,407.5925,413.9854,413.5648,0.9346,249469100,18.1600,20.4400,16.1400,16.1500,75.1800,75.3300,69.7500,70.7000,0,0,,,,,0.9626,0.1028,1.0655,3.7198,-30506100.0000,-0.5100,0.0000,-1.0500,-2.0900,1.0100,-1.0600,-3.0000,-5.6300
2021-08-13,413.5367,412.4618,416.7892,416.7705,0.9346,206975900,17.1200,17.3900,15.1900,15.4500,70.0600,71.8900,67.6100,70.5900,0,0,,,,,1.9814,4.8693,2.8038,3.2057,-42493200.0000,-1.0400,-3.0500,-0.9500,-0.7000,-5.1200,-3.4400,-2.1400,-0.1100
2021-08-20,415.4714,407.6112,417.8828,414.3779,0.9346,420586700,17.0500,24.7400,16.0200,18.5600,70.2200,70.4000,64.8000,65.1800,0,0,,,,,1.9347,-4.8506,1.0936,-2.3926,213610800.0000,-0.0700,7.3500,0.8300,3.1100,0.1600,-1.4900,-2.8100,-5.4100
2021-08-27,416.0601,414.4526,421.1913,420.8174,0.9346,269312100,18.8300,19.2700,16.1100,16.3900,65.1800,72.7400,64.8300,72.7000,0,0,,,,,0.5887,6.8414,3.3085,6.4395,-151274600.0000,1.7800,-5.4700,0.0900,-2.1700,-5.0400,2.3400,0.0300,7.5200
2021-09-03,421.4904,421.2474,424.3691,423.4625,0.9346,246050500,16.7700,17.0700,15.6800,16.4100,73.5900,73.7000,70.4100,72.6100,0,0,,,,,5.4303,6.7948,3.1778,2.6451,-23261600.0000,-2.0600,-2.2000,-0.4300,0.0200,8.4100,0.9600,5.5800,-0.0900
2021-09-10,423.1167,416.2004,423.2102,416.3219,0.9346,255772000,16.9400,21.1300,16.8900,20.9500,72.6900,73.1900,70.8900,72.9200,0,0,,,,,1.6263,-5.0470,-1.1589,-7.1406,9721500.0000,0.1700,4.0600,1.2100,4.5400,-0.9000,-0.5100,0.4800,0.3100
2021-09-17,420.6561,413.5114,420.9186,413.8677,0.9376,436939600,19.6400,21.5100,17.6500,20.8100,73.0500,76.1300,72.7000,75.3400,0,0,,,,,-2.4606,-2.6890,-2.2916,-2.4542,181167600.0000,2.7000,0.3800,0.7600,-0.1400,0.3600,2.9400,1.8100,2.4200
2021-09-24,407.7543,402.1098,417.1400,416.2211,0.9376,499812500,24.2500,28.7900,17.6300,17.7500,75.3900,78.2500,73.2500,78.0900,0,0,,,,,-12.9018,-11.4016,-3.7786,2.3534,62872900.0000,4.6100,7.2800,-0.0200,-3.0600,2.3400,2.1200,0.5500,2.7500
2021-10-01,415.1897,400.5815,416.3524,407.1543,0.9376,543882700,17.7800,24.8900,17.7400,21.1000,78.2300,80.7400,77.5300,79.2800,1,0,Bullish,416.3524,400.5815,408.4669,7.4354,-1.5283,-0.7876,-9.0668,44070200.0000,-6.4700,-3.9000,0.1100,3.3500,2.8400,2.4900,4.2800,1.1900
2021-10-08,405.9916,399.7658,414.1302,410.5485,0.9376,479279600,22.9000,24.5800,18.2000,18.7700,79.3600,83.4400,78.7600,82.3900,0,0,,,,,-9.1981,-0.8157,-2.2222,3.3942,-64603100.0000,5.1200,-0.3100,0.4600,-2.3300,1.1300,2.7000,1.2300,3.1100
2021-10-15,409.8921,404.6227,418.4245,418.0588,0.9376,345885500,19.9300,20.8100,15.7200,16.3000,82.5900,85.1000,82.2100,84.8600,0,0,,,,,3.9005,4.8569,4.2943,7.5103,-133394100.0000,-2.9700,-3.7700,-2.4800,-2.4700,3.2300,1.6600,3.4500,2.4700
2021-10-22,416.2774,415.6210,426.3100,424.8566,0.9376,258932100,17.2900,17.9300,14.8400,15.4300,85.0500,86.1200,83.3600,85.5300,0,0,,,,,6.3853,10.9983,7.8855,6.7978,-86953400.0000,-2.6400,-2.8800,-0.8800,-0.8700,2.4600,1.0200,1.1500,0.6700
2021-10-29,425.9443,424.1722,430.8949,430.6042,0.9376,295327900,16.1400,18.0600,14.9000,16.2600,85.7100,86.7200,82.3100,84.3800,0,0,,,,,9.6669,8.5512,4.5849,5.7476,36395800.0000,-1.1500,0.1300,0.0600,0.8300,0.6600,0.6000,-1.0500,-1.1500
2021-11-05,431.5888,429.6198,441.2932,439.3055,0.9376,269089500,16.8500,17.7000,14.7300,16.4800,83.7300,85.2200,80.1900,82.7400,0,0,,,,,5.6445,5.4476,10.3983,8.7013,-26238400.0000,0.7100,-0.3600,-0.1700,0.2200,-1.9800,-1.5000,-2.1200,-1.6400
2021-11-12,440.4024,433.2202,440.8994,438.1240,0.9376,259299200,17.2300,19.9000,16.1500,16.2900,82.5700,85.5000,81.2600,82.1700,0,0,,,,,8.8136,3.6004,-0.3938,-1.1815,-9790300.0000,0.3800,2.2000,1.4200,-0.1900,-1.1600,0.2800,1.0700,-0.5700
2021-11-19,439.4086,437.1489,441.5651,439.6430,0.9376,251637500,17.0300,19.0100,16.0300,17.9100,81.9200,83.1400,78.0500,78.8900,0,0,,,,,-0.9938,3.9287,0.6657,1.5190,-7661700.0000,-0.2000,-0.8900,-0.1200,1.6200,-0.6500,-2.3600,-3.2100,-3.2800
2021-11-26,441.5182,429.2165,444.0029,430.3417,0.9376,320496900,18.2000,28.9900,17.3500,28.6200,78.6700,83.0000,72.1100,72.7200,0,0,,,,,2.1096,-7.9324,2.4378,-9.3013,68859400.0000,1.1700,9.9800,1.3200,10.7100,-3.2500,-0.1400,-5.9400,-6.1700
2021-12-03,435.1236,420.9186,437.4583,425.1379,0.9376,631737000,25.3100,35.3200,21.7100,30.6700,73.5900,77.0000,65.7700,69.8800,0,0,,,,,-6.3946,-8.2979,-6.5446,-5.2038,311240100.0000,7.1100,6.3300,4.3600,2.0500,-5.0800,-6.0000,-6.3400,-2.8400
2021-12-10,427.6789,425.2692,441.5276,441.3776,0.9376,405133400,28.9900,30.8200,18.6900,18.6900,70.3000,76.7000,70.2900,75.1500,0,0,,,,,-7.4447,4.3506,4.0693,16.2397,-226603600.0000,3.6800,-4.5000,-3.0200,-11.9800,-3.2900,-0.3000,4.5200,5.2700
2021-12-17,442.4107,430.9974,444.9324,432.7004,0.9409,553968300,19.2900,23.4700,18.1900,21.5700,75.5400,76.3900,72.4800,73.5200,0,0,,,,,14.7318,5.7282,3.4048,-8.6772,148834900.0000,-9.7000,-7.3500,-0.5000,2.8800,5.2400,-0.3100,2.1900,-1.6300
2021-12-24,427.6289,424.4862,444.2926,442.7965,0.9409,292271000,25.8900,27.3900,17.6200,17.9600,73.0600,76.9800,69.2600,76.8500,0,0,,,,,-14.7818,-6.5112,-0.6398,10.0961,-261697300.0000,6.6000,3.9200,-0.5700,-3.6100,-2.4800,0.5900,-3.2200,3.3300
2021-12-31,444.1703,444.1233,450.7003,446.8990,0.9409,279152600,19.3700,19.4100,16.6200,17.2200,76.3000,80.1600,75.7600,77.7800,0,0,,,,,16.5414,19.6371,6.4077,4.1025,-13118400.0000,-6.5200,-7.9800,-1.0000,-0.7400,3.2400,3.1800,6.5000,0.9300
2022-01-07,448.1597,437.1980,451.6223,438.5529,0.9409,420356300,17.6000,21.0600,16.3400,18.7600,77.9400,82.9900,77.0400,81.7500,0,0,,,,,3.9894,-6.9253,0.9220,-8.3461,141203700.0000,-1.7700,1.6500,-0.2800,1.5400,1.6400,2.8300,1.2800,3.9700
2022-01-14,435.3632,429.6236,445.2429,437.2639,0.9409,448334500,19.5800,23.3300,17.3600,19.1900,81.7900,86.5000,80.4900,86.0600,0,0,,,,,-12.7965,-7.5744,-6.3794,-1.2890,27978200.0000,1.9800,2.2700,1.0200,0.4300,3.8500,3.5100,3.4500,4.3100
2022-01-21,432.5781,412.0755,432.7851,412.1037,0.9409,543717600,21.1800,29.7900,21.1800,28.8500,86.5000,89.5100,85.5500,87.8900,0,0,,,,,-2.7851,-17.5481,-12.4578,-25.1602,95383100.0000,1.6000,6.4600,3.8200,9.6600,4.7100,3.0100,5.0600,1.8300
2022-01-28,406.5053,395.9011,417.8057,415.8392,0.9409,920508000,28.2000,38.9400,26.9000,27.6600,87.6500,91.6900,85.0200,90.0300,0,0,,,,,-26.0728,-16.1744,-14.9794,3.7355,376790400.0000,7.0200,9.1500,5.7200,-1.1900,1.1500,2.1800,-0.5300,2.1400
2022-02-04,415.1711,413.8256,431.0538,422.1904,0.9409,629246600,28.3600,29.4100,20.4600,23.2200,90.8000,93.7000,87.7200,93.2700,0,0,,,,,8.6658,17.9245,13.2481,6.3512,-291261400.0000,0.1600,-9.5300,-6.4400,-4.4400,3.1500,2.0100,2.7000,3.2400
2022-02-11,422.9525,413.0069,430.8280,414.4371,0.9409,551393100,24.0900,30.9900,19.9300,27.3600,92.7300,95.6400,89.9300,94.4400,0,0,,,,,7.7814,-0.8187,-0.2258,-7.7533,-77853500.0000,-4.2700,1.5800,-0.5300,4.1400,1.9300,1.9400,2.2100,1.1700
2022-02-18,413.9291,406.3077,421.5882,408.5753,0.9409,531254600,29.1700,32.0400,23.8800,27.7500,95.3100,96.7800,90.2600,93.5400,0,0,,,,,-9.0234,-6.6992,-9.2398,-5.8618,-20138500.0000,5.0800,1.0500,3.9500,0.3900,2.5800,1.1400,0.3300,-0.9000
2022-02-25,406.3736,386.3791,411.9720,411.8874,0.9409,592717200,31.8000,37.7900,26.9300,27.5900,94.2800,105.7500,92.5600,97.9300,0,0,,,,,-7.5555,-19.9286,-9.6162,3.3121,61462600.0000,2.6300,5.7500,3.0500,-0.1600,-1.0300,8.9700,2.3000,4.3900
2022-03-04,406.5053,401.8759,415.0488,406.6370,0.9409,620607300,32.4400,35.1900,28.4300,31.9800,100.4800,119.7700,97.6900,118.1100,0,0,,,,,0.1317,15.4968,3.0768,-5.2504,27890100.0000,0.6400,-2.6000,1.5000,4.3900,6.2000,14.0200,5.1300,20.1800
2022-03-11,406.0537,390.5944,406.7593,395.2519,0.9409,609269100,35.8800,37.5200,28.8400,30.7500,121.2400,137.0000,107.1300,112.6700,0,0,,,,,-0.4516,-11.2815,-8.2895,-11.3851,-11338200.0000,3.4400,2.3300,0.4100,-1.2300,20.7600,17.2300,9.4400,-5.4400
2022-03-18,397.2537,392.4401,419.8776,419.5567,0.9438,555925500,31.0300,33.8300,23.8500,23.8700,112.9000,113.0400,96.9500,107.9300,0,0,,,,,-8.8000,1.8457,13.1183,24.3048,-53343600.0000,-4.8500,-3.6900,-4.9900,-6.8800,-8.3400,-23.9600,-10.1800,-4.7400
2022-03-25,419.3868,415.9323,427.5416,427.2679,0.9438,384264500,25.1400,25.3600,20.8000,20.8100,107.3700,123.7000,107.0900,120.6500,0,0,,,,,22.1331,23.4922,7.6640,7.7112,-171661000.0000,-5.8900,-8.4700,-3.0500,-3.0600,-5.5300,10.6600,10.1400,12.7200
2022-04-01,426.6733,423.9173,436.1211,427.4850,0.9438,445526900,22.1400,23.3300,18.6700,19.6300,120.3100,120.3100,102.3700,104.3900,0,1,Bearish,436.1211,423.9173,430.0192,7.2865,7.9850,8.5795,0.2171,61262400.0000,-3.0000,-2.0300,-2.1300,-1.1800,12.9400,-3.3900,-4.7200,-16.2600
2022-04-08,427.6832,418.5657,432.1193,422.4355,0.9438,398083400,20.7500,24.7800,18.4500,21.1600,104.2500,109.8500,98.4500,102.7800,0,0,,,,,1.0099,-5.3516,-4.0018,-5.0495,-47443500.0000,-1.3900,1.4500,-0.2200,1.5300,-16.0600,-10.4600,-3.9200,-1.6100
2022-04-15,419.1697,412.1287,420.7177,413.2047,0.9438,346074000,23.0900,25.3800,20.8500,22.7000,103.0700,112.3900,97.6200,111.7000,0,0,,,,,-8.5135,-6.4370,-11.4016,-9.2308,-52009400.0000,2.3400,0.6000,2.4000,1.5400,-1.1800,2.5400,-0.8300,8.9200
2022-04-22,412.2796,401.5482,424.7384,402.1145,0.9438,426937000,24.5200,28.2700,19.7500,28.2100,111.8900,114.8200,104.6700,106.6500,0,0,,,,,-6.8901,-10.5805,4.0207,-11.0902,80863000.0000,1.4300,2.8900,-1.1000,5.5100,8.8200,2.4300,7.0500,-5.0500
2022-04-29,399.8776,388.1173,405.5124,388.8630,0.9438,596614200,30.0400,34.3400,26.8000,33.4000,105.7400,109.7700,99.4700,109.3400,0,0,,,,,-12.4020,-13.4309,-19.2260,-13.2515,169677200.0000,5.5200,6.0700,7.0500,5.1900,-6.1500,-5.0500,-5.2000,2.6900
2022-05-06,388.9291,382.2750,405.5312,388.2401,0.9438,727288500,33.3500,36.6400,24.9400,30.1900,106.2000,113.9900,103.1300,112.3900,0,0,,,,,-10.9485,-5.8423,0.0188,-0.6229,130674300.0000,3.3100,2.3000,-1.8600,-3.2100,0.4600,4.2200,3.6600,3.0500
2022-05-13,382.3505,363.5208,383.5869,379.1603,0.9438,659709500,31.9000,35.4800,28.7800,28.8700,113.0500,113.2200,100.9300,111.5500,0,0,,,,,-6.5786,-18.7542,-21.9443,-9.0798,-67579000.0000,-1.4500,-1.1600,3.8400,-1.3200,6.8500,-0.7700,-2.2000,-0.8400
2022-05-20,377.5180,359.1697,385.6256,367.7492,0.9438,509269500,30.0100,33.1100,25.5100,29.4300,111.4100,115.6600,105.7000,112.5500,0,0,,,,,-4.8325,-4.3511,2.0387,-11.4111,-150440000.0000,-1.8900,-2.3700,-3.2700,0.5600,-1.6400,2.4400,4.7700,1.0000
2022-05-27,370.7695,365.2291,392.0531,391.9398,0.9438,426273600,28.9800,31.0700,25.5700,25.7200,112.7400,119.7300,111.7200,119.4300,0,0,,,,,-6.7485,6.0594,6.4275,24.1906,-82995900.0000,-1.0300,-2.0400,0.0600,-3.7100,1.3300,4.0700,6.0200,6.8800
2022-06-03,390.3259,384.0777,393.9975,387.4850,0.9438,334006700,27.4700,28.3500,24.3300,24.7900,119.4700,124.1300,112.4800,119.7200,0,0,,,,,19.5564,18.8486,1.9444,-4.4548,-92266900.0000,-1.5100,-2.7200,-1.2400,-0.9300,6.7300,4.4000,0.7600,0.2900
2022-06-10,391.4868,367.8624,393.2140,367.9096,0.9438,400315000,25.3700,29.6300,23.7400,27.7500,121.3500,124.4100,118.5600,122.0100,0,0,,,,,1.1609,-16.2153,-0.7835,-19.5754,66308300.0000,-2.1000,1.2800,-0.5900,2.9600,1.8800,0.2800,6.0800,2.2900
2022-06-17,360.0672,343.3080,363.9062,346.8058,0.9479,645270700,31.3700,35.0500,27.7600,31.1300,121.6900,125.1800,111.7200,113.1200,0,0,,,,,-31.4196,-24.5544,-29.3078,-21.1038,244955700.0000,6.0000,5.4200,4.0200,3.3800,0.3400,0.7700,-6.8400,-8.8900
2022-06-24,352.5217,350.9007,369.7738,369.7643,0.9479,344213700,30.6300,31.5700,26.8300,27.2300,113.8000,116.2500,107.0300,113.1200,0,0,,,,,-7.5455,7.5927,5.8676,22.9585,-301057000.0000,-0.7400,-3.4800,-0.9300,-3.9000,-7.8900,-8.9300,-4.6900,0.0000
2022-07-01,370.6838,353.1568,372.6839,361.3847,0.9479,405582500,28.3000,30.2200,26.4700,26.7000,112.4600,120.3800,108.0100,111.6300,0,0,,,,,18.1621,2.2561,2.9101,-8.3796,61368800.0000,-2.3300,-1.3500,-0.3600,-0.5300,-1.3400,4.1300,0.9800,-1.4900
2022-07-08,356.3039,353.4791,370.2952,368.4278,0.9479,288787900,27.3700,29.8200,24.4300,24.6400,111.6100,114.6900,98.4700,107.0200,0,0,,,,,-14.3799,0.3223,-2.3887,7.0431,-116794600.0000,-0.9300,-0.4000,-2.0400,-2.0600,-0.8500,-5.6900,-9.5400,-4.6100
2022-07-15,365.7546,351.7159,366.7215,365.0721,0.9479,373575900,26.4200,29.0600,24.1300,24.2300,106.7600,107.6600,94.5000,101.1600,0,0,,,,,9.4507,-1.7632,-3.5737,-3.3557,84788000.0000,-0.9500,-0.7600,-0.3000,-0.4100,-4.8500,-7.0300,-3.9700,-5.8600
2022-07-22,368.1529,360.8349,379.3383,374.5134,0.9479,350654600,24.8300,25.9100,22.4100,23.0300,100.9200,107.6000,99.4800,103.2000,0,0,,,,,2.3983,9.1190,12.6168,9.4413,-22921300.0000,-1.5900,-3.1500,-1.7200,-1.2000,-5.8400,-0.0600,4.9800,2.0400
2022-07-29,375.1390,369.6411,391.5191,390.5332,0.9479,349890300,24.3300,25.3100,21.2100,21.3300,103.4400,110.4300,101.6700,110.0100,0,0,,,,,6.9861,8.8062,12.1808,16.0198,-764300.0000,-0.5000,-0.6000,-1.2000,-1.7000,2.5200,2.8300,2.1900,6.8100
2022-08-05,387.8412,385.6325,394.0311,391.9362,0.9479,303725000,22.4100,24.6800,20.7600,21.1500,103.8700,104.3700,92.7500,94.9200,0,0,,,,,12.7022,15.9914,2.5120,1.4030,-46165300.0000,-1.9200,-0.6300,-0.4500,-0.1800,0.4300,-6.0600,-8.9200,-15.0900
2022-08-12,393.6235,388.8554,404.9606,404.8563,0.9479,288667800,21.7400,22.3400,19.1200,19.5300,94.2700,100.3500,92.9900,98.1500,0,0,,,,,5.7823,3.2229,10.9295,12.9201,-15057200.0000,-0.6700,-2.3400,-1.6400,-1.6200,-9.6000,-4.0200,0.2400,3.2300
2022-08-19,402.6477,399.2826,409.2452,400.1547,0.9479,293940800,20.7400,21.2700,19.4100,20.6000,97.7600,98.0400,91.5200,96.7200,0,0,,,,,9.0242,10.4272,4.2846,-4.7016,5273000.0000,-1.0000,-1.0700,0.2900,1.0700,3.4900,-2.3100,-1.4700,-1.4300
2022-08-26,395.3298,384.1443,398.0882,384.2012,0.9479,330007900,22.4100,25.9000,21.6700,25.5600,95.6600,102.4700,92.3600,100.9900,0,0,,,,,-7.3179,-15.1383,-11.1570,-15.9535,36067100.0000,1.6700,4.6300,2.2600,4.9600,-2.1000,4.4300,0.8400,4.2700
2022-09-02,381.2531,369.7264,384.7035,371.8118,0.9479,405425100,26.8600,27.6900,23.1900,25.4700,100.8300,105.4800,91.8100,93.0200,0,0,,,,,-14.0767,-14.4179,-13.3847,-12.3894,75417200.0000,4.4500,1.7900,1.5200,-0.0900,5.1700,3.0100,-0.5500,-7.9700
2022-09-09,372.6555,368.1908,386.2866,385.4240,0.9479,305130200,25.4600,27.8000,22.6400,22.7900,93.0900,96.9900,87.2300,92.8400,0,0,,,,,-8.5976,-1.5356,1.5831,13.6122,-100294900.0000,-1.4000,0.1100,-0.5500,-2.6800,-7.7400,-8.4900,-4.5800,-0.1800
2022-09-16,389.0822,363.6973,391.8901,366.9811,0.9518,467945700,23.5800,28.4500,23.1600,26.3000,92.3000,95.8100,90.0500,91.3500,0,0,,,,,16.4267,-4.4935,5.6035,-18.4429,162815500.0000,-1.8800,0.6500,0.5200,3.5100,-0.7900,-1.1800,2.8200,-1.4900
2022-09-23,363.8401,345.7842,370.5504,350.2197,0.9518,469119500,27.6900,32.3100,25.5500,29.9200,91.6500,93.5100,85.4600,86.1500,0,0,,,,,-25.2421,-17.9131,-21.3397,-16.7614,1173800.0000,4.1100,3.8600,2.3900,3.6200,-0.6500,-2.3000,-4.5900,-5.2000
2022-09-30,348.7539,339.8354,354.3601,339.9687,0.9518,578341000,31.7400,34.8800,29.3900,31.6200,86.7200,90.1000,83.6300,87.9600,0,0,,,,,-15.0862,-5.9488,-16.1903,-10.2510,109221500.0000,4.0500,2.5700,3.8400,1.7000,-4.9300,-3.4100,-1.8300,1.8100
2022-10-07,343.6807,341.9008,361.1750,345.3083,0.9518,471548000,33.0000,33.0600,28.5000,31.3600,86.5100,98.5900,86.5100,97.9200,0,0,,,,,-5.0732,2.0654,6.8149,5.3396,-106793000.0000,1.2600,-1.8200,-0.8900,-0.2600,-0.2100,8.4900,2.8800,9.9600
2022-10-14,346.4219,331.3357,352.4184,340.3970,0.9518,516508900,32.9300,34.5300,31.1400,32.0200,98.7000,98.7600,91.0900,91.6300,0,0,,,,,2.7412,-10.5651,-8.7566,-4.9113,44960900.0000,-0.0700,1.4700,2.6400,0.6600,12.1900,0.1700,4.5800,-6.2900
2022-10-21,346.4695,340.0638,357.3582,356.2541,0.9518,489399500,32.2700,32.5900,29.2400,29.6900,91.7100,94.7700,88.7700,93.5000,0,0,,,,,0.0476,8.7281,4.9398,15.8571,-27109400.0000,-0.6600,-1.9400,-1.9000,-2.3300,-6.9900,-3.9900,-2.3200,1.8700
2022-10-28,357.7770,355.1310,370.7502,370.2743,0.9518,450644300,30.6500,30.9500,25.7500,25.7500,93.6100,97.2800,91.2100,95.7700,0,0,,,,,11.3075,15.0672,13.3920,14.0202,-38755200.0000,-1.6200,-1.6400,-3.4900,-3.9400,1.9000,2.5100,2.4400,2.2700
2022-11-04,367.8187,351.0192,371.5783,358.2149,0.9518,499634600,26.9100,27.0700,24.0000,24.5500,96.0000,98.8200,92.3600,98.5700,0,0,,,,,10.0417,-4.1118,0.8281,-12.0594,48990300.0000,-3.7400,-3.8800,-1.7500,-1.2000,2.3900,1.5400,1.1500,2.8000
2022-11-11,359.5093,355.6069,380.1066,379.3070,0.9518,466719200,25.6700,26.5900,22.3700,22.5200,97.7800,99.5600,91.6900,95.9900,0,0,,,,,-8.3094,4.5877,8.5283,21.0921,-32915400.0000,-1.2400,-0.4800,-1.6300,-2.0300,1.7800,0.7400,-0.6700,-2.5800
2022-11-18,377.5462,371.3404,382.9239,376.9466,0.9518,401025300,23.9900,26.2200,22.8600,23.1200,95.9700,96.9200,85.7900,87.6200,0,0,,,,,18.0369,15.7335,2.8173,-2.3604,-65693900.0000,-1.6800,-0.3700,0.4900,0.6000,-1.8100,-2.6400,-5.9000,-8.3700
2022-11-25,375.6236,373.7390,383.5141,382.9430,0.9518,210479200,24.0500,24.1200,20.3200,20.5000,87.8000,89.8800,82.3200,83.6300,0,0,,,,,-1.9226,2.3986,0.5902,5.9964,-190546100.0000,0.0600,-2.1000,-2.5400,-2.6200,-8.1700,-7.0400,-3.4700,-3.9900
2022-12-02,379.8591,374.3481,390.2434,387.3023,0.9518,426499200,22.0900,22.6300,18.9500,19.0600,83.8000,89.4100,80.6400,85.5700,0,0,,,,,4.2355,0.6091,6.7293,4.3593,216020000.0000,-1.9600,-1.4900,-1.3700,-1.4400,-4.0000,-0.4700,-1.6800,1.9400
2022-12-09,384.4850,372.7681,385.4177,374.3291,0.9518,363375500,20.3000,23.2800,19.7800,22.8300,85.5200,88.4300,75.1100,76.1000,0,0,,,,,4.6259,-1.5800,-4.8257,-12.9732,-63123700.0000,-1.7900,0.6500,0.8300,3.7700,1.7200,-0.9800,-5.5300,-9.4700
2022-12-16,376.8417,364.3444,392.5040,366.4767,0.9562,544863500,24.4000,25.8400,21.0700,22.6200,76.6700,83.1900,75.2600,79.0400,0,0,,,,,-7.6433,-8.4237,7.0863,-7.8524,181488000.0000,4.1000,2.5600,1.2900,-0.2100,-8.8500,-5.2400,0.1500,2.9400
2022-12-23,366.6679,358.3491,370.4352,366.1324,0.9562,392450900,22.6300,24.3000,19.9400,20.8700,79.0900,84.3700,78.3000,83.9200,0,0,,,,,-10.1738,-5.9953,-22.0688,-0.3443,-152412600.0000,-1.7700,-1.5400,-1.1300,-1.7500,2.4200,1.1800,3.0400,4.8800
2022-12-30,366.0177,359.9268,367.5093,365.6735,0.9562,273542800,21.6700,22.8000,20.9600,21.6700,84.4600,86.2800,81.3000,85.9100,0,0,,,,,-0.6502,1.5777,-2.9259,-0.4589,-118908100.0000,-0.9600,-1.5000,1.0200,0.8000,5.3700,1.9100,3.0000,1.9900
2023-01-06,367.5284,361.2749,372.1946,371.0758,0.9562,341944900,23.0900,23.7600,21.0000,21.1300,86.0400,87.0200,77.6100,78.5700,0,0,,,,,1.5107,1.3481,4.6853,5.4023,68402100.0000,1.4200,0.9600,0.0400,-0.5400,1.5800,0.7400,-3.6900,-7.3400
2023-01-13,373.2655,369.3451,381.6130,381.0392,0.9562,362278900,21.7500,22.4600,18.0100,18.3500,78.4800,85.4900,78.3400,85.2800,0,0,,,,,5.7371,8.0702,9.4184,9.9634,20334000.0000,-1.3400,-1.3000,-2.9900,-2.7800,-7.5600,-1.5300,0.7300,6.7100
2023-01-20,381.0203,370.2919,382.6936,378.5342,0.9562,341074900,19.8900,21.7100,18.7100,19.8500,85.4400,87.8400,83.7400,87.6300,0,0,,,,,7.7548,0.9468,1.0806,-2.5050,-21204000.0000,-1.8600,-0.7500,0.7000,1.5000,6.9600,2.3500,5.4000,2.3500
2023-01-27,379.3373,376.3157,390.2760,387.9047,0.9562,369137600,20.2100,20.9000,17.9700,18.5100,87.8100,89.1000,85.4100,86.6600,0,0,,,,,-1.6830,6.0238,7.5824,9.3705,28062700.0000,0.3200,-0.8100,-0.7400,-1.3400,2.3700,1.2600,1.6700,-0.9700
2023-02-03,385.1508,382.7413,399.9813,394.2824,0.9562,458864300,19.7600,20.7000,17.0600,18.3300,86.8000,87.3700,79.6200,79.9400,0,0,,,,,5.8135,6.4256,9.7053,6.3777,89726700.0000,-0.4500,-0.2000,-0.9100,-0.1800,-1.0100,-1.7300,-5.7900,-6.7200
2023-02-10,391.8346,387.2640,398.2410,390.1613,0.9562,376978100,19.2300,21.9400,18.4300,20.5300,79.7500,86.9100,79.0900,86.3900,0,0,,,,,6.6838,4.5227,-1.7403,-4.1211,-81886200.0000,-0.5300,1.2400,1.3700,2.2000,-7.0500,-0.4600,-0.5300,6.4500
2023-02-17,390.8115,386.3461,396.8641,389.4155,0.9562,380547800,21.6600,21.6900,18.1100,20.0200,86.6000,86.9500,81.7900,83.0000,0,0,,,,,-1.0231,-0.9179,-1.3769,-0.7458,3569700.0000,2.4300,-0.2500,-0.3200,-0.5100,6.8500,0.0400,2.7000,-3.3900
2023-02-24,385.3995,376.3923,386.4513,379.0122,0.9562,370835000,21.8000,23.6300,20.8900,21.6700,83.0100,84.2900,80.3400,83.1600,0,0,,,,,-5.4120,-9.9538,-10.4128,-10.4033,-9712800.0000,0.1400,1.9400,2.7800,1.6500,-3.5900,-2.6600,-1.4500,0.1600
2023-03-03,382.3493,375.1396,386.7286,386.4800,0.9562,451837900,21.9900,22.0200,18.1600,18.4900,83.1200,86.0000,81.7400,85.8300,0,0,,,,,-3.0502,-1.2527,0.2773,7.4678,81002900.0000,0.1900,-1.6100,-2.7300,-3.1800,0.1100,1.7100,1.4000,2.6700
2023-03-10,387.3023,367.4806,389.5971,369.0009,0.9562,557051400,19.0500,28.9700,18.4900,24.8000,85.9300,86.7600,80.7300,82.7800,1,0,Bullish,389.5971,367.4806,378.5389,4.9530,-7.6590,2.8685,-17.4791,105213500.0000,-2.9400,6.9500,0.3300,6.3100,2.8100,0.7600,-1.0100,-3.0500
2023-03-17,366.4739,365.3605,380.5451,374.3253,0.9598,764346900,24.0500,30.8100,22.2700,25.5100,82.5400,83.4700,71.3500,72.9700,0,0,,,,,-20.8284,-2.1201,-9.0520,5.3244,207295500.0000,5.0000,1.8400,3.7800,0.7100,-3.3900,-3.2900,-9.3800,-9.8100
2023-03-24,375.1028,373.7590,386.3232,379.8539,0.9598,523360300,27.7700,28.9100,19.9400,21.7400,72.8900,77.4300,70.1300,74.9900,0,0,,,,,8.6289,8.3985,5.7781,5.5286,-240986600.0000,3.7200,-1.9000,-2.3300,-3.7700,-9.6500,-6.0400,-1.2200,2.0200
2023-03-31,382.1289,377.8768,393.2437,392.9462,0.9598,396282600,22.0500,22.9300,18.5200,18.7000,75.2400,79.7700,74.8000,79.7700,0,0,,,,,7.0261,4.1178,6.9205,13.0923,-127077700.0000,-5.7200,-5.9800,-1.4200,-3.0400,2.3500,2.3400,4.6700,4.7800
2023-04-07,392.4278,389.3851,395.3745,392.7541,0.9598,262936100,19.7900,20.0800,18.3500,18.4000,83.2900,86.2400,83.2900,85.1200,0,0,,,,,10.2989,11.5083,2.1308,-0.1921,-133346500.0000,-2.2600,-2.8500,-0.1700,-0.3000,8.0500,6.4700,8.4900,5.3500
2023-04-14,390.2778,389.6635,398.4172,395.8928,0.9598,373375600,19.3900,20.0500,17.0700,17.0700,84.9500,87.4900,83.7500,86.3100,0,0,,,,,-2.1500,0.2784,3.0427,3.1387,110439500.0000,-0.4000,-0.0300,-1.2800,-1.3300,1.6600,1.2500,0.4600,1.1900
2023-04-21,395.8064,393.6948,399.0219,395.6433,0.9598,334521500,17.5800,17.7900,16.1700,16.7700,86.2700,86.5100,80.4500,81.6600,0,0,,,,,5.5286,4.0313,0.6047,-0.2495,-38854100.0000,-1.8100,-2.2600,-0.9000,-0.3000,1.3200,-0.9800,-3.3000,-4.6500
2023-04-28,395.4417,387.5615,399.2331,399.2235,0.9598,424947300,18.2200,19.8600,15.7200,15.7800,81.6000,83.0500,77.3900,79.5400,0,0,,,,,-0.3647,-6.1333,0.2112,3.5802,90425800.0000,0.6400,2.0700,-0.4500,-0.9900,-4.6700,-3.4600,-3.0600,-2.1200
2023-05-05,398.7819,387.5230,400.8455,396.0559,0.9598,440446300,16.4100,21.3300,15.5300,17.1900,80.1800,80.1900,68.2000,75.3000,0,0,,,,,3.3402,-0.0385,1.6124,-3.1676,15499000.0000,-1.8100,1.4700,-0.1900,1.4100,-1.4200,-2.8600,-9.1900,-4.2400
2023-05-12,396.3823,392.4470,397.8892,395.0577,0.9598,336048400,17.7300,18.3100,16.3600,17.0300,75.4100,77.6000,74.0300,74.1700,1,0,Bullish,397.8892,392.4470,395.1681,-2.3996,4.9240,-2.9563,-0.9982,-104397900.0000,1.3200,-3.0200,0.8300,-0.1600,-4.7700,-2.5900,5.8300,-1.1300
2023-05-19,395.6624,393.7524,403.8210,401.8054,0.9598,400252400,17.4400,18.3000,15.8500,16.8100,74.2500,77.5000,73.4900,75.5800,0,0,,,,,-0.7199,1.3054,5.9318,6.7477,64204000.0000,-0.2900,-0.0100,-0.5100,-0.2200,-1.1600,-0.1000,-0.5400,1.4100
2023-05-26,401.8246,393.4164,403.8690,403.1491,0.9598,421134200,17.4500,20.8100,16.8200,17.9500,75.7400,78.6600,74.5500,76.9500,0,0,,,,,6.1622,-0.3360,0.0480,1.3437,20881800.0000,0.0100,2.5100,0.9700,1.1400,1.4900,1.1600,1.0600,1.3700
2023-06-02,405.0785,399.5018,411.5189,410.7319,0.9598,363319000,17.5600,18.4000,14.4200,14.6000,77.3700,77.7400,71.5500,76.1300,0,0,,,,,3.2539,6.0854,7.6499,7.5828,-57815200.0000,0.1100,-2.4100,-2.4000,-3.3500,1.6300,-0.9200,-3.0000,-0.8200
2023-06-09,411.0773,408.7162,414.6383,412.6323,0.9598,362551300,15.2800,15.2900,13.5000,13.8300,77.5000,78.7200,73.5700,74.7900,0,0,,,,,5.9988,9.2144,3.1194,1.9004,-767700.0000,-2.2800,-3.1100,-0.9200,-0.7700,0.1300,0.9800,2.0200,-1.3400
2023-06-16,415.1477,414.4251,427.6526,423.3751,0.9634,497085000,14.4400,15.0600,13.4800,13.5400,74.8800,76.7400,71.5700,76.6100,0,0,,,,,4.0704,5.7089,13.0143,10.7428,134533700.0000,-0.8400,-0.2300,-0.0200,-0.2900,-2.6200,-1.9800,-2.0000,1.8200
2023-06-23,421.4387,416.6410,422.3250,417.3539,0.9634,315854400,14.3600,14.6700,12.7300,13.4400,76.2300,77.2400,72.1000,73.8500,0,0,,,,,6.2910,2.2159,-5.3276,-6.0212,-181230600.0000,-0.0800,-0.3900,-0.7500,-0.1000,1.3500,0.5000,0.5300,-2.7600
2023-06-30,416.7855,415.4079,428.0380,427.0554,0.9634,394119600,14.4300,14.7100,12.9600,13.5900,74.4500,75.1300,71.5800,74.9000,0,0,,,,,-4.6532,-1.2331,5.7130,9.7015,78265200.0000,0.0700,0.0400,0.2300,0.1500,-1.7800,-2.1100,-0.5200,1.0500
2023-07-07,426.7085,421.0630,427.8260,422.4984,0.9634,258004300,13.8500,17.0800,13.4700,14.8300,75.1300,78.5300,74.5800,78.4700,0,0,,,,,9.9230,5.6551,-0.2120,-4.5570,-136115300.0000,-0.5800,2.3700,0.5100,1.2400,0.6800,3.4000,3.0000,3.5700
2023-07-14,422.1420,421.5736,434.8396,432.8358,0.9634,361072800,16.0800,16.2100,13.1200,13.3400,78.4900,81.7500,77.3400,79.8700,0,0,,,,,-4.5665,0.5106,7.0136,10.3374,103068500.0000,2.2300,-0.8700,-0.3500,-1.4900,3.3600,3.2200,2.7600,1.4000
2023-07-21,432.6912,432.6430,439.7240,435.6295,0.9634,341107300,13.7800,14.2300,13.1200,13.6000,79.4500,81.2400,78.2000,81.0700,0,0,,,,,10.5492,11.0694,4.8844,2.7937,-19965500.0000,-2.3000,-1.9800,0.0000,0.2600,0.9600,-0.5100,0.8600,1.2000
2023-07-28,436.7761,435.0227,442.6239,440.1961,0.9634,352473700,14.2900,15.0200,12.7400,13.3300,80.9900,85.1000,80.4200,84.9900,0,0,,,,,4.0849,2.3797,2.8999,4.5666,11366400.0000,0.5100,0.7900,-0.3800,-0.2700,1.5400,3.8600,2.2200,3.9200
2023-08-04,440.6681,429.9358,441.3907,430.4561,0.9634,375670300,13.9800,17.4200,13.5700,17.1000,84.8800,86.6500,82.3700,86.2400,0,0,,,,,3.8920,-5.0869,-1.2332,-9.7400,23196600.0000,-0.3100,2.4000,0.8300,3.7700,3.8900,1.5500,1.9500,1.2500
2023-08-11,432.2865,427.1227,435.1671,429.3385,0.9634,370204800,16.9000,18.1400,14.6000,14.8400,86.1400,88.1000,83.3200,86.8100,0,0,,,,,-8.3816,-2.8131,-6.2236,-1.1176,-5465500.0000,2.9200,0.7200,1.0300,-2.2600,1.2600,1.4500,0.9500,0.5700
2023-08-18,428.4234,417.1613,431.7086,420.5235,0.9634,398245400,15.8800,18.8800,14.7700,17.3000,86.6400,86.7000,83.0500,84.8000,0,0,,,,,-3.8631,-9.9614,-3.4585,-8.8150,28040600.0000,-1.0200,0.7400,0.1700,2.4600,0.5000,-1.4000,-0.2700,-2.0100
2023-08-25,421.5350,419.0783,428.9243,423.8664,0.9634,392996600,18.0300,18.1100,15.4500,15.6800,85.0600,85.8700,81.9700,84.4800,0,0,,,,,-6.8884,1.9170,-2.7843,3.3429,-5248800.0000,2.1500,-0.7700,0.6800,-1.6200,-1.5800,-0.8300,-1.0800,-0.3200
2023-09-01,426.0533,423.8664,437.0650,434.6758,0.9634,338759900,16.2400,16.2800,13.0200,13.0900,84.8700,88.9600,83.7800,88.5500,0,0,,,,,4.5183,4.7881,8.1407,10.8094,-54236700.0000,-1.7900,-1.8300,-2.4300,-2.5900,-0.1900,3.0900,1.8100,4.0700
2023-09-08,434.2326,426.5447,434.5505,429.2133,0.9634,257939800,14.1500,15.6900,13.5800,13.8400,88.7000,91.1800,88.0700,90.6500,0,0,,,,,8.1793,2.6783,-2.5145,-5.4625,-80820100.0000,-2.0900,-0.5900,0.5600,0.7500,3.8300,2.2200,4.2900,2.1000
2023-09-15,433.3570,428.2136,436.1027,428.6487,0.9668,383224500,14.1700,14.6800,12.6800,13.7900,90.6600,94.6100,90.1200,93.9300,0,0,,,,,-0.8756,1.6689,1.5522,-0.5646,125284700.0000,0.0200,-1.0100,-0.9000,-0.0500,1.9600,3.4300,2.0500,3.2800
2023-09-22,428.3393,415.7129,430.1956,416.1287,0.9668,409754900,14.4000,17.5400,13.5700,17.2000,94.2000,95.9500,92.2000,93.2700,0,0,,,,,-5.0177,-12.5007,-5.9071,-12.5200,26530400.0000,0.2300,2.8600,0.8900,3.4100,3.5400,1.3400,2.0800,-0.6600
2023-09-29,414.9201,408.2686,417.9172,413.2863,0.9668,479118300,17.2500,19.7100,15.8300,17.5200,93.7500,97.6300,91.8000,95.3100,0,0,,,,,-13.4192,-7.4443,-12.2784,-2.8424,69363400.0000,2.8500,2.1700,2.2600,0.3200,-0.4500,1.6800,-0.4000,2.0400
2023-10-06,412.4548,406.2287,416.8151,415.2779,0.9668,458428200,17.3100,20.8800,16.9300,17.4500,92.1900,93.3200,83.4500,84.5800,0,0,,,,,-2.4653,-2.0399,-1.1021,1.9916,-20690100.0000,0.0600,1.1700,1.1000,-0.0700,-1.5600,-4.3100,-8.3500,-10.7300
2023-10-13,413.3829,412.8319,422.8189,417.1728,0.9668,397730700,19.5400,20.7800,15.4400,19.3200,86.3500,90.9900,85.1800,90.8900,0,0,,,,,0.9281,6.6032,6.0038,1.8949,-60697500.0000,2.2300,-0.1000,-1.4900,1.8700,-5.8400,-2.3300,1.7300,6.3100
2023-10-20,419.4158,407.0987,423.5923,407.2051,0.9668,489560600,19.1000,21.8300,16.9700,21.7100,90.9200,93.7900,88.8700,92.1600,0,0,,,,,6.0329,-5.7332,0.7734,-9.9677,91829900.0000,-0.4400,1.0500,1.5300,2.3900,4.5700,2.8000,3.6900,1.2700
2023-10-27,405.6776,395.6230,410.7147,397.0442,0.9668,487347000,21.8300,23.0800,18.6500,21.2700,92.1300,92.4300,86.6700,90.4800,1,0,Bullish,410.7147,395.6230,403.1689,-13.7382,-11.4757,-12.8776,-10.1609,-2213600.0000,2.7300,1.2500,1.6800,-0.4400,1.2100,-1.3600,-2.2000,-1.6800
2023-11-03,399.8285,398.5330,421.8038,420.2569,0.9668,459402700,21.1300,21.1600,14.9100,14.9100,90.3000,90.3000,84.5500,84.8900,0,0,,,,,-5.8491,2.9100,11.0891,23.2127,-27944300.0000,-0.7000,-1.9200,-3.7400,-6.3600,-1.8300,-2.1300,-2.1200,-5.5900
2023-11-10,421.0110,419.0097,426.2897,425.9803,0.9668,366470400,15.3900,15.5800,14.1300,14.1700,85.3900,86.4500,79.1600,81.4300,0,0,,,,,21.1825,20.4767,4.4859,5.7234,-92932300.0000,-5.7400,-5.5800,-0.7800,-0.7400,-4.9100,-3.8500,-5.3900,-3.4600
2023-11-17,424.6462,423.8631,436.4315,435.8224,0.9668,376539600,15.1600,15.1900,13.6700,13.8000,81.4500,83.9700,76.6000,80.6100,0,0,,,,,3.6352,4.8534,10.1418,9.8421,10069200.0000,-0.2300,-0.3900,-0.4600,-0.3700,-3.9400,-2.4800,-2.5600,-0.8200
2023-11-24,435.5710,435.5613,441.2268,440.1826,0.9668,208313100,14.2600,14.3100,12.4500,12.4600,80.4700,82.9300,78.4100,80.5800,0,0,,,,,10.9248,11.6982,4.7953,4.3602,-168226500.0000,-0.9000,-0.8800,-1.2200,-1.3400,-0.9800,-1.0400,1.8100,-0.0300
2023-12-01,439.5542,438.2877,444.3881,443.8564,0.9668,344703100,13.1400,14.3000,12.4800,12.6300,80.3400,84.7100,78.7500,78.8800,0,0,,,,,3.9832,2.7264,3.1613,3.6738,136390000.0000,-1.1200,-0.0100,0.0300,0.1700,-0.1300,1.7800,0.3400,-1.7000
2023-12-08,440.4727,439.2255,445.4516,444.9199,0.9668,361538900,13.2800,13.7600,12.3500,12.3500,79.4300,79.6600,73.6100,75.8400,0,0,,,,,0.9185,0.9378,1.0635,1.0635,16835800.0000,0.1400,-0.5400,-0.1300,-0.2800,-0.9100,-5.0500,-5.1400,-3.0400
2023-12-15,446.2287,446.0152,459.8576,455.5864,0.9707,487187500,13.0500,13.1400,11.8100,12.2800,75.6600,77.3500,72.3000,76.5500,0,0,,,,,5.7560,6.7897,14.4060,10.6665,125648600.0000,-0.2300,-0.6200,-0.5400,-0.0700,-3.7700,-2.3100,-1.3100,0.7100
2023-12-22,457.1881,454.1206,461.9640,459.7799,0.9707,382886000,12.6200,14.4900,12.2900,13.0300,76.9700,80.6100,75.7800,79.0700,0,0,,,,,10.9594,8.1054,2.1064,4.1935,-104301500.0000,-0.4300,1.3500,0.4800,0.7500,1.3100,3.2600,3.4800,2.5200
2023-12-29,460.1876,459.4402,463.5657,461.3913,0.9707,322828500,13.7700,13.8000,12.3600,12.4500,79.1900,81.7100,76.7500,77.0400,0,0,,,,,2.9995,5.3196,1.6017,1.6114,-60057500.0000,1.1500,-0.6900,0.0700,-0.5800,2.2200,1.1000,0.9700,-2.0300
2024-01-05,458.3336,452.7714,459.7994,454.2177,0.9707,397560700,13.2200,14.5800,13.1000,13.3500,77.2100,79.4000,74.7900,78.7600,1,0,Bullish,459.7994,452.7714,456.2854,-1.8540,-6.6688,-3.7663,-7.1736,74732200.0000,-0.5500,0.7800,0.7400,0.9000,-1.9800,-2.3100,-1.9600,1.7200
2024-01-12,454.7128,454.5866,464.5850,462.7212,0.9707,344088200,14.0000,14.1800,12.3500,12.7000,78.6000,80.7400,75.2600,78.2900,0,0,,,,,-3.6208,1.8152,4.7856,8.5035,-53472500.0000,0.7800,-0.4000,-0.7500,-0.6500,1.3900,1.3400,0.4700,-0.4700
2024-01-19,461.3428,456.1106,468.5843,468.3028,0.9707,356549500,14.1200,15.4000,13.2800,13.3000,78.0800,79.7500,76.5000,78.5600,0,0,,,,,6.6300,1.5240,3.9993,5.5816,12461300.0000,0.1200,1.2200,0.9300,0.6000,-0.5200,-0.9900,1.2400,0.2700
2024-01-26,469.8366,468.6426,474.7969,473.1370,0.9707,356721800,13.7700,14.1000,12.4100,13.2600,78.8500,83.8300,77.8200,83.5500,0,0,,,,,8.4938,12.5320,6.2126,4.8342,172300.0000,-0.3500,-1.3000,-0.8700,-0.0400,0.7700,4.0800,1.3200,4.9900
2024-02-02,473.4476,468.7202,481.5239,479.8737,0.9707,437072100,13.9800,15.3500,13.1800,13.8500,84.1300,84.7900,76.8600,77.3300,0,0,,,,,3.6110,0.0776,6.7270,6.7367,80350300.0000,0.2100,1.2500,0.7700,0.5900,5.2800,0.9600,-0.9600,-6.2200
2024-02-09,479.2428,475.8745,486.9600,486.5232,0.9707,318555200,14.3700,14.5300,12.6900,12.9300,77.6600,82.4600,76.6200,82.1900,0,0,,,,,5.7952,7.1543,5.4361,6.6495,-118516900.0000,0.3900,-0.8200,-0.4900,-0.9200,-6.4700,-2.3300,-0.2400,4.8600
2024-02-16,486.4940,476.3500,488.7558,484.8826,0.9707,375205200,13.4800,17.9400,13.3400,14.2400,81.7600,83.6600,80.7200,83.4700,0,0,,,,,7.2512,0.4755,1.7958,-1.6406,56650000.0000,-0.8900,3.4100,0.6500,1.3100,4.1000,1.2000,4.1000,1.2800
2024-02-23,483.1450,479.1068,495.1916,492.9784,0.9707,268754400,15.0900,16.1200,13.6400,13.7500,83.3000,83.9700,81.4400,81.6200,0,0,,,,,-3.3490,2.7568,6.4358,8.0958,-106450800.0000,1.6100,-1.8200,0.3000,-0.4900,1.5400,0.3100,0.7200,-1.8500
2024-03-01,493.4153,489.9692,498.2591,497.8320,0.9707,316517400,14.1700,14.2000,13.0800,13.1100,81.5900,84.3500,81.0200,83.5500,0,0,,,,,10.2703,10.8624,3.0675,4.8536,47763000.0000,-0.9200,-1.9200,-0.5600,-0.6400,-1.7100,0.3800,-0.4200,1.9300
2024-03-08,497.0361,490.1245,503.0447,496.7351,0.9707,336221900,13.4900,15.5300,13.3200,14.7400,83.5900,84.0700,81.7100,82.0800,0,0,,,,,3.6208,0.1553,4.7856,-1.0969,19704500.0000,-0.6800,1.3300,0.2400,1.6300,2.0000,-0.2800,0.6900,-1.4700
2024-03-15,497.0711,494.7731,503.7898,496.4381,0.9737,408593800,15.5100,16.0400,13.4200,14.4100,81.9100,85.6800,81.0800,85.3400,0,0,,,,,0.0350,4.6486,0.7451,-0.2970,72371900.0000,2.0200,0.5100,0.1000,-0.3300,-1.6800,1.6100,-0.6300,3.2600
2024-03-22,500.4986,497.6942,510.3430,507.5192,0.9737,358570100,14.7500,14.8600,12.4000,13.0600,85.3800,87.7100,85.0500,85.4300,0,0,,,,,3.4275,2.9211,6.5532,11.0811,-50023700.0000,-0.7600,-1.1800,-1.0200,-1.3500,3.4700,2.0300,3.9700,0.0900
2024-03-29,506.1463,504.7831,510.8299,509.3304,0.9737,293270500,13.6700,13.6700,12.6600,13.0100,85.6000,87.4800,85.1800,87.4800,0,0,,,,,5.6477,7.0889,0.4869,1.8112,-65299600.0000,-1.0800,-1.1900,0.2600,-0.0500,0.2200,-0.2300,0.1300,2.0500
2024-04-05,510.0704,499.2912,510.6059,504.8122,0.9737,367268200,13.6100,16.9200,13.5500,16.0300,86.9300,91.9100,86.4000,91.1700,0,0,,,,,3.9241,-5.4919,-0.2240,-4.5182,73997700.0000,-0.0600,3.2500,0.8900,3.0200,1.3300,4.4300,1.2200,3.6900
2024-04-12,505.5133,495.7078,507.0713,497.4313,0.9737,361763900,16.2400,19.2000,14.5900,17.3100,90.3100,92.1800,88.8000,90.4500,0,0,,,,,-4.5571,-3.5834,-3.5346,-7.3809,-5504300.0000,2.6300,2.2800,1.0400,1.2800,3.3800,0.2700,2.4000,-0.7200
2024-04-19,501.5989,480.8876,501.7644,482.1535,0.9737,418256400,16.9400,21.3600,16.2600,18.7100,90.3700,91.1500,86.1000,87.2900,0,0,,,,,-3.9144,-14.8202,-5.3069,-15.2778,56492500.0000,0.7000,2.1600,1.6700,1.4000,0.0600,-1.0300,-2.7000,-3.1600
2024-04-26,484.7533,482.4164,496.4868,494.9094,0.9737,321951200,18.5900,18.7200,14.9200,15.0300,87.0400,89.8300,85.7900,89.5000,0,0,,,,,-16.8456,1.5288,-5.2776,12.7559,-96305200.0000,1.6500,-2.6400,-1.3400,-3.6800,-3.3300,-1.3200,-0.3100,2.2100
2024-05-03,496.6913,486.4281,499.0867,497.8598,0.9737,339448700,15.3700,16.2200,13.4800,13.4900,89.2500,89.3000,82.8000,82.9600,0,0,,,,,11.9380,4.0117,2.5999,2.9504,17497500.0000,-3.2200,-2.5000,-1.4400,-1.5400,2.2100,-0.5300,-2.9900,-6.5400
2024-05-10,500.2551,499.8169,508.9116,507.1589,0.9737,237750100,13.9800,14.0200,12.5000,12.5500,82.9800,84.5200,81.7200,82.7900,0,0,,,,,3.5638,13.3888,9.8249,9.2991,-101698600.0000,-1.3900,-2.2000,-0.9800,-0.9400,-6.2700,-4.7800,-1.0800,-0.1700
2024-05-17,508.8337,506.0878,517.5584,515.5427,0.9737,263189600,13.2600,14.0300,11.9100,11.9900,82.7000,84.0400,81.0600,83.9800,0,0,,,,,8.5786,6.2709,8.6468,8.3838,25439500.0000,-0.7200,0.0100,-0.5900,-0.5600,-0.2800,-0.4800,-0.6600,1.1900
2024-05-24,515.6596,510.9370,519.0677,515.5330,0.9737,218093500,12.2700,13.3700,11.5200,11.9300,84.0000,84.5000,80.6600,82.1200,0,0,,,,,6.8259,4.8492,1.5093,-0.0097,-45096100.0000,-0.9900,-0.6600,-0.3900,-0.0600,1.3000,0.4600,-0.4000,-1.8600
2024-05-31,516.3412,504.7440,516.5749,513.5173,0.9737,218623300,12.5100,14.8800,12.3600,12.9200,82.1500,85.0100,81.1800,81.6200,0,0,,,,,0.6816,-6.1930,-2.4928,-2.0157,529800.0000,0.2400,1.5100,0.8400,0.9900,-1.8500,0.5100,0.5200,-0.5000
2024-06-07,515.1241,508.8727,522.7874,519.9830,0.9737,203111800,13.0800,14.3100,12.1100,12.2200,81.1900,81.6300,76.7500,79.6200,0,0,,,,,-1.2171,4.1287,6.2125,6.4657,-15511500.0000,0.5700,-0.5700,-0.2500,-0.7000,-0.9600,-3.3800,-4.4300,-2.0000
2024-06-14,519.1749,518.0746,529.8275,528.5228,0.9737,220171600,13.0900,13.4700,11.8800,12.6600,79.4100,83.3900,79.3500,82.6200,0,0,,,,,4.0508,9.2019,7.0401,8.5398,17059800.0000,0.0100,-0.8400,-0.2300,0.4400,-1.7800,1.7600,2.6000,3.0000
2024-06-21,529.5439,529.0847,537.3979,531.9177,0.9769,231882700,13.0700,13.7800,12.1800,13.2000,82.6200,86.2300,82.1100,85.2400,0,0,,,,,10.3690,11.0101,7.5704,3.3949,11711100.0000,-0.0200,0.3100,0.3000,0.5400,3.2100,2.8400,2.7600,2.6200
2024-06-28,531.7418,529.8955,537.5543,531.6343,0.9769,233201500,13.8500,13.8800,11.8700,12.4400,85.0900,87.2300,84.4800,86.4100,0,0,,,,,2.1979,0.8108,0.1564,-0.2834,1318800.0000,0.7800,0.1000,-0.3100,-0.7600,2.4700,1.0000,2.3700,1.1700
2024-07-05,533.0118,529.9737,542.2139,541.8134,0.9769,155010900,12.9800,13.2600,11.8400,12.4800,84.9000,87.9500,84.8800,86.5400,0,0,,,,,1.2700,0.0782,4.6596,10.1791,-78190600.0000,-0.8700,-0.6200,-0.0300,0.0400,-0.1900,0.7200,0.4000,0.1300
2024-07-12,542.5950,541.3739,550.6346,547.0397,0.9769,208240000,12.9100,13.3300,12.1100,12.4600,86.7500,86.9100,84.0000,85.0300,0,0,,,,,9.5832,11.4002,8.4207,5.2263,53229100.0000,-0.0700,0.0700,0.2700,-0.0200,1.8500,-1.0400,-0.8800,-1.5100
2024-07-19,549.0325,535.2390,552.0900,536.2940,0.9769,255958100,12.7800,17.1900,10.6200,16.5200,85.0300,85.8200,82.5700,82.6300,0,0,,,,,6.4375,-6.1349,1.4554,-10.7457,47718100.0000,-0.1300,3.8600,-1.4900,4.0600,-1.7200,-1.0900,-1.4300,-2.4000
2024-07-26,540.2113,525.0209,543.8648,531.8492,0.9769,267223700,16.7900,19.3600,13.9000,16.3900,82.8300,83.2100,80.0900,81.1300,0,0,,,,,-8.8212,-10.2181,-8.2252,-4.4448,11265600.0000,4.0100,2.1700,3.2800,-0.1300,-2.2000,-2.6100,-2.4800,-1.5000
2024-08-02,533.3928,516.3756,542.0381,520.5762,0.9769,311250600,16.5900,29.6600,15.7100,23.3900,81.0200,81.8000,76.4200,76.8100,0,0,,,,,-6.8185,-8.6453,-1.8267,-11.2730,44026900.0000,-0.2000,10.3000,1.8100,7.0000,-1.8100,-1.4100,-3.6700,-4.3200
2024-08-09,499.8079,498.4695,522.1490,520.6641,0.9769,410688200,23.3900,65.7300,20.2600,20.3700,77.4400,79.8200,75.0500,79.6600,0,0,,,,,-33.5849,-17.9061,-19.8891,0.0879,99437600.0000,6.8000,36.0700,4.5500,-3.0200,-3.5800,-1.9800,-1.3700,2.8500
2024-08-16,521.8559,518.6713,542.1846,541.4910,0.9769,242599600,20.7900,21.1900,14.6500,14.8000,79.6700,82.4000,78.6400,79.6800,0,0,,,,,22.0480,20.2018,20.0356,20.8269,-168088600.0000,-2.6000,-44.5400,-5.6100,-5.5700,2.2300,2.5800,3.5900,0.0200
2024-08-23,541.9014,541.0515,550.1560,549.1302,0.9769,221129600,15.9400,18.0600,14.4600,15.8600,79.6500,79.7500,75.6500,79.0200,0,0,,,,,20.0455,22.3802,7.9714,7.6392,-21470000.0000,-4.8500,-3.1300,-0.1900,1.0600,-0.0200,-2.6500,-2.9900,-0.6600
2024-08-30,550.1560,542.2042,551.1524,550.6444,0.9769,210963800,16.2700,17.8900,14.7800,15.0000,79.3200,81.5800,77.9300,78.8000,0,0,,,,,8.2546,1.1527,0.9964,1.5142,-10165800.0000,0.3300,-0.1700,0.3200,-0.8600,-0.3300,1.8300,2.2800,-0.2200
2024-09-06,547.5086,526.9649,547.8407,527.8636,0.9769,220583100,15.7600,23.7600,15.7100,22.3800,76.8900,77.6100,70.6200,71.0600,1,0,Bullish,547.8407,526.9649,537.4028,-2.6474,-15.2393,-3.3117,-22.7808,9619300.0000,-0.5100,5.8700,0.9300,7.3800,-2.4300,-3.9700,-7.3100,-7.7400
2024-09-13,532.0545,527.4729,550.0094,549.0130,0.9769,243219100,21.3200,21.4100,16.2300,16.5600,71.5200,73.2300,68.6900,71.6100,0,0,,,,,-15.4541,0.5080,2.1687,21.1494,22636000.0000,5.5600,-2.3500,0.5200,-5.8200,-5.3700,-4.3800,-1.9300,0.5500
2024-09-20,550.4324,548.6294,561.3481,556.8113,0.9799,297840600,17.1600,19.3900,15.8100,16.1500,72.0200,75.1900,71.5200,74.4900,0,0,,,,,18.3779,21.1565,11.3387,7.7983,54621500.0000,-4.1600,-2.0200,-0.4200,-0.4100,0.5000,1.9600,2.8300,2.8800
2024-09-27,557.8794,556.1744,563.1413,559.9665,0.9799,219788100,16.7100,16.9700,14.9000,16.9600,74.7600,75.8700,70.7700,71.9800,0,0,,,,,7.4470,7.5450,1.7932,3.1552,-78052500.0000,-0.4500,-2.4200,-0.9100,0.8100,2.7400,0.6800,-0.7500,-2.5100
2024-10-04,558.9377,553.8914,562.8180,561.4462,0.9799,258109600,17.0100,20.7500,16.4700,19.2100,71.8400,79.3000,69.9100,78.0500,0,0,,,,,1.0583,-2.2830,-0.3233,1.4797,38321500.0000,0.3000,3.7800,1.5700,2.2500,-2.9200,3.4300,-0.8600,6.0700
2024-10-11,559.7999,555.2239,568.6482,567.9133,0.9799,211681700,20.7600,23.1400,20.1400,20.4600,78.0100,82.0800,75.1500,79.0400,0,0,,,,,0.8622,1.3325,5.8302,6.4671,-46427900.0000,3.7500,2.3900,3.6700,1.2500,6.1700,2.7800,5.2400,0.9900
2024-10-18,569.5204,566.8943,574.3217,572.8226,0.9799,192956700,20.8600,21.0100,17.9900,18.0300,78.6000,78.6000,72.4900,73.0600,0,0,,,,,9.7205,11.6704,5.6735,4.9093,-18725000.0000,0.1000,-2.1300,-2.1500,-2.4300,0.5900,-3.4800,-2.6600,-5.9800
2024-10-25,572.0972,562.8570,573.0771,567.3840,0.9799,202185500,18.7800,20.5100,18.0500,20.3300,73.1400,76.5300,72.8000,76.0500,0,0,,,,,2.5768,-4.0373,-1.2446,-5.4386,9228800.0000,-2.0800,-0.5000,0.0600,2.3000,-5.4600,-2.0700,0.3100,2.9900
2024-11-01,570.8528,556.9975,571.5779,559.5451,0.9799,220360200,19.1100,23.4200,18.9100,21.8800,74.0000,74.9500,70.7300,73.1000,0,0,,,,,-1.2444,-5.8595,-1.4992,-7.8389,18174700.0000,0.3300,2.9100,0.8600,1.5500,0.8600,-1.5800,-2.0700,-2.9500
2024-11-08,559.6823,556.4585,587.5694,586.1486,0.9799,239555400,22.5000,23.0700,14.6600,14.9400,73.7300,76.2300,73.3500,73.8700,0,0,,,,,-11.1705,-0.5390,15.9915,26.6035,19195200.0000,3.3900,-0.3500,-4.2500,-6.9400,-0.2700,1.2800,2.6200,0.7700
2024-11-15,587.7360,572.1071,588.0888,573.9590,0.9799,242874400,15.3300,17.5500,13.5900,16.1400,73.7400,74.1300,70.7500,71.0400,0,0,,,,,28.0537,15.6486,0.5194,-12.1896,3319000.0000,-7.1700,-5.5200,-1.0700,1.2000,0.0100,-2.1000,-2.6000,-2.8300
2024-11-22,574.4196,572.2738,584.1498,583.5226,0.9799,221423000,16.6000,18.7900,15.2400,15.2400,70.8800,75.4200,70.7000,75.1700,0,0,,,,,-13.3164,0.1667,-3.9390,9.5636,-21451400.0000,1.2700,1.2400,1.6500,-0.9000,-2.8600,1.2900,-0.0500,4.1300
2024-11-29,587.4519,583.2189,591.2048,590.4209,0.9799,152240300,15.2300,15.7200,13.4900,13.5100,75.2100,75.3100,72.1200,72.9400,0,0,,,,,13.0323,10.9451,7.0550,6.8983,-69182700.0000,-1.3700,-3.0700,-1.7500,-1.7300,4.3300,-0.1100,1.4200,-2.2300
2024-12-06,590.8325,590.2152,596.8097,595.5751,0.9799,161443900,14.0800,14.1000,12.7000,12.7700,71.7400,74.2600,70.8300,71.1200,0,0,,,,,3.3806,6.9963,5.6049,5.1542,9203600.0000,-1.1500,-1.6200,-0.7900,-0.7400,-3.4700,-1.0500,-1.2900,-1.8200
2024-12-13,595.4574,590.0093,596.1825,592.0475,0.9799,168103400,13.3600,14.5400,13.2400,13.8100,71.0400,74.5900,70.9600,74.4900,0,0,,,,,4.6249,-0.2059,-0.6272,-3.5276,6659500.0000,-0.7200,0.4400,0.5400,1.0400,-0.7000,0.3300,0.1300,3.3700
2024-12-20,595.8000,571.1323,597.5500,581.2000,0.9832,419353600,14.3700,28.3200,13.9900,18.3600,74.5100,74.5400,71.9700,72.9400,0,0,,,,,0.3426,-18.8770,1.3675,-10.8475,251250200.0000,1.0100,13.7800,0.7500,4.5500,3.4700,-0.0500,1.0100,-1.5500
2024-12-27,580.9443,577.7687,592.3392,584.9950,0.9832,196984300,18.0900,20.0200,14.2700,15.9500,72.8300,74.3400,71.9800,74.1700,0,0,,,,,-14.8557,6.6364,-5.2108,3.7950,-222369300.0000,3.7200,-8.3000,0.2800,-2.4100,-1.6800,-0.2000,0.0100,1.2300
2025-01-03,577.9948,570.7292,582.6255,581.9865,0.9832,201724000,17.2100,19.5000,16.1100,16.1300,74.2300,76.7400,73.7600,76.5100,0,0,,,,,-2.9495,-7.0395,-9.7137,-3.0085,4739700.0000,-0.8800,-0.5200,1.8400,0.1800,1.4000,2.4000,1.7800,2.3400
2025-01-10,586.2338,568.8120,589.6060,570.7194,0.9832,228482200,16.7700,20.3100,15.7100,19.5400,76.5900,80.7600,75.7000,79.7600,1,0,Bullish,589.6060,568.8120,579.2090,8.2390,-1.9172,6.9805,-11.2671,26758200.0000,-0.4400,0.8100,-0.4000,3.4100,2.3600,4.0200,1.9400,3.2500
2025-01-17,566.0788,565.6659,589.2717,587.5217,0.9832,254621200,21.1800,22.0400,15.5300,15.9700,79.5500,82.6300,79.5400,80.7900,0,0,,,,,-20.1550,-3.1461,-0.3343,16.8023,26139000.0000,4.4100,1.7300,-0.1800,-3.5700,2.9600,1.8700,3.8400,1.0300
2025-01-24,590.5597,588.5934,600.4996,597.7368,0.9832,166485700,16.2900,16.2900,14.5800,14.8500,80.9400,81.2400,77.6100,78.5000,0,0,,,,,24.4809,22.9275,11.2279,10.2151,-88135500.0000,-4.8900,-5.7500,-0.9500,-1.1200,1.3900,-1.3900,-1.9300,-2.2900
2025-01-31,584.7983,584.6312,599.6933,591.6903,0.9832,257820000,18.8300,22.5100,14.9000,16.4300,78.5500,78.9900,75.9900,76.7600,0,0,,,,,-5.7614,-3.9622,-0.8063,-6.0465,91334300.0000,2.5400,6.2200,0.3200,1.5800,-2.3900,-2.2500,-1.6200,-1.7400
2025-02-07,582.6944,580.5511,597.8942,590.6581,0.9832,216528100,20.3600,20.4200,14.7900,16.5400,76.8200,77.5300,74.0900,74.6600,0,0,,,,,-2.1039,-4.0801,-1.7991,-1.0322,-41291900.0000,1.5300,-2.0900,-0.1100,0.1100,-1.7300,-1.4600,-1.9000,-2.1000
2025-02-14,593.8632,588.4361,600.7060,599.4377,0.9832,169013200,16.5800,17.1800,14.7400,14.7700,74.5400,77.2700,74.0500,74.7400,0,0,,,,,11.1688,7.8850,2.8118,8.7796,-47514900.0000,-3.7800,-3.2400,-0.0500,-1.7700,-2.2800,-0.2600,-0.0400,0.0800
2025-02-21,600.5978,589.3799,602.9083,589.8420,0.9832,170833900,15.5700,19.0300,15.0500,18.2100,74.6400,77.1400,74.1900,74.4300,0,0,,,,,6.7346,0.9438,2.2023,-9.5957,1820700.0000,-1.0100,1.8500,0.3100,3.4400,0.1000,-0.1300,0.1400,-0.3100
2025-02-28,591.8870,572.6366,592.8800,584.1790,0.9832,315266100,18.0800,22.4000,17.3100,19.6300,73.9100,75.2500,72.3900,73.1800,0,0,,,,,-8.7108,-16.7433,-10.0283,-5.6630,144432200.0000,2.5100,3.3700,2.2600,1.4200,-0.7300,-1.8900,-1.8000,-1.2500
2025-03-07,586.1453,556.1095,587.2858,566.2263,0.9832,416381600,19.8300,26.5600,19.2500,23.3700,73.0700,73.6600,68.3400,70.3600,0,0,,,,,-5.7417,-16.5271,-5.5942,-17.9527,101115500.0000,1.7500,4.1600,1.9400,3.7400,-0.8400,-1.5900,-4.0500,-2.8200
2025-03-14,558.0366,540.4280,559.9537,553.3370,0.9832,393756600,24.7000,29.5700,21.4800,21.7700,70.4400,71.2400,68.6300,70.5800,0,0,,,,,-28.1087,-15.6815,-27.3321,-12.8893,-22625000.0000,4.8700,3.0100,2.2300,-1.6000,-2.6300,-2.4200,0.2900,0.2200
2025-03-21,554.9818,550.2879,563.0286,556.1553,0.9861,328327300,22.8900,22.9500,19.1500,19.2800,70.6800,72.5400,69.9000,72.1600,0,0,,,,,-3.0548,9.8599,3.0749,2.8183,-65429300.0000,-1.8100,-6.6200,-2.3300,-2.4900,0.2400,1.3000,1.2700,1.5800
2025-03-28,562.8807,547.3690,568.4129,547.9507,0.9861,262797700,19.1300,22.1800,16.9700,21.6500,72.2000,74.2100,71.8000,73.6300,0,0,,,,,7.8989,-2.9189,5.3843,-8.2046,-65529600.0000,-3.7600,-0.7700,-2.1800,2.3700,1.5200,1.6700,1.9000,1.4700
2025-04-04,542.2016,498.0528,559.5476,498.2697,0.9861,569903400,24.1100,45.6100,20.6800,45.3100,73.4200,75.4600,64.0100,65.5800,0,0,,,,,-20.6791,-49.3162,-8.8653,-49.6810,307105700.0000,4.9800,23.4300,3.7100,23.6600,1.2200,1.2500,-7.7900,-8.0500
2025-04-11,482.4029,475.1154,541.0084,526.5320,0.9861,924492800,60.1300,60.1300,31.9000,37.5600,64.7900,67.4100,58.3900,64.7600,0,0,,,,,-59.7987,-22.9374,-18.5392,28.2623,354589400.0000,36.0200,14.5200,11.2200,-7.7500,-8.6300,-8.0500,-5.6200,-0.8200
2025-04-18,536.5018,513.0714,536.7286,519.1065,0.9861,288279800,34.7600,35.1700,28.2900,29.6500,64.8900,68.1300,63.8000,67.9600,0,0,,,,,54.0989,37.9560,-4.2798,-7.4255,-636213000.0000,-25.3700,-24.9600,-3.6100,-7.9100,0.1000,0.7200,5.4100,3.2000
2025-04-25,513.9293,501.4056,543.4047,543.0004,0.9861,361176900,32.7500,35.7500,24.8400,24.8400,67.7800,68.6400,65.2900,66.8700,0,0,,,,,-22.5725,-11.6658,6.6761,23.8939,72897100.0000,-2.0100,0.5800,-3.4500,-4.8100,2.8900,0.5100,1.4900,-1.0900
2025-05-02,543.7399,534.0069,560.4942,558.8967,0.9861,312393800,25.7500,28.1700,22.3400,22.6800,67.2100,67.5300,59.3100,61.2900,0,0,,,,,29.8106,32.6013,17.0895,15.8963,-48783100.0000,-7.0000,-7.5800,-2.5000,-2.1600,-0.5700,-1.1100,-5.9800,-5.5800
2025-05-09,554.7648,548.3254,562.3974,556.5103,0.9861,245246100,24.2500,25.6200,21.8300,21.9000,59.5100,64.2700,58.4100,63.9100,0,0,,,,,11.0249,14.3185,1.9032,-2.3864,-67147700.0000,-1.5000,-2.5500,-0.5100,-0.7800,-7.7000,-3.2600,-0.9000,2.6200
2025-05-16,573.4026,569.0340,586.2518,585.9560,0.9861,360544500,19.8400,20.4400,17.1500,17.2400,64.2300,66.8000,63.4400,65.4100,0,0,,,,,18.6378,20.7086,23.8544,29.4457,115298400.0000,-4.4100,-5.1800,-4.6800,-4.6600,4.7200,2.5300,5.0300,1.5000
2025-05-23,579.9406,567.6140,587.2774,571.0753,0.9861,370870100,19.8400,25.5300,17.7000,22.2900,65.3100,67.4900,63.3100,64.7800,0,0,,,,,6.5380,-1.4200,1.0256,-14.8807,10325600.0000,0.0000,5.0900,0.5500,5.0500,1.0800,0.6900,-0.1300,-0.6300
2025-05-30,577.9388,570.4048,584.9699,581.2128,0.9861,301608500,20.6300,21.0100,18.1100,18.5700,65.0200,66.1300,63.4700,63.9000,0,0,,,,,-2.0018,2.7908,-2.3075,10.1375,-69261600.0000,0.7900,-4.5200,0.4100,-3.7200,-0.2900,-1.3600,0.1600,-0.8800
2025-06-06,579.6054,576.9428,592.4941,590.8275,0.9861,341418300,19.8100,20.4500,16.6500,16.7700,63.0400,66.6700,62.9700,66.4700,0,0,,,,,1.6666,6.5380,7.5242,9.6147,39809800.0000,-0.8200,-0.5600,-1.4600,-1.8000,-1.9800,0.5400,-0.5000,2.5700
2025-06-13,591.3993,587.2182,596.6653,588.7171,0.9861,346556600,17.6900,22.0000,16.2300,20.8200,66.6000,78.5300,66.0800,74.2300,0,0,,,,,11.7939,10.2754,4.1712,-2.1104,5138300.0000,-2.1200,1.5500,-0.4200,4.0500,3.5600,11.8600,3.1100,7.7600
2025-06-20,593.8203,586.3629,597.8259,587.7674,0.9890,332849900,19.7800,21.7900,18.6700,20.6200,76.8100,79.0200,70.6400,77.0100,1,0,Bullish,597.8259,586.3629,592.0944,2.4210,-0.8553,1.1606,-0.9497,-13706700.0000,2.0900,-0.2100,2.4400,-0.2000,10.2100,0.4900,4.5600,2.7800
2025-06-27,588.5191,585.4036,609.6351,608.1713,0.9890,382082900,21.1500,22.5100,16.1100,16.3200,80.0100,81.4000,66.8100,67.7700,0,0,,,,,-5.3012,-0.9593,11.8092,20.4039,49233000.0000,1.3700,0.7200,-2.5600,-4.3000,3.2000,2.3800,-3.8300,-9.2400
2025-07-04,610.6142,608.2998,619.4167,618.4870,0.9890,280108800,17.1900,17.4800,16.1400,16.3800,67.1700,69.2000,66.3400,68.2900,0,0,,,,,22.0951,22.8962,9.7816,10.3157,-101974100.0000,-3.9600,-5.0300,0.0300,0.0600,-12.8400,-12.2000,-0.4700,0.5200
2025-07-11,616.5287,611.0988,620.0002,616.7858,0.9890,321151600,17.8300,18.5000,15.7000,16.4000,67.6100,70.7000,67.3600,70.3600,0,0,,,,,5.9145,2.7990,0.5835,-1.7012,41042800.0000,0.6400,1.0200,-0.4400,0.0200,0.4400,1.5000,1.0200,2.0700
2025-07-18,616.3308,611.2769,622.5717,620.7025,0.9890,349710600,17.7300,19.4800,16.2800,16.4100,70.5300,71.5100,67.7100,69.2800,0,0,,,,,-0.1979,0.1781,2.5715,3.9167,28559000.0000,-0.1000,0.9800,0.5800,0.0100,2.9200,0.8100,0.3500,-1.0800
2025-07-25,621.8795,619.3278,630.5929,630.1182,0.9890,322104800,16.8700,17.4800,14.9200,14.9300,69.2200,69.8900,68.0000,68.4400,0,0,,,,,5.5487,8.0509,8.0212,9.4157,-27605800.0000,-0.8600,-2.0000,-1.3600,-1.4800,-1.3100,-1.6200,0.2900,-0.8400
2025-08-01,630.4939,612.5033,632.8379,614.9066,0.9890,439381100,15.1500,21.9000,14.7000,20.3800,68.4700,73.6300,68.3900,69.6700,1,0,Bullish,632.8379,612.5033,622.6706,8.6144,-6.8245,2.2450,-15.2116,117276300.0000,-1.7200,4.4200,-0.2200,5.4500,-0.7500,3.7400,0.3900,1.2300
2025-08-08,618.8133,618.7244,630.6621,630.1972,0.9890,343884300,19.5600,19.5800,15.1500,15.1500,69.0000,69.9800,65.5000,66.5900,0,0,,,,,-11.6806,6.2211,-2.1758,15.2906,-95496800.0000,4.4100,-2.3200,0.4500,-5.2300,0.5300,-3.6500,-2.8900,-3.0800
2025-08-15,630.4742,627.7048,639.1085,636.3886,0.9890,311485900,15.8100,16.5600,14.3000,15.0900,66.2300,67.1100,65.0000,65.8500,0,0,,,,,11.6609,8.9804,8.4464,6.1914,-32398400.0000,-3.7500,-3.0200,-0.8500,-0.0600,-2.7700,-2.8700,-0.5000,-0.7400
2025-08-22,635.8149,626.0136,639.4151,638.2381,0.9890,341334900,15.7300,17.2400,14.2100,14.2200,65.9500,68.0200,65.3100,67.7300,0,0,,,,,5.3407,-1.6912,0.3066,1.8495,29849000.0000,-0.0800,0.6800,-0.0900,-0.8700,-0.2800,0.9100,0.3100,1.8800
2025-08-29,636.9821,634.5392,642.3625,637.9810,0.9890,287238700,15.0500,15.9700,14.1200,15.3600,67.8400,69.0600,66.9200,68.1200,0,0,,,,,1.1672,8.5256,2.9474,-0.2571,-54096200.0000,-0.6800,-1.2700,-0.0900,1.1400,1.8900,1.0400,1.6100,0.3900
2025-09-05,630.5137,627.9619,645.0625,640.1469,0.9890,303202500,16.6500,19.3800,14.7400,15.1800,67.4300,69.5100,65.0800,65.5000,0,0,,,,,-6.4684,-6.5773,2.7000,2.1659,15963800.0000,1.6000,3.4100,0.6200,-0.1800,-0.4100,0.4500,-1.8400,-2.6200
2025-09-12,641.5118,640.1271,651.8868,650.2054,0.9890,350016000,15.5800,15.8200,14.4100,14.7600,65.8100,68.1500,65.5200,66.9900,0,0,,,,,10.9981,12.1652,6.8243,10.0585,46813500.0000,-1.0700,-3.5600,-0.3300,-0.4200,-1.6200,-1.3600,0.4400,1.4900
2025-09-19,654.2199,648.9237,659.4267,658.2465,0.9918,415298400,15.1400,16.7500,14.3300,15.4500,67.2200,68.6900,66.4300,66.6800,0,0,,,,,12.7081,8.7966,7.5399,8.0411,65282400.0000,-0.4400,0.9300,-0.0800,0.6900,1.4100,0.5400,0.9100,-0.3100
2025-09-26,656.7589,649.0329,661.8567,656.3820,0.9918,378044600,16.1400,17.7400,15.2900,15.2900,66.6700,70.7700,65.9400,70.1300,0,0,,,,,2.5390,0.1092,2.4300,-1.8645,-37253800.0000,1.0000,0.9900,0.9600,-0.1600,-0.5500,2.0800,-0.4900,3.4500
2025-10-03,658.9011,656.1737,667.1527,663.7112,0.9918,359722800,15.8400,17.2800,15.7400,16.6500,69.4700,69.9300,64.0000,64.5300,0,0,,,,,2.1422,7.1408,5.2960,7.3292,-18321800.0000,-0.3000,-0.4600,0.4500,1.3600,2.8000,-0.8400,-1.9400,-5.6000
2025-10-10,666.1014,647.4757,668.4122,647.6542,0.9918,413270100,16.7400,22.4400,16.1900,21.6600,64.8200,66.5600,62.1300,62.7300,0,0,,,,,7.2003,-8.6980,1.2595,-16.0570,53547300.0000,0.9000,5.1600,0.4500,5.0100,-4.6500,-3.3700,-1.8700,-1.8000
2025-10-17,655.2216,647.8030,664.7228,658.9308,0.9918,457106900,19.4500,28.9900,18.6100,20.7800,62.6700,63.9500,60.1500,61.2900,0,0,,,,,-10.8798,0.3273,-3.6894,11.2766,43836800.0000,2.7100,6.5500,2.4200,-0.8800,-2.1500,-2.6100,-1.9800,-1.4400
2025-10-24,661.8368,657.8498,672.8951,671.6852,0.9918,337267400,20.5300,21.0200,16.0200,16.3700,61.4300,66.7700,60.0700,65.9400,0,0,,,,,6.6152,10.0468,8.1723,12.7544,-119839500.0000,1.0800,-7.9700,-2.5900,-4.4100,-1.2400,2.8200,-0.0800,4.6500
2025-10-31,677.1200,673.6587,684.0328,676.4556,0.9918,374234900,15.7300,18.5400,15.6200,17.4400,66.2600,66.6000,63.9300,65.0700,0,0,,,,,15.2832,15.8089,11.1377,4.7704,36967500.0000,-4.8000,-2.4800,-0.4000,1.0700,4.8300,-0.1700,3.8600,-0.8700
2025-11-07,680.0360,655.7770,680.1649,665.4567,0.9918,395772100,18.0600,22.7200,17.0000,19.0800,65.0700,65.3100,62.8300,63.6300,0,0,,,,,2.9160,-17.8817,-3.8679,-10.9989,21537200.0000,2.3300,4.1800,1.3800,1.6400,-1.1900,-1.2900,-1.1000,-1.4400
2025-11-14,671.6752,657.8201,679.3318,666.4089,0.9918,397413300,18.5800,23.0300,17.1000,19.8300,63.6900,65.2900,62.3400,64.3900,0,0,,,,,-8.3608,2.0431,-0.8331,0.9522,1641200.0000,0.5200,0.3100,0.1000,0.7500,-1.3800,-0.0200,-0.4900,0.7600
2025-11-21,664.1972,645.5021,670.0091,653.6149,0.9918,588876300,19.5800,28.2700,19.2800,23.4300,64.0200,65.0800,61.8700,62.5600,0,0,,,,,-7.4780,-12.3180,-9.3227,-12.7940,191463000.0000,1.0000,5.2400,2.1800,3.6000,0.3300,-0.2100,-0.4700,-1.8300
2025-11-28,657.2448,656.1539,678.0524,677.7747,0.9918,282606600,22.6900,23.6800,15.7800,16.3500,62.5600,63.5300,61.6100,63.2000,0,0,,,,,-6.9524,10.6518,8.0433,24.1598,-306269700.0000,3.1100,-4.5900,-3.5000,-7.0800,-1.4600,-1.5500,-0.2600,0.6400
2025-12-05,673.2323,673.1629,682.7336,680.0558,0.9918,322604800,18.0500,18.3300,15.2800,15.4100,62.6900,64.0800,62.1700,63.7500,0,0,,,,,15.9875,17.0090,4.6812,2.2811,39998200.0000,-4.6400,-5.3500,-0.5000,-0.9400,0.1300,0.5500,0.5600,0.5500
2025-12-12,680.9485,673.5894,683.5866,676.1581,0.9918,398546900,16.1500,17.8500,14.8500,15.7400,63.9000,63.9600,60.7500,61.1200,0,0,,,,,7.7162,0.4265,0.8530,-3.8977,75942100.0000,-1.9000,-0.4800,-0.4300,0.3300,1.2100,-0.1200,-1.4200,-2.6300
2025-12-19,682.1150,667.6519,682.1350,676.9923,0.9947,535716400,16.5100,18.0000,14.9100,14.9100,61.1600,61.5000,58.7200,60.4700,0,0,,,,,1.1665,-5.9375,-1.4516,0.8342,137169500.0000,0.3600,0.1500,0.0600,-0.8300,-2.7400,-2.4600,-2.0300,-0.6500
2025-12-26,680.3246,676.9923,688.0037,686.6609,0.9947,215455600,15.1600,15.2600,13.3800,13.6000,60.5700,62.7200,60.5600,60.6400,0,0,,,,,-1.7904,9.3404,5.8687,9.6686,-320260800.0000,-1.3500,-2.7400,-1.5300,-1.3100,-0.5900,1.2200,1.8400,0.1700
2026-01-02,683.9055,676.2263,685.5567,679.5586,0.9947,273242200,14.6900,15.4200,13.9900,14.5100,61.0400,62.3300,60.0000,60.7500,1,0,Bullish,685.5567,676.2263,680.8915,3.5809,-0.7660,-2.4470,-7.1023,57786600.0000,-0.4700,0.1600,0.6100,0.9100,0.4700,-0.3900,-0.5600,0.1100
2026-01-09,682.9108,682.7516,691.6344,690.4010,0.9947,360934000,15.1400,15.8500,14.4300,14.4900,60.8900,63.9100,59.4500,63.3400,0,0,,,,,-0.9947,6.5253,6.0777,10.8424,87691800.0000,0.4500,0.4300,0.4400,-0.0200,-0.1500,1.5800,-0.5500,2.5900
2026-01-16,687.0289,682.4134,692.4104,688.0037,0.9947,394113600,16.0600,18.1000,14.7500,15.8600,63.4100,66.8100,62.7600,64.1300,0,0,,,,,4.1181,-0.3382,0.7760,-2.3973,33179600.0000,0.9200,2.2500,0.3200,1.3700,2.5200,2.9000,3.3100,0.7900
2026-01-23,677.8875,672.9935,687.4765,685.5865,0.9947,379639600,19.9400,20.9900,15.2700,16.0900,63.5600,66.2100,63.2600,65.8800,0,0,,,,,-9.1414,-9.4199,-4.9339,-2.4172,-14474000.0000,3.8800,2.8900,0.5200,0.2300,0.1500,-0.6000,0.5000,1.7500
2026-01-30,686.8399,681.2099,694.1511,688.3121,0.9947,376473400,16.9000,19.7400,15.7400,17.4400,66.0700,71.8800,65.0000,70.6900,0,0,,,,,8.9524,8.2164,6.6746,2.7256,-3166200.0000,-3.0400,-1.2500,0.4700,1.3500,2.5100,5.6700,1.7400,4.8100
2026-02-06,685.9348,672.2176,693.2758,686.9692,0.9947,495134100,19.9500,23.1000,16.0500,20.3700,68.7200,69.7500,65.1900,68.0500,0,0,,,,,-0.9051,-8.9923,-0.8753,-1.3429,118660700.0000,3.0500,3.3600,0.3100,2.9300,2.6500,-2.1300,0.1900,-2.6400
2026-02-13,685.7756,673.9385,693.4548,678.1461,0.9947,430521300,17.9500,22.4000,16.7500,20.6000,67.5100,70.7200,66.8900,67.7500,0,0,,,,,-0.1592,1.7209,0.1790,-8.8231,-64612800.0000,-2.0000,-0.7000,0.7000,0.2300,-1.2100,0.9700,1.7000,-0.3000
2026-02-20,676.5447,672.2078,686.4123,685.7856,0.9947,313608400,21.7400,22.9600,18.4800,19.0900,68.0600,72.3200,66.8300,71.7600,0,1,Bearish,686.4123,672.2078,679.3101,-9.2309,-1.7307,-7.0425,7.6395,-116912900.0000,3.7900,0.5600,1.7300,-1.5100,0.5500,1.6000,-0.0600,4.0100
2026-02-27,684.1940,676.4054,690.0131,682.3637,0.9947,375706200,20.4900,22.0800,17.5000,19.8600,71.2400,72.9900,69.3200,72.4800,0,0,,,,,7.6493,4.1976,3.6008,-3.4219,62097800.0000,-1.2500,-0.8800,-0.9800,0.7700,3.1800,0.6700,2.4900,0.7200
2026-03-06,675.1123,666.1200,684.9798,668.8257,0.9947,478956000,24.6600,29.9300,20.3700,29.4900,77.0000,94.5500,75.7900,92.6900,0,0,,,,,-9.0817,-10.2854,-5.0333,-13.5380,103249800.0000,4.1700,7.8500,2.8700,9.6300,5.7600,21.5600,6.4700,20.2100
2026-03-13,662.8674,657.8639,679.7476,658.7890,0.9947,458697100,35.1200,35.3000,22.1900,27.1900,98.3600,119.4000,81.1600,103.1400,0,0,,,,,-12.2449,-8.2561,-5.2322,-10.0367,-20258900.0000,10.4600,5.3700,1.8200,-2.3000,21.3600,24.8500,5.3700,10.4500
2026-03-20,666.6625,643.0633,672.7070,646.9034,0.9974,526103700,25.8800,29.2800,21.4700,26.7800,105.5100,119.1200,99.5600,112.1900,0,0,,,,,3.7951,-14.8006,-7.0406,-11.8856,67406600.0000,-9.2400,-6.0200,-0.7200,-0.4100,7.1500,-0.2800,18.4000,9.0500
2026-03-27,656.3790,631.4831,660.9173,632.4606,0.9974,522057800,30.0400,31.6500,20.2800,31.0500,114.9000,115.1000,96.2500,112.5700,1,0,Bullish,660.9173,631.4831,646.2002,-10.2835,-11.5802,-11.7897,-14.4428,-4045900.0000,4.1600,2.3700,-1.1900,4.2700,9.3900,-4.0200,-3.3100,0.3800
2026-04-03,638.4651,627.6630,656.8279,654.1448,0.9974,418010200,30.7900,31.5200,23.5000,23.8700,116.1400,119.2700,98.4600,109.0300,0,0,,,,,-17.9139,-3.8201,-4.0894,21.6842,-104047600.0000,0.7500,-0.1300,3.2200,-7.1800,1.2400,4.1700,2.2100,-3.5400
2026-04-10,654.1747,649.3870,680.2775,677.7141,0.9974,302080200,24.9300,28.0000,18.8300,19.2300,109.2000,111.8700,90.0100,95.2000,0,0,,,,,15.7096,21.7240,23.4496,23.5693,-115930000.0000,-5.8600,-3.5200,-4.6700,-4.6400,-6.9400,-7.4000,-8.4500,-13.8300
2026-04-17,675.6693,674.8415,710.5595,708.3152,0.9974,296541000,21.1700,21.5800,16.8700,17.4800,99.7100,103.8600,86.0800,90.3800,0,0,,,,,21.4946,25.4545,30.2820,30.6011,-5539200.0000,-3.7600,-6.4200,-1.9600,-1.7500,-9.4900,-8.0100,-3.9300,-4.8200
2026-04-24,706.9588,700.4755,712.6341,712.1055,0.9974,246362700,19.5800,21.5600,18.4600,18.7100,96.2100,107.4600,92.7700,105.3300,0,0,,,,,31.2895,25.6340,2.0746,3.7903,-50178300.0000,-1.5900,-0.0200,1.5900,1.2300,-3.5000,3.6000,6.6900,14.9500
2026-05-01,711.3374,706.5497,723.0073,718.7982,0.9974,228403200,19.2100,19.4300,16.4400,16.9900,106.5000,126.1000,105.8500,108.1700,0,0,,,,,4.3786,6.0742,10.3732,6.6927,-17959500.0000,-0.3700,-2.1300,-2.0200,-1.7200,10.2900,18.6400,13.0800,2.8400
2026-05-08,718.2197,713.1528,736.1834,735.7246,0.9974,241124400,17.3800,19.0800,16.1800,17.1900,107.1300,115.2500,96.0700,101.2900,0,0,,,,,6.8823,6.6031,13.1761,16.9264,12721200.0000,-1.8300,-0.3500,-0.2600,0.2000,0.6300,-10.8500,-9.7800,-6.8800
2026-05-15,734.5576,729.9495,747.6041,737.2706,0.9974,248127900,18.2100,19.2700,17.2000,18.4300,104.0000,109.7300,102.8200,109.2600,0,0,,,,,16.3379,16.7967,11.4207,1.5460,7003500.0000,0.8300,0.1900,1.0200,1.2400,-3.1300,-5.5200,6.7500,7.9700
2026-05-22,737.9289,729.6503,747.0155,743.7240,0.9974,232962000,19.2500,19.4400,16.4600,16.7000,109.6100,112.6900,101.3800,103.5400,0,0,,,,,3.3713,-0.2992,-0.5886,6.4534,-15165900.0000,1.0400,0.1700,-0.7400,-1.7300,5.6100,2.9600,-1.4400,-5.7200
2026-05-29,748.0828,746.2973,756.1321,754.5361,0.9974,179868200,16.8100,17.2300,15.2200,15.3200,100.5500,100.7500,91.4600,92.0500,0,0,,,,,10.1539,16.6470,9.1166,10.8121,-53093800.0000,-2.4400,-2.2100,-1.2400,-1.3800,-9.0600,-11.9400,-9.9200,-11.4900
2026-06-05,753.4190,733.6400,758.4461,735.6548,0.9974,270531700,15.8800,21.5700,15.1800,21.5100,92.4100,99.0000,92.3700,93.0900,0,0,,,,,5.3362,-12.6573,2.3140,-18.8813,90663500.0000,-0.9300,4.3400,-0.0400,6.1900,-8.1400,-1.7500,0.9100,1.0400
2026-06-12,741.4498,720.7333,744.9808,739.8440,0.9974,340753900,20.2900,23.3400,17.5200,17.6800,95.5000,98.0500,85.8000,87.3300,0,0,,,,,-11.9692,-12.9067,-13.4653,4.1892,70222200.0000,4.4100,1.7700,2.3400,-3.8300,3.0900,-0.9500,-6.5700,-5.7600
2026-06-19,751.8500,739.2200,756.6800,746.7400,1.0000,294090400,16.7800,18.8400,15.7700,16.4000,85.0200,85.2900,76.5800,79.8500,0,0,,,,,10.4002,18.4867,11.6992,6.8960,-46663500.0000,-3.5100,-4.5000,-1.7500,-1.2800,-10.4800,-12.7600,-9.2200,-7.4800
2026-06-26,747.7000,716.5800,750.1800,728.9900,1.0000,295781600,17.4800,20.7200,16.4900,18.4100,82.2100,82.3800,71.4000,71.9900,0,0,,,,,-4.1500,-22.6400,-6.5000,-17.7500,1691200.0000,0.7000,1.8800,0.7200,2.0100,-2.8100,-2.9100,-5.1800,-7.8600
