Week_Ending,Open,High,Low,Close,Adj Close,Volume,A2P,Adj Open,Adj High,Adj Low
2000-01-07 00:00:00-05:00,148.2500,148.2500,137.2500,145.7500,91.3286,42725700,0.6266,92.8951,92.8951,86.0024
2000-01-14 00:00:00-05:00,146.2500,147.4688,142.8750,146.9688,92.0922,32748700,0.6266,91.6419,92.4055,89.5271
2000-01-21 00:00:00-05:00,145.3438,147.0000,143.8125,144.4375,90.5062,24691300,0.6266,91.0740,92.1119,90.1145
2000-01-28 00:00:00-05:00,145.6562,145.8438,135.5312,135.8750,85.1408,45836400,0.6266,91.2698,91.3873,84.9254
2000-02-04 00:00:00-05:00,135.8125,144.0000,135.0000,142.5938,89.3508,38317400,0.6266,85.1016,90.2320,84.5925
2000-02-11 00:00:00-05:00,142.5625,144.5625,138.0312,138.6875,86.9031,35834100,0.6266,89.3312,90.5845,86.4919
2000-02-18 00:00:00-05:00,139.7812,141.2188,134.6250,135.3125,84.7884,45445900,0.6266,87.5885,88.4893,84.3576
2000-02-25 00:00:00-05:00,135.1875,137.4688,133.0938,133.3281,83.5449,56469300,0.6266,84.7100,86.1395,83.3980
2000-03-03 00:00:00-05:00,133.3750,141.7188,132.7188,141.1250,88.4305,48878800,0.6266,83.5742,88.8025,83.1630
2000-03-10 00:00:00-05:00,140.8125,142.0000,135.0312,140.1250,87.8039,57263100,0.6266,88.2347,88.9788,84.6121
2000-03-17 00:00:00-05:00,136.6875,148.0000,135.6875,146.9375,92.3067,64979500,0.6282,85.8676,92.9741,85.2394
2000-03-24 00:00:00-05:00,146.8750,155.7500,144.5000,153.5625,96.4685,57492300,0.6282,92.2674,97.8427,90.7754
2000-03-31 00:00:00-05:00,153.3750,153.7812,147.1250,150.3750,94.4661,40621500,0.6282,96.3508,96.6060,92.4245
2000-04-07 00:00:00-04:00,150.1250,153.0000,141.3906,151.4375,95.1336,48883000,0.6282,94.3091,96.1152,88.8221
2000-04-14 00:00:00-04:00,151.7500,153.1094,133.5000,136.0000,85.4357,71239600,0.6282,95.3299,96.1839,83.8652
2000-04-21 00:00:00-04:00,135.1875,145.1250,134.6875,143.8125,90.3435,50078700,0.6282,84.9253,91.1681,84.6112
2000-04-28 00:00:00-04:00,141.5000,148.7500,140.5000,145.0938,91.1484,59044900,0.6282,88.8908,93.4453,88.2626
2000-05-05 00:00:00-04:00,146.5625,148.4844,139.7812,143.5312,90.1669,43196900,0.6282,92.0711,93.2784,87.8111
2000-05-12 00:00:00-04:00,142.7500,143.4688,137.7500,142.8125,89.7153,34030200,0.6282,89.6761,90.1276,86.5350
2000-05-19 00:00:00-04:00,142.7500,147.7188,140.4062,141.1250,88.6552,29384700,0.6282,89.6761,92.7974,88.2037
2000-05-26 00:00:00-04:00,141.2500,141.8125,136.5000,138.0000,86.6921,42993000,0.6282,88.7338,89.0871,85.7498
2000-06-02 00:00:00-04:00,140.0000,149.0938,139.4688,147.8438,92.8760,29343000,0.6282,87.9485,93.6612,87.6148
2000-06-09 00:00:00-04:00,147.4688,148.2188,145.6250,146.5938,92.0908,25584900,0.6282,92.6405,93.1116,91.4822
2000-06-16 00:00:00-04:00,146.9688,148.8750,144.6250,146.5938,92.3076,28107200,0.6297,92.5437,93.7440,91.0679
2000-06-23 00:00:00-04:00,146.4688,149.1562,143.8750,144.3750,90.9105,27055700,0.6297,92.2289,93.9212,90.5956
2000-06-30 00:00:00-04:00,145.3750,146.9844,143.5156,145.2812,91.4811,28474400,0.6297,91.5401,92.5535,90.3693
2000-07-07 00:00:00-04:00,145.4375,148.7812,144.2188,148.0938,93.2521,13182800,0.6297,91.5795,93.6850,90.8121
2000-07-14 00:00:00-04:00,147.8750,151.2500,147.1562,151.2500,95.2395,24828600,0.6297,93.1143,95.2395,92.6617
2000-07-21 00:00:00-04:00,150.9844,151.9844,147.6875,147.6875,92.9963,27173000,0.6297,95.0723,95.7020,92.9963
2000-07-28 00:00:00-04:00,148.1250,148.8594,141.5156,142.0938,89.4740,36330200,0.6297,93.2717,93.7342,89.1099
2000-08-04 00:00:00-04:00,142.9375,146.7188,142.0625,146.3750,92.1698,24945600,0.6297,90.0053,92.3863,89.4543
2000-08-11 00:00:00-04:00,146.7188,149.2188,145.5625,147.4062,92.8192,22485100,0.6297,92.3862,93.9605,91.6582
2000-08-18 00:00:00-04:00,147.7812,150.4375,147.0625,149.6875,94.2556,24001500,0.6297,93.0553,94.7278,92.6027
2000-08-25 00:00:00-04:00,150.0312,151.6250,149.2812,151.2500,95.2395,18290300,0.6297,94.4721,95.4756,93.9998
2000-09-01 00:00:00-04:00,151.2500,153.5938,150.3438,152.5000,96.0266,21099700,0.6297,95.2395,96.7154,94.6689
2000-09-08 00:00:00-04:00,151.8750,152.2031,149.3281,149.8125,94.3343,15576700,0.6297,95.6331,95.8397,94.0293
2000-09-15 00:00:00-04:00,149.7500,151.1875,146.0000,146.0000,92.1646,23881000,0.6313,94.5319,95.4393,92.1646
2000-09-22 00:00:00-04:00,146.3750,146.9688,142.4219,145.2812,91.7109,31969200,0.6313,92.4013,92.7761,89.9059
2000-09-29 00:00:00-04:00,145.9375,146.3281,142.1250,143.6250,90.6654,38584900,0.6313,92.1252,92.3717,89.7185
2000-10-06 00:00:00-04:00,144.2812,145.7500,139.7500,141.0625,89.0478,35595700,0.6313,91.0797,92.0068,88.2192
2000-10-13 00:00:00-04:00,141.3125,141.3125,132.7812,137.5625,86.8383,45074400,0.6313,89.2055,89.2055,83.8201
2000-10-20 00:00:00-04:00,137.4062,141.1875,130.1562,139.9062,88.3179,40528800,0.6313,86.7397,89.1267,82.1631
2000-10-27 00:00:00-04:00,139.9375,141.9375,134.0312,139.2812,87.9233,39287000,0.6313,88.3376,89.6001,84.6092
2000-11-03 00:00:00-05:00,138.4375,143.9062,138.1562,142.7812,90.1327,41242300,0.6313,87.3907,90.8429,87.2131
2000-11-10 00:00:00-05:00,143.1562,144.2969,136.5312,136.6250,86.2465,34601900,0.6313,90.3695,91.0895,86.1874
2000-11-17 00:00:00-05:00,135.6250,140.1094,133.0156,136.6406,86.2564,47027100,0.6313,85.6153,88.4461,83.9680
2000-11-24 00:00:00-05:00,135.7500,136.3750,132.1250,134.8438,85.1221,22291300,0.6313,85.6942,86.0887,83.4058
2000-12-01 00:00:00-05:00,136.4688,136.6875,129.7500,132.2188,83.4650,37031000,0.6313,86.1479,86.2860,81.9066
2000-12-08 00:00:00-05:00,131.8750,139.4688,131.5000,133.9688,84.5697,45573400,0.6313,83.2480,88.0417,83.0113
2000-12-15 00:00:00-05:00,137.3750,139.5625,130.5625,130.9688,82.9296,34242700,0.6332,86.9860,88.3711,82.6723
2000-12-22 00:00:00-05:00,132.0625,134.9688,125.5312,130.9375,82.9097,51360700,0.6332,83.6221,85.4623,79.4865
2000-12-29 00:00:00-05:00,130.8438,134.2812,130.2812,131.1875,83.0680,26652700,0.6332,82.8504,85.0270,82.4942
2001-01-05 00:00:00-05:00,132.0000,136.0000,127.5625,129.1875,81.8017,50299500,0.6332,83.5825,86.1153,80.7727
2001-01-12 00:00:00-05:00,129.8750,133.7188,127.6875,132.0000,83.5825,35562900,0.6332,82.2370,84.6708,80.8518
2001-01-19 00:00:00-05:00,132.0000,136.1875,131.5156,134.0156,84.8588,32283100,0.6332,83.5825,86.2341,83.2758
2001-01-26 00:00:00-05:00,134.2500,137.3125,133.5625,135.8750,86.0362,39669000,0.6332,85.0073,86.9464,84.5719
2001-02-02 00:00:00-05:00,135.5000,138.7000,134.7500,134.8000,85.3555,39997600,0.6332,85.7987,87.8250,85.3238
2001-02-09 00:00:00-05:00,134.8000,136.7000,131.2600,131.8400,83.4812,33064600,0.6332,85.3555,86.5586,83.1140
2001-02-16 00:00:00-05:00,131.7000,134.1700,129.3000,130.4000,82.5694,33156800,0.6332,83.3926,84.9566,81.8729
2001-02-23 00:00:00-05:00,131.0400,131.1400,121.8000,124.9600,79.1248,58125400,0.6332,82.9747,83.0380,77.1239
2001-03-02 00:00:00-05:00,125.8000,127.8400,121.7500,123.6100,78.2700,64980800,0.6332,79.6567,80.9484,77.0922
2001-03-09 00:00:00-05:00,124.1500,127.7500,123.1100,123.3600,78.1116,34657200,0.6332,78.6119,80.8914,77.9533
2001-03-16 00:00:00-05:00,122.3400,122.5000,114.8100,115.0100,73.0205,115629200,0.6349,77.6743,77.7759,72.8935
2001-03-23 00:00:00-05:00,115.7600,118.4600,108.0400,114.4800,72.6840,85642800,0.6349,73.4967,75.2109,68.5952
2001-03-30 00:00:00-05:00,115.7000,118.6500,112.1400,116.6900,74.0872,55021700,0.6349,73.4586,75.3316,71.1984
2001-04-06 00:00:00-04:00,116.3000,117.3800,109.3000,113.3000,71.9349,74741900,0.6349,73.8396,74.5253,69.3952
2001-04-13 00:00:00-04:00,114.0000,118.9900,112.7800,118.8500,75.4585,48863400,0.6349,72.3792,75.5474,71.6046
2001-04-20 00:00:00-04:00,118.2900,126.0000,116.9100,124.5000,79.0458,72192900,0.6349,75.1030,79.9981,74.2268
2001-04-27 00:00:00-04:00,123.6500,125.8400,120.9500,125.7800,79.8585,45274600,0.6349,78.5061,79.8965,76.7919
2001-05-04 00:00:00-04:00,126.4500,127.6900,123.4400,127.3400,80.8489,52989300,0.6349,80.2838,81.0711,78.3728
2001-05-11 00:00:00-04:00,126.8600,127.5000,124.4000,125.1500,79.4585,38252000,0.6349,80.5442,80.9505,78.9823
2001-05-18 00:00:00-04:00,124.9000,130.0800,124.4600,129.7400,82.3727,51112900,0.6349,79.2997,82.5885,79.0204
2001-05-25 00:00:00-04:00,129.8400,132.0900,127.9000,128.1000,81.3315,47532800,0.6349,82.4362,83.8647,81.2045
2001-06-01 00:00:00-04:00,128.2200,128.3500,125.0000,126.7300,80.4616,37768200,0.6349,81.4076,81.4902,79.3632
2001-06-08 00:00:00-04:00,126.8000,129.2300,126.0800,127.0000,80.6330,42329700,0.6349,80.5061,82.0489,80.0489
2001-06-15 00:00:00-04:00,126.7100,126.9900,120.4000,121.8500,77.5833,53430100,0.6367,80.6777,80.8560,76.6601
2001-06-22 00:00:00-04:00,121.6500,124.3100,120.8900,122.8500,78.2200,52358900,0.6367,77.4559,79.1496,76.9720
2001-06-29 00:00:00-04:00,123.2800,124.0100,120.5700,122.6000,78.0608,46611200,0.6367,78.4938,78.9586,76.7683
2001-07-06 00:00:00-04:00,122.8000,124.3200,119.0500,119.0500,75.8005,29009100,0.6367,78.1882,79.1560,75.8005
2001-07-13 00:00:00-04:00,119.4900,122.3200,117.0900,122.2400,77.8316,54735200,0.6367,76.0807,77.8826,74.5526
2001-07-20 00:00:00-04:00,121.7700,122.9800,119.8300,121.3400,77.2586,38883100,0.6367,77.5324,78.3028,76.2971
2001-07-27 00:00:00-04:00,121.8000,121.8800,116.7500,120.8100,76.9211,53799700,0.6367,77.5515,77.6024,74.3361
2001-08-03 00:00:00-04:00,121.1900,123.2500,120.3000,121.9400,77.6406,54293000,0.6367,77.1631,78.4747,76.5964
2001-08-10 00:00:00-04:00,121.3500,121.5100,117.3400,119.2900,75.9533,57890800,0.6367,77.2650,77.3668,74.7117
2001-08-17 00:00:00-04:00,119.6000,120.3500,116.0100,116.7500,74.3361,51469600,0.6367,76.1507,76.6282,73.8649
2001-08-24 00:00:00-04:00,116.8000,119.1300,115.7800,119.0200,75.7814,57082300,0.6367,74.3679,75.8514,73.7185
2001-08-31 00:00:00-04:00,118.9700,119.2000,112.0400,114.1500,72.6806,69329700,0.6367,75.7496,75.8960,71.3372
2001-09-07 00:00:00-04:00,113.8500,116.1700,108.6300,108.7200,69.2233,100737400,0.6367,72.4896,73.9668,69.1660
2001-09-14 00:00:00-04:00,107.7000,110.3500,107.7000,110.0500,70.0701,23408700,0.6367,68.5739,70.2611,68.5739
2001-09-21 00:00:00-04:00,101.0000,106.4000,93.8000,97.2800,62.1717,183182700,0.6391,64.5492,68.0003,59.9476
2001-09-28 00:00:00-04:00,99.7200,109.6200,99.0600,104.4400,66.7477,111827300,0.6391,63.7311,70.0582,63.3093
2001-10-05 00:00:00-04:00,103.9000,108.9700,102.8300,107.2300,68.5308,134806500,0.6391,66.4026,69.6428,65.7187
2001-10-12 00:00:00-04:00,106.2700,110.3000,105.5200,109.5000,69.9815,103300800,0.6391,67.9172,70.4928,67.4379
2001-10-19 00:00:00-04:00,108.6300,111.1500,106.0100,107.3500,68.6075,99714900,0.6391,69.4255,71.0361,67.7511
2001-10-26 00:00:00-04:00,107.3000,111.7900,106.7400,110.3200,70.5056,101759500,0.6391,68.5755,71.4451,68.2176
2001-11-02 00:00:00-05:00,110.1600,110.5500,105.5600,109.2500,69.8217,120413000,0.6391,70.4033,70.6526,67.4634
2001-11-09 00:00:00-05:00,110.1200,114.0800,109.8500,112.7200,72.0394,97350600,0.6391,70.3778,72.9086,70.2052
2001-11-16 00:00:00-05:00,111.0000,115.4000,110.0000,114.3600,73.0875,96541400,0.6391,70.9402,73.7522,70.3011
2001-11-23 00:00:00-05:00,114.9200,115.8500,113.5100,115.6800,73.9312,48022400,0.6391,73.4455,74.0398,72.5444
2001-11-30 00:00:00-05:00,115.7500,116.9000,113.0000,114.0500,72.8894,83217900,0.6391,73.9759,74.7108,72.2184
2001-12-07 00:00:00-05:00,113.6500,118.0000,113.0100,116.5600,74.4936,94495000,0.6391,72.6338,75.4139,72.2248
2001-12-14 00:00:00-05:00,115.8500,116.3900,112.0000,113.1300,72.3014,86616100,0.6391,74.0398,74.3849,71.5793
2001-12-21 00:00:00-05:00,112.9900,115.9200,112.9000,114.9500,73.7173,76638600,0.6413,72.4604,74.3394,72.4026
2001-12-28 00:00:00-05:00,114.8300,116.7500,114.6100,116.0000,74.3906,36034700,0.6413,73.6403,74.8716,73.4992
2002-01-04 00:00:00-05:00,116.1500,117.9800,113.8100,117.6200,75.4296,69155100,0.6413,74.4869,75.6605,72.9862
2002-01-11 00:00:00-05:00,117.7000,117.9900,114.7000,114.9400,73.7109,68932300,0.6413,75.4809,75.6668,73.5570
2002-01-18 00:00:00-05:00,114.6500,115.3900,112.6700,113.1500,72.5630,83899400,0.6413,73.5249,73.9995,72.2552
2002-01-25 00:00:00-05:00,113.7500,114.2500,112.0200,113.5500,72.8195,49081700,0.6413,72.9477,73.2684,71.8383
2002-02-01 00:00:00-05:00,113.9000,114.1900,108.4000,112.6500,72.2423,108769500,0.6413,73.0439,73.2299,69.5168
2002-02-08 00:00:00-05:00,112.2300,112.2300,108.0000,110.0900,70.6006,130066600,0.6413,71.9730,71.9730,69.2603
2002-02-15 00:00:00-05:00,110.0500,112.9700,109.8200,110.8900,71.1136,88336600,0.6413,70.5749,72.4475,70.4274
2002-02-22 00:00:00-05:00,110.1500,110.6300,107.8200,109.6400,70.3120,98092400,0.6413,70.6391,70.9469,69.1448
2002-03-01 00:00:00-05:00,109.7400,113.8500,109.7000,113.7400,72.9413,118432100,0.6413,70.3761,73.0119,70.3505
2002-03-08 00:00:00-05:00,113.9000,117.9000,113.6500,116.9900,75.0256,109307600,0.6413,73.0440,75.6092,72.8837
2002-03-15 00:00:00-05:00,116.8900,117.9000,115.6300,116.6500,75.0218,82338900,0.6431,75.1761,75.8257,74.3658
2002-03-22 00:00:00-05:00,117.1000,117.7400,114.1200,115.0400,73.9864,93657600,0.6431,75.3112,75.7228,73.3947
2002-03-29 00:00:00-05:00,115.0900,115.7700,113.3000,114.5200,73.6519,74000400,0.6431,74.0185,74.4558,72.8673
2002-04-05 00:00:00-05:00,114.2300,115.1000,112.1600,112.6900,72.4750,101992900,0.6431,73.4654,74.0249,72.1341
2002-04-12 00:00:00-04:00,111.3200,113.5400,110.0400,111.4200,71.6582,89196400,0.6431,71.5939,73.0217,70.7707
2002-04-19 00:00:00-04:00,111.6200,113.6700,110.2000,112.8800,72.5972,81059900,0.6431,71.7869,73.1053,70.8736
2002-04-26 00:00:00-04:00,112.3800,112.4300,107.2900,107.3900,69.0664,95013900,0.6431,72.2756,72.3078,69.0021
2002-05-03 00:00:00-04:00,107.9300,109.9100,106.6300,107.5800,69.1885,95625800,0.6431,69.4136,70.6871,68.5776
2002-05-10 00:00:00-04:00,107.6400,109.3600,104.9000,105.7200,67.9923,110502300,0.6431,69.2272,70.3334,67.4650
2002-05-17 00:00:00-04:00,106.2200,111.2500,105.7900,110.9000,71.3238,134329900,0.6431,68.3139,71.5489,68.0374
2002-05-24 00:00:00-04:00,110.6400,110.6900,108.0000,108.6900,69.9025,72312000,0.6431,71.1566,71.1887,69.4587
2002-05-31 00:00:00-04:00,109.0500,109.1300,105.9000,107.2200,68.9571,77054400,0.6431,70.1340,70.1854,68.1081
2002-06-07 00:00:00-04:00,107.0900,107.6000,101.7200,103.3400,66.4617,118618500,0.6431,68.8735,69.2015,65.4198
2002-06-14 00:00:00-04:00,103.2400,104.5400,98.5000,101.4000,65.2140,130328000,0.6431,66.3973,67.2334,63.3489
2002-06-21 00:00:00-04:00,101.9200,105.0300,98.6800,99.2800,64.0740,117698100,0.6454,65.7778,67.7850,63.6868
2002-06-28 00:00:00-04:00,98.6100,100.8900,95.1900,98.9600,63.8675,168238900,0.6454,63.6416,65.1131,61.4344
2002-07-05 00:00:00-04:00,99.1800,99.8000,93.7200,99.3100,64.0934,104063400,0.6454,64.0095,64.4096,60.4857
2002-07-12 00:00:00-04:00,98.9800,99.7000,90.3200,91.8500,59.2788,196756600,0.6454,63.8804,64.3451,58.2914
2002-07-19 00:00:00-04:00,91.6400,93.3000,84.3000,84.7100,54.6707,289709500,0.6454,59.1433,60.2146,54.4061
2002-07-26 00:00:00-04:00,84.1000,85.9300,77.6800,85.6000,55.2451,388024300,0.6454,54.2770,55.4581,50.1337
2002-08-02 00:00:00-04:00,87.5000,91.5500,85.6200,86.7900,56.0131,264039800,0.6454,56.4714,59.0852,55.2580
2002-08-09 00:00:00-04:00,86.4900,91.9400,83.5500,91.2900,58.9174,245429700,0.6454,55.8195,59.3369,53.9221
2002-08-16 00:00:00-04:00,89.9900,94.0800,88.0200,93.2200,60.1629,215024600,0.6454,58.0783,60.7180,56.8069
2002-08-23 00:00:00-04:00,93.4600,97.1500,93.1000,94.6000,61.0536,175923300,0.6454,60.3179,62.6994,60.0855
2002-08-30 00:00:00-04:00,94.9100,96.2500,90.8100,91.7800,59.2336,181468800,0.6454,61.2537,62.1185,58.6076
2002-09-06 00:00:00-04:00,90.7300,91.0000,87.5000,90.0000,58.0848,233559000,0.6454,58.5560,58.7302,56.4714
2002-09-13 00:00:00-04:00,89.1000,93.3300,88.2500,89.6700,57.8718,187858900,0.6454,57.5040,60.2340,56.9554
2002-09-20 00:00:00-04:00,89.3100,91.1900,84.0500,84.3500,54.6824,225332800,0.6483,57.8979,59.1167,54.4879
2002-09-27 00:00:00-04:00,83.6500,85.9700,81.8500,82.7500,53.6452,293981500,0.6483,54.2287,55.7327,53.0618
2002-10-04 00:00:00-04:00,82.0000,85.7700,79.5800,80.8000,52.3810,321074300,0.6483,53.1590,55.6030,51.5901
2002-10-11 00:00:00-04:00,80.0600,84.7300,77.0700,84.1600,54.5592,371732700,0.6483,51.9013,54.9288,49.9629
2002-10-18 00:00:00-04:00,83.2000,89.3000,83.0400,88.6400,57.4636,301912800,0.6483,53.9369,57.8914,53.8332
2002-10-25 00:00:00-04:00,88.1200,90.9000,87.5700,90.2000,58.4749,240391200,0.6483,57.1265,58.9287,56.7699
2002-11-01 00:00:00-05:00,91.1500,91.2900,87.0000,90.2700,58.5202,234112400,0.6483,59.0907,59.1815,56.4004
2002-11-08 00:00:00-05:00,91.8000,93.0700,89.5200,89.6500,58.1183,240841900,0.6483,59.5121,60.3354,58.0340
2002-11-15 00:00:00-05:00,89.5100,91.5500,87.4500,91.4000,59.2528,206170000,0.6483,58.0276,59.3501,56.6921
2002-11-22 00:00:00-05:00,92.1500,94.2700,89.7600,93.4200,60.5623,186071800,0.6483,59.7390,61.1134,58.1896
2002-11-29 00:00:00-05:00,93.4300,94.9500,91.6200,93.9800,60.9254,133280800,0.6483,60.5688,61.5542,59.3954
2002-12-06 00:00:00-05:00,95.4700,96.0500,89.9800,92.0300,59.6612,234909400,0.6483,61.8913,62.2673,58.3322
2002-12-13 00:00:00-05:00,91.0700,91.6200,89.2700,89.3400,57.9173,180638300,0.6483,59.0389,59.3954,57.8720
2002-12-20 00:00:00-05:00,89.8200,91.7900,88.6000,89.9900,58.6254,175506000,0.6515,58.5147,59.7981,57.7199
2002-12-27 00:00:00-05:00,89.5900,90.6100,87.3800,87.3800,56.9251,73227600,0.6515,58.3648,59.0293,56.9251
2003-01-03 00:00:00-05:00,87.7900,91.3800,87.1100,91.3500,59.5114,140743500,0.6515,57.1922,59.5310,56.7492
2003-01-10 00:00:00-05:00,91.2400,93.6400,91.0500,93.0600,60.6254,190900900,0.6515,59.4398,61.0033,59.3160
2003-01-17 00:00:00-05:00,93.5400,93.8600,90.1500,90.6600,59.0619,176325100,0.6515,60.9381,61.1466,58.7296
2003-01-24 00:00:00-05:00,90.8700,90.9200,86.1700,86.3800,56.2736,203666400,0.6515,59.1987,59.2313,56.1368
2003-01-31 00:00:00-05:00,85.7300,87.1800,84.1500,86.0600,56.0651,263688600,0.6515,55.8502,56.7948,54.8208
2003-02-07 00:00:00-05:00,86.1400,86.8100,82.9700,83.4200,54.3453,235403000,0.6515,56.1173,56.5537,54.0521
2003-02-14 00:00:00-05:00,83.4600,84.8800,81.0000,84.1500,54.8209,245705500,0.6515,54.3714,55.2964,52.7688
2003-02-21 00:00:00-05:00,84.5300,85.8000,83.4600,85.1800,55.4918,161160600,0.6515,55.0684,55.8957,54.3713
2003-02-28 00:00:00-05:00,84.9300,85.2300,82.2200,84.9000,55.3095,219979200,0.6515,55.3290,55.5244,53.5635
2003-03-07 00:00:00-05:00,85.2600,85.7800,81.4300,83.3200,54.2801,223094000,0.6515,55.5440,55.8828,53.0489
2003-03-14 00:00:00-05:00,82.6000,84.7700,79.3800,84.1300,54.8078,287646200,0.6515,53.8111,55.2248,51.7134
2003-03-21 00:00:00-05:00,83.4600,89.8800,83.2200,89.6700,58.6525,327127500,0.6541,54.5906,58.7898,54.4336
2003-03-28 00:00:00-05:00,88.0200,88.2600,85.9900,86.7100,56.7163,257883000,0.6541,57.5732,57.7302,56.2454
2003-04-04 00:00:00-05:00,85.3500,88.9900,84.4000,88.2200,57.7041,250130300,0.6541,55.8268,58.2077,55.2054
2003-04-11 00:00:00-04:00,90.3400,90.8500,85.7100,87.1500,57.0042,254678700,0.6541,59.0907,59.4243,56.0623
2003-04-18 00:00:00-04:00,87.4700,90.0600,87.0000,89.5600,58.5805,175612600,0.6541,57.2135,58.9076,56.9060
2003-04-25 00:00:00-04:00,89.8600,92.3500,88.8900,90.2300,59.0188,229653000,0.6541,58.7767,60.4054,58.1423
2003-05-02 00:00:00-04:00,90.4400,93.4700,90.3000,93.2100,60.9679,247601000,0.6541,59.1561,61.1380,59.0645
2003-05-09 00:00:00-04:00,93.4700,94.3800,92.2800,93.7300,61.3081,195430700,0.6541,61.1381,61.7333,60.3597
2003-05-16 00:00:00-04:00,93.5000,95.4500,93.2800,94.8700,62.0538,189895200,0.6541,61.1577,62.4331,61.0138
2003-05-23 00:00:00-04:00,94.1500,94.4200,91.5900,93.7600,61.3277,210922100,0.6541,61.5828,61.7594,59.9083
2003-05-30 00:00:00-04:00,93.3000,97.0900,93.0700,96.9500,63.4143,184820000,0.6541,61.0268,63.5058,60.8764
2003-06-06 00:00:00-04:00,97.5300,101.4000,96.6700,99.2600,64.9252,244539900,0.6541,63.7936,66.3250,63.2311
2003-06-13 00:00:00-04:00,98.7700,100.9000,97.7700,99.5600,65.1215,190454900,0.6541,64.6047,65.9980,63.9506
2003-06-20 00:00:00-04:00,99.9600,102.1800,99.4200,99.4400,65.2779,193745800,0.6565,65.6193,67.0766,65.2648
2003-06-27 00:00:00-04:00,99.4500,99.6600,96.9600,97.6600,64.1094,205880600,0.6565,65.2845,65.4224,63.6499
2003-07-04 00:00:00-04:00,98.2200,99.8500,96.4300,98.7400,64.8184,150126700,0.6565,64.4770,65.5471,63.3020
2003-07-11 00:00:00-04:00,99.6500,101.4000,98.6300,100.2400,65.8031,188626100,0.6565,65.4158,66.5646,64.7462
2003-07-18 00:00:00-04:00,101.2000,101.9000,98.1600,99.5100,65.3239,212534300,0.6565,66.4333,66.8928,64.4377
2003-07-25 00:00:00-04:00,99.4500,100.3400,97.8500,100.2300,65.7965,206167000,0.6565,65.2845,65.8687,64.2342
2003-08-01 00:00:00-04:00,100.3700,100.9800,98.2400,98.5100,64.6674,220476400,0.6565,65.8884,66.2889,64.4902
2003-08-08 00:00:00-04:00,98.3100,99.0000,96.3400,98.2800,64.5164,237511300,0.6565,64.5361,64.9891,63.2429
2003-08-15 00:00:00-04:00,98.2600,99.8500,97.8400,99.6200,65.3961,162161100,0.6565,64.5033,65.5471,64.2276
2003-08-22 00:00:00-04:00,99.9300,101.8200,99.7300,99.7700,65.4946,180141300,0.6565,65.5996,66.8403,65.4683
2003-08-29 00:00:00-04:00,99.7100,101.4800,98.8300,101.4400,66.5908,143567300,0.6565,65.4552,66.6171,64.8775
2003-09-05 00:00:00-04:00,101.6400,103.7000,101.0500,102.8300,67.5033,154349800,0.6565,66.7221,68.0744,66.3348
2003-09-12 00:00:00-04:00,103.0400,103.8800,101.3500,102.4500,67.2538,194512000,0.6565,67.6411,68.1925,66.5317
2003-09-19 00:00:00-04:00,102.5200,104.7000,101.9500,103.6700,68.3160,155666400,0.6590,67.5582,68.9947,67.1825
2003-09-26 00:00:00-04:00,102.8500,103.2900,99.8500,99.9500,65.8646,206449100,0.6590,67.7756,68.0656,65.7987
2003-10-03 00:00:00-04:00,100.3000,104.2800,99.2500,103.3900,68.1314,266732100,0.6590,66.0952,68.7179,65.4033
2003-10-10 00:00:00-04:00,103.4800,105.2200,102.9100,104.5700,68.9090,156499500,0.6590,68.1908,69.3374,67.8151
2003-10-17 00:00:00-04:00,104.7100,105.8900,103.9800,104.2600,68.7048,166894200,0.6590,69.0013,69.7789,68.5203
2003-10-24 00:00:00-04:00,104.4500,105.2800,102.1800,103.5800,68.2567,185854700,0.6590,68.8300,69.3769,67.3341
2003-10-31 00:00:00-05:00,103.7400,105.9700,103.2700,105.3000,69.3901,163256500,0.6590,68.3621,69.8316,68.0524
2003-11-07 00:00:00-05:00,105.7500,106.7200,104.9000,105.6100,69.5944,162685200,0.6590,69.6866,70.3258,69.1265
2003-11-14 00:00:00-05:00,105.7400,106.9500,104.8000,105.4600,69.4956,158962700,0.6590,69.6801,70.4774,69.0606
2003-11-21 00:00:00-05:00,104.9100,105.4500,103.6200,104.2100,68.6718,198958800,0.6590,69.1331,69.4889,68.2830
2003-11-28 00:00:00-05:00,104.6900,106.6600,104.6800,106.4500,70.1479,110047500,0.6590,68.9881,70.2863,68.9815
2003-12-05 00:00:00-05:00,106.8500,108.0800,106.6200,106.8500,70.4115,178043500,0.6590,70.4115,71.2221,70.2600
2003-12-12 00:00:00-05:00,106.7400,108.2000,105.9600,108.1400,71.2616,192440600,0.6590,70.3390,71.3011,69.8250
2003-12-19 00:00:00-05:00,109.1700,109.7300,107.4800,108.9000,72.1015,165604600,0.6621,72.2803,72.6510,71.1613
2003-12-26 00:00:00-05:00,108.7900,110.0800,108.7800,109.7000,72.6312,68716700,0.6621,72.0287,72.8828,72.0221
2004-01-02 00:00:00-05:00,110.1000,112.1900,109.7800,111.2300,73.6442,111617300,0.6621,72.8960,74.2798,72.6841
2004-01-09 00:00:00-05:00,111.6900,113.5000,111.5900,112.3900,74.4122,169125700,0.6621,73.9487,75.1471,73.8825
2004-01-16 00:00:00-05:00,112.5500,114.3100,111.7600,114.2300,75.6304,186248000,0.6621,74.5181,75.6834,73.9951
2004-01-23 00:00:00-05:00,114.5300,115.3800,113.7200,114.4300,75.7628,134721800,0.6621,75.8290,76.3918,75.2928
2004-01-30 00:00:00-05:00,114.3900,116.5000,112.5600,113.4800,75.1339,209506200,0.6621,75.7364,77.1334,74.5248
2004-02-06 00:00:00-05:00,113.7000,114.7000,112.7800,114.4500,75.7761,177701300,0.6621,75.2795,75.9416,74.6704
2004-02-13 00:00:00-05:00,114.6700,116.3900,114.1700,115.1300,76.2263,168279700,0.6621,75.9218,77.0606,75.5907
2004-02-20 00:00:00-05:00,115.8500,116.6000,114.3200,114.8800,76.0608,150477300,0.6621,76.7030,77.1996,75.6900
2004-02-27 00:00:00-05:00,115.2200,115.7400,113.0300,115.0200,76.1535,180518600,0.6621,76.2859,76.6302,74.8360
2004-03-05 00:00:00-05:00,115.4300,116.9700,114.9200,116.3800,77.0539,179999000,0.6621,76.4249,77.4446,76.0873
2004-03-12 00:00:00-05:00,116.3400,116.6200,111.1000,112.5800,74.5380,289846500,0.6621,77.0274,77.2128,73.5581
2004-03-19 00:00:00-05:00,112.2700,113.2700,110.8400,111.0600,73.7894,267767600,0.6644,74.5933,75.2577,73.6432
2004-03-26 00:00:00-05:00,110.5400,111.7900,108.8500,111.0300,73.7694,255699700,0.6644,73.4439,74.2744,72.3210
2004-04-02 00:00:00-05:00,111.6300,114.8400,111.5800,114.6400,76.1680,227782600,0.6644,74.1681,76.3009,74.1349
2004-04-09 00:00:00-04:00,114.4600,115.4100,113.7400,114.3700,75.9886,151492900,0.6644,76.0484,76.6796,75.5700
2004-04-16 00:00:00-04:00,114.5800,115.3000,112.3600,113.8300,75.6298,250279500,0.6644,76.1281,76.6065,74.6531
2004-04-23 00:00:00-04:00,113.5500,114.6700,111.7800,114.3600,75.9819,223221500,0.6644,75.4437,76.1879,74.2677
2004-04-30 00:00:00-04:00,114.5000,115.1200,110.9000,110.9600,73.7230,247535500,0.6644,76.0750,76.4869,73.6831
2004-05-07 00:00:00-04:00,111.3700,113.2600,109.9600,109.9600,73.0585,235295100,0.6644,73.9954,75.2511,73.0585
2004-05-14 00:00:00-04:00,109.4400,110.8100,108.0600,110.0400,73.1117,325927300,0.6644,72.7130,73.6233,71.7961
2004-05-21 00:00:00-04:00,108.8900,111.1800,108.4100,109.8100,72.9589,225580900,0.6644,72.3476,73.8691,72.0287
2004-05-28 00:00:00-04:00,110.5300,113.0300,109.6000,112.8600,74.9854,194280600,0.6644,73.4373,75.0983,72.8194
2004-06-04 00:00:00-04:00,112.4600,113.5800,111.8700,112.9800,75.0650,152246700,0.6644,74.7195,75.4637,74.3275
2004-06-11 00:00:00-04:00,113.4300,114.9200,113.4200,114.3500,75.9753,122938900,0.6644,75.3641,76.3540,75.3574
2004-06-18 00:00:00-04:00,113.8200,114.4500,112.8700,113.6300,75.7725,158913600,0.6668,75.8992,76.3193,75.2657
2004-06-25 00:00:00-04:00,113.7500,114.9400,112.6700,113.8400,75.9125,166308000,0.6668,75.8525,76.6460,75.1323
2004-07-02 00:00:00-04:00,114.5200,114.7900,112.5800,112.8800,75.2724,213823000,0.6668,76.3660,76.5460,75.0723
2004-07-09 00:00:00-04:00,112.3700,112.5700,111.2000,111.7300,74.5056,141242000,0.6668,74.9323,75.0657,74.1521
2004-07-16 00:00:00-04:00,111.5200,112.3900,110.4400,110.7100,73.8254,195807400,0.6668,74.3655,74.9456,73.6453
2004-07-23 00:00:00-04:00,110.7500,112.0600,108.6900,108.9600,72.6584,264601300,0.6668,73.8520,74.7256,72.4783
2004-07-30 00:00:00-04:00,109.1900,110.9000,108.2100,110.8400,73.9120,260618700,0.6668,72.8118,73.9520,72.1583
2004-08-06 00:00:00-04:00,110.1900,111.3600,106.6200,106.8500,71.2514,245476100,0.6668,73.4786,74.2588,71.0980
2004-08-13 00:00:00-04:00,107.0200,108.4100,106.5900,107.1900,71.4781,237930700,0.6668,71.3647,72.2917,71.0780
2004-08-20 00:00:00-04:00,107.1400,110.6300,107.1000,110.4800,73.6720,214351400,0.6668,71.4447,73.7720,71.4181
2004-08-27 00:00:00-04:00,110.5500,111.6300,109.8500,111.4500,74.3188,154282000,0.6668,73.7187,74.4388,73.2519
2004-09-03 00:00:00-04:00,111.2200,112.8200,110.1000,112.1200,74.7656,196847200,0.6668,74.1654,75.2324,73.4186
2004-09-10 00:00:00-04:00,112.5400,113.2700,112.0300,113.0600,75.3924,132517300,0.6668,75.0457,75.5325,74.7056
2004-09-17 00:00:00-04:00,113.3100,113.7400,112.6800,113.1500,75.7665,168336700,0.6696,75.8737,76.1616,75.4518
2004-09-24 00:00:00-04:00,112.6700,113.4700,110.9500,111.4600,74.6349,206162100,0.6696,75.4451,75.9808,74.2934
2004-10-01 00:00:00-04:00,111.1000,113.6500,110.4100,113.6500,76.1013,220704700,0.6696,74.3938,76.1013,73.9317
2004-10-08 00:00:00-04:00,114.1000,114.6800,112.3500,112.5100,75.3380,203552200,0.6696,76.4026,76.7910,75.2308
2004-10-15 00:00:00-04:00,112.7800,113.0700,110.5700,111.2600,74.5009,243760800,0.6696,75.5187,75.7129,74.0389
2004-10-22 00:00:00-04:00,110.8900,112.2300,109.7500,109.9900,73.6505,258476200,0.6696,74.2532,75.1505,73.4898
2004-10-29 00:00:00-04:00,109.7500,113.6400,109.3500,113.2000,75.8000,275457800,0.6696,73.4898,76.0946,73.2220
2004-11-05 00:00:00-05:00,113.5600,117.6400,113.2000,117.2800,78.5320,288528600,0.6696,76.0411,78.7731,75.8000
2004-11-12 00:00:00-05:00,116.9800,119.0000,116.7200,118.7900,79.5431,217234200,0.6696,78.3311,79.6837,78.1570
2004-11-19 00:00:00-05:00,118.5000,119.1400,117.1400,117.4200,78.8587,215951400,0.6716,79.5841,80.0139,78.6707
2004-11-26 00:00:00-05:00,117.1700,118.9800,117.0300,118.3500,79.4833,124741500,0.6716,78.6909,79.9065,78.5968
2004-12-03 00:00:00-05:00,118.7900,120.1400,117.4800,119.2500,80.0878,274275700,0.6716,79.7788,80.6855,78.8990
2004-12-10 00:00:00-05:00,119.2100,119.6400,117.7300,119.3300,80.1415,237724200,0.6716,80.0609,80.3497,79.0670
2004-12-17 00:00:00-05:00,119.7600,121.2400,119.1600,119.4400,80.5943,249144600,0.6748,80.8102,81.8089,80.4054
2004-12-24 00:00:00-05:00,119.7500,121.2800,119.1700,120.7700,81.4917,137428400,0.6748,80.8035,81.8359,80.4121
2004-12-31 00:00:00-05:00,121.2000,121.6600,120.3900,120.8700,81.5592,125743300,0.6748,81.7819,82.0923,81.2353
2005-01-07 00:00:00-05:00,121.5600,121.7600,118.0000,118.4400,79.9196,294245300,0.6748,82.0248,82.1598,79.6227
2005-01-14 00:00:00-05:00,118.3400,119.4600,117.5000,118.2400,79.7846,289953500,0.6748,79.8521,80.6078,79.2852
2005-01-21 00:00:00-05:00,118.0500,119.6200,116.6500,116.7800,78.7994,246980300,0.6748,79.6564,80.7158,78.7117
2005-01-28 00:00:00-05:00,117.0900,117.7500,116.3700,117.4300,79.2380,300499700,0.6748,79.0086,79.4540,78.5228
2005-02-04 00:00:00-05:00,117.9500,120.4300,117.7100,120.2300,81.1274,253704500,0.6748,79.5889,81.2623,79.4270
2005-02-11 00:00:00-05:00,120.2500,121.0400,119.2500,120.7700,81.4917,238946500,0.6748,81.1409,81.6739,80.4661
2005-02-18 00:00:00-05:00,120.6900,121.4600,119.9000,120.3900,81.2353,237655100,0.6748,81.4378,81.9573,80.9047
2005-02-25 00:00:00-05:00,119.9000,121.6700,118.5800,121.4300,81.9371,278453700,0.6748,80.9047,82.0990,80.0140
2005-03-04 00:00:00-05:00,121.1500,122.8300,120.0400,122.7300,82.8143,298301500,0.6748,81.7482,82.8818,80.9992
2005-03-11 00:00:00-05:00,122.6600,123.2500,120.1600,120.3900,81.2353,284193500,0.6748,82.7671,83.1652,81.0801
2005-03-18 00:00:00-05:00,120.6100,121.4600,118.1500,118.5400,80.3012,296465300,0.6774,81.7034,82.2792,80.0370
2005-03-25 00:00:00-05:00,118.7100,118.9300,116.7500,117.1400,79.3528,276466500,0.6774,80.4163,80.5654,79.0886
2005-04-01 00:00:00-05:00,117.4200,118.9900,116.2500,117.4300,79.5493,339758600,0.6774,79.5425,80.6060,78.7499
2005-04-08 00:00:00-04:00,117.3600,119.2600,116.7400,118.0000,79.9354,282210800,0.6774,79.5018,80.7889,79.0818
2005-04-15 00:00:00-04:00,118.2900,119.0600,114.1000,114.1500,77.3273,421835900,0.6774,80.1318,80.6534,77.2934
2005-04-22 00:00:00-04:00,114.1200,116.5000,113.5500,115.5700,78.2892,448499200,0.6774,77.3070,78.9192,76.9209
2005-04-29 00:00:00-04:00,115.8600,116.7700,113.9700,115.7500,78.4112,385517300,0.6774,78.4857,79.1022,77.2054
2005-05-06 00:00:00-04:00,116.0700,118.0000,115.5200,117.0900,79.3189,387404500,0.6774,78.6280,79.9354,78.2554
2005-05-13 00:00:00-04:00,117.2100,118.0800,114.8000,115.7200,78.3909,390365200,0.6774,79.4002,79.9896,77.7677
2005-05-20 00:00:00-04:00,115.7000,119.4100,115.6600,119.1200,80.6941,296337300,0.6774,78.3773,80.8906,78.3502
2005-05-27 00:00:00-04:00,119.2100,120.2500,118.8300,120.2500,81.4596,217163100,0.6774,80.7551,81.4596,80.4977
2005-06-03 00:00:00-04:00,120.0800,120.9200,119.4000,120.1500,81.3918,213692100,0.6774,81.3444,81.9135,80.8838
2005-06-10 00:00:00-04:00,119.9500,121.2500,119.4400,120.2000,81.4257,242547500,0.6774,81.2563,82.1370,80.9109
2005-06-17 00:00:00-04:00,119.9400,121.9000,119.8100,121.3600,82.5433,234529800,0.6802,81.5775,82.9106,81.4891
2005-06-24 00:00:00-04:00,121.0800,121.9400,118.8400,118.9800,80.9245,247967400,0.6802,82.3528,82.9378,80.8293
2005-07-01 00:00:00-04:00,118.9700,120.4000,118.7500,119.5300,81.2986,243700800,0.6802,80.9177,81.8904,80.7681
2005-07-08 00:00:00-04:00,119.2500,121.3200,118.2600,121.3200,82.5161,271672600,0.6802,81.1082,82.5161,80.4348
2005-07-15 00:00:00-04:00,121.3300,123.4400,121.3100,122.8400,83.5499,262456400,0.6802,82.5229,83.9580,82.5093
2005-07-22 00:00:00-04:00,122.5000,123.7300,122.0500,123.5400,84.0260,338959100,0.6802,83.3187,84.1553,83.0126
2005-07-29 00:00:00-04:00,123.4100,124.6400,122.8500,123.7400,84.1621,253480800,0.6802,83.9377,84.7742,83.5568
2005-08-05 00:00:00-04:00,123.8300,124.7400,122.6700,122.8800,83.5771,226853900,0.6802,84.2233,84.8422,83.4343
2005-08-12 00:00:00-04:00,123.1500,124.5000,122.3800,123.0600,83.6996,280996800,0.6802,83.7608,84.6790,83.2371
2005-08-19 00:00:00-04:00,123.2200,123.8700,121.8400,122.4700,83.2983,263656400,0.6802,83.8084,84.2505,82.8698
2005-08-26 00:00:00-04:00,122.5800,123.2300,120.6800,120.7600,82.1352,301773100,0.6802,83.3731,83.8152,82.0808
2005-09-02 00:00:00-04:00,120.4100,123.1500,120.3800,122.2700,83.1623,355516700,0.6802,81.8972,83.7608,81.8768
2005-09-09 00:00:00-04:00,122.6600,124.7400,122.6500,124.6000,84.7470,181163600,0.6802,83.4275,84.8422,83.4207
2005-09-16 00:00:00-04:00,124.4500,124.6700,122.8700,123.5000,84.3564,297720700,0.6830,85.0053,85.1556,83.9261
2005-09-23 00:00:00-04:00,123.4700,123.6100,120.4400,121.4400,82.9493,376270000,0.6830,84.3359,84.4316,82.2663
2005-09-30 00:00:00-04:00,122.0200,123.0400,121.0200,123.0400,84.0422,309618600,0.6830,83.3455,84.0422,82.6624
2005-10-07 00:00:00-04:00,122.9600,123.3400,118.1700,119.6100,81.6994,434426400,0.6830,83.9876,84.2471,80.7158
2005-10-14 00:00:00-04:00,119.6800,119.7100,116.8800,118.6700,81.0573,416521100,0.6830,81.7472,81.7676,79.8346
2005-10-21 00:00:00-04:00,118.8000,119.8100,117.1200,118.1300,80.6884,488216200,0.6830,81.1461,81.8360,79.9986
2005-10-28 00:00:00-04:00,118.4400,120.5400,117.9300,119.8000,81.8292,367703800,0.6830,80.9002,82.3346,80.5519
2005-11-04 00:00:00-05:00,120.2900,122.6600,120.1300,122.1100,83.4070,362129900,0.6830,82.1638,83.7827,82.0545
2005-11-11 00:00:00-05:00,122.3700,123.8400,121.7500,123.7600,84.5340,260500100,0.6830,83.5846,84.5886,83.1611
2005-11-18 00:00:00-05:00,123.7900,125.2800,122.8600,125.1300,85.4698,293972400,0.6830,84.5545,85.5722,83.9193
2005-11-25 00:00:00-05:00,125.1500,127.4100,124.9800,127.1300,86.8359,182584700,0.6830,85.4834,87.0271,85.3673
2005-12-02 00:00:00-05:00,127.2500,127.2700,125.2900,126.8500,86.6446,274412200,0.6830,86.9178,86.9315,85.5791
2005-12-09 00:00:00-05:00,126.7000,127.7400,125.4800,126.3300,86.2894,297378200,0.6830,86.5422,87.2525,85.7088
2005-12-16 00:00:00-05:00,126.7100,128.0900,125.9600,126.3600,86.7675,303534400,0.6867,87.0078,87.9554,86.4928
2005-12-23 00:00:00-05:00,126.7300,126.8700,125.4800,126.7600,87.0421,207368300,0.6867,87.0215,87.1177,86.1632
2005-12-30 00:00:00-05:00,126.9600,127.0500,124.3600,124.5100,85.4971,152698300,0.6867,87.1795,87.2413,85.3941
2006-01-06 00:00:00-05:00,125.1900,128.5800,124.3900,128.4400,88.1957,235349700,0.6867,85.9641,88.2919,85.4147
2006-01-13 00:00:00-05:00,128.4200,129.4400,128.2000,128.6800,88.3605,223453000,0.6867,88.1820,88.8824,88.0310
2006-01-20 00:00:00-05:00,128.2000,128.9000,125.9700,125.9700,86.4996,323622400,0.6867,88.0309,88.5116,86.4996
2006-01-27 00:00:00-05:00,126.2100,128.6600,125.8400,128.5400,88.2645,344839100,0.6867,86.6645,88.3469,86.4105
2006-02-03 00:00:00-05:00,128.4400,128.8100,126.1400,126.2700,86.7056,339874900,0.6867,88.1957,88.4498,86.6164
2006-02-10 00:00:00-05:00,126.4400,128.1000,125.4000,126.6400,86.9597,302674200,0.6867,86.8224,87.9622,86.1082
2006-02-17 00:00:00-05:00,126.6000,129.2100,125.9500,128.8100,88.4498,330104900,0.6867,86.9322,88.7245,86.4859
2006-02-24 00:00:00-05:00,129.1100,129.6500,128.2800,129.4100,88.8618,168983600,0.6867,88.6558,89.0266,88.0858
2006-03-03 00:00:00-05:00,129.4000,130.0700,128.1300,128.7600,88.4154,292939800,0.6867,88.8549,89.3150,87.9828
2006-03-10 00:00:00-05:00,129.1400,129.1800,127.1800,128.5900,88.2987,302756000,0.6867,88.6764,88.7039,87.3305
2006-03-17 00:00:00-05:00,128.8400,131.4700,128.5300,130.6200,90.0493,281568500,0.6894,88.8222,90.6353,88.6085
2006-03-24 00:00:00-05:00,130.6400,130.9900,129.4500,130.2100,89.7667,274160300,0.6894,90.0631,90.3044,89.2427
2006-03-31 00:00:00-05:00,130.0300,130.9800,129.0500,129.8300,89.5047,309605900,0.6894,89.6426,90.2975,88.9670
2006-04-07 00:00:00-04:00,130.0700,131.4000,129.3500,129.5400,89.3048,305128300,0.6894,89.6702,90.5871,89.1738
2006-04-14 00:00:00-04:00,129.7400,130.0800,128.2500,128.7100,88.7326,208381400,0.6894,89.4427,89.6771,88.4155
2006-04-21 00:00:00-04:00,128.8300,131.8600,128.0200,131.1500,90.4147,402316600,0.6894,88.8153,90.9042,88.2569
2006-04-28 00:00:00-04:00,130.8900,131.7500,129.5900,131.4700,90.6353,384501600,0.6894,90.2355,90.8283,89.3392
2006-05-05 00:00:00-04:00,131.4700,132.8000,130.3200,132.5200,91.3592,280384700,0.6894,90.6353,91.5522,89.8425
2006-05-12 00:00:00-04:00,132.5100,132.7700,129.1900,129.2400,89.0980,296612300,0.6894,91.3523,91.5315,89.0635
2006-05-19 00:00:00-04:00,128.7900,130.0000,125.8000,127.1000,87.6227,503172100,0.6894,88.7877,89.6219,86.7264
2006-05-26 00:00:00-04:00,126.2800,128.3800,124.7600,128.3800,88.5051,513231900,0.6894,87.0573,88.5051,86.0095
2006-06-02 00:00:00-04:00,127.9700,129.4300,126.0500,129.0000,88.9325,324770400,0.6894,88.2224,89.2289,86.8988
2006-06-09 00:00:00-04:00,128.8500,128.8600,123.8700,125.3500,86.4162,625132500,0.6894,88.8291,88.8360,85.3959
2006-06-16 00:00:00-04:00,125.8800,126.3600,122.3400,124.6500,86.3134,673381600,0.6924,87.1652,87.4975,84.7139
2006-06-23 00:00:00-04:00,125.4000,125.7000,123.5500,124.4400,86.1680,364980400,0.6924,86.8328,87.0405,85.5518
2006-06-30 00:00:00-04:00,124.5400,127.6600,123.6500,127.2800,88.1346,334910500,0.6924,86.2373,88.3977,85.6210
2006-07-07 00:00:00-04:00,127.4300,128.0100,126.2900,126.6100,87.6707,225294200,0.6924,88.2385,88.6401,87.4491
2006-07-14 00:00:00-04:00,126.9400,127.4300,122.8300,123.5200,85.5310,422814400,0.6924,87.8992,88.2385,85.0532
2006-07-21 00:00:00-04:00,123.5200,126.3000,122.3900,123.9500,85.8287,551315100,0.6924,85.5310,87.4560,84.7485
2006-07-28 00:00:00-04:00,124.4400,128.1400,124.4400,127.9800,88.6193,442284600,0.6924,86.1680,88.7301,86.1680
2006-08-04 00:00:00-04:00,127.6600,129.4300,126.6000,128.2000,88.7717,339577600,0.6924,88.3977,89.6234,87.6637
2006-08-11 00:00:00-04:00,127.9000,128.6000,126.2800,127.0100,87.9476,331993700,0.6924,88.5639,89.0486,87.4421
2006-08-18 00:00:00-04:00,127.6300,130.6900,126.9200,130.6900,90.4958,327000800,0.6924,88.3769,90.4958,87.8853
2006-08-25 00:00:00-04:00,130.1800,130.5200,129.1900,129.8100,89.8864,269304600,0.6924,90.1426,90.3781,89.4571
2006-09-01 00:00:00-04:00,129.6500,131.5800,129.6400,131.4200,91.0013,250856300,0.6924,89.7757,91.1121,89.7688
2006-09-08 00:00:00-04:00,131.5100,131.8500,129.3500,130.2800,90.2119,237509600,0.6924,91.0636,91.2991,89.5680
2006-09-15 00:00:00-04:00,129.8600,132.4500,129.4800,131.9600,91.7771,335779100,0.6955,90.3166,92.1179,90.0523
2006-09-22 00:00:00-04:00,131.7900,132.7700,131.0000,131.4700,91.4363,386346600,0.6955,91.6588,92.3404,91.1094
2006-09-29 00:00:00-04:00,131.7300,133.9900,131.0500,133.5800,92.9038,355258100,0.6955,91.6171,93.1889,91.1442
2006-10-06 00:00:00-04:00,133.5400,135.4100,132.6500,135.0100,93.8984,331175500,0.6955,92.8760,94.1766,92.2570
2006-10-13 00:00:00-04:00,134.8500,136.7100,134.3000,136.6300,95.0251,314754900,0.6955,93.7871,95.0807,93.4046
2006-10-20 00:00:00-04:00,136.5200,137.3700,135.6700,136.8400,95.1711,331779900,0.6955,94.9486,95.5397,94.3574
2006-10-27 00:00:00-04:00,136.5600,139.0000,136.3900,137.9100,95.9153,344641900,0.6955,94.9764,96.6734,94.8582
2006-11-03 00:00:00-05:00,137.6600,138.3100,135.6200,136.5400,94.9624,336037000,0.6955,95.7414,96.1935,94.3226
2006-11-10 00:00:00-05:00,136.9600,139.1400,136.8600,138.2400,96.1448,359047800,0.6955,95.2545,96.7707,95.1850
2006-11-17 00:00:00-05:00,138.1800,140.6800,138.0700,140.4200,97.6609,365694400,0.6955,96.1030,97.8418,96.0265
2006-11-24 00:00:00-05:00,140.3000,141.1600,139.9400,140.3500,97.6123,197045400,0.6955,97.5775,98.1756,97.3271
2006-12-01 00:00:00-05:00,140.2800,141.0500,138.1100,140.2200,97.5219,491307200,0.6955,97.5636,98.0991,96.0544
2006-12-08 00:00:00-05:00,140.2500,142.3000,140.2300,141.4200,98.3564,356923700,0.6955,97.5427,98.9685,97.5288
2006-12-15 00:00:00-05:00,141.4200,143.2400,140.8900,142.3400,99.5479,308363800,0.6994,98.9045,100.1773,98.5338
2006-12-22 00:00:00-05:00,142.5400,142.8800,140.6700,140.7500,98.4359,266215300,0.6994,99.6878,99.9255,98.3799
2006-12-29 00:00:00-05:00,140.8100,142.7000,140.7800,141.6200,99.0443,155174000,0.6994,98.4778,99.7996,98.4568
2007-01-05 00:00:00-05:00,142.2500,142.8600,140.3800,140.5400,98.2890,241073500,0.6994,99.4849,99.9115,98.1771
2007-01-12 00:00:00-05:00,140.8200,143.2400,140.2500,143.2400,100.1774,329610500,0.6994,98.4849,100.1774,98.0862
2007-01-19 00:00:00-05:00,143.0700,143.4600,142.3100,142.8200,99.8836,220263000,0.6994,100.0584,100.3312,99.5269
2007-01-26 00:00:00-05:00,143.0700,143.9800,141.5800,142.1300,99.4010,310992100,0.6994,100.0584,100.6948,99.0164
2007-02-02 00:00:00-05:00,142.1900,144.9500,141.7400,144.8100,101.2753,347310200,0.6994,99.4430,101.3733,99.1283
2007-02-09 00:00:00-05:00,144.7000,145.3600,143.3900,143.9400,100.6668,308181700,0.6994,101.1984,101.6599,100.2822
2007-02-16 00:00:00-05:00,143.9400,145.9500,143.1900,145.7300,101.9187,274335200,0.6994,100.6668,102.0726,100.1423
2007-02-23 00:00:00-05:00,145.5600,146.4200,145.0000,145.3000,101.6180,271917000,0.6994,101.7998,102.4013,101.4082
2007-03-02 00:00:00-05:00,145.8300,145.9500,138.0500,138.6700,96.9812,896598200,0.6994,101.9887,102.0726,96.5476
2007-03-09 00:00:00-05:00,137.9300,141.4200,137.3300,140.7800,98.4569,627885300,0.6994,96.4637,98.9045,96.0440
2007-03-16 00:00:00-04:00,140.4200,141.3400,136.7500,138.5300,97.2675,756793400,0.7021,98.5946,99.2405,96.0177
2007-03-23 00:00:00-04:00,139.2600,143.8100,139.1500,143.3900,100.6800,524036300,0.7021,97.7801,100.9749,97.7029
2007-03-30 00:00:00-04:00,143.5000,143.6500,140.5600,142.0000,99.7040,634186800,0.7021,100.7572,100.8625,98.6929
2007-04-06 00:00:00-04:00,142.1600,144.4400,141.4800,144.2400,101.2768,272652200,0.7021,99.8164,101.4172,99.3389
2007-04-13 00:00:00-04:00,144.6500,145.3200,143.3400,145.3200,102.0351,413774500,0.7021,101.5647,102.0351,100.6448
2007-04-20 00:00:00-04:00,145.8300,148.6200,145.8200,148.6200,104.3521,506895800,0.7021,102.3932,104.3521,102.3862
2007-04-27 00:00:00-04:00,148.3700,149.8000,147.3200,149.5300,104.9911,497093300,0.7021,104.1766,105.1807,103.4394
2007-05-04 00:00:00-04:00,149.6400,151.1200,147.6700,150.9200,105.9671,505325300,0.7021,105.0683,106.1075,103.6851
2007-05-11 00:00:00-04:00,150.8800,152.8200,149.2700,150.8600,105.9250,513142200,0.7021,105.9390,107.3012,104.8086
2007-05-18 00:00:00-04:00,150.8600,152.6200,149.7900,152.6200,107.1607,603182100,0.7021,105.9250,107.1607,105.1737
2007-05-25 00:00:00-04:00,152.5800,153.5000,150.7400,151.6900,106.5078,661502200,0.7021,107.1327,107.7786,105.8407
2007-06-01 00:00:00-04:00,151.9400,154.4000,151.3400,154.0800,108.1859,433672000,0.7021,106.6833,108.4106,106.2620
2007-06-08 00:00:00-04:00,153.5400,154.3900,149.0600,151.0400,106.0513,777324100,0.7021,107.8067,108.4035,104.6611
2007-06-15 00:00:00-04:00,150.9300,153.6600,149.5500,153.0700,107.9399,829549100,0.7052,106.4309,108.3560,105.4577
2007-06-22 00:00:00-04:00,153.3800,153.5800,149.8500,150.5500,106.1629,786735600,0.7052,108.1585,108.2995,105.6693
2007-06-29 00:00:00-04:00,150.2400,151.6500,148.0600,150.4300,106.0783,1001504900,0.7052,105.9443,106.9386,104.4070
2007-07-06 00:00:00-04:00,150.8700,153.1700,150.7700,152.9800,107.8764,327793400,0.7052,106.3885,108.0104,106.3180
2007-07-13 00:00:00-04:00,153.1600,155.4600,150.5200,154.8500,109.1951,673995100,0.7052,108.0034,109.6253,106.1418
2007-07-20 00:00:00-04:00,154.9900,155.5300,152.8300,153.5000,108.2431,853182600,0.7052,109.2939,109.6746,107.7707
2007-07-27 00:00:00-04:00,154.1800,154.7200,145.0500,145.1100,102.3268,1533710900,0.7052,108.7226,109.1034,102.2845
2007-08-03 00:00:00-04:00,145.9300,149.4600,143.2000,143.8000,101.4031,1721820800,0.7052,102.9051,105.3943,100.9799
2007-08-10 00:00:00-04:00,144.2100,150.5900,142.5300,144.7100,102.0447,1601119800,0.7052,101.6921,106.1911,100.5074
2007-08-17 00:00:00-04:00,146.5000,146.8900,137.0000,144.7100,102.0447,1704847500,0.7052,103.3069,103.5819,96.6078
2007-08-24 00:00:00-04:00,145.1700,148.3300,143.2900,148.3300,104.5974,850360700,0.7052,102.3691,104.5974,101.0434
2007-08-31 00:00:00-04:00,147.8500,148.5000,143.4600,147.5900,104.0756,917764000,0.7052,104.2589,104.7173,101.1633
2007-09-07 00:00:00-04:00,147.4500,149.9800,145.2600,146.0700,103.0038,649649800,0.7052,103.9769,105.7610,102.4326
2007-09-14 00:00:00-04:00,146.5200,149.4500,144.3300,148.9000,104.9994,779932400,0.7052,103.3211,105.3872,101.7768
2007-09-21 00:00:00-04:00,148.3100,154.3900,147.6300,151.9700,107.6726,884054500,0.7085,105.0794,109.3872,104.5977
2007-09-28 00:00:00-04:00,152.4200,153.1900,150.4700,152.5800,108.1048,653372500,0.7085,107.9914,108.5370,106.6098
2007-10-05 00:00:00-04:00,152.6000,156.1000,152.5000,155.8500,110.4217,591641100,0.7085,108.1190,110.5988,108.0482
2007-10-12 00:00:00-04:00,155.3900,157.5200,154.5400,156.3300,110.7617,625121600,0.7085,110.0957,111.6048,109.4935
2007-10-19 00:00:00-04:00,156.2700,156.4800,149.6600,149.6700,106.0430,989902300,0.7085,110.7192,110.8680,106.0359
2007-10-26 00:00:00-04:00,148.8600,153.6200,148.6600,153.6200,108.8417,1182627600,0.7085,105.4691,108.8417,105.3274
2007-11-02 00:00:00-04:00,153.9300,155.2700,149.2100,151.2000,107.1271,1125046000,0.7085,109.0613,110.0107,105.7171
2007-11-09 00:00:00-05:00,149.6400,152.1100,144.8900,145.1400,102.8335,1363536200,0.7085,106.0218,107.7718,102.6563
2007-11-16 00:00:00-05:00,145.2100,149.4000,143.7000,145.7900,103.2940,1236645700,0.7085,102.8831,105.8517,101.8132
2007-11-23 00:00:00-05:00,145.2800,145.5300,141.6700,144.1300,102.1179,1019214300,0.7085,102.9327,103.1098,100.3749
2007-11-30 00:00:00-05:00,144.4300,149.8700,140.6600,148.6600,105.3275,1189044700,0.7085,102.3304,106.1847,99.6594
2007-12-07 00:00:00-05:00,148.1900,151.5000,146.3100,150.9100,106.9216,757531800,0.7085,104.9945,107.3397,103.6625
2007-12-14 00:00:00-05:00,151.2800,152.8900,147.1000,147.1700,104.2718,1093400500,0.7085,107.1838,108.3245,104.2222
2007-12-21 00:00:00-05:00,146.6100,148.4200,143.9600,148.1300,105.5090,982654100,0.7123,104.4263,105.7155,102.5388
2007-12-28 00:00:00-05:00,148.8200,149.6800,146.9000,147.3000,104.9177,352074300,0.7123,106.0004,106.6129,104.6328
2008-01-04 00:00:00-05:00,147.1000,147.6100,140.9100,141.3100,100.6513,670526600,0.7123,104.7753,105.1386,100.3664
2008-01-11 00:00:00-05:00,141.8100,142.9000,137.7000,140.1500,99.8250,1465959400,0.7123,101.0074,101.7838,98.0799
2008-01-18 00:00:00-05:00,141.1600,141.8600,131.1000,132.0600,94.0627,1535562300,0.7123,100.5444,101.0430,93.3789
2008-01-25 00:00:00-05:00,127.2100,136.7600,126.0000,133.0400,94.7608,1477389900,0.7123,90.6082,97.4104,89.7464
2008-02-01 00:00:00-05:00,133.2600,139.6100,132.0600,139.5800,99.4190,1272366500,0.7123,94.9175,99.4404,94.0627
2008-02-08 00:00:00-05:00,139.2100,139.3000,131.7300,133.0700,94.7821,1181381300,0.7123,99.1555,99.2196,93.8277
2008-02-15 00:00:00-05:00,133.1000,137.0600,132.0400,135.1400,96.2565,996516000,0.7123,94.8035,97.6241,94.0485
2008-02-22 00:00:00-05:00,136.7200,137.0100,132.8600,135.6200,96.5984,771817900,0.7123,97.3819,97.5885,94.6325
2008-02-29 00:00:00-05:00,135.5400,139.1400,132.7800,133.8200,95.3163,994469800,0.7123,96.5414,99.1056,94.5755
2008-03-07 00:00:00-05:00,133.1400,134.7700,128.5800,129.7100,92.3889,1317024300,0.7123,94.8320,95.9930,91.5840
2008-03-14 00:00:00-04:00,129.8400,133.7700,127.5900,129.6100,92.3177,1642477300,0.7123,92.4815,95.2807,90.8789
2008-03-21 00:00:00-04:00,126.5700,134.6500,126.0700,132.0800,94.5427,1331020000,0.7158,90.5987,96.3823,90.2408
2008-03-28 00:00:00-04:00,133.3100,135.8100,131.0600,131.5100,94.1347,1004908100,0.7158,95.4232,97.2126,93.8126
2008-04-04 00:00:00-04:00,131.2900,137.9600,131.0900,136.8900,97.9857,1012481800,0.7158,93.9773,98.7516,93.8341
2008-04-11 00:00:00-04:00,137.8700,138.5700,133.0100,133.3800,95.4732,914734500,0.7158,98.6872,99.1882,95.2084
2008-04-18 00:00:00-04:00,133.1900,139.5600,132.3300,138.4800,99.1238,920376400,0.7158,95.3372,99.8969,94.7217
2008-04-25 00:00:00-04:00,138.2300,139.8900,136.9000,139.6000,99.9255,894231800,0.7158,98.9449,100.1331,97.9928
2008-05-02 00:00:00-04:00,139.8800,142.3700,138.2600,141.5100,101.2927,808385200,0.7158,100.1260,101.9083,98.9664
2008-05-09 00:00:00-04:00,141.0500,142.2000,138.4500,138.9000,99.4244,828021000,0.7158,100.9634,101.7866,99.1023
2008-05-16 00:00:00-04:00,139.2500,142.8700,138.7300,142.6600,102.1159,860072700,0.7158,99.6750,102.2662,99.3028
2008-05-23 00:00:00-04:00,142.8100,144.3000,137.5200,137.6400,98.5226,949138100,0.7158,102.2233,103.2898,98.4367
2008-05-30 00:00:00-04:00,137.8000,140.9300,137.5300,140.3500,100.4624,640900200,0.7158,98.6371,100.8775,98.4438
2008-06-06 00:00:00-04:00,139.8300,140.8900,136.2200,136.2900,97.5562,1321816700,0.7158,100.0901,100.8489,97.5061
2008-06-13 00:00:00-04:00,136.8600,137.5000,133.5200,136.1500,97.4560,1269907600,0.7158,97.9642,98.4224,95.5735
2008-06-20 00:00:00-04:00,135.5500,137.1200,131.2200,131.5800,94.6559,1236913800,0.7194,97.5118,98.6412,94.3969
2008-06-27 00:00:00-04:00,132.0900,133.4000,127.0400,127.5300,91.7424,1321449300,0.7194,95.0228,95.9652,91.3899
2008-07-04 00:00:00-04:00,127.8900,129.1600,124.9900,126.3100,90.8648,1174881700,0.7194,92.0014,92.9150,89.9152
2008-07-11 00:00:00-04:00,126.7900,127.7400,122.4900,123.8400,89.0879,2002730700,0.7194,91.2101,91.8935,88.1168
2008-07-18 00:00:00-04:00,125.2600,126.4200,120.0200,125.9800,90.6274,1839386900,0.7194,90.1094,90.9439,86.3399
2008-07-25 00:00:00-04:00,126.5100,129.1500,124.8500,125.4800,90.2677,1299231100,0.7194,91.0087,92.9078,89.8145
2008-08-01 00:00:00-04:00,125.5100,128.6000,123.4200,126.1600,90.7569,1347509900,0.7194,90.2893,92.5121,88.7858
2008-08-08 00:00:00-04:00,126.0400,129.9300,124.7600,129.3700,93.0661,1156496800,0.7194,90.6706,93.4689,89.7498
2008-08-15 00:00:00-04:00,129.4700,131.5100,127.6700,130.1700,93.6416,1139575900,0.7194,93.1381,94.6056,91.8432
2008-08-22 00:00:00-04:00,130.4300,130.4800,126.3400,129.6500,93.2675,940772100,0.7194,93.8286,93.8646,90.8863
2008-08-29 00:00:00-04:00,128.8000,130.3400,126.5800,128.7900,92.6488,858819800,0.7194,92.6560,93.7639,91.0590
2008-09-05 00:00:00-04:00,130.0300,130.7100,122.0000,124.4200,89.5051,1133857800,0.7194,93.5409,94.0301,87.7643
2008-09-12 00:00:00-04:00,128.0400,128.2400,121.6000,126.0900,90.7065,1713539300,0.7194,92.1093,92.2532,87.4765
2008-09-19 00:00:00-04:00,121.6300,128.0000,113.8000,124.1200,89.8062,2966649400,0.7235,88.0046,92.6135,82.3392
2008-09-26 00:00:00-04:00,124.4500,124.7500,117.7900,120.8500,87.4402,1503425700,0.7235,90.0450,90.2620,85.2262
2008-10-03 00:00:00-04:00,119.1400,119.3400,109.6800,110.3400,79.8358,1947635500,0.7235,86.2029,86.3476,79.3582
2008-10-10 00:00:00-04:00,107.1500,107.6200,83.5800,88.5000,64.0336,3281575900,0.7235,77.5277,77.8677,60.4738
2008-10-17 00:00:00-04:00,93.8700,105.5300,86.5400,93.2100,67.4415,2671940000,0.7235,67.9190,76.3555,62.6154
2008-10-24 00:00:00-04:00,95.3500,99.1000,84.0000,87.0400,62.9772,2374443200,0.7235,68.9899,71.7031,60.7776
2008-10-31 00:00:00-04:00,85.9700,98.5700,83.7000,96.8300,70.0607,2394474300,0.7235,62.2030,71.3196,60.5605
2008-11-07 00:00:00-05:00,96.7800,100.8600,90.0600,93.8600,67.9118,1798169800,0.7235,70.0245,72.9766,65.1623
2008-11-14 00:00:00-05:00,95.2100,95.5300,82.0900,86.6200,62.6733,2468096000,0.7235,68.8886,69.1201,59.3957
2008-11-21 00:00:00-05:00,86.3800,88.5600,74.3400,79.5200,57.5361,3030111200,0.7235,62.4997,64.0770,53.7882
2008-11-28 00:00:00-05:00,81.9200,90.1300,80.3600,90.0900,65.1840,1465860000,0.7235,59.2726,65.2129,58.1439
2008-12-05 00:00:00-05:00,87.5100,88.4200,81.8600,87.9300,63.6212,2275378100,0.7235,63.3173,63.9757,59.2293
2008-12-12 00:00:00-05:00,90.3400,92.3800,85.2000,88.9900,64.3881,1959958100,0.7235,65.3649,66.8409,61.6459
2008-12-19 00:00:00-05:00,89.0200,92.4300,86.2900,88.1900,64.3273,1592338100,0.7294,64.9327,67.4200,62.9414
2008-12-26 00:00:00-05:00,88.5800,88.6700,85.4900,87.1600,63.5760,602214000,0.7294,64.6118,64.6774,62.3579
2009-01-02 00:00:00-05:00,87.2400,93.4400,85.6000,92.9600,67.8066,717605700,0.7294,63.6343,68.1567,62.4381
2009-01-09 00:00:00-05:00,92.6300,94.4500,85.3600,89.0900,64.9838,1444297800,0.7294,67.5659,68.8934,62.2630
2009-01-16 00:00:00-05:00,88.8400,88.9100,81.7200,85.0600,62.0442,2001666900,0.7294,64.8014,64.8524,59.6079
2009-01-23 00:00:00-05:00,84.2300,85.0600,80.0500,83.1100,60.6218,1598956800,0.7294,61.4388,62.0442,58.3898
2009-01-30 00:00:00-05:00,83.5900,87.9500,82.2100,82.8300,60.4176,1599551600,0.7294,60.9719,64.1522,59.9653
2009-02-06 00:00:00-05:00,81.5700,87.3400,77.7300,86.9800,63.4447,1673389500,0.7294,59.4985,63.7072,56.6976
2009-02-13 00:00:00-05:00,86.9600,87.7400,81.0500,82.7600,60.3666,1864031100,0.7294,63.4301,63.9991,59.1193
2009-02-20 00:00:00-05:00,80.1600,82.9600,75.7700,77.4200,56.4715,1635919000,0.7294,58.4701,60.5124,55.2679
2009-02-27 00:00:00-05:00,78.2700,79.6700,73.8100,73.9300,53.9258,2101752900,0.7294,57.0914,58.1126,53.8382
2009-03-06 00:00:00-05:00,72.5200,73.9200,67.1000,68.9200,50.2714,2308986100,0.7294,52.8973,53.9185,48.9439
2009-03-13 00:00:00-04:00,67.9500,76.9800,67.7300,76.0900,55.5013,1889958900,0.7294,49.5639,56.1505,49.4034
2009-03-20 00:00:00-04:00,76.9600,81.0000,75.4500,76.7100,56.3540,1990331000,0.7346,56.5377,59.5056,55.4284
2009-03-27 00:00:00-04:00,78.7400,83.3000,78.3100,81.6100,59.9537,1936336900,0.7346,57.8453,61.1953,57.5294
2009-04-03 00:00:00-04:00,79.8000,84.6100,77.9600,84.2600,61.9006,1826242100,0.7346,58.6241,62.1577,57.2723
2009-04-10 00:00:00-04:00,83.3400,85.8200,81.5100,85.8100,63.0393,1023870700,0.7346,61.2247,63.0466,59.8803
2009-04-17 00:00:00-04:00,84.9200,87.6500,83.6100,87.0800,63.9722,1350024300,0.7346,62.3854,64.3910,61.4230
2009-04-24 00:00:00-04:00,85.5400,87.3100,82.7500,86.6600,63.6637,1360782900,0.7346,62.8409,64.1412,60.7913
2009-05-01 00:00:00-04:00,85.6800,89.0200,84.7600,87.8900,64.5673,1386543700,0.7346,62.9437,65.3974,62.2679
2009-05-08 00:00:00-04:00,88.5500,93.2200,88.3800,92.9800,68.3066,1438907000,0.7346,65.0522,68.4829,64.9273
2009-05-15 00:00:00-04:00,91.7000,92.1100,88.1500,88.7100,65.1697,1331575400,0.7346,67.3663,67.6675,64.7583
2009-05-22 00:00:00-04:00,89.5500,92.8000,88.2600,89.0200,65.3974,1159072100,0.7346,65.7868,68.1744,64.8391
2009-05-29 00:00:00-04:00,88.3600,93.7000,88.3200,92.5300,67.9760,1030070800,0.7346,64.9126,68.8355,64.8832
2009-06-05 00:00:00-04:00,93.6700,95.6700,92.7600,94.5500,69.4600,1236792000,0.7346,68.8135,70.2828,68.1450
2009-06-12 00:00:00-04:00,93.8400,96.1100,93.0400,95.0800,69.8494,1219567000,0.7346,68.9384,70.6060,68.3507
2009-06-19 00:00:00-04:00,93.9600,94.0200,90.8300,92.0400,67.9980,1102335400,0.7388,69.4164,69.4608,67.1040
2009-06-26 00:00:00-04:00,91.1400,92.2400,88.8500,91.8400,67.8502,1098791100,0.7388,67.3331,68.1457,65.6412
2009-07-03 00:00:00-04:00,92.1100,93.2300,89.7600,89.8100,66.3505,782720500,0.7388,68.0497,68.8771,66.3136
2009-07-10 00:00:00-04:00,88.9400,89.9300,87.0000,87.9600,64.9838,956936900,0.7388,65.7078,66.4392,64.2745
2009-07-17 00:00:00-04:00,88.3100,94.5100,87.5900,94.1300,69.5421,989515000,0.7388,65.2423,69.8228,64.7104
2009-07-24 00:00:00-04:00,94.6800,98.1400,94.1900,98.0600,72.4455,990764400,0.7388,69.9484,72.5046,69.5864
2009-07-31 00:00:00-04:00,97.8800,99.8300,96.9800,98.8100,72.9996,973277300,0.7388,72.3125,73.7531,71.6476
2009-08-07 00:00:00-04:00,99.8500,102.0300,99.3100,101.2000,74.7653,951062600,0.7388,73.7679,75.3785,73.3690
2009-08-14 00:00:00-04:00,100.7400,101.6100,99.4600,100.7900,74.4624,883317700,0.7388,74.4254,75.0682,73.4798
2009-08-21 00:00:00-04:00,98.8500,103.1300,98.1100,102.9700,76.0729,1002678100,0.7388,73.0291,76.1911,72.4824
2009-08-28 00:00:00-04:00,103.3900,104.3500,101.9400,103.3800,76.3758,944464800,0.7388,76.3832,77.0924,75.3119
2009-09-04 00:00:00-04:00,102.3700,103.2400,99.5700,102.0600,75.4006,955393600,0.7388,75.6297,76.2724,73.5611
2009-09-11 00:00:00-04:00,103.0000,105.3000,102.3900,104.7700,77.4027,602784100,0.7388,76.0951,77.7943,75.6444
2009-09-18 00:00:00-04:00,103.8800,108.0600,103.1500,106.7200,79.2189,935766000,0.7423,77.1108,80.2136,76.5689
2009-09-25 00:00:00-04:00,105.8900,108.0300,104.0900,104.4500,77.5339,953661900,0.7423,78.6028,80.1914,77.2667
2009-10-02 00:00:00-04:00,104.8500,107.0200,101.9900,102.4900,76.0790,1012992100,0.7423,77.8308,79.4416,75.7078
2009-10-09 00:00:00-04:00,102.9000,107.2600,102.6000,107.2600,79.6198,829880500,0.7423,76.3833,79.6198,76.1606
2009-10-16 00:00:00-04:00,107.7600,109.7100,106.7600,108.8900,80.8297,833088300,0.7423,79.9909,81.4384,79.2486
2009-10-23 00:00:00-04:00,109.0700,110.3100,107.5000,108.0800,80.2285,1044308000,0.7423,80.9633,81.8838,79.7979
2009-10-30 00:00:00-04:00,108.2000,109.3100,103.4400,103.5600,76.8732,1267834600,0.7423,80.3175,81.1415,76.7842
2009-11-06 00:00:00-05:00,104.1300,107.4000,103.0800,107.1300,79.5233,1081551600,0.7423,77.2964,79.7237,76.5169
2009-11-13 00:00:00-05:00,107.9500,110.8200,107.8700,109.6200,81.3716,808969200,0.7423,80.1319,82.2624,80.0726
2009-11-20 00:00:00-05:00,110.3800,111.6900,109.0100,109.4300,81.2306,857473700,0.7423,81.9358,82.9082,80.9188
2009-11-27 00:00:00-05:00,110.7200,111.7400,108.2900,109.5700,81.3345,521996900,0.7423,82.1882,82.9453,80.3844
2009-12-04 00:00:00-05:00,109.4800,112.3800,108.1200,111.0100,82.4034,895036300,0.7423,81.2677,83.4204,80.2582
2009-12-11 00:00:00-05:00,110.9100,111.5300,109.0200,111.1100,82.4777,715769500,0.7423,82.3292,82.7894,80.9262
2009-12-18 00:00:00-05:00,111.8700,112.1300,109.2800,110.2100,82.2500,740889800,0.7463,83.4889,83.6829,81.5560
2009-12-25 00:00:00-05:00,110.7600,112.6000,110.7600,112.4800,83.9441,361207700,0.7463,82.6605,84.0337,82.6605
2010-01-01 00:00:00-05:00,112.9000,113.0300,111.3900,111.4400,83.1680,331857300,0.7463,84.2576,84.3546,83.1307
2010-01-08 00:00:00-05:00,112.3700,114.6200,111.5100,114.5700,85.5039,604092800,0.7463,83.8620,85.5412,83.2202
2010-01-15 00:00:00-05:00,115.0800,115.1400,113.2000,113.6400,84.8098,759533100,0.7463,85.8845,85.9293,84.4814
2010-01-22 00:00:00-05:00,113.6200,115.1300,109.0900,109.2100,81.5037,1046464900,0.7463,84.7949,85.9218,81.4142
2010-01-29 00:00:00-05:00,110.2100,110.4700,107.2200,107.3900,80.1454,1296751500,0.7463,82.2500,82.4441,80.0186
2010-02-05 00:00:00-05:00,108.1500,110.5900,104.5800,106.6600,79.6007,1427225100,0.7463,80.7127,82.5337,78.0484
2010-02-12 00:00:00-05:00,106.7400,108.2500,105.8100,108.0400,80.6305,1330712600,0.7463,79.6604,80.7873,78.9663
2010-02-19 00:00:00-05:00,108.8600,111.5700,107.8200,111.1400,82.9441,744556100,0.7463,81.2425,83.2650,80.4663
2010-02-26 00:00:00-05:00,111.5500,111.5800,108.9400,110.7400,82.6455,949418600,0.7463,83.2501,83.2724,81.3022
2010-03-05 00:00:00-05:00,111.2000,114.3400,111.1700,114.2500,85.2651,771376300,0.7463,82.9888,85.3322,82.9665
2010-03-12 00:00:00-05:00,114.2600,115.9700,113.8700,115.4600,86.1681,778142600,0.7463,85.2725,86.5487,84.9815
2010-03-19 00:00:00-04:00,115.2600,117.4800,114.6000,115.9700,86.9051,916108100,0.7494,86.3731,88.0367,85.8785
2010-03-26 00:00:00-04:00,115.3100,118.1700,115.2400,116.5800,87.3623,992696800,0.7494,86.4106,88.5538,86.3581
2010-04-02 00:00:00-04:00,117.1700,118.2500,116.6100,117.8000,88.2765,602579900,0.7494,87.8044,88.6137,87.3847
2010-04-09 00:00:00-04:00,118.2500,119.6000,117.6000,119.5500,89.5879,692518600,0.7494,88.6137,89.6254,88.1266
2010-04-16 00:00:00-04:00,119.7000,121.5700,118.7500,119.3600,89.4455,908333600,0.7494,89.7003,91.1017,88.9884
2010-04-23 00:00:00-04:00,119.0100,121.8600,118.4700,121.8100,91.2815,861261700,0.7494,89.1832,91.3189,88.7785
2010-04-30 00:00:00-04:00,121.8500,122.1200,118.2500,118.8100,89.0334,1263760600,0.7494,91.3115,91.5138,88.6137
2010-05-07 00:00:00-04:00,119.3800,120.6800,105.0000,111.2600,83.3756,2156989900,0.7494,89.4605,90.4347,78.6845
2010-05-14 00:00:00-04:00,115.8100,117.6800,112.8700,113.8900,85.3465,1529670400,0.7494,86.7853,88.1866,84.5821
2010-05-21 00:00:00-04:00,114.2000,115.2200,105.3600,109.1100,81.7644,2112367000,0.7494,85.5787,86.3431,78.9543
2010-05-28 00:00:00-04:00,108.5200,110.8000,104.3800,109.3700,81.9593,1614851500,0.7494,81.3223,83.0309,78.2199
2010-06-04 00:00:00-04:00,108.3500,111.0600,106.4600,106.8200,80.0484,1143247000,0.7494,81.1949,83.2257,79.7786
2010-06-11 00:00:00-04:00,107.2000,109.7500,104.6500,109.6800,82.1916,1422425500,0.7494,80.3331,82.2440,78.4222
2010-06-18 00:00:00-04:00,110.5200,112.4200,109.4000,111.7300,84.1261,1099031200,0.7529,83.2151,84.6457,82.3718
2010-06-25 00:00:00-04:00,113.1200,113.2000,106.7700,107.8700,81.2198,1214386100,0.7529,85.1727,85.2330,80.3915
2010-07-02 00:00:00-04:00,108.0300,108.3200,101.1300,102.2000,76.9506,1443279800,0.7529,81.3403,81.5586,76.1450
2010-07-09 00:00:00-04:00,103.6400,107.9700,101.8800,107.9600,81.2876,866546700,0.7529,78.0348,81.2951,76.7097
2010-07-16 00:00:00-04:00,107.6000,110.0900,106.4500,106.6600,80.3087,1043767600,0.7529,81.0165,82.8913,80.1506
2010-07-23 00:00:00-04:00,107.0500,110.5700,105.8200,110.4100,83.1323,1206200500,0.7529,80.6024,83.2527,79.6763
2010-07-30 00:00:00-04:00,110.6000,112.2900,108.9800,110.2700,83.0268,992577200,0.7529,83.2753,84.5478,82.0555
2010-08-06 00:00:00-04:00,111.9900,113.1100,110.9200,112.3900,84.6231,873294300,0.7529,84.3219,85.1652,83.5163
2010-08-13 00:00:00-04:00,112.9200,113.1800,107.6000,108.3100,81.5510,1035364700,0.7529,85.0221,85.2179,81.0165
2010-08-20 00:00:00-04:00,107.5700,110.3900,106.7500,107.5300,80.9638,978649500,0.7529,80.9939,83.1172,80.3765
2010-08-27 00:00:00-04:00,108.0400,108.5700,104.2900,106.8600,80.4593,1213491400,0.7529,81.3478,81.7468,78.5242
2010-09-03 00:00:00-04:00,106.5800,110.9900,104.4900,110.8900,83.4937,1066309300,0.7529,80.2485,83.5690,78.6748
2010-09-10 00:00:00-04:00,110.3700,111.6800,109.5500,111.4800,83.9379,566735000,0.7529,83.1022,84.0885,82.4847
2010-09-17 00:00:00-04:00,112.5800,113.2900,111.9800,112.4900,85.1518,952735300,0.7570,85.2199,85.7574,84.7657
2010-09-24 00:00:00-04:00,112.8800,114.9000,112.1800,114.8200,86.9156,1086292800,0.7570,85.4470,86.9761,84.9172
2010-10-01 00:00:00-04:00,114.8600,115.7900,113.1800,114.6100,86.7566,979380500,0.7570,86.9458,87.6498,85.6741
2010-10-08 00:00:00-04:00,114.3700,116.8600,113.1800,116.5400,88.2175,887034000,0.7570,86.5749,88.4598,85.6741
2010-10-15 00:00:00-04:00,116.7200,118.5500,115.6500,117.7000,89.0956,941124800,0.7570,88.3538,89.7391,87.5439
2010-10-22 00:00:00-04:00,117.7400,119.0900,116.0200,118.3500,89.5876,951659200,0.7570,89.1259,90.1478,87.8239
2010-10-29 00:00:00-04:00,119.1400,119.7600,117.2600,118.4900,89.6936,813034100,0.7570,90.1857,90.6550,88.7626
2010-11-05 00:00:00-04:00,119.0700,122.9200,117.8500,122.7200,92.8956,954817000,0.7570,90.1327,93.0470,89.2092
2010-11-12 00:00:00-05:00,122.3400,122.9500,119.6500,120.2000,90.9880,961202500,0.7570,92.6080,93.0697,90.5717
2010-11-19 00:00:00-05:00,120.5800,121.0500,117.5900,120.2900,91.0562,990392500,0.7570,91.2757,91.6315,89.0123
2010-11-26 00:00:00-05:00,119.6900,120.2400,117.9900,118.8000,89.9283,619723900,0.7570,90.6020,91.0183,89.3151
2010-12-03 00:00:00-05:00,118.5000,123.0300,117.7400,122.8900,93.0243,1021112700,0.7570,89.7012,93.1303,89.1259
2010-12-10 00:00:00-05:00,122.6300,124.6000,122.4100,124.4800,94.2279,688927500,0.7570,92.8275,94.3187,92.6610
2010-12-17 00:00:00-05:00,125.0500,125.2300,123.7500,124.3000,94.5865,767995900,0.7610,95.1572,95.2942,94.1680
2010-12-24 00:00:00-05:00,124.6400,125.8200,123.9800,125.6000,95.5757,362982800,0.7610,94.8452,95.7431,94.3430
2010-12-31 00:00:00-05:00,125.1300,126.2000,125.0400,125.7500,95.6899,339304000,0.7610,95.2181,96.0323,95.1496
2011-01-07 00:00:00-05:00,126.7100,127.8300,125.7000,127.1400,96.7476,688663800,0.7610,96.4204,97.2726,95.6518
2011-01-14 00:00:00-05:00,126.5800,129.3300,126.2000,129.3000,98.3913,587344200,0.7610,96.3215,98.4141,96.0323
2011-01-21 00:00:00-05:00,129.1800,129.6400,127.1300,128.3700,97.6836,593568300,0.7610,98.2999,98.6500,96.7400
2011-01-28 00:00:00-05:00,128.2900,130.3500,127.5100,127.7200,97.1890,841489200,0.7610,97.6227,99.1903,97.0292
2011-02-04 00:00:00-05:00,128.0700,131.2000,127.7500,131.1500,99.7990,715288600,0.7610,97.4553,99.8371,97.2118
2011-02-11 00:00:00-05:00,131.4400,133.2800,131.3000,133.1100,101.2905,658367400,0.7610,100.0197,101.4199,99.9132
2011-02-18 00:00:00-05:00,133.0300,134.6900,132.3200,134.5300,102.3710,591262500,0.7610,101.2296,102.4928,100.6893
2011-02-25 00:00:00-05:00,133.1200,134.5600,129.7000,132.3300,100.6969,862818700,0.7610,101.2981,102.3939,98.6956
2011-03-04 00:00:00-05:00,132.8200,133.6900,130.3500,132.4700,100.8035,1054110800,0.7610,101.0698,101.7318,99.1903
2011-03-11 00:00:00-05:00,132.8600,133.1600,129.4900,130.8400,99.5631,1072125000,0.7610,101.1002,101.3285,98.5358
2011-03-18 00:00:00-04:00,129.9900,130.4800,125.2800,127.7600,97.6417,1547968900,0.7643,99.3460,99.7205,95.7463
2011-03-25 00:00:00-04:00,129.3500,131.8700,128.3200,131.3000,100.3472,746906900,0.7643,98.8569,100.7828,98.0697
2011-04-01 00:00:00-04:00,131.5800,133.7700,130.4400,133.1500,101.7610,661783400,0.7643,100.5612,102.2349,99.6899
2011-04-08 00:00:00-04:00,133.4300,134.0000,132.3100,132.8600,101.5394,660648900,0.7643,101.9751,102.4107,101.1191
2011-04-15 00:00:00-04:00,133.0000,133.4500,130.2700,132.0400,100.9127,775858900,0.7643,101.6464,101.9903,99.5600
2011-04-22 00:00:00-04:00,130.5900,133.8400,129.5100,133.7800,102.2425,627087300,0.7643,99.8046,102.2884,98.9792
2011-04-29 00:00:00-04:00,133.6800,136.5700,133.2000,136.4300,104.2678,595273300,0.7643,102.1661,104.3748,101.7993
2011-05-06 00:00:00-04:00,137.0700,137.1800,133.0200,134.2000,102.5636,897019400,0.7643,104.7570,104.8410,101.6617
2011-05-13 00:00:00-04:00,134.1900,136.1100,133.3900,134.0400,102.4412,751471200,0.7643,102.5559,104.0233,101.9445
2011-05-20 00:00:00-04:00,133.5600,135.0300,132.1200,133.6100,102.1126,771663900,0.7643,102.0744,103.1979,100.9739
2011-05-27 00:00:00-04:00,131.9800,133.8700,131.3800,133.5100,102.0362,752721600,0.7643,100.8669,102.3114,100.4084
2011-06-03 00:00:00-04:00,134.7700,134.9200,130.0800,130.4200,99.6746,832982500,0.7643,102.9992,103.1138,99.4148
2011-06-10 00:00:00-04:00,130.0900,130.3600,127.2600,127.6000,97.5194,939901900,0.7643,99.4224,99.6288,97.2596
2011-06-17 00:00:00-04:00,127.8900,129.7700,126.3200,127.0500,97.5805,1210445900,0.7680,98.2256,99.6696,97.0198
2011-06-24 00:00:00-04:00,126.6200,129.8100,126.1900,126.8100,97.3962,1089755100,0.7680,97.2503,99.7003,96.9200
2011-07-01 00:00:00-04:00,126.8900,134.1000,126.6400,133.9200,102.8570,1004464900,0.7680,97.4576,102.9952,97.2656
2011-07-08 00:00:00-04:00,133.7800,135.7000,133.1100,134.4000,103.2256,673832300,0.7680,102.7494,104.2241,102.2348
2011-07-15 00:00:00-04:00,132.7500,133.2200,130.6800,131.6900,101.1442,1060781500,0.7680,101.9583,102.3193,100.3685
2011-07-22 00:00:00-04:00,131.0800,134.8200,129.6300,134.5800,103.3639,871838100,0.7680,100.6757,103.5482,99.5620
2011-07-29 00:00:00-04:00,133.3000,134.4900,127.9700,129.3300,99.3316,1031930400,0.7680,102.3808,103.2948,98.2871
2011-08-05 00:00:00-04:00,130.8400,130.9600,116.8600,120.0800,92.2272,2219616500,0.7680,100.4913,100.5835,89.7540
2011-08-12 00:00:00-04:00,116.9100,120.1200,110.2700,118.1200,90.7218,2884411300,0.7680,89.7925,92.2579,84.6927
2011-08-19 00:00:00-04:00,119.1900,121.2000,112.5000,112.6400,86.5129,1732344500,0.7680,91.5436,93.0874,86.4054
2011-08-26 00:00:00-04:00,115.1700,119.4000,112.4100,117.9700,90.6066,1479958200,0.7680,88.4561,91.7049,86.3363
2011-09-02 00:00:00-04:00,119.5600,123.5100,117.4300,117.8500,90.5144,1244224400,0.7680,91.8278,94.8616,90.1919
2011-09-09 00:00:00-04:00,114.3900,120.9400,114.3800,115.9200,89.0321,1125697000,0.7680,87.8570,92.8877,87.8493
2011-09-16 00:00:00-04:00,114.4700,121.9700,114.0500,121.5200,93.8160,1509003200,0.7720,88.3733,94.1635,88.0491
2011-09-23 00:00:00-04:00,119.5300,121.9900,111.3000,113.5400,87.6553,1597854300,0.7720,92.2797,94.1789,85.9260
2011-09-30 00:00:00-04:00,114.6100,119.5600,112.9800,113.1500,87.3542,1445625600,0.7720,88.4814,92.3029,87.2230
2011-10-07 00:00:00-04:00,112.4900,117.2500,107.4300,115.7100,89.3306,1678881000,0.7720,86.8447,90.5195,82.9383
2011-10-14 00:00:00-04:00,117.6800,122.6000,117.6700,122.5700,94.6267,1145235600,0.7720,90.8515,94.6498,90.8438
2011-10-21 00:00:00-04:00,121.9900,124.1200,119.2000,123.9700,95.7075,1288845800,0.7720,94.1789,95.8233,92.0250
2011-10-28 00:00:00-04:00,124.1700,129.4200,122.2100,128.6000,99.2820,1379992900,0.7720,95.8619,99.9150,94.3487
2011-11-04 00:00:00-04:00,127.1600,128.6200,121.5200,125.4800,96.8733,1430006500,0.7720,98.1702,99.2974,93.8160
2011-11-11 00:00:00-05:00,125.3900,128.0200,122.8600,126.6600,97.7842,1180816400,0.7720,96.8038,98.8342,94.8506
2011-11-18 00:00:00-05:00,126.1900,127.4500,121.2300,121.9800,94.1712,1126550200,0.7720,97.4214,98.3941,93.5922
2011-11-25 00:00:00-05:00,120.2000,120.3500,116.2000,116.3400,89.8170,769992600,0.7720,92.7970,92.9128,89.7089
2011-12-02 00:00:00-05:00,119.5400,126.5000,118.8200,124.8600,96.3946,1132431500,0.7720,92.2874,97.6607,91.7316
2011-12-09 00:00:00-05:00,126.8400,127.2600,123.6500,126.0500,97.3133,1091882700,0.7720,97.9232,98.2474,95.4604
2011-12-16 00:00:00-05:00,124.9500,125.5700,121.3000,121.5900,94.4654,1119195300,0.7769,97.0759,97.5575,94.2401
2011-12-23 00:00:00-05:00,122.0600,126.4300,120.0300,126.3900,98.1946,815204600,0.7769,94.8306,98.2257,93.2534
2011-12-30 00:00:00-05:00,126.1700,126.8200,124.7300,125.5000,97.5032,424289000,0.7769,98.0237,98.5287,96.9049
2012-01-06 00:00:00-05:00,127.7600,128.3800,126.4300,127.7100,99.2202,642829400,0.7769,99.2590,99.7407,98.2257
2012-01-13 00:00:00-05:00,128.0000,129.7000,127.4100,128.8400,100.0981,625172800,0.7769,99.4455,100.7662,98.9871
2012-01-20 00:00:00-05:00,130.0800,131.9500,128.9000,131.9500,102.5143,560163500,0.7769,101.0614,102.5143,100.1447
2012-01-27 00:00:00-05:00,131.5100,133.4000,130.6000,131.8200,102.4133,751131900,0.7769,102.1724,103.6408,101.4655
2012-02-03 00:00:00-05:00,130.5100,134.6200,130.0600,134.5400,104.5265,744447200,0.7769,101.3955,104.5887,101.0459
2012-02-10 00:00:00-05:00,133.9800,135.5900,133.6400,134.3600,104.3867,699094400,0.7769,104.0914,105.3423,103.8273
2012-02-17 00:00:00-05:00,135.3200,136.6300,134.2500,136.4100,105.9794,792803700,0.7769,105.1325,106.1503,104.3012
2012-02-24 00:00:00-05:00,136.7300,137.2000,135.5000,136.9300,106.3833,501741000,0.7769,106.2280,106.5931,105.2724
2012-03-02 00:00:00-05:00,136.0200,138.1900,135.8000,137.3100,106.6786,726681300,0.7769,105.6763,107.3622,105.5054
2012-03-09 00:00:00-05:00,137.1000,137.9300,134.3600,137.5700,106.8806,726392800,0.7769,106.5154,107.1603,104.3867
2012-03-16 00:00:00-04:00,137.5500,140.7800,137.0900,140.3000,109.4793,751269600,0.7803,107.3334,109.8538,106.9744
2012-03-23 00:00:00-04:00,140.2100,141.2800,138.5500,139.6500,108.9720,625146900,0.7803,109.4090,110.2439,108.1137
2012-03-30 00:00:00-04:00,140.6500,141.8300,139.0900,140.8100,109.8772,689045100,0.7803,109.7523,110.6731,108.5350
2012-04-06 00:00:00-04:00,140.6400,142.2100,139.2600,139.7900,109.0813,591883200,0.7803,109.7446,110.9697,108.6677
2012-04-13 00:00:00-04:00,138.0300,139.8400,135.7600,137.1400,107.0134,840617400,0.7803,107.7079,109.1203,105.9365
2012-04-20 00:00:00-04:00,137.8400,139.3600,136.5800,137.9500,107.6455,761453400,0.7803,107.5597,108.7458,106.5765
2012-04-27 00:00:00-04:00,136.5400,140.7900,135.9400,140.3900,109.5495,726597900,0.7803,106.5452,109.8616,106.0771
2012-05-04 00:00:00-04:00,140.1100,141.6600,136.9200,137.0000,106.9042,712692400,0.7803,109.3310,110.5405,106.8418
2012-05-11 00:00:00-04:00,136.5100,137.5600,134.4900,135.6100,105.8195,865528500,0.7803,106.5218,107.3412,104.9456
2012-05-18 00:00:00-04:00,134.3100,135.6100,129.5500,129.7400,101.2390,1146413600,0.7803,104.8051,105.8195,101.0908
2012-05-25 00:00:00-04:00,130.1600,133.2300,129.9500,132.1000,103.0806,883173900,0.7803,101.5668,103.9624,101.4029
2012-06-01 00:00:00-04:00,133.1600,133.9300,128.1600,128.1600,100.0061,764680800,0.7803,103.9077,104.5086,100.0061
2012-06-08 00:00:00-04:00,128.3900,133.5300,127.1400,133.1000,103.8609,879586100,0.7803,100.1856,104.1965,99.2102
2012-06-15 00:00:00-04:00,134.1700,134.2600,131.1600,134.1400,105.2148,923971800,0.7844,105.2383,105.3089,102.8774
2012-06-22 00:00:00-04:00,133.5800,136.2500,132.3300,133.4600,104.6815,810496700,0.7844,104.7756,106.8698,103.7951
2012-06-29 00:00:00-04:00,132.0500,136.2700,130.8500,136.1000,106.7522,777590700,0.7844,103.5755,106.8856,102.6343
2012-07-06 00:00:00-04:00,136.4800,137.8000,134.8500,135.4900,106.2737,487344100,0.7844,107.0502,108.0856,105.7717
2012-07-13 00:00:00-04:00,135.3800,136.2300,132.6000,135.7500,106.4776,686624500,0.7844,106.1874,106.8541,104.0069
2012-07-20 00:00:00-04:00,135.4400,138.1800,134.5500,136.4700,107.0424,622487000,0.7844,106.2345,108.3836,105.5364
2012-07-27 00:00:00-04:00,134.4700,139.0700,133.0300,138.6800,108.7758,840929800,0.7844,105.4737,109.0818,104.3442
2012-08-03 00:00:00-04:00,138.5200,139.6400,135.5800,139.3500,109.3014,723033300,0.7844,108.6503,109.5288,106.3443
2012-08-10 00:00:00-04:00,139.7200,140.9200,139.5600,140.8400,110.4701,475710400,0.7844,109.5916,110.5328,109.4661
2012-08-17 00:00:00-04:00,140.6000,142.3000,140.0400,142.1800,111.5211,455720100,0.7844,110.2818,111.6153,109.8426
2012-08-24 00:00:00-04:00,141.9800,143.0900,140.2200,141.5100,110.9956,528027900,0.7844,111.3642,112.2349,109.9837
2012-08-31 00:00:00-04:00,141.8900,142.0800,140.1900,141.1600,110.7210,458457100,0.7844,111.2936,111.4427,109.9602
2012-09-07 00:00:00-04:00,141.0400,144.3900,140.1300,144.3300,113.2075,486431100,0.7844,110.6269,113.2546,109.9132
2012-09-14 00:00:00-04:00,144.1900,148.1100,143.4600,147.2400,115.4900,658106600,0.7844,113.0977,116.1724,112.5251
2012-09-21 00:00:00-04:00,146.9400,147.1900,145.6300,145.8700,115.0262,608820000,0.7886,115.8700,116.0671,114.8370
2012-09-28 00:00:00-04:00,145.1500,146.2400,142.9500,143.9700,113.5279,637875800,0.7886,114.4584,115.3180,112.7236
2012-10-05 00:00:00-04:00,144.5200,147.1600,143.8300,146.1400,115.2391,619770200,0.7886,113.9617,116.0435,113.4176
2012-10-12 00:00:00-04:00,145.6000,146.1200,142.5800,142.8900,112.6763,599319200,0.7886,114.8133,115.2233,112.4319
2012-10-19 00:00:00-04:00,143.2300,146.5200,142.7700,143.3900,113.0705,679092400,0.7886,112.9444,115.5387,112.5817
2012-10-26 00:00:00-04:00,143.1500,143.6700,140.3900,141.3500,111.4620,718295200,0.7886,112.8813,113.2914,110.7049
2012-11-02 00:00:00-04:00,141.8500,143.7200,140.6800,141.5600,111.6275,342136300,0.7886,111.8562,113.3308,110.9336
2012-11-09 00:00:00-05:00,141.3500,143.5200,137.5500,138.1600,108.9464,852323700,0.7886,111.4619,113.1731,108.4654
2012-11-16 00:00:00-05:00,138.5900,139.2500,134.7000,136.3700,107.5349,829813100,0.7886,109.2855,109.8060,106.2181
2012-11-23 00:00:00-05:00,137.9000,141.4000,136.4100,141.3500,111.4620,418423200,0.7886,108.7414,111.5014,107.5665
2012-11-30 00:00:00-05:00,140.6500,142.5100,139.0000,142.1500,112.0928,693511300,0.7886,110.9099,112.3767,109.6088
2012-12-07 00:00:00-05:00,142.8000,142.9200,140.3700,142.4100,112.2978,611416000,0.7886,112.6053,112.7000,110.6891
2012-12-14 00:00:00-05:00,142.2100,144.5500,141.8800,142.1000,112.0534,670707900,0.7886,112.1401,113.9853,111.8799
2012-12-21 00:00:00-05:00,142.4700,145.5800,141.9400,142.7900,113.3960,886267200,0.7941,113.1419,115.6117,112.7210
2012-12-28 00:00:00-05:00,142.4800,142.7100,139.8700,140.0300,111.2042,477549600,0.7941,113.1498,113.3325,111.0771
2013-01-04 00:00:00-05:00,139.6600,146.6100,139.5400,146.3700,116.2391,697573700,0.7941,110.9104,116.4297,110.8151
2013-01-11 00:00:00-05:00,145.8500,147.1500,144.9800,147.0700,116.7950,566665900,0.7941,115.8261,116.8585,115.1352
2013-01-18 00:00:00-05:00,146.8900,148.4900,146.2000,148.3300,117.7956,591328800,0.7941,116.6520,117.9227,116.1041
2013-01-25 00:00:00-05:00,148.3300,150.2500,147.9800,150.2500,119.3203,510031400,0.7941,117.7956,119.3203,117.5176
2013-02-01 00:00:00-05:00,150.2900,151.4200,149.5100,151.2400,120.1065,596648600,0.7941,119.3521,120.2495,118.7327
2013-02-08 00:00:00-05:00,150.3200,151.8900,149.4300,151.8000,120.5513,677372500,0.7941,119.3760,120.6228,118.6692
2013-02-15 00:00:00-05:00,151.7400,152.6100,151.3900,152.1100,120.7975,517551100,0.7941,120.5037,121.1946,120.2257
2013-02-22 00:00:00-05:00,152.3700,153.2800,149.9400,151.8900,120.6228,545293800,0.7941,121.0040,121.7266,119.0742
2013-03-01 00:00:00-05:00,152.6300,152.8700,148.7300,152.1100,120.7975,880703700,0.7941,121.2105,121.4010,118.1133
2013-03-08 00:00:00-05:00,151.7600,155.6500,151.5200,155.4400,123.4420,524491200,0.7941,120.5195,123.6087,120.3289
2013-03-15 00:00:00-04:00,155.3200,156.8000,155.1300,155.8300,124.3021,546984500,0.7977,123.8953,125.0758,123.7437
2013-03-22 00:00:00-04:00,154.3400,155.9500,153.5900,155.6000,124.1186,647799500,0.7977,123.1136,124.3978,122.5153
2013-03-29 00:00:00-04:00,156.0100,156.8500,154.3500,156.6700,124.9721,441062300,0.7977,124.4457,125.1157,123.1215
2013-04-05 00:00:00-04:00,156.5900,157.2100,153.7700,155.1600,123.7676,646416800,0.7977,124.9083,125.4029,122.6589
2013-04-12 00:00:00-04:00,155.2700,159.7100,154.7500,158.8000,126.6712,550706900,0.7977,123.8554,127.3971,123.4406
2013-04-19 00:00:00-04:00,158.0000,158.1300,153.5500,155.4800,124.0229,908872400,0.7977,126.0331,126.1368,122.4834
2013-04-26 00:00:00-04:00,155.7800,159.2700,154.7500,158.2400,126.2245,596455400,0.7977,124.2622,127.0461,123.4406
2013-05-03 00:00:00-04:00,158.6700,161.8800,158.1000,161.3700,128.7212,584067600,0.7977,126.5675,129.1280,126.1128
2013-05-10 00:00:00-04:00,161.4900,163.7000,161.4200,163.4100,130.3485,464602100,0.7977,128.8170,130.5798,128.7611
2013-05-17 00:00:00-04:00,163.2000,167.0400,162.8200,166.9400,133.1643,561277200,0.7977,130.1810,133.2441,129.8779
2013-05-24 00:00:00-04:00,166.7800,169.0700,163.9400,165.3100,131.8641,787545500,0.7977,133.0367,134.8634,130.7713
2013-05-31 00:00:00-04:00,167.0400,167.7800,163.1300,163.4500,130.3804,588687100,0.7977,133.2440,133.8343,130.1251
2013-06-07 00:00:00-04:00,163.8300,165.1000,160.2500,164.8000,131.4573,926323300,0.7977,130.6835,131.6966,127.8279
2013-06-14 00:00:00-04:00,165.3100,165.4000,161.3000,163.1800,130.1651,747319300,0.7977,131.8641,131.9359,128.6655
2013-06-21 00:00:00-04:00,164.2900,165.9900,157.4700,159.0700,127.5580,1050353400,0.8019,131.7439,133.1071,126.2749
2013-06-28 00:00:00-04:00,157.4100,161.8200,155.7300,160.4200,128.6405,809325800,0.8019,126.2268,129.7632,124.8796
2013-07-05 00:00:00-04:00,161.2600,163.0800,160.2200,163.0200,130.7254,484451800,0.8019,129.3141,130.7735,128.4801
2013-07-12 00:00:00-04:00,163.8600,167.9300,163.0800,167.5100,134.3260,588605500,0.8019,131.3991,134.6628,130.7736
2013-07-19 00:00:00-04:00,167.9700,169.2700,167.0700,169.1700,135.6572,458478400,0.8019,134.6949,135.7373,133.9732
2013-07-26 00:00:00-04:00,169.4100,169.8600,167.5200,169.1100,135.6090,492075500,0.8019,135.8495,136.2104,134.3339
2013-08-02 00:00:00-04:00,168.6800,170.9700,168.1100,170.9500,137.0846,508848400,0.8019,135.2643,137.1006,134.8072
2013-08-09 00:00:00-04:00,170.5700,170.9600,168.5500,169.3100,135.7694,420361400,0.8019,136.7798,137.0925,135.1599
2013-08-16 00:00:00-04:00,168.4600,169.9000,165.5000,165.8300,132.9788,513028500,0.8019,135.0878,136.2426,132.7142
2013-08-23 00:00:00-04:00,165.6400,166.8300,164.1900,166.6200,133.6123,537622800,0.8019,132.8264,133.7807,131.6637
2013-08-30 00:00:00-04:00,166.7900,167.3000,163.0500,163.6500,131.2307,610563900,0.8019,133.7486,134.1576,130.7496
2013-09-06 00:00:00-04:00,165.2300,166.9800,163.7000,166.0400,133.1472,462611500,0.8019,132.4977,133.9010,131.2708
2013-09-13 00:00:00-04:00,166.4500,169.5600,166.4500,169.3300,135.7855,443889200,0.8019,133.4760,135.9699,133.4760
2013-09-20 00:00:00-04:00,171.1600,173.6000,170.0400,170.7200,137.5674,671767100,0.8058,137.9219,139.8881,137.0194
2013-09-27 00:00:00-04:00,170.4900,170.6500,168.4700,168.9100,136.1089,504544800,0.8058,137.3821,137.5110,135.7543
2013-10-04 00:00:00-04:00,167.4800,169.5000,166.8400,168.8900,136.0928,658023000,0.8058,134.9566,136.5843,134.4409
2013-10-11 00:00:00-04:00,167.4200,170.3200,164.5300,170.2600,137.1967,744278000,0.8058,134.9082,137.2450,132.5794
2013-10-18 00:00:00-04:00,169.2100,174.5100,169.0800,174.3900,140.5247,696972000,0.8058,136.3506,140.6214,136.2459
2013-10-25 00:00:00-04:00,174.4500,176.0000,173.9600,175.9500,141.7818,500226000,0.8058,140.5731,141.8221,140.1782
2013-11-01 00:00:00-04:00,175.8900,177.5100,175.2200,176.2100,141.9913,588982000,0.8058,141.7335,143.0389,141.1936
2013-11-08 00:00:00-05:00,176.6900,177.6400,174.7600,177.2900,142.8615,552563000,0.8058,142.3781,143.1436,140.8229
2013-11-15 00:00:00-05:00,177.1200,180.1200,176.0900,180.0500,145.0856,456701000,0.8058,142.7246,145.1420,141.8946
2013-11-22 00:00:00-05:00,180.3500,180.8300,177.9800,180.8100,145.6980,497733000,0.8058,145.3273,145.7141,143.4175
2013-11-29 00:00:00-05:00,181.1300,181.7500,180.3700,181.0000,145.8511,281150900,0.8058,145.9558,146.4554,145.3434
2013-12-06 00:00:00-05:00,181.0900,181.4300,178.3500,180.9400,145.8028,573984000,0.8058,145.9236,146.1976,143.7157
2013-12-13 00:00:00-05:00,181.4700,181.6700,177.7600,178.1100,143.5223,505064000,0.8058,146.2298,146.3910,143.2403
2013-12-20 00:00:00-05:00,178.9500,181.9900,177.3200,181.5600,147.0966,754605200,0.8102,144.9821,147.4450,143.6615
2013-12-27 00:00:00-05:00,182.4500,184.1800,182.0700,183.8500,148.9520,256145800,0.8102,147.8177,149.2193,147.5098
2014-01-03 00:00:00-05:00,183.8700,184.6900,182.4800,182.8900,148.1742,344004400,0.8102,148.9682,149.6326,147.8420
2014-01-10 00:00:00-05:00,183.4900,184.2200,182.0800,184.1400,149.1869,483464500,0.8102,148.6602,149.2517,147.5179
2014-01-17 00:00:00-05:00,183.6700,184.9400,181.3400,183.6400,148.7818,533573200,0.8102,148.8061,149.8351,146.9184
2014-01-24 00:00:00-05:00,184.7000,184.7700,178.8300,178.8900,144.9334,491066100,0.8102,149.6406,149.6973,144.8848
2014-01-31 00:00:00-05:00,179.0600,179.8100,176.8800,178.1800,144.3582,821519600,0.8102,145.0712,145.6788,143.3050
2014-02-07 00:00:00-05:00,177.9700,179.8700,173.7100,179.6800,145.5735,887744800,0.8102,144.1881,145.7274,140.7367
2014-02-14 00:00:00-05:00,179.7000,184.3600,179.2100,184.0200,149.0896,501791200,0.8102,145.5896,149.3651,145.1926
2014-02-21 00:00:00-05:00,184.1800,184.9500,182.6000,183.8900,148.9844,430099700,0.8102,149.2193,149.8432,147.9392
2014-02-28 00:00:00-05:00,184.2800,187.1500,184.2000,186.2900,150.9288,574548900,0.8102,149.3003,151.6256,149.2355
2014-03-07 00:00:00-05:00,184.6500,188.9600,183.7500,188.2600,152.5249,620701300,0.8102,149.6001,153.0920,148.8709
2014-03-14 00:00:00-04:00,187.9700,188.7100,184.4400,184.6600,149.6082,587706600,0.8102,152.2899,152.8895,149.4300
2014-03-21 00:00:00-04:00,185.5900,189.0200,185.4700,186.2000,151.5217,656800400,0.8138,151.0254,153.8165,150.9277
2014-03-28 00:00:00-04:00,186.8400,187.3400,183.9000,185.4900,150.9439,589131000,0.8138,152.0425,152.4494,149.6500
2014-04-04 00:00:00-04:00,186.6700,189.7000,185.5200,186.4000,151.6844,514528000,0.8138,151.9041,154.3698,150.9683
2014-04-11 00:00:00-04:00,185.9500,187.1700,181.3100,181.5100,147.7051,693927000,0.8138,151.3182,152.3110,147.5424
2014-04-18 00:00:00-04:00,182.9300,186.9100,181.4400,186.3900,151.6763,499927000,0.8138,148.8607,152.0995,147.6482
2014-04-25 00:00:00-04:00,186.4400,188.4000,185.8700,186.2900,151.5949,416538000,0.8138,151.7170,153.3119,151.2531
2014-05-02 00:00:00-04:00,187.0500,189.1400,184.9600,188.0600,153.0353,511868000,0.8138,152.2134,153.9141,150.5126
2014-05-09 00:00:00-04:00,187.1400,189.0500,186.0100,187.9600,152.9539,445134000,0.8138,152.2866,153.8409,151.3670
2014-05-16 00:00:00-04:00,188.8000,190.4200,186.4800,188.0500,153.0271,478175000,0.8138,153.6374,154.9557,151.7495
2014-05-23 00:00:00-04:00,187.6900,190.4800,187.0700,190.3500,154.8988,387217800,0.8138,152.7343,155.0046,152.2297
2014-05-30 00:00:00-04:00,191.0600,192.8000,190.9500,192.6800,156.7948,279426000,0.8138,155.4766,156.8925,155.3870
2014-06-06 00:00:00-04:00,192.9500,195.4300,191.9700,195.3800,158.9920,356031000,0.8138,157.0146,159.0327,156.2171
2014-06-13 00:00:00-04:00,195.3500,196.0500,193.1100,194.1300,157.9748,379387000,0.8138,158.9676,159.5372,157.1448
2014-06-20 00:00:00-04:00,193.8900,196.6000,193.6600,195.9400,160.2117,464041000,0.8177,158.5355,160.7513,158.3474
2014-06-27 00:00:00-04:00,195.9900,196.5000,194.1300,195.8200,160.1136,405387100,0.8177,160.2526,160.6696,158.7318
2014-07-04 00:00:00-04:00,195.7000,198.2900,195.5300,198.2000,162.0596,266085000,0.8177,160.0154,162.1332,159.8764
2014-07-11 00:00:00-04:00,197.8200,197.9800,195.0600,196.6100,160.7596,406114000,0.8177,161.7489,161.8797,159.4922
2014-07-18 00:00:00-04:00,197.6100,198.2600,195.4300,197.7100,161.6590,519679400,0.8177,161.5772,162.1087,159.7947
2014-07-25 00:00:00-04:00,197.0900,199.0600,196.4300,197.7200,161.6671,334607000,0.8177,161.1520,162.7628,160.6123
2014-08-01 00:00:00-04:00,197.7600,198.4500,191.5700,192.5000,157.3990,626687000,0.8177,161.6998,162.2640,156.6386
2014-08-08 00:00:00-04:00,192.8700,194.3000,190.5500,193.2400,158.0040,591595000,0.8177,157.7015,158.8707,155.8045
2014-08-15 00:00:00-04:00,193.9700,196.6500,192.9400,195.7200,160.0318,414545000,0.8177,158.6009,160.7923,157.7588
2014-08-22 00:00:00-04:00,196.8000,199.7600,196.6900,199.1900,162.8691,351220000,0.8177,160.9149,163.3351,160.8249
2014-08-29 00:00:00-04:00,200.1400,200.8200,199.1500,200.7100,164.1119,283264000,0.8177,163.6458,164.2019,162.8364
2014-09-05 00:00:00-04:00,200.9700,201.5800,199.4100,201.1100,164.4390,317301000,0.8177,164.3245,164.8233,163.0490
2014-09-12 00:00:00-04:00,200.9200,201.2100,198.5600,199.1300,162.8201,404171700,0.8177,164.2837,164.5208,162.3540
2014-09-19 00:00:00-04:00,199.1600,201.9000,198.3800,200.7000,164.8708,560507000,0.8215,163.6057,165.8566,162.9650
2014-09-26 00:00:00-04:00,200.3500,200.3800,196.2700,197.9000,162.5707,598069000,0.8215,164.5833,164.6080,161.2317
2014-10-03 00:00:00-04:00,196.2000,198.3000,192.3500,196.5200,161.4371,683066000,0.8215,161.1742,162.8993,158.0115
2014-10-10 00:00:00-04:00,197.3400,197.6000,190.4900,190.5400,156.5247,871766000,0.8215,162.1107,162.3243,156.4836
2014-10-17 00:00:00-04:00,190.4600,191.1500,181.9200,188.4700,154.8241,1312517000,0.8215,156.4589,157.0257,149.4434
2014-10-24 00:00:00-04:00,188.1300,196.4900,188.0700,196.4300,161.3631,709653000,0.8215,154.5449,161.4124,154.4956
2014-10-31 00:00:00-04:00,195.7300,201.8200,195.0300,201.6600,165.6595,592480000,0.8215,160.7881,165.7909,160.2130
2014-11-07 00:00:00-05:00,201.9200,203.6000,200.0600,203.3400,167.0396,475281000,0.8215,165.8731,167.2532,164.3451
2014-11-14 00:00:00-05:00,203.3800,204.8300,203.1300,204.2400,167.7789,376714100,0.8215,167.0724,168.2636,166.8671
2014-11-21 00:00:00-05:00,203.8500,207.8400,203.6500,206.6800,169.7832,454049700,0.8215,167.4584,170.7361,167.2941
2014-11-28 00:00:00-05:00,207.1700,207.8700,206.8000,207.2000,170.2104,265047000,0.8215,170.1858,170.7608,169.8819
2014-12-05 00:00:00-05:00,206.4000,208.4700,205.3800,208.0000,170.8677,429769700,0.8215,169.5533,171.2538,168.7154
2014-12-12 00:00:00-05:00,207.5200,208.1200,200.8500,200.8900,165.0269,754967700,0.8215,170.4733,170.9662,164.9941
2014-12-19 00:00:00-05:00,201.9800,212.9700,197.8600,206.5200,170.5882,1206138200,0.8260,166.8381,175.9160,163.4349
2014-12-26 00:00:00-05:00,206.7500,208.8500,206.4600,208.4400,172.1741,370776900,0.8260,170.7782,172.5128,170.5386
2015-01-02 00:00:00-05:00,208.2200,208.9700,204.1800,205.4300,169.6878,404984400,0.8260,171.9924,172.6119,168.6553
2015-01-09 00:00:00-05:00,204.1700,206.4200,198.8600,204.2500,168.7132,809915800,0.8260,168.6471,170.5056,164.2609
2015-01-16 00:00:00-05:00,204.4100,205.4800,198.5500,201.6300,166.5490,940434000,0.8260,168.8453,169.7291,164.0049
2015-01-23 00:00:00-05:00,202.4000,206.2600,200.1700,204.9700,169.3079,545806600,0.8260,167.1850,170.3734,165.3430
2015-01-30 00:00:00-05:00,204.7100,205.5600,198.6800,199.4500,164.7483,765883700,0.8260,169.0931,169.7952,164.1123
2015-02-06 00:00:00-05:00,200.0500,207.2400,197.8600,205.5500,169.7870,645251800,0.8260,165.2439,171.1829,163.4349
2015-02-13 00:00:00-05:00,204.7700,209.8400,204.1400,209.7800,173.2810,465687300,0.8260,169.1427,173.3306,168.6223
2015-02-20 00:00:00-05:00,209.4000,211.3300,208.7300,211.2400,174.4870,389980000,0.8260,172.9672,174.5614,172.4137
2015-02-27 00:00:00-05:00,210.9400,212.2400,210.4800,210.6600,174.0079,400719000,0.8260,174.2392,175.3130,173.8592
2015-03-06 00:00:00-05:00,210.7800,212.0600,207.1000,207.5000,171.3977,577315400,0.8260,174.1070,175.1643,171.0673
2015-03-13 00:00:00-04:00,207.7400,208.7900,204.4000,205.8300,170.0182,613490300,0.8260,171.5959,172.4632,168.8370
2015-03-20 00:00:00-04:00,206.7100,211.2700,205.8600,210.4100,174.5772,755050500,0.8297,171.5073,175.2908,170.8021
2015-03-27 00:00:00-04:00,210.4200,211.1100,204.1200,205.7400,170.7025,581117700,0.8297,174.5855,175.1580,169.3584
2015-04-03 00:00:00-04:00,206.9800,208.6100,204.5100,206.4400,171.2833,447153600,0.8297,171.7313,173.0838,169.6820
2015-04-10 00:00:00-04:00,205.3700,210.0900,205.2100,210.0400,174.2702,443228200,0.8297,170.3955,174.3117,170.2628
2015-04-17 00:00:00-04:00,209.8700,211.0400,207.0100,207.9500,172.5361,509113900,0.8297,174.1292,175.0999,171.7562
2015-04-24 00:00:00-04:00,209.0600,211.9700,208.9000,211.6500,175.6060,406927200,0.8297,173.4571,175.8715,173.3243
2015-05-01 00:00:00-04:00,212.3300,212.4800,207.6200,210.7200,174.8344,556611100,0.8297,176.1702,176.2947,172.2624
2015-05-08 00:00:00-04:00,211.2300,212.0200,206.7600,211.6200,175.5812,563435800,0.8297,175.2576,175.9130,171.5488
2015-05-15 00:00:00-04:00,211.5700,212.6100,208.6200,212.4400,176.2615,462547700,0.8297,175.5396,176.4025,173.0920
2015-05-22 00:00:00-04:00,212.2400,213.7800,212.1600,212.9900,176.7179,345719900,0.8297,176.0956,177.3733,176.0292
2015-05-29 00:00:00-04:00,212.4000,212.9800,210.2000,211.1400,175.1828,417416800,0.8297,176.2282,176.7095,174.4029
2015-06-05 00:00:00-04:00,211.9400,212.6700,208.9800,209.7700,174.0462,546278200,0.8297,175.8467,176.4524,173.3908
2015-06-12 00:00:00-04:00,209.6400,212.0900,207.6900,210.0100,174.2453,537908100,0.8297,173.9383,175.9711,172.3204
2015-06-19 00:00:00-04:00,208.6400,213.3400,207.7900,210.8100,175.7599,632747600,0.8337,173.9507,177.8692,173.2420
2015-06-26 00:00:00-04:00,211.9100,212.5900,209.1600,209.8200,174.9345,432762300,0.8337,176.6770,177.2439,174.3842
2015-07-03 00:00:00-04:00,208.0500,209.8300,205.2800,207.3100,172.8418,625900000,0.8337,173.4588,174.9428,171.1493
2015-07-10 00:00:00-04:00,205.7700,208.1700,204.1100,207.4800,172.9836,729385700,0.8337,171.5579,173.5588,170.1739
2015-07-17 00:00:00-04:00,208.9900,212.5500,208.9400,212.4800,177.1522,481406400,0.8337,174.2424,177.2105,174.2008
2015-07-24 00:00:00-04:00,212.7500,213.1800,207.6000,208.0000,173.4171,445343800,0.8337,177.3773,177.7358,173.0836
2015-07-31 00:00:00-04:00,206.9400,211.4500,206.2600,210.5000,175.5014,556268500,0.8337,172.5333,176.2934,171.9663
2015-08-07 00:00:00-04:00,210.4600,211.3100,206.8700,207.9500,173.3754,515462100,0.8337,175.4681,176.1768,172.4750
2015-08-14 00:00:00-04:00,209.2800,210.6700,205.3600,209.4200,174.6010,540645600,0.8337,174.4843,175.6432,171.2160
2015-08-21 00:00:00-04:00,208.7100,210.6800,197.5200,197.8300,164.9380,864627700,0.8337,174.0090,175.6515,164.6795
2015-08-28 00:00:00-04:00,187.4900,199.8400,182.4000,199.2800,166.1469,1650892700,0.8337,156.3172,166.6138,152.0734
2015-09-04 00:00:00-04:00,198.1100,199.1300,190.7300,192.5900,160.5692,938737300,0.8337,165.1714,166.0218,159.0184
2015-09-11 00:00:00-04:00,195.9400,199.4700,194.2500,196.7400,164.0292,543675700,0.8337,163.3622,166.3053,161.9532
2015-09-18 00:00:00-04:00,196.9500,202.8900,194.9600,195.4500,163.8009,792543900,0.8381,165.0580,170.0362,163.3903
2015-09-25 00:00:00-04:00,196.4400,197.6800,190.5600,192.8500,161.6219,666841300,0.8381,164.6306,165.6698,159.7027
2015-10-02 00:00:00-04:00,191.7800,195.0300,186.9300,195.0000,163.4237,843095800,0.8381,160.7251,163.4489,156.6605
2015-10-09 00:00:00-04:00,196.4600,201.9000,196.3300,201.3300,168.7287,621027000,0.8381,164.6473,169.2064,164.5384
2015-10-16 00:00:00-04:00,201.4200,203.2900,198.9400,203.2700,170.3546,492262800,0.8381,168.8042,170.3714,166.7258
2015-10-23 00:00:00-04:00,202.5000,207.9500,201.6500,207.5100,173.9080,576364400,0.8381,169.7093,174.2768,168.9969
2015-10-30 00:00:00-04:00,207.3000,209.4400,205.7900,207.9300,174.2599,504447900,0.8381,173.7320,175.5254,172.4665
2015-11-06 00:00:00-05:00,208.3200,211.6600,208.1700,210.0400,176.0283,466621600,0.8381,174.5869,177.3860,174.4611
2015-11-13 00:00:00-05:00,209.3100,209.4900,202.4400,202.5400,169.7428,549621600,0.8381,175.4165,175.5674,169.6590
2015-11-20 00:00:00-05:00,202.3200,210.1200,202.1800,209.3100,175.4165,542343400,0.8381,169.5584,176.0953,169.4411
2015-11-27 00:00:00-05:00,209.3800,209.9800,207.4100,209.5600,175.6261,253103500,0.8381,175.4752,175.9781,173.8242
2015-12-04 00:00:00-05:00,209.7500,211.0000,204.7500,209.6200,175.6763,678260500,0.8381,175.7853,176.8329,171.5949
2015-12-11 00:00:00-05:00,209.2300,209.7300,201.5100,201.8800,169.1896,695103200,0.8381,175.3494,175.7685,168.8795
2015-12-18 00:00:00-05:00,202.0700,208.4800,199.8300,200.0200,168.6285,957957800,0.8431,170.3568,175.7608,168.4683
2015-12-25 00:00:00-05:00,201.4100,206.3300,200.0900,205.6800,173.4002,369647300,0.8431,169.8003,173.9482,168.6875
2016-01-01 00:00:00-05:00,204.8600,207.7900,203.8700,203.8700,171.8743,336736200,0.8431,172.7089,175.1791,171.8743
2016-01-08 00:00:00-05:00,200.4900,201.9000,191.5800,191.9200,161.7997,908565200,0.8431,169.0247,170.2134,161.5131
2016-01-15 00:00:00-05:00,193.0100,194.8600,185.5200,187.8100,158.3348,1147082700,0.8431,162.7187,164.2783,156.4042
2016-01-22 00:00:00-05:00,189.9600,190.7600,181.0200,190.5200,160.6195,845884700,0.8431,160.1474,160.8218,152.6104
2016-01-29 00:00:00-05:00,189.9200,193.8800,187.0600,193.7200,163.3172,811418300,0.8431,160.1136,163.4521,157.7025
2016-02-05 00:00:00-05:00,192.5300,194.5800,187.1000,187.9500,158.4527,844001500,0.8431,162.3140,164.0422,157.7362
2016-02-12 00:00:00-05:00,185.7700,188.3400,181.0900,186.6300,157.3399,870945200,0.8431,156.6149,158.7815,152.6694
2016-02-19 00:00:00-05:00,188.7700,193.3200,187.6300,192.0000,161.8672,473396200,0.8431,159.1441,162.9800,158.1830
2016-02-26 00:00:00-05:00,193.8700,196.6800,189.3200,195.0900,164.4722,606469800,0.8431,163.4437,165.8127,159.6078
2016-03-04 00:00:00-05:00,195.1100,201.3500,193.3300,200.4300,168.9742,594598600,0.8431,164.4891,169.7498,162.9884
2016-03-11 00:00:00-05:00,199.3400,202.8100,197.3800,202.7600,170.9385,613798300,0.8431,168.0552,170.9806,166.4028
2016-03-18 00:00:00-04:00,202.1600,205.2300,201.0500,204.3800,173.1929,568735200,0.8474,171.3117,173.9132,170.3711
2016-03-25 00:00:00-04:00,204.0700,205.2300,201.7400,203.1200,172.1252,335812000,0.8474,172.9302,173.9132,170.9558
2016-04-01 00:00:00-04:00,203.6100,207.1400,202.4000,206.9200,175.3453,450704000,0.8474,172.5404,175.5318,171.5151
2016-04-08 00:00:00-04:00,206.8300,207.0700,203.0900,204.5000,173.2947,463898600,0.8474,175.2691,175.4725,172.0998
2016-04-15 00:00:00-04:00,205.2500,208.6000,203.7000,207.7800,176.0741,436419000,0.8474,173.9302,176.7690,172.6167
2016-04-22 00:00:00-04:00,207.7800,210.9200,207.0000,208.9700,177.0825,436894100,0.8474,176.0741,178.7350,175.4131
2016-04-29 00:00:00-04:00,208.2600,209.8100,205.0300,206.3300,174.8454,459000400,0.8474,176.4809,177.7943,173.7437
2016-05-06 00:00:00-04:00,206.9200,208.1800,203.8800,205.7200,174.3285,417788100,0.8474,175.3454,176.4131,172.7693
2016-05-13 00:00:00-04:00,205.5700,208.5400,204.3800,204.7600,173.5149,419635000,0.8474,174.2013,176.7181,173.1929
2016-05-20 00:00:00-04:00,204.9600,207.3400,202.7800,205.4900,174.1335,532894700,0.8474,173.6844,175.7012,171.8371
2016-05-27 00:00:00-04:00,205.5100,210.2500,204.9900,210.2400,178.1587,348333700,0.8474,174.1505,178.1672,173.7099
2016-06-03 00:00:00-04:00,210.5600,210.9300,208.8600,210.2800,178.1926,344617400,0.8474,178.4299,178.7434,176.9893
2016-06-10 00:00:00-04:00,210.7000,212.5200,209.4300,210.0700,178.0147,379648800,0.8474,178.5486,180.0908,177.4723
2016-06-17 00:00:00-04:00,209.3600,210.3700,205.5900,206.5200,175.9164,618523800,0.8518,178.3356,179.1959,175.1242
2016-06-24 00:00:00-04:00,208.8200,210.8700,202.7200,203.2400,173.1225,686987600,0.8518,177.8757,179.6219,172.6796
2016-07-01 00:00:00-04:00,201.5900,210.4900,198.6500,209.9200,178.8126,798564000,0.8518,171.7170,179.2981,169.2127
2016-07-08 00:00:00-04:00,208.9500,212.9400,207.0600,212.6500,181.1380,425390000,0.8518,177.9863,181.3851,176.3764
2016-07-15 00:00:00-04:00,213.1900,217.0100,212.9500,215.8300,183.8469,460619900,0.8518,181.5981,184.8520,181.3936
2016-07-22 00:00:00-04:00,215.9700,217.3700,215.6300,217.2400,185.0479,301795900,0.8518,183.9661,185.1587,183.6765
2016-07-29 00:00:00-04:00,217.0000,217.5400,215.6200,217.1200,184.9457,354592600,0.8518,184.8435,185.3034,183.6680
2016-08-05 00:00:00-04:00,217.1900,218.2300,214.2500,218.1800,185.8486,338078200,0.8518,185.0053,185.8912,182.5010
2016-08-12 00:00:00-04:00,218.4000,218.9400,217.2300,218.4600,186.0871,282917100,0.8518,186.0360,186.4960,185.0394
2016-08-19 00:00:00-04:00,218.8900,219.5000,217.0200,218.5400,186.1553,306593700,0.8518,186.4534,186.9730,184.8605
2016-08-26 00:00:00-04:00,218.2600,219.6000,216.2500,217.2900,185.0905,378228000,0.8518,185.9168,187.0582,184.2046
2016-09-02 00:00:00-04:00,217.4400,218.8700,216.0300,218.3700,186.0104,391024300,0.8518,185.2183,186.4363,184.0172
2016-09-09 00:00:00-04:00,218.7000,219.2200,213.2500,213.2800,181.6747,428949000,0.8518,186.2915,186.7345,181.6491
2016-09-16 00:00:00-04:00,212.3900,216.8100,212.3100,213.3700,182.6695,774789500,0.8561,181.8305,185.6146,181.7620
2016-09-23 00:00:00-04:00,214.1300,217.5300,213.0300,215.9900,184.9125,410509800,0.8561,183.3201,186.2309,182.3784
2016-09-30 00:00:00-04:00,215.0200,217.1200,213.6200,216.3000,185.1779,501006600,0.8561,184.0821,185.8799,182.8835
2016-10-07 00:00:00-04:00,215.8200,216.3000,213.9900,215.0400,184.0992,428991900,0.8561,184.7670,185.1779,183.2003
2016-10-14 00:00:00-04:00,216.1600,216.7000,211.2100,213.1200,182.4554,450791700,0.8561,185.0580,185.5203,180.8202
2016-10-21 00:00:00-04:00,213.0900,214.6400,212.1700,213.9800,183.1917,364393500,0.8561,182.4298,183.7568,181.6422
2016-10-28 00:00:00-04:00,215.0000,215.3200,211.7100,212.5400,181.9589,420237800,0.8561,184.0649,184.3389,181.2483
2016-11-04 00:00:00-04:00,212.9300,213.1900,208.3800,208.5500,178.5430,485446500,0.8561,182.2928,182.5154,178.3974
2016-11-11 00:00:00-05:00,208.5500,218.3100,208.5500,216.4200,185.2806,747662000,0.8561,178.5430,186.8987,178.5430
2016-11-18 00:00:00-05:00,217.0300,219.2700,215.7200,218.5000,187.0614,407913300,0.8561,185.8029,187.7206,184.6814
2016-11-25 00:00:00-05:00,219.1700,221.5600,219.0000,221.5200,189.6468,234324100,0.8561,187.6350,189.6811,187.4894
2016-12-02 00:00:00-05:00,221.1600,221.8200,219.1500,219.6800,188.0716,413631800,0.8561,189.3386,189.9037,187.6178
2016-12-09 00:00:00-05:00,220.6500,226.5300,220.4200,226.5100,193.9188,426173500,0.8561,188.9020,193.9360,188.7051
2016-12-16 00:00:00-05:00,226.4000,228.3400,224.6700,225.0400,193.7959,636388200,0.8612,194.9671,196.6378,193.4773
2016-12-23 00:00:00-05:00,225.2500,226.5700,224.9200,225.7100,194.3729,341005800,0.8612,193.9768,195.1135,193.6926
2016-12-30 00:00:00-05:00,226.0200,226.7300,222.7300,223.5300,192.4955,264461900,0.8612,194.6398,195.2513,191.8066
2017-01-06 00:00:00-05:00,225.0400,227.7500,223.8800,227.2100,195.6647,320049800,0.8612,193.7959,196.1297,192.7970
2017-01-13 00:00:00-05:00,226.9100,227.4500,224.9600,227.0500,195.5268,320192700,0.8612,195.4063,195.8713,193.7270
2017-01-20 00:00:00-05:00,226.3100,227.3100,225.4100,226.7400,195.2599,311811500,0.8612,194.8896,195.7508,194.1146
2017-01-27 00:00:00-05:00,226.7400,229.7100,225.2700,228.9700,197.1803,374736400,0.8612,195.2599,197.8175,193.9940
2017-02-03 00:00:00-05:00,228.1700,229.5500,226.3200,229.3400,197.4989,384956600,0.8612,196.4913,197.6797,194.8982
2017-02-10 00:00:00-05:00,228.8700,231.7700,228.3100,231.5100,199.3676,299258600,0.8612,197.0942,199.5915,196.6119
2017-02-17 00:00:00-05:00,232.0800,235.1600,232.0500,235.0900,202.4506,375003400,0.8612,199.8585,202.5109,199.8327
2017-02-24 00:00:00-05:00,235.5200,236.9000,235.4100,236.7400,203.8715,308058800,0.8612,202.8209,204.0093,202.7262
2017-03-03 00:00:00-05:00,236.6400,240.3200,236.0200,238.4200,205.3183,454855800,0.8612,203.7854,206.9545,203.2515
2017-03-10 00:00:00-05:00,237.5000,238.1200,235.7400,237.6900,204.6896,371339600,0.8612,204.5260,205.0599,203.0103
2017-03-17 00:00:00-04:00,237.6200,239.4400,236.1900,237.0300,205.0092,380565500,0.8649,205.5195,207.0937,204.2827
2017-03-24 00:00:00-04:00,237.0300,237.6100,232.9600,233.8600,202.2675,494830700,0.8649,205.0092,205.5109,201.4891
2017-03-31 00:00:00-04:00,231.9300,236.5200,231.6100,235.7400,203.8935,373359800,0.8649,200.5982,204.5682,200.3215
2017-04-07 00:00:00-04:00,235.8000,237.3900,233.9100,235.2000,203.4265,394361400,0.8649,203.9454,205.3206,202.3108
2017-04-14 00:00:00-04:00,235.3600,236.2600,232.5100,232.5100,201.0999,330405400,0.8649,203.5649,204.3433,201.0999
2017-04-21 00:00:00-04:00,233.1100,235.8500,232.8800,234.5900,202.8989,423293100,0.8649,201.6188,203.9887,201.4199
2017-04-28 00:00:00-04:00,237.1800,239.5300,234.5600,238.0800,205.9174,401553800,0.8649,205.1390,207.1715,202.8729
2017-05-05 00:00:00-04:00,238.6800,239.7200,237.7000,239.7000,207.3186,320859900,0.8649,206.4364,207.3359,205.5888
2017-05-12 00:00:00-04:00,239.7500,240.1900,238.1300,238.9800,206.6958,270313700,0.8649,207.3618,207.7424,205.9607
2017-05-19 00:00:00-04:00,239.4700,240.6700,235.4300,238.3100,206.1164,507393900,0.8649,207.1197,208.1575,203.6254
2017-05-26 00:00:00-04:00,238.9000,242.0800,238.8200,241.7100,209.0570,266981600,0.8649,206.6266,209.3770,206.5574
2017-06-02 00:00:00-04:00,241.3400,244.3500,240.6400,244.1700,211.1847,284626000,0.8649,208.7370,211.3404,208.1316
2017-06-09 00:00:00-04:00,243.9700,245.0100,241.9500,243.4100,210.5273,347425600,0.8649,211.0117,211.9112,209.2646
2017-06-16 00:00:00-04:00,243.1300,244.8700,241.6300,242.6400,210.8848,375795400,0.8691,211.3107,212.8230,210.0070
2017-06-23 00:00:00-04:00,243.5900,244.7300,242.4100,243.1300,211.3107,289142700,0.8691,211.7105,212.7013,210.6849
2017-06-30 00:00:00-04:00,243.9000,244.3800,239.9600,241.8000,210.1547,402761200,0.8691,211.9799,212.3971,208.5555
2017-07-07 00:00:00-04:00,242.8800,243.3800,240.3400,242.1100,210.4242,216954500,0.8691,211.0934,211.5280,208.8859
2017-07-14 00:00:00-04:00,242.1100,245.9700,240.8500,245.5600,213.4226,246362600,0.8691,210.4241,213.7790,209.3290
2017-07-21 00:00:00-04:00,245.4700,247.4200,244.6700,246.8800,214.5699,256784700,0.8691,213.3444,215.0392,212.6491
2017-07-28 00:00:00-04:00,246.7900,248.0000,245.6800,246.9100,214.5960,269968300,0.8691,214.4917,215.5433,213.5270
2017-08-04 00:00:00-04:00,247.3700,247.7900,246.3700,247.4100,215.0305,269148100,0.8691,214.9957,215.3608,214.1266
2017-08-11 00:00:00-04:00,247.4900,248.9100,243.7000,244.1200,212.1711,351696400,0.8691,215.1001,216.3343,211.8061
2017-08-18 00:00:00-04:00,245.5900,247.5700,242.2000,242.7100,210.9456,450488500,0.8691,213.4487,215.1696,210.5024
2017-08-25 00:00:00-04:00,242.6400,245.6200,241.8300,244.5600,212.5536,294001200,0.8691,210.8848,213.4748,210.1808
2017-09-01 00:00:00-04:00,245.1700,248.3300,242.9300,247.8400,215.4043,319543000,0.8691,213.0837,215.8302,211.1369
2017-09-08 00:00:00-04:00,247.2600,247.5200,244.9500,246.5800,214.3092,271183200,0.8691,214.9002,215.1262,212.8925
2017-09-15 00:00:00-04:00,248.0400,250.3200,248.0200,249.1900,217.6524,378367500,0.8734,216.6479,218.6394,216.6305
2017-09-22 00:00:00-04:00,249.6100,250.1900,248.9200,249.4400,217.8707,252342800,0.8734,218.0192,218.5258,217.4166
2017-09-29 00:00:00-04:00,249.1500,251.3200,248.0800,251.2300,219.4342,322504600,0.8734,217.6175,219.5129,216.6829
2017-10-06 00:00:00-04:00,251.4900,254.7000,251.2900,254.3700,222.1768,325955600,0.8734,219.6613,222.4651,219.4866
2017-10-13 00:00:00-04:00,254.6300,255.2700,253.6500,254.9500,222.6834,228400300,0.8734,222.4039,222.9629,221.5480
2017-10-20 00:00:00-04:00,255.2100,257.1400,254.3500,257.1100,224.5701,261751200,0.8734,222.9106,224.5963,222.1594
2017-10-27 00:00:00-04:00,257.4800,257.8900,254.0000,257.7100,225.0941,389927000,0.8734,224.8932,225.2513,221.8536
2017-11-03 00:00:00-04:00,256.4700,258.5000,256.1900,258.4500,225.7404,284832400,0.8734,224.0110,225.7841,223.7665
2017-11-10 00:00:00-05:00,258.3000,259.3500,256.3600,258.0900,225.4261,312694600,0.8734,225.6095,226.5266,223.9150
2017-11-17 00:00:00-05:00,257.3100,259.0400,255.6300,257.8600,225.2251,335889100,0.8734,224.7447,226.2558,223.2773
2017-11-24 00:00:00-05:00,258.1400,260.4800,257.8600,260.3600,227.4087,190142200,0.8734,225.4697,227.5136,225.2251
2017-12-01 00:00:00-05:00,260.4100,266.0500,260.0000,264.4600,230.9898,521044000,0.8734,227.4524,232.3786,227.0943
2017-12-08 00:00:00-05:00,266.3100,266.8000,262.7100,265.5100,231.9069,401716200,0.8734,232.6057,233.0336,229.4613
2017-12-15 00:00:00-05:00,266.3100,267.5600,265.3900,266.5100,233.9702,516455700,0.8779,233.7947,234.8920,232.9870
2017-12-22 00:00:00-05:00,268.1000,268.6000,266.6900,267.5100,234.8481,388541200,0.8779,235.3661,235.8050,234.1282
2017-12-29 00:00:00-05:00,267.0500,268.5500,266.6400,266.8600,234.2776,244118900,0.8779,234.4444,235.7612,234.0845
2018-01-05 00:00:00-05:00,267.8400,273.5600,267.4000,273.4200,240.0365,340886500,0.8779,235.1378,240.1594,234.7515
2018-01-12 00:00:00-05:00,273.3100,278.1100,272.9200,277.9200,243.9872,337325100,0.8779,239.9400,244.1539,239.5976
2018-01-19 00:00:00-05:00,279.3500,280.4100,276.1800,280.4100,246.1731,461462000,0.8779,245.2425,246.1731,242.4596
2018-01-26 00:00:00-05:00,280.1700,286.6300,280.1100,286.5800,251.5897,515553600,0.8779,245.9624,251.6336,245.9097
2018-02-02 00:00:00-05:00,285.9300,286.4300,275.4100,275.4500,241.8187,593556800,0.8779,251.0191,251.4581,241.7836
2018-02-09 00:00:00-05:00,273.4500,275.8500,252.9200,261.5000,229.5719,1347099500,0.8779,240.0629,242.1698,222.0395
2018-02-16 00:00:00-05:00,263.8300,275.3200,261.6600,273.1100,239.7644,617315700,0.8779,231.6174,241.7046,229.7124
2018-02-23 00:00:00-05:00,272.0300,274.7200,269.6400,274.7100,241.1690,388531100,0.8779,238.8162,241.1778,236.7181
2018-03-02 00:00:00-05:00,275.9300,278.9200,264.8200,269.0800,236.2265,623436700,0.8779,242.2401,244.8651,232.4866
2018-03-09 00:00:00-05:00,267.7300,278.8700,267.6100,278.8700,244.8211,444110600,0.8779,235.0412,244.8211,234.9359
2018-03-16 00:00:00-04:00,279.2000,280.4100,274.1400,274.2000,241.6855,453565500,0.8814,246.0926,247.1591,241.6326
2018-03-23 00:00:00-04:00,273.3500,274.4000,257.8300,258.0500,227.4505,579996000,0.8814,240.9362,241.8617,227.2565
2018-03-30 00:00:00-04:00,262.1300,266.7700,258.5800,263.1500,231.9457,529951400,0.8814,231.0467,235.1365,227.9176
2018-04-06 00:00:00-04:00,262.5500,266.6400,254.6700,259.7200,228.9225,692132300,0.8814,231.4169,235.0219,224.4713
2018-04-13 00:00:00-04:00,261.3700,267.5400,259.9400,265.1500,233.7086,454081800,0.8814,230.3768,235.8152,229.1164
2018-04-20 00:00:00-04:00,267.0000,271.3000,265.6100,266.6100,234.9954,363000200,0.8814,235.3392,239.1293,234.1140
2018-04-27 00:00:00-04:00,267.2600,267.9800,260.8500,266.5600,234.9514,407069900,0.8814,235.5684,236.2030,229.9185
2018-05-04 00:00:00-04:00,267.2600,267.8900,259.0500,266.0200,234.4755,470288200,0.8814,235.5684,236.1237,228.3320
2018-05-11 00:00:00-04:00,266.8900,273.1500,265.1500,272.8500,240.4955,314405600,0.8814,235.2423,240.7600,233.7086
2018-05-18 00:00:00-04:00,273.3400,274.0800,270.0300,271.3300,239.1557,316673700,0.8814,240.9274,241.5797,238.0099
2018-05-25 00:00:00-04:00,273.0100,274.2500,270.7800,272.1500,239.8785,308105100,0.8814,240.6365,241.7295,238.6709
2018-06-01 00:00:00-04:00,270.3100,273.9400,267.7600,273.6000,241.1567,350365300,0.8814,238.2568,241.4563,236.0092
2018-06-08 00:00:00-04:00,274.5300,278.2800,274.1800,278.1900,245.2023,304361500,0.8814,241.9763,245.2816,241.6678
2018-06-15 00:00:00-04:00,278.4400,279.4800,275.3500,277.1300,245.3648,407431300,0.8854,246.5247,247.4455,243.7888
2018-06-22 00:00:00-04:00,275.4900,276.7200,273.5300,274.7400,243.2488,330194500,0.8854,243.9128,245.0018,242.1775
2018-06-29 00:00:00-04:00,273.4400,273.8700,268.4900,271.2800,240.1854,485755300,0.8854,242.0978,242.4785,237.7152
2018-07-06 00:00:00-04:00,269.5100,275.8400,269.2400,275.4200,243.8509,229161500,0.8854,238.6183,244.2227,238.3792
2018-07-13 00:00:00-04:00,276.5500,279.9300,276.5000,279.5900,247.5428,287912600,0.8854,244.8513,247.8439,244.8070
2018-07-20 00:00:00-04:00,279.6400,281.1800,278.4100,279.6800,247.6226,288859800,0.8854,247.5872,248.9507,246.4982
2018-07-27 00:00:00-04:00,279.4500,284.3700,279.0600,281.4200,249.1631,328645600,0.8854,247.4189,251.7749,247.0736
2018-08-03 00:00:00-04:00,281.5100,283.6600,279.1600,283.6000,251.0932,303528100,0.8854,249.2428,251.1463,247.1621
2018-08-10 00:00:00-04:00,283.6400,286.0100,282.3600,283.1600,250.7037,237505100,0.8854,251.1287,253.2270,249.9954
2018-08-17 00:00:00-04:00,283.4700,285.5600,280.1600,285.0600,252.3858,348086700,0.8854,250.9781,252.8285,248.0475
2018-08-24 00:00:00-04:00,285.5700,287.6700,285.0600,287.5100,254.5551,258765100,0.8854,252.8375,254.6968,252.3859
2018-08-31 00:00:00-04:00,288.8600,291.7400,288.6800,290.3100,257.0342,292871700,0.8854,255.7504,258.3003,255.5910
2018-09-07 00:00:00-04:00,289.8400,290.2100,286.7100,287.6000,254.6347,269481500,0.8854,256.6180,256.9456,253.8467
2018-09-14 00:00:00-04:00,288.7400,291.2700,286.9800,290.8800,257.5388,266666300,0.8854,255.6441,257.8841,254.0858
2018-09-21 00:00:00-04:00,290.8200,293.9400,289.0300,291.9900,259.6918,385095300,0.8894,258.6512,261.4261,257.0592
2018-09-28 00:00:00-04:00,291.3400,292.2400,289.4100,290.7200,258.5624,306860200,0.8894,259.1138,259.9142,257.3973
2018-10-05 00:00:00-04:00,292.1100,293.2100,286.2200,287.8200,255.9831,391529300,0.8894,259.7985,260.7769,254.5601
2018-10-12 00:00:00-04:00,287.0500,288.8600,270.3600,275.9500,245.4261,834839200,0.8894,255.2983,256.9081,240.4544
2018-10-19 00:00:00-04:00,275.5500,281.1500,274.3000,276.2500,245.6929,605604600,0.8894,245.0703,250.0509,243.9586
2018-10-26 00:00:00-04:00,277.0000,277.3600,262.2900,265.3300,235.9808,746211300,0.8894,246.3600,246.6801,233.2771
2018-11-02 00:00:00-04:00,268.8000,275.2300,259.8500,271.8900,241.8152,668290500,0.8894,239.0670,244.7857,231.1070
2018-11-09 00:00:00-05:00,272.4400,281.2200,271.3500,277.7600,247.0358,392858000,0.8894,242.3043,250.1131,241.3349
2018-11-16 00:00:00-05:00,277.1900,277.4600,267.0100,273.7300,243.4517,584955500,0.8894,246.5289,246.7691,237.4750
2018-11-23 00:00:00-05:00,273.0500,273.3800,263.0700,263.2500,234.1309,357454600,0.8894,242.8468,243.1403,233.9708
2018-11-30 00:00:00-05:00,265.7800,276.2800,265.3400,275.6500,245.1593,463664000,0.8894,236.3810,245.7196,235.9897
2018-12-07 00:00:00-05:00,280.2800,280.4000,262.4400,263.5700,234.4154,646366600,0.8894,249.2771,249.3838,233.4104
2018-12-14 00:00:00-05:00,263.3700,269.0000,258.6200,260.4700,231.6584,584550800,0.8894,234.2376,239.2449,230.0130
2018-12-21 00:00:00-05:00,259.4000,260.6500,239.9800,240.7000,215.3253,1022399200,0.8946,232.0540,233.1722,214.6812
2018-12-28 00:00:00-05:00,239.0400,251.4000,233.7600,247.7500,221.6321,705164500,0.8946,213.8403,224.8973,209.1170
2019-01-04 00:00:00-05:00,249.5600,253.1100,243.6700,252.3900,225.7829,557994100,0.8946,223.2513,226.4270,217.9822
2019-01-11 00:00:00-05:00,252.6900,259.1600,251.6900,258.9800,231.6783,471340300,0.8946,226.0514,231.8393,225.1568
2019-01-18 00:00:00-05:00,256.8600,266.9800,256.4100,266.4600,238.3698,457771900,0.8946,229.7818,238.8350,229.3793
2019-01-25 00:00:00-05:00,264.8200,266.7000,260.6600,265.7800,237.7614,357649000,0.8946,236.9026,238.5844,233.1811
2019-02-01 00:00:00-05:00,263.3900,271.2000,261.7900,270.0600,241.5902,434018300,0.8946,235.6234,242.6100,234.1920
2019-02-08 00:00:00-05:00,270.1100,273.4400,267.8300,270.4700,241.9569,369916300,0.8946,241.6349,244.6138,239.5952
2019-02-15 00:00:00-05:00,271.2000,277.4100,270.0300,277.3700,248.1296,385891900,0.8946,242.6100,248.1654,241.5634
2019-02-22 00:00:00-05:00,276.4800,279.3600,276.3500,279.1400,249.7131,278060900,0.8946,247.3335,249.9099,247.2172
2019-03-01 00:00:00-05:00,280.7300,281.3100,277.4800,280.4200,250.8581,330945200,0.8946,251.1354,251.6542,248.2280
2019-03-08 00:00:00-05:00,281.6000,281.8700,272.4200,274.4600,245.5264,421329900,0.8946,251.9137,252.1552,243.7014
2019-03-15 00:00:00-04:00,275.2600,282.3800,275.2300,281.3100,252.7627,374233000,0.8985,247.3267,253.7241,247.2997
2019-03-22 00:00:00-04:00,281.5500,285.1800,279.1800,279.2500,250.9117,439286800,0.8985,252.9783,256.2399,250.8488
2019-03-29 00:00:00-04:00,278.8700,282.8400,277.6400,282.4800,253.8139,364351100,0.8985,250.5702,254.1373,249.4650
2019-04-05 00:00:00-04:00,284.7000,288.6300,284.4000,288.5700,259.2859,293550700,0.8985,255.8087,259.3398,255.5391
2019-04-12 00:00:00-04:00,288.1000,290.4700,286.7000,290.1600,260.7145,297131000,0.8985,258.8636,260.9931,257.6057
2019-04-19 00:00:00-04:00,290.2400,291.4300,288.6600,290.0200,260.5888,228726700,0.8985,260.7865,261.8558,259.3669
2019-04-26 00:00:00-04:00,289.1700,293.4900,289.0700,293.4100,263.6348,251486900,0.8985,259.8251,263.7067,259.7352
2019-05-03 00:00:00-04:00,293.5100,294.9500,289.5200,294.0300,264.1919,331555200,0.8985,263.7247,265.0185,260.1396
2019-05-10 00:00:00-04:00,289.2500,293.3100,282.3000,288.1000,258.8636,559396700,0.8985,259.8969,263.5449,253.6522
2019-05-17 00:00:00-04:00,282.4200,289.2100,279.9300,285.8400,256.8330,455352700,0.8985,253.7601,259.8610,251.5228
2019-05-24 00:00:00-04:00,284.0600,286.9300,280.5700,282.7800,254.0835,313209100,0.8985,255.2336,257.8123,252.0977
2019-05-31 00:00:00-04:00,283.0900,284.1500,275.2400,275.2700,247.3356,324388900,0.8985,254.3620,255.3144,247.3086
2019-06-07 00:00:00-04:00,275.3100,288.8500,273.0900,287.6500,258.4593,388532200,0.8985,247.3715,259.5375,245.3768
2019-06-14 00:00:00-04:00,289.3700,291.4000,287.8200,289.2600,259.9059,267806600,0.8985,260.0047,261.8287,258.6120
2019-06-21 00:00:00-04:00,289.5200,296.3100,289.1800,294.0000,265.4497,403194400,0.9029,261.4047,267.5354,261.0977
2019-06-28 00:00:00-04:00,294.2300,294.5800,290.3500,293.0000,264.5468,280902400,0.9029,265.6574,265.9734,262.1542
2019-07-05 00:00:00-04:00,296.6800,298.8200,294.3300,298.4600,269.4766,232786300,0.9029,267.8695,269.8017,265.7477
2019-07-12 00:00:00-04:00,297.0100,300.7300,295.4800,300.6500,271.4539,236543700,0.9029,268.1674,271.5262,266.7860
2019-07-19 00:00:00-04:00,301.1300,301.1300,296.7000,297.1700,268.3120,216657600,0.9029,271.8874,271.8874,267.8876
2019-07-26 00:00:00-04:00,297.6100,302.2300,297.0400,302.0100,272.6819,235894000,0.9029,268.7092,272.8806,268.1945
2019-08-02 00:00:00-04:00,301.8800,302.0100,290.9000,292.6200,264.2038,447617000,0.9029,272.5646,272.6820,262.6508
2019-08-09 00:00:00-04:00,288.0900,293.6200,281.7200,291.6200,263.3009,621473300,0.9029,260.1137,265.1067,254.3623
2019-08-16 00:00:00-04:00,289.9600,294.1500,282.3900,288.8500,260.7998,478024400,0.9029,261.8020,265.5851,254.9671
2019-08-23 00:00:00-04:00,292.1900,293.9300,283.4700,284.8500,257.1883,355520800,0.9029,263.8155,265.3865,255.9423
2019-08-30 00:00:00-04:00,287.2700,294.2400,285.2500,292.4500,264.0503,319590000,0.9029,259.3733,265.6664,257.5495
2019-09-06 00:00:00-04:00,290.5700,298.8300,289.2700,298.0500,269.1065,248831100,0.9029,262.3529,269.8107,261.1791
2019-09-13 00:00:00-04:00,299.1400,302.4600,295.9700,301.0900,271.8512,313042000,0.9029,270.0906,273.0882,267.2284
2019-09-20 00:00:00-04:00,299.8400,302.6300,297.4100,298.2800,270.5578,339168000,0.9071,271.9728,274.5035,269.7687
2019-09-27 00:00:00-04:00,297.5500,299.8400,293.6900,295.4000,267.9455,351126500,0.9071,269.8956,271.9728,266.3944
2019-10-04 00:00:00-04:00,295.9700,298.4600,284.8200,294.3500,266.9931,412814300,0.9071,268.4625,270.7211,258.3488
2019-10-11 00:00:00-04:00,293.4700,298.7400,288.4900,296.2800,268.7437,371694700,0.9071,266.1948,270.9750,261.6777
2019-10-18 00:00:00-04:00,295.9300,300.2400,295.5700,297.9700,270.2766,246118100,0.9071,268.4262,272.3356,268.0997
2019-10-25 00:00:00-04:00,299.4200,302.2000,298.5000,301.6000,273.5692,202654000,0.9071,271.5918,274.1135,270.7573
2019-11-01 00:00:00-04:00,302.9400,306.1900,301.7300,306.1400,277.6873,276271100,0.9071,274.7847,277.7326,273.6871
2019-11-08 00:00:00-05:00,307.8500,309.6500,306.0600,308.9400,280.2270,253331600,0.9071,279.2383,280.8710,277.6146
2019-11-15 00:00:00-05:00,307.4200,311.8400,307.2700,311.7900,282.8121,249443100,0.9071,278.8483,282.8574,278.7122
2019-11-22 00:00:00-05:00,311.5300,312.6900,309.0600,310.9600,282.0593,295953800,0.9071,282.5763,283.6285,280.3359
2019-11-29 00:00:00-05:00,311.9800,315.4800,311.9800,314.3100,285.0980,167253500,0.9071,282.9845,286.1592,282.9845
2019-12-06 00:00:00-05:00,314.5900,315.3100,307.1300,314.8700,285.6059,288425500,0.9071,285.3520,286.0050,278.5853
2019-12-13 00:00:00-05:00,314.4400,318.6700,312.8100,317.3200,287.8282,318810900,0.9071,285.2158,289.0527,283.7373
2019-12-20 00:00:00-05:00,319.2200,321.9700,317.2500,320.7300,292.3516,424433000,0.9115,290.9752,293.4819,289.1795
2019-12-27 00:00:00-05:00,321.5900,323.8000,320.9000,322.8600,294.2931,146700000,0.9115,293.1355,295.1500,292.5066
2020-01-03 00:00:00-05:00,322.9500,324.8900,320.1500,322.4100,293.8830,243667300,0.9115,294.3752,296.1436,291.8230
2020-01-10 00:00:00-05:00,320.4900,327.4600,320.3600,325.7100,296.8909,265948900,0.9115,292.1328,298.4861,292.0143
2020-01-17 00:00:00-05:00,326.3900,332.1800,325.9200,331.9500,302.5789,331872500,0.9115,297.5108,302.7885,297.0824
2020-01-24 00:00:00-05:00,330.9000,332.9500,327.3600,328.7700,299.6801,266198700,0.9115,301.6217,303.4903,298.3949
2020-01-31 00:00:00-05:00,323.0300,328.6300,320.7300,321.7300,293.2632,391122800,0.9115,294.4481,299.5526,292.3516
2020-02-07 00:00:00-05:00,323.3500,334.1900,323.2200,332.2000,302.8067,312106400,0.9115,294.7398,304.6206,294.6212
2020-02-14 00:00:00-05:00,331.2300,338.1200,331.1900,337.6000,307.7289,260011300,0.9115,301.9226,308.2029,301.8861
2020-02-21 00:00:00-05:00,336.5100,339.0800,332.5800,333.4800,303.9735,293992500,0.9115,306.7354,309.0780,303.1531
2020-02-28 00:00:00-05:00,323.1400,333.5600,285.5400,296.2600,270.0467,1244104700,0.9115,294.5483,304.0463,260.2752
2020-03-06 00:00:00-05:00,298.2100,313.8400,290.2300,297.4600,271.1406,1130490100,0.9115,271.8242,286.0713,264.5503
2020-03-13 00:00:00-04:00,275.3000,288.5200,247.6800,269.3200,245.4904,1562964500,0.9115,250.9413,262.9916,225.7651
2020-03-20 00:00:00-04:00,241.1800,256.9000,228.0200,228.8000,209.7820,1523388400,0.9169,221.1330,235.5463,209.0668
2020-03-27 00:00:00-04:00,228.1900,262.8000,218.2600,253.4200,232.3555,1342924000,0.9169,209.2227,240.9558,200.1181
2020-04-03 00:00:00-04:00,255.7000,263.3300,243.9000,248.1900,227.5603,869026800,0.9169,234.4461,241.4418,223.6269
2020-04-10 00:00:00-04:00,257.8400,281.2000,248.1700,278.2000,255.0758,733262100,0.9169,236.4081,257.8264,227.5419
2020-04-17 00:00:00-04:00,277.1400,287.3000,271.4100,286.6400,262.8143,649240600,0.9169,254.1039,263.4194,248.8502
2020-04-24 00:00:00-04:00,282.6100,286.7900,272.0200,282.9700,259.4493,509219500,0.9169,259.1192,262.9518,249.4095
2020-05-01 00:00:00-04:00,285.1200,294.8800,281.5200,282.7900,259.2843,549993900,0.9169,261.4206,270.3694,258.1199
2020-05-08 00:00:00-04:00,280.7400,292.9500,279.1300,292.4400,268.1322,385778500,0.9169,257.4047,268.5998,255.9285
2020-05-15 00:00:00-04:00,290.3400,294.2400,272.9900,286.2800,262.4842,553230300,0.9169,266.2067,269.7825,250.2989
2020-05-22 00:00:00-04:00,293.0500,297.8700,291.9500,295.4400,270.8828,443006900,0.9169,268.6915,273.1108,267.6829
2020-05-29 00:00:00-04:00,301.9300,306.8400,295.4600,304.3200,279.0248,403264800,0.9169,276.8334,281.3353,270.9012
2020-06-05 00:00:00-04:00,303.6200,321.2700,303.0600,319.3400,292.7963,448912200,0.9169,278.3829,294.5658,277.8695
2020-06-12 00:00:00-04:00,320.2200,323.4100,298.6000,304.2100,278.9239,650043700,0.9169,293.6032,296.5280,273.7802
2020-06-19 00:00:00-04:00,298.0200,315.6400,296.7400,308.6400,284.2310,573187400,0.9209,274.4508,290.6774,273.2721
2020-06-26 00:00:00-04:00,307.9900,314.5000,299.4200,300.0500,276.3202,493363100,0.9209,283.6323,289.6274,275.7401
2020-07-03 00:00:00-04:00,301.4100,315.7000,298.9300,312.2300,287.5370,334908800,0.9209,277.5727,290.7326,275.2888
2020-07-10 00:00:00-04:00,316.3700,317.8800,310.6800,317.5900,292.4731,340167000,0.9209,291.3496,292.7402,286.1096
2020-07-17 00:00:00-04:00,320.1300,323.0400,312.0000,321.7200,296.2765,401248400,0.9209,294.8122,297.4921,287.3252
2020-07-24 00:00:00-04:00,321.4300,327.2300,319.2500,320.8800,295.5030,320898500,0.9209,296.0095,301.3508,294.0019
2020-07-31 00:00:00-04:00,321.6300,326.6300,319.6400,326.5200,300.6968,301090700,0.9209,296.1936,300.7982,294.3610
2020-08-07 00:00:00-04:00,328.3200,334.8800,327.7300,334.5700,308.1102,238681200,0.9209,302.3545,308.3957,301.8112
2020-08-14 00:00:00-04:00,335.0600,338.2800,332.0100,336.8400,310.2007,256734100,0.9209,308.5615,311.5269,305.7527
2020-08-21 00:00:00-04:00,337.9400,339.7200,335.2200,339.4800,312.6319,239583500,0.9209,311.2137,312.8529,308.7088
2020-08-28 00:00:00-04:00,342.1200,350.7200,339.4500,350.5800,322.8540,244465300,0.9209,315.0630,322.9829,312.6042
2020-09-04 00:00:00-04:00,350.3500,358.7500,334.8700,342.5700,315.4776,477715300,0.9209,322.6423,330.3780,308.3865
2020-09-11 00:00:00-04:00,336.7100,342.6400,331.0000,334.0600,307.6406,381177300,0.9209,310.0810,315.5421,304.8226
2020-09-18 00:00:00-04:00,337.4900,343.0600,327.9700,330.6500,305.7191,398023800,0.9246,312.0434,317.1934,303.2412
2020-09-25 00:00:00-04:00,325.7000,331.2000,319.8000,328.7300,303.9439,403925800,0.9246,301.1424,306.2277,295.6872
2020-10-02 00:00:00-04:00,333.2200,338.7400,331.1900,333.8400,308.6687,398099500,0.9246,308.0954,313.1992,306.2185
2020-10-09 00:00:00-04:00,336.0600,347.3500,334.3800,346.8500,320.6977,297612700,0.9246,310.7213,321.1600,309.1680
2020-10-16 00:00:00-04:00,349.5900,354.0200,343.1300,347.2900,321.1046,361231500,0.9246,323.2312,327.3271,317.2582
2020-10-23 00:00:00-04:00,348.6500,349.3300,340.6500,345.7800,319.7084,296595700,0.9246,322.3620,322.9907,314.9652
2020-10-30 00:00:00-04:00,342.1300,342.9800,322.6000,326.5400,301.9191,495446400,0.9246,316.3336,317.1195,298.2761
2020-11-06 00:00:00-05:00,330.2000,352.1900,327.2400,350.1600,323.7581,463334900,0.9246,305.3031,325.6351,302.5663
2020-11-13 00:00:00-05:00,363.9700,364.3800,350.5100,358.1000,331.0995,446943600,0.9246,336.5269,336.9059,324.0817
2020-11-20 00:00:00-05:00,360.9800,362.7800,354.1500,355.3300,328.5383,341601600,0.9246,333.7623,335.4266,327.4473
2020-11-27 00:00:00-05:00,357.2800,364.1800,354.8700,363.6700,336.2495,199491500,0.9246,330.3412,336.7210,328.1129
2020-12-04 00:00:00-05:00,362.8300,369.8500,359.1700,369.8500,341.9635,317663000,0.9246,335.4728,341.9635,332.0888
2020-12-11 00:00:00-05:00,369.0200,371.0500,363.2600,366.3000,338.6812,280935500,0.9246,341.1962,343.0731,335.8705
2020-12-18 00:00:00-05:00,368.6400,372.4600,364.4700,369.1800,342.7990,392163800,0.9285,342.2976,345.8446,338.4256
2020-12-25 00:00:00-05:00,364.9700,378.4600,362.0300,369.0000,342.6320,216995000,0.9285,338.8899,351.4160,336.1600
2021-01-01 00:00:00-05:00,371.7400,374.6600,370.8300,373.8800,347.1632,220656900,0.9285,345.1761,347.8875,344.3312
2021-01-08 00:00:00-05:00,375.3100,381.4900,364.8200,381.2600,354.0158,425078700,0.9285,348.4910,354.2294,338.7506
2021-01-15 00:00:00-05:00,377.8500,381.1300,373.7000,375.7000,348.8532,306035100,0.9285,350.8496,353.8952,346.9962
2021-01-22 00:00:00-05:00,378.3400,384.9500,376.7500,382.8800,355.5201,213770000,0.9285,351.3045,357.4422,349.8281
2021-01-29 00:00:00-05:00,383.6700,385.8500,368.2700,370.0700,343.6255,457381600,0.9285,356.2537,358.2779,341.9541
2021-02-05 00:00:00-05:00,373.7200,388.4700,370.3800,387.7100,360.0049,288507800,0.9285,347.0146,360.7106,343.9133
2021-02-12 00:00:00-05:00,389.2700,392.9000,387.5000,392.6400,364.5827,226577300,0.9285,361.4535,364.8241,359.8100
2021-02-19 00:00:00-05:00,393.9600,394.1700,387.7400,390.0300,362.1591,246216800,0.9285,365.8083,366.0033,360.0328
2021-02-26 00:00:00-05:00,387.0600,392.2300,378.2300,380.3600,353.1802,546504300,0.9285,359.4014,364.2020,351.2024
2021-03-05 00:00:00-05:00,385.5900,390.9200,371.8800,383.6300,356.2165,640356900,0.9285,358.0364,362.9855,345.3061
2021-03-12 00:00:00-05:00,384.6600,395.6500,381.4200,394.0600,365.9012,497580800,0.9285,357.1729,367.3775,354.1644
2021-03-19 00:00:00-04:00,394.3300,398.1200,387.1500,389.4800,362.8329,474082600,0.9316,367.3511,370.8818,360.6623
2021-03-26 00:00:00-04:00,390.0300,396.4100,383.9000,395.9800,368.8883,492591500,0.9316,363.3454,369.2889,357.6348
2021-04-02 00:00:00-04:00,394.4000,400.6700,392.8100,400.6100,373.2014,396786900,0.9316,367.4163,373.2573,365.9351
2021-04-09 00:00:00-04:00,403.4600,411.6700,403.3800,411.4900,383.3371,328509800,0.9316,375.8565,383.5048,375.7820
2021-04-16 00:00:00-04:00,410.8500,417.9100,410.2000,417.2600,388.7124,317182900,0.9316,382.7409,389.3179,382.1354
2021-04-23 00:00:00-04:00,416.2600,418.2500,410.5900,416.7400,388.2279,397935300,0.9316,387.7807,389.6346,382.4986
2021-04-30 00:00:00-04:00,417.4400,420.7200,416.3000,417.3000,388.7496,318795700,0.9316,388.8800,391.9356,387.8180
2021-05-07 00:00:00-04:00,419.4300,422.8200,411.6700,422.1200,393.2398,371936900,0.9316,390.7338,393.8919,383.5048
2021-05-14 00:00:00-04:00,422.5000,422.7400,404.0000,416.5800,388.0788,522147000,0.9316,393.5938,393.8174,376.3595
2021-05-21 00:00:00-04:00,415.3900,418.2000,405.3300,414.9400,386.5511,386007400,0.9316,386.9703,389.5880,377.5985
2021-05-28 00:00:00-04:00,417.3400,421.2500,417.0800,420.0400,391.3022,267144600,0.9316,388.7869,392.4294,388.5446
2021-06-04 00:00:00-04:00,422.5700,422.9200,416.2800,422.6000,393.6870,217391300,0.9316,393.6591,393.9851,387.7994
2021-06-11 00:00:00-04:00,422.5900,424.6300,420.3200,424.3100,395.2799,243716500,0.9316,393.6776,395.5780,391.5629
2021-06-18 00:00:00-04:00,424.4300,425.4600,414.7000,414.9200,387.7970,383879100,0.9346,396.6853,397.6480,387.5914
2021-06-25 00:00:00-04:00,416.8000,427.0900,415.9300,426.6100,398.7227,283207500,0.9346,389.5540,399.1714,388.7409
2021-07-02 00:00:00-04:00,427.1700,434.1000,425.8900,433.7200,405.3681,265096700,0.9346,399.2463,405.7233,398.0500
2021-07-09 00:00:00-04:00,433.7800,435.8400,427.5200,435.5200,407.0504,306093700,0.9346,405.4242,407.3495,399.5734
2021-07-16 00:00:00-04:00,435.4300,437.9200,430.9200,431.3400,403.1436,300932400,0.9346,406.9662,409.2935,402.7511
2021-07-23 00:00:00-04:00,426.1900,440.3000,421.9700,439.9400,411.1814,423964700,0.9346,398.3303,411.5179,394.3861
2021-07-30 00:00:00-04:00,439.3100,441.8000,435.9900,438.5100,409.8448,279975200,0.9346,410.5925,412.9198,407.4896
2021-08-06 00:00:00-04:00,440.3400,442.9400,436.1000,442.4900,413.5648,249469100,0.9346,411.5554,413.9854,407.5925
2021-08-13 00:00:00-04:00,442.4600,445.9400,441.3100,445.9200,416.7706,206975900,0.9346,413.5368,416.7893,412.4619
2021-08-20 00:00:00-04:00,444.5300,447.1100,436.1200,443.3600,414.3779,420586700,0.9346,415.4714,417.8828,407.6112
2021-08-27 00:00:00-04:00,445.1600,450.6500,443.4400,450.2500,420.8175,269312100,0.9346,416.0603,421.1914,414.4527
2021-09-03 00:00:00-04:00,450.9700,454.0500,450.7100,453.0800,423.4625,246050500,0.9346,421.4904,424.3691,421.2474
2021-09-10 00:00:00-04:00,452.7100,452.8100,445.3100,445.4400,416.3218,255772000,0.9346,423.1166,423.2101,416.2003
2021-09-17 00:00:00-04:00,448.6400,448.9200,441.0200,441.4000,413.8676,436939600,0.9376,420.6560,420.9185,413.5113
2021-09-24 00:00:00-04:00,434.8800,444.8900,428.8600,443.9100,416.2212,499812500,0.9376,407.7544,417.1400,402.1099
2021-10-01 00:00:00-04:00,442.8100,444.0500,427.2300,434.2400,407.1542,543882700,0.9376,415.1897,416.3523,400.5815
2021-10-08 00:00:00-04:00,433.0000,441.6800,426.3600,437.8600,410.5485,479279600,0.9376,405.9917,414.1303,399.7658
2021-10-15 00:00:00-04:00,437.1600,446.2600,431.5400,445.8700,418.0588,345885500,0.9376,409.8921,418.4245,404.6227
2021-10-22 00:00:00-04:00,443.9700,454.6700,443.2700,453.1200,424.8567,258932100,0.9376,416.2774,426.3100,415.6210
2021-10-29 00:00:00-04:00,454.2800,459.5600,452.3900,459.2500,430.6042,295327900,0.9376,425.9443,430.8949,424.1722
2021-11-05 00:00:00-04:00,460.3000,470.6500,458.2000,468.5300,439.3055,269089500,0.9376,431.5888,441.2932,429.6198
2021-11-12 00:00:00-05:00,469.7000,470.2300,462.0400,467.2700,438.1240,259299200,0.9376,440.4024,440.8994,433.2202
2021-11-19 00:00:00-05:00,468.6400,470.9400,466.2300,468.8900,439.6430,251637500,0.9376,439.4086,441.5651,437.1489
2021-11-26 00:00:00-05:00,470.8900,473.5400,457.7700,458.9700,430.3417,320496900,0.9376,441.5182,444.0029,429.2166
2021-12-03 00:00:00-05:00,464.0700,466.5600,448.9200,453.4200,425.1379,631737000,0.9376,435.1236,437.4583,420.9186
2021-12-10 00:00:00-05:00,456.1300,470.9000,453.5600,470.7400,441.3776,405133400,0.9376,427.6789,441.5276,425.2692
2021-12-17 00:00:00-05:00,470.1900,472.8700,458.0600,459.8700,432.7005,553968300,0.9409,442.4108,444.9324,430.9974
2021-12-24 00:00:00-05:00,454.4800,472.1900,451.1400,470.6000,442.7965,292271000,0.9409,427.6289,444.2926,424.4862
2021-12-31 00:00:00-05:00,472.0600,479.0000,472.0100,474.9600,446.8989,279152600,0.9409,444.1702,450.7002,444.1232
2022-01-07 00:00:00-05:00,476.3000,479.9800,464.6500,466.0900,438.5529,420356300,0.9409,448.1597,451.6223,437.1980
2022-01-14 00:00:00-05:00,462.7000,473.2000,456.6000,464.7200,437.2639,448334500,0.9409,435.3633,445.2429,429.6237
2022-01-21 00:00:00-05:00,459.7400,459.9600,437.9500,437.9800,412.1038,543717600,0.9409,432.5781,432.7851,412.0755
2022-01-28 00:00:00-05:00,432.0300,444.0400,420.7600,441.9500,415.8392,920508000,0.9409,406.5053,417.8057,395.9011
2022-02-04 00:00:00-05:00,441.2400,458.1200,439.8100,448.7000,422.1903,629246600,0.9409,415.1711,431.0538,413.8256
2022-02-11 00:00:00-05:00,449.5100,457.8800,438.9400,440.4600,414.4373,551393100,0.9409,422.9526,430.8281,413.0071
2022-02-18 00:00:00-05:00,439.9200,448.0600,431.8200,434.2300,408.5753,531254600,0.9409,413.9291,421.5882,406.3076
2022-02-25 00:00:00-05:00,431.8900,437.8400,410.6400,437.7500,411.8874,592717200,0.9409,406.3736,411.9721,386.3791
2022-03-04 00:00:00-05:00,432.0300,441.1100,427.1100,432.1700,406.6370,620607300,0.9409,406.5052,415.0488,401.8759
2022-03-11 00:00:00-05:00,431.5500,432.3000,415.1200,420.0700,395.2519,609269100,0.9409,406.0537,406.7593,390.5944
2022-03-18 00:00:00-04:00,420.8900,444.8600,415.7900,444.5200,419.5567,555925500,0.9438,397.2538,419.8776,392.4402
2022-03-25 00:00:00-04:00,444.3400,452.9800,440.6800,452.6900,427.2679,384264500,0.9438,419.3868,427.5416,415.9324
2022-04-01 00:00:00-04:00,452.0600,462.0700,449.1400,452.9200,427.4850,445526900,0.9438,426.6733,436.1212,423.9173
2022-04-08 00:00:00-04:00,453.1300,457.8300,443.4700,447.5700,422.4355,398083400,0.9438,427.6832,432.1193,418.5657
2022-04-15 00:00:00-04:00,444.1100,445.7500,436.6500,437.7900,413.2047,346074000,0.9438,419.1697,420.7176,412.1287
2022-04-22 00:00:00-04:00,436.8100,450.0100,425.4400,426.0400,402.1145,426937000,0.9438,412.2797,424.7384,401.5482
2022-04-29 00:00:00-04:00,423.6700,429.6400,411.2100,412.0000,388.8630,596614200,0.9438,399.8776,405.5124,388.1173
2022-05-06 00:00:00-04:00,412.0700,429.6600,405.0200,411.3400,388.2400,727288500,0.9438,388.9290,405.5312,382.2749
2022-05-13 00:00:00-04:00,405.1000,406.4100,385.1500,401.7200,379.1602,659709500,0.9438,382.3504,383.5868,363.5207
2022-05-20 00:00:00-04:00,399.9800,408.5700,380.5400,389.6300,367.7491,509269500,0.9438,377.5179,385.6255,359.1696
2022-05-27 00:00:00-04:00,392.8300,415.3800,386.9600,415.2600,391.9399,426273600,0.9438,370.7695,392.0532,365.2292
2022-06-03 00:00:00-04:00,413.5500,417.4400,406.9300,410.5400,387.4850,334006700,0.9438,390.3259,393.9975,384.0777
2022-06-10 00:00:00-04:00,414.7800,416.6100,389.7500,389.8000,367.9097,400315000,0.9438,391.4869,393.2141,367.8625
2022-06-17 00:00:00-04:00,379.8500,383.9000,362.1700,365.8600,346.8057,645270700,0.9479,360.0671,363.9062,343.3079
2022-06-24 00:00:00-04:00,371.8900,390.0900,370.1800,390.0800,369.7643,344213700,0.9479,352.5217,369.7738,350.9008
2022-07-01 00:00:00-04:00,391.0500,393.1600,372.5600,381.2400,361.3847,405582500,0.9479,370.6838,372.6839,353.1568
2022-07-08 00:00:00-04:00,375.8800,390.6400,372.9000,388.6700,368.4277,288787900,0.9479,356.3038,370.2951,353.4790
2022-07-15 00:00:00-04:00,385.8500,386.8700,371.0400,385.1300,365.0721,373575900,0.9479,365.7546,366.7215,351.7159
2022-07-22 00:00:00-04:00,388.3800,400.1800,380.6600,395.0900,374.5134,350654600,0.9479,368.1529,379.3383,360.8349
2022-07-29 00:00:00-04:00,395.7500,413.0300,389.9500,411.9900,390.5332,349890300,0.9479,375.1390,391.5190,369.6411
2022-08-05 00:00:00-04:00,409.1500,415.6800,406.8200,413.4700,391.9362,303725000,0.9479,387.8412,394.0311,385.6326
2022-08-12 00:00:00-04:00,415.2500,427.2100,410.2200,427.1000,404.8563,288667800,0.9479,393.6235,404.9606,388.8554
2022-08-19 00:00:00-04:00,424.7700,431.7300,421.2200,422.1400,400.1547,293940800,0.9479,402.6477,409.2452,399.2826
2022-08-26 00:00:00-04:00,417.0500,419.9600,405.2500,405.3100,384.2012,330007900,0.9479,395.3297,398.0882,384.1443
2022-09-02 00:00:00-04:00,402.2000,405.8400,390.0400,392.2400,371.8119,405425100,0.9479,381.2532,384.7036,369.7265
2022-09-09 00:00:00-04:00,393.1300,407.5100,388.4200,406.6000,385.4240,305130200,0.9479,372.6555,386.2866,368.1908
2022-09-16 00:00:00-04:00,408.7800,411.7300,382.1100,385.5600,366.9811,467945700,0.9518,389.0822,391.8901,363.6973
2022-09-23 00:00:00-04:00,382.2600,389.3100,363.2900,367.9500,350.2197,469119500,0.9518,363.8401,370.5504,345.7842
2022-09-30 00:00:00-04:00,366.4100,372.3000,357.0400,357.1800,339.9686,578341000,0.9518,348.7539,354.3600,339.8354
2022-10-07 00:00:00-04:00,361.0800,379.4600,359.2100,362.7900,345.3083,471548000,0.9518,343.6807,361.1750,341.9008
2022-10-14 00:00:00-04:00,363.9600,370.2600,348.1100,357.6300,340.3970,516508900,0.9518,346.4219,352.4184,331.3357
2022-10-21 00:00:00-04:00,364.0100,375.4500,357.2800,374.2900,356.2541,489399500,0.9518,346.4695,357.3582,340.0638
2022-10-28 00:00:00-04:00,375.8900,389.5200,373.1100,389.0200,370.2743,450644300,0.9518,357.7770,370.7502,355.1309
2022-11-04 00:00:00-04:00,386.4400,390.3900,368.7900,376.3500,358.2149,499634600,0.9518,367.8187,371.5784,351.0192
2022-11-11 00:00:00-05:00,377.7100,399.3500,373.6100,398.5100,379.3071,466719200,0.9518,359.5094,380.1066,355.6069
2022-11-18 00:00:00-05:00,396.6600,402.3100,390.1400,396.0300,376.9466,401025300,0.9518,377.5462,382.9239,371.3404
2022-11-25 00:00:00-05:00,394.6400,402.9300,392.6600,402.3300,382.9430,210479200,0.9518,375.6235,383.5141,373.7389
2022-12-02 00:00:00-05:00,399.0900,410.0000,393.3000,406.9100,387.3023,426499200,0.9518,379.8591,390.2434,374.3481
2022-12-09 00:00:00-05:00,403.9500,404.9300,391.6400,393.2800,374.3290,363375500,0.9518,384.4849,385.4177,372.7681
2022-12-16 00:00:00-05:00,394.1100,410.4900,381.0400,383.2700,366.4766,544863500,0.9562,376.8417,392.5040,364.3444
2022-12-23 00:00:00-05:00,383.4700,387.4100,374.7700,382.9100,366.1324,392450900,0.9562,366.6678,370.4352,358.3490
2022-12-30 00:00:00-05:00,382.7900,384.3500,376.4200,382.4300,365.6734,273542800,0.9562,366.0177,367.5093,359.9268
2023-01-06 00:00:00-05:00,384.3700,389.2500,377.8300,388.0800,371.0759,341944900,0.9562,367.5284,372.1946,361.2750
2023-01-13 00:00:00-05:00,390.3700,399.1000,386.2700,398.5000,381.0393,362278900,0.9562,373.2655,381.6130,369.3452
2023-01-20 00:00:00-05:00,398.4800,400.2300,387.2600,395.8800,378.5341,341074900,0.9562,381.0202,382.6935,370.2918
2023-01-27 00:00:00-05:00,396.7200,408.1600,393.5600,405.6800,387.9047,369137600,0.9562,379.3373,390.2760,376.3157
2023-02-03 00:00:00-05:00,402.8000,418.3100,400.2800,412.3500,394.2825,458864300,0.9562,385.1509,399.9813,382.7413
2023-02-10 00:00:00-05:00,409.7900,416.4900,405.0100,408.0400,390.1613,376978100,0.9562,391.8346,398.2411,387.2641
2023-02-17 00:00:00-05:00,408.7200,415.0500,404.0500,407.2600,389.4154,380547800,0.9562,390.8115,396.8641,386.3461
2023-02-24 00:00:00-05:00,403.0600,404.1600,393.6400,396.3800,379.0121,370835000,0.9562,385.3994,386.4513,376.3922
2023-03-03 00:00:00-05:00,399.8700,404.4500,392.3300,404.1900,386.4800,451837900,0.9562,382.3493,386.7286,375.1397
2023-03-10 00:00:00-05:00,405.0500,407.4500,384.3200,385.9100,369.0009,557051400,0.9562,387.3023,389.5972,367.4806
2023-03-17 00:00:00-04:00,381.8100,396.4700,380.6500,389.9900,374.3253,764346900,0.9598,366.4739,380.5451,365.3605
2023-03-24 00:00:00-04:00,390.8000,402.4900,389.4000,395.7500,379.8540,523360300,0.9598,375.1028,386.3232,373.7590
2023-03-31 00:00:00-04:00,398.1200,409.7000,393.6900,409.3900,392.9461,396282600,0.9598,382.1288,393.2437,377.8767
2023-04-07 00:00:00-04:00,408.8500,411.9200,405.6800,409.1900,392.7542,262936100,0.9598,392.4278,395.3745,389.3851
2023-04-14 00:00:00-04:00,406.6100,415.0900,405.9700,412.4600,395.8928,373375600,0.9598,390.2778,398.4172,389.6635
2023-04-21 00:00:00-04:00,412.3700,415.7200,410.1700,412.2000,395.6432,334521500,0.9598,395.8064,399.0218,393.6948
2023-04-28 00:00:00-04:00,411.9900,415.9400,403.7800,415.9300,399.2234,424947300,0.9598,395.4417,399.2330,387.5615
2023-05-05 00:00:00-04:00,415.4700,417.6200,403.7400,412.6300,396.0560,440446300,0.9598,398.7819,400.8456,387.5231
2023-05-12 00:00:00-04:00,412.9700,414.5400,408.8700,411.5900,395.0577,336048400,0.9598,396.3823,397.8892,392.4469
2023-05-19 00:00:00-04:00,412.2200,420.7200,410.2300,418.6200,401.8054,400252400,0.9598,395.6625,403.8211,393.7524
2023-05-26 00:00:00-04:00,418.6400,420.7700,409.8800,420.0200,403.1491,421134200,0.9598,401.8246,403.8690,393.4164
2023-06-02 00:00:00-04:00,422.0300,428.7400,416.2200,427.9200,410.7319,363319000,0.9598,405.0784,411.5189,399.5018
2023-06-09 00:00:00-04:00,428.2800,431.9900,425.8200,429.9000,412.6323,362551300,0.9598,411.0774,414.6383,408.7162
2023-06-16 00:00:00-04:00,430.9200,443.9000,430.1700,439.4600,423.3752,497085000,0.9634,415.1477,427.6526,414.4252
2023-06-23 00:00:00-04:00,437.4500,438.3700,432.4700,433.2100,417.3539,315854400,0.9634,421.4388,422.3251,416.6410
2023-06-30 00:00:00-04:00,432.6200,444.3000,431.1900,443.2800,427.0553,394119600,0.9634,416.7855,428.0380,415.4078
2023-07-07 00:00:00-04:00,442.9200,444.0800,437.0600,438.5500,422.4985,258004300,0.9634,426.7086,427.8261,421.0630
2023-07-14 00:00:00-04:00,438.1800,451.3600,437.5900,449.2800,432.8358,361072800,0.9634,422.1420,434.8396,421.5736
2023-07-21 00:00:00-04:00,449.1300,456.4300,449.0800,452.1800,435.6296,341107300,0.9634,432.6913,439.7241,432.6431
2023-07-28 00:00:00-04:00,453.3700,459.4400,451.5500,456.9200,440.1961,352473700,0.9634,436.7760,442.6238,435.0226
2023-08-04 00:00:00-04:00,457.4100,458.1600,446.2700,446.8100,430.4561,375670300,0.9634,440.6682,441.3907,429.9359
2023-08-11 00:00:00-04:00,448.7100,451.7000,443.3500,445.6500,429.3386,370204800,0.9634,432.2866,435.1672,427.1228
2023-08-18 00:00:00-04:00,444.7000,448.1100,433.0100,436.5000,420.5234,398245400,0.9634,428.4233,431.7085,417.1612
2023-08-25 00:00:00-04:00,437.5500,445.2200,435.0000,439.9700,423.8665,392996600,0.9634,421.5350,428.9243,419.0784
2023-09-01 00:00:00-04:00,442.2400,453.6700,439.9700,451.1900,434.6758,338759900,0.9634,426.0534,437.0651,423.8665
2023-09-08 00:00:00-04:00,450.7300,451.0600,442.7500,445.5200,429.2133,257939800,0.9634,434.2327,434.5506,426.5447
2023-09-15 00:00:00-04:00,448.2400,451.0800,442.9200,443.3700,428.6487,383224500,0.9668,433.3570,436.1027,428.2137
2023-09-22 00:00:00-04:00,443.0500,444.9700,429.9900,430.4200,416.1287,409754900,0.9668,428.3393,430.1956,415.7129
2023-09-29 00:00:00-04:00,429.1700,432.2700,422.2900,427.4800,413.2863,479118300,0.9668,414.9202,417.9173,408.2687
2023-10-06 00:00:00-04:00,426.6200,431.1300,420.1800,429.5400,415.2779,458428200,0.9668,412.4549,416.8151,406.2287
2023-10-13 00:00:00-04:00,427.5800,437.3400,427.0100,431.5000,417.1728,397730700,0.9668,413.3830,422.8189,412.8319
2023-10-20 00:00:00-04:00,433.8200,438.1400,421.0800,421.1900,407.2051,489560600,0.9668,419.4158,423.5924,407.0988
2023-10-27 00:00:00-04:00,419.6100,424.8200,409.2100,410.6800,397.0441,487347000,0.9668,405.6776,410.7147,395.6229
2023-11-03 00:00:00-04:00,413.5600,436.2900,412.2200,434.6900,420.2569,459402700,0.9668,399.8285,421.8038,398.5330
2023-11-10 00:00:00-05:00,435.4700,440.9300,433.4000,440.6100,425.9803,366470400,0.9668,421.0109,426.2896,419.0097
2023-11-17 00:00:00-05:00,439.2300,451.4200,438.4200,450.7900,435.8224,376539600,0.9668,424.6462,436.4314,423.8631
2023-11-24 00:00:00-05:00,450.5300,456.3800,450.5200,455.3000,440.1826,208313100,0.9668,435.5710,441.2268,435.5613
2023-12-01 00:00:00-05:00,454.6500,459.6500,453.3400,459.1000,443.8564,344703100,0.9668,439.5542,444.3882,438.2877
2023-12-08 00:00:00-05:00,455.6000,460.7500,454.3100,460.2000,444.9199,361538900,0.9668,440.4726,445.4516,439.2254
2023-12-15 00:00:00-05:00,459.6900,473.7300,459.4700,469.3300,455.5864,487187500,0.9707,446.2287,459.8576,446.0151
2023-12-22 00:00:00-05:00,470.9800,475.9000,467.8200,473.6500,459.7799,382886000,0.9707,457.1881,461.9640,454.1206
2023-12-29 00:00:00-05:00,474.0700,477.5500,473.3000,475.3100,461.3914,322828500,0.9707,460.1877,463.5658,459.4402
2024-01-05 00:00:00-05:00,472.1600,473.6700,466.4300,467.9200,454.2178,397560700,0.9707,458.3336,459.7994,452.7714
2024-01-12 00:00:00-05:00,468.4300,478.6000,468.3000,476.6800,462.7212,344088200,0.9707,454.7128,464.5850,454.5866
2024-01-19 00:00:00-05:00,475.2600,482.7200,469.8700,482.4300,468.3028,356549500,0.9707,461.3428,468.5843,456.1106
2024-01-26 00:00:00-05:00,484.0100,489.1200,482.7800,487.4100,473.1370,356721800,0.9707,469.8366,474.7969,468.6426
2024-02-02 00:00:00-05:00,487.7300,496.0500,482.8600,494.3500,479.8737,437072100,0.9707,473.4476,481.5239,468.7202
2024-02-09 00:00:00-05:00,493.7000,501.6500,490.2300,501.2000,486.5232,318555200,0.9707,479.2428,486.9600,475.8744
2024-02-16 00:00:00-05:00,501.1700,503.5000,490.7200,499.5100,484.8827,375205200,0.9707,486.4941,488.7558,476.3501
2024-02-23 00:00:00-05:00,497.7200,510.1300,493.5600,507.8500,492.9784,268754400,0.9707,483.1451,495.1917,479.1069
2024-03-01 00:00:00-05:00,508.3000,513.2900,504.7500,512.8500,497.8320,316517400,0.9707,493.4153,498.2591,489.9692
2024-03-08 00:00:00-05:00,512.0300,518.2200,504.9100,511.7200,496.7351,336221900,0.9707,497.0360,503.0447,490.1245
2024-03-15 00:00:00-04:00,510.4800,517.3800,508.1200,509.8300,496.4381,408593800,0.9737,497.0711,503.7898,494.7731
2024-03-22 00:00:00-04:00,514.0000,524.1100,511.1200,521.2100,507.5192,358570100,0.9737,500.4985,510.3430,497.6942
2024-03-29 00:00:00-04:00,519.8000,524.6100,518.4000,523.0700,509.3304,293270500,0.9737,506.1462,510.8299,504.7830
2024-04-05 00:00:00-04:00,523.8300,524.3800,512.7600,518.4300,504.8121,367268200,0.9737,510.0703,510.6059,499.2911
2024-04-12 00:00:00-04:00,519.1500,520.7500,509.0800,510.8500,497.4313,361763900,0.9737,505.5133,507.0713,495.7078
2024-04-19 00:00:00-04:00,515.1300,515.3000,493.8600,495.1600,482.1535,418256400,0.9737,501.5989,501.7645,480.8876
2024-04-26 00:00:00-04:00,497.8300,509.8800,495.4300,508.2600,494.9094,321951200,0.9737,484.7533,496.4868,482.4164
2024-05-03 00:00:00-04:00,510.0900,512.5500,499.5500,511.2900,497.8598,339448700,0.9737,496.6913,499.0867,486.4282
2024-05-10 00:00:00-04:00,513.7500,522.6400,513.3000,520.8400,507.1590,237750100,0.9737,500.2552,508.9117,499.8170
2024-05-17 00:00:00-04:00,522.5600,531.5200,519.7400,529.4500,515.5427,263189600,0.9737,508.8337,517.5584,506.0878
2024-05-24 00:00:00-04:00,529.5700,533.0700,524.7200,529.4400,515.5331,218093500,0.9737,515.6597,519.0677,510.9370
2024-05-31 00:00:00-04:00,530.2700,530.5100,518.3600,527.3700,513.5174,218623300,0.9737,516.3412,516.5749,504.7441
2024-06-07 00:00:00-04:00,529.0200,536.8900,522.6000,534.0100,519.9831,203111800,0.9737,515.1242,522.7874,508.8728
2024-06-14 00:00:00-04:00,533.1800,544.1200,532.0500,542.7800,528.5227,220171600,0.9737,519.1748,529.8275,518.0745
2024-06-21 00:00:00-04:00,542.0800,550.1200,541.6100,544.5100,531.9176,231882700,0.9769,529.5438,537.3979,529.0846
2024-06-28 00:00:00-04:00,544.3300,550.2800,542.4400,544.2200,531.6343,233201500,0.9769,531.7418,537.5543,529.8955
2024-07-05 00:00:00-04:00,545.6300,555.0500,542.5200,554.6400,541.8134,155010900,0.9769,533.0118,542.2139,529.9737
2024-07-12 00:00:00-04:00,555.4400,563.6700,554.1900,559.9900,547.0397,208240000,0.9769,542.5949,550.6346,541.3738
2024-07-19 00:00:00-04:00,562.0300,565.1600,547.9100,548.9900,536.2941,255958100,0.9769,549.0326,552.0902,535.2391
2024-07-26 00:00:00-04:00,553.0000,556.7400,537.4500,544.4400,531.8493,267223700,0.9769,540.2113,543.8648,525.0210
2024-08-02 00:00:00-04:00,546.0200,554.8700,528.6000,532.9000,520.5762,311250600,0.9769,533.3928,542.0381,516.3756
2024-08-09 00:00:00-04:00,511.6400,534.5100,510.2700,532.9900,520.6641,410688200,0.9769,499.8078,522.1489,498.4695
2024-08-16 00:00:00-04:00,534.2100,555.0200,530.9500,554.3100,541.4911,242599600,0.9769,521.8560,542.1848,518.6714
2024-08-23 00:00:00-04:00,554.7300,563.1800,553.8600,562.1300,549.1302,221129600,0.9769,541.9014,550.1560,541.0515
2024-08-30 00:00:00-04:00,563.1800,564.2000,555.0400,563.6800,550.6444,210963800,0.9769,550.1560,551.1524,542.2042
2024-09-06 00:00:00-04:00,560.4700,560.8100,539.4400,540.3600,527.8636,220583100,0.9769,547.5086,547.8407,526.9649
2024-09-13 00:00:00-04:00,544.6500,563.0300,539.9600,562.0100,549.0129,243219100,0.9769,532.0544,550.0094,527.4729
2024-09-20 00:00:00-04:00,561.7400,572.8800,559.9000,568.2500,556.8113,297840600,0.9799,550.4324,561.3481,548.6294
2024-09-27 00:00:00-04:00,569.3400,574.7100,567.6000,571.4700,559.9665,219788100,0.9799,557.8794,563.1413,556.1744
2024-10-04 00:00:00-04:00,570.4200,574.3800,565.2700,572.9800,561.4460,258109600,0.9799,558.9376,562.8179,553.8913
2024-10-11 00:00:00-04:00,571.3000,580.3300,566.6300,579.5800,567.9132,211681700,0.9799,559.7999,568.6481,555.2239
2024-10-18 00:00:00-04:00,581.2200,586.1200,578.5400,584.5900,572.8224,192956700,0.9799,569.5202,574.3216,566.8941
2024-10-25 00:00:00-04:00,583.8500,584.8500,574.4200,579.0400,567.3841,202185500,0.9799,572.0973,573.0771,562.8571
2024-11-01 00:00:00-04:00,582.5800,583.3200,568.4400,571.0400,559.5452,220360200,0.9799,570.8530,571.5781,556.9976
2024-11-08 00:00:00-05:00,571.1800,599.6400,567.8900,598.1900,586.1487,239555400,0.9799,559.6824,587.5695,556.4586
2024-11-15 00:00:00-05:00,599.8100,600.1700,583.8600,585.7500,573.9590,242874400,0.9799,587.7360,588.0888,572.1071
2024-11-22 00:00:00-05:00,586.2200,596.1500,584.0300,595.5100,583.5226,221423000,0.9799,574.4196,584.1498,572.2738
2024-11-29 00:00:00-05:00,599.5200,603.3500,595.2000,602.5500,590.4209,152240300,0.9799,587.4519,591.2048,583.2189
2024-12-06 00:00:00-05:00,602.9700,609.0700,602.3400,607.8100,595.5750,161443900,0.9799,590.8324,596.8096,590.2151
2024-12-13 00:00:00-05:00,607.6900,608.4300,602.1300,604.2100,592.0474,168103400,0.9799,595.4574,596.1824,590.0093
2024-12-20 00:00:00-05:00,606.0000,607.7800,580.9100,591.1500,581.2000,419353600,0.9832,595.8000,597.5501,571.1323
2024-12-27 00:00:00-05:00,590.8900,602.4800,587.6600,595.0100,584.9951,196984300,0.9832,580.9444,592.3393,577.7687
2025-01-03 00:00:00-05:00,587.8900,592.6000,580.5000,591.9500,581.9865,201724000,0.9832,577.9949,582.6255,570.7292
2025-01-10 00:00:00-05:00,596.2700,599.7000,578.5500,580.4900,570.7193,228482200,0.9832,586.2337,589.6060,568.8120
2025-01-17 00:00:00-05:00,575.7700,599.3600,575.3500,597.5800,587.5218,254621200,0.9832,566.0789,589.2718,565.6659
2025-01-24 00:00:00-05:00,600.6700,610.7800,598.6700,607.9700,597.7368,166485700,0.9832,590.5597,600.4996,588.5934
2025-01-31 00:00:00-05:00,594.8100,609.9600,594.6400,601.8200,591.6903,257820000,0.9832,584.7983,599.6933,584.6312
2025-02-07 00:00:00-05:00,592.6700,608.1300,590.4900,600.7700,590.6580,216528100,0.9832,582.6943,597.8941,580.5510
2025-02-14 00:00:00-05:00,604.0300,610.9900,598.5100,609.7000,599.4377,169013200,0.9832,593.8632,600.7060,588.4361
2025-02-21 00:00:00-05:00,610.8800,613.2300,599.4700,599.9400,589.8420,170833900,0.9832,600.5978,602.9083,589.3799
2025-02-28 00:00:00-05:00,602.0200,603.0300,582.4400,594.1800,584.1789,315266100,0.9832,591.8870,592.8800,572.6365
2025-03-07 00:00:00-05:00,596.1800,597.3400,565.6300,575.9200,566.2263,416381600,0.9832,586.1453,587.2858,556.1095
2025-03-14 00:00:00-04:00,567.5900,569.5400,549.6800,562.8100,553.3370,393756600,0.9832,558.0365,559.9537,540.4280
2025-03-21 00:00:00-04:00,562.7900,570.9500,558.0300,563.9800,556.1553,328327300,0.9861,554.9818,563.0286,550.2879
2025-03-28 00:00:00-04:00,570.8000,576.4100,555.0700,555.6600,547.9507,262797700,0.9861,562.8806,568.4128,547.3689
2025-04-04 00:00:00-04:00,549.8300,567.4200,505.0600,505.2800,498.2697,569903400,0.9861,542.2016,559.5475,498.0527
2025-04-11 00:00:00-04:00,489.1900,548.6200,481.8000,533.9400,526.5320,924492800,0.9861,482.4029,541.0083,475.1154
2025-04-18 00:00:00-04:00,544.0500,544.2800,520.2900,526.4100,519.1064,288279800,0.9861,536.5017,536.7286,513.0714
2025-04-25 00:00:00-04:00,521.1600,551.0500,508.4600,550.6400,543.0004,361176900,0.9861,513.9293,543.4047,501.4056
2025-05-02 00:00:00-04:00,551.3900,568.3800,541.5200,566.7600,558.8967,312393800,0.9861,543.7399,560.4942,534.0069
2025-05-09 00:00:00-04:00,562.5700,570.3100,556.0400,564.3400,556.5103,245246100,0.9861,554.7648,562.3974,548.3254
2025-05-16 00:00:00-04:00,581.4700,594.5000,577.0400,594.2000,585.9561,360544500,0.9861,573.4026,586.2519,569.0341
2025-05-23 00:00:00-04:00,588.1000,595.5400,575.6000,579.1100,571.0753,370870100,0.9861,579.9406,587.2774,567.6140
2025-05-30 00:00:00-04:00,586.0700,593.2000,578.4300,589.3900,581.2128,301608500,0.9861,577.9388,584.9699,570.4048
2025-06-06 00:00:00-04:00,587.7600,600.8300,585.0600,599.1400,590.8275,341418300,0.9861,579.6054,592.4941,576.9428
2025-06-13 00:00:00-04:00,599.7200,605.0600,595.4800,597.0000,588.7171,346556600,0.9861,591.3993,596.6653,587.2182
2025-06-20 00:00:00-04:00,600.4000,604.4500,592.8600,594.2800,587.7674,332849900,0.9890,593.8203,597.8259,586.3629
2025-06-27 00:00:00-04:00,595.0400,616.3900,591.8900,614.9100,608.1713,382082900,0.9890,588.5190,609.6351,585.4036
2025-07-04 00:00:00-04:00,617.3800,626.2800,615.0400,625.3400,618.4870,280108800,0.9890,610.6142,619.4167,608.2998
2025-07-11 00:00:00-04:00,623.3600,626.8700,617.8700,623.6200,616.7858,321151600,0.9890,616.5286,620.0001,611.0988
2025-07-18 00:00:00-04:00,623.1600,629.4700,618.0500,627.5800,620.7025,349710600,0.9890,616.3309,622.5718,611.2769
2025-07-25 00:00:00-04:00,628.7700,637.5800,626.1900,637.1000,630.1181,322104800,0.9890,621.8794,630.5929,619.3277
2025-08-01 00:00:00-04:00,637.4800,639.8500,619.2900,621.7200,614.9066,439381100,0.9890,630.4939,632.8379,612.5033
2025-08-08 00:00:00-04:00,625.6700,637.6500,625.5800,637.1800,630.1972,343884300,0.9890,618.8133,630.6621,618.7244
2025-08-15 00:00:00-04:00,637.4600,646.1900,634.6600,643.4400,636.3887,311485900,0.9890,630.4742,639.1085,627.7049
2025-08-22 00:00:00-04:00,642.8600,646.5000,632.9500,645.3100,638.2382,341334900,0.9890,635.8150,639.4151,626.0136
2025-08-29 00:00:00-04:00,644.0400,649.4800,641.5700,645.0500,637.9810,287238700,0.9890,636.9820,642.3624,634.5391
2025-09-05 00:00:00-04:00,637.5000,652.2100,634.9200,647.2400,640.1470,303202500,0.9890,630.5137,645.0625,627.9620
2025-09-12 00:00:00-04:00,648.6200,659.1100,647.2200,657.4100,650.2055,350016000,0.9890,641.5119,651.8869,640.1272
2025-09-19 00:00:00-04:00,659.6400,664.8900,654.3000,663.7000,658.2465,415298400,0.9918,654.2199,659.4267,648.9237
2025-09-26 00:00:00-04:00,662.2000,667.3400,654.4100,661.8200,656.3820,378044600,0.9918,656.7588,661.8566,649.0328
2025-10-03 00:00:00-04:00,664.3600,672.6800,661.6100,669.2100,663.7112,359722800,0.9918,658.9011,667.1527,656.1737
2025-10-10 00:00:00-04:00,671.6200,673.9500,652.8400,653.0200,647.6542,413270100,0.9918,666.1014,668.4122,647.4757
2025-10-17 00:00:00-04:00,660.6500,670.2300,653.1700,664.3900,658.9308,457106900,0.9918,655.2216,664.7228,647.8030
2025-10-24 00:00:00-04:00,667.3200,678.4700,663.3000,677.2500,671.6852,337267400,0.9918,661.8368,672.8951,657.8498
2025-10-31 00:00:00-04:00,682.7300,689.7000,679.2400,682.0600,676.4556,374234900,0.9918,677.1201,684.0329,673.6588
2025-11-07 00:00:00-05:00,685.6700,685.8000,661.2100,670.9700,665.4567,395772100,0.9918,680.0360,680.1649,655.7770
2025-11-14 00:00:00-05:00,677.2400,684.9600,663.2700,671.9300,666.4089,397413300,0.9918,671.6752,679.3318,657.8201
2025-11-21 00:00:00-05:00,669.7000,675.5600,650.8500,659.0300,653.6149,588876300,0.9918,664.1972,670.0090,645.5020
2025-11-28 00:00:00-05:00,662.6900,683.6700,661.5900,683.3900,677.7747,282606600,0.9918,657.2448,678.0524,656.1539
2025-12-05 00:00:00-05:00,678.8100,688.3900,678.7400,685.6900,680.0558,322604800,0.9918,673.2323,682.7336,673.1629
2025-12-12 00:00:00-05:00,686.5900,689.2500,679.1700,681.7600,676.1581,398546900,0.9918,680.9485,683.5866,673.5894
2025-12-19 00:00:00-05:00,685.7400,685.7600,671.2000,680.5900,676.9923,535716400,0.9947,682.1150,682.1350,667.6519
2025-12-26 00:00:00-05:00,683.9400,691.6600,680.5900,690.3100,686.6609,215455600,0.9947,680.3246,688.0037,676.9923
2026-01-02 00:00:00-05:00,687.5400,689.2000,679.8200,683.1700,679.5586,273242200,0.9947,683.9055,685.5567,676.2263
2026-01-09 00:00:00-05:00,686.5400,695.3100,686.3800,694.0700,690.4010,360934000,0.9947,682.9108,691.6344,682.7516
2026-01-16 00:00:00-05:00,690.6800,696.0900,686.0400,691.6600,688.0037,394113600,0.9947,687.0289,692.4104,682.4134
2026-01-23 00:00:00-05:00,681.4900,691.1300,676.5700,689.2300,685.5865,379639600,0.9947,677.8875,687.4765,672.9935
2026-01-30 00:00:00-05:00,690.4900,697.8400,684.8300,691.9700,688.3121,376473400,0.9947,686.8400,694.1512,681.2099
2026-02-06 00:00:00-05:00,689.5800,696.9600,675.7900,690.6200,686.9692,495134100,0.9947,685.9348,693.2758,672.2176
2026-02-13 00:00:00-05:00,689.4200,697.1400,677.5200,681.7500,678.1461,430521300,0.9947,685.7756,693.4548,673.9385
2026-02-20 00:00:00-05:00,680.1400,690.0600,675.7800,689.4300,685.7856,313608400,0.9947,676.5447,686.4123,672.2078
2026-02-27 00:00:00-05:00,687.8300,693.6800,680.0000,685.9900,682.3637,375706200,0.9947,684.1940,690.0131,676.4054
2026-03-06 00:00:00-05:00,678.7000,688.6200,669.6600,672.3800,668.8256,478956000,0.9947,675.1122,684.9798,666.1200
2026-03-13 00:00:00-04:00,666.3900,683.3600,661.3600,662.2900,658.7890,458697100,0.9947,662.8674,679.7476,657.8639
2026-03-20 00:00:00-04:00,668.3800,674.4400,644.7200,648.5700,646.9034,526103700,0.9974,666.6625,672.7070,643.0633
2026-03-27 00:00:00-04:00,658.0700,662.6200,633.1100,634.0900,632.4606,522057800,0.9974,656.3790,660.9173,631.4831
2026-04-03 00:00:00-04:00,640.1100,658.5200,629.2800,655.8300,654.1448,418010200,0.9974,638.4651,656.8279,627.6630
2026-04-10 00:00:00-04:00,655.8600,682.0300,651.0600,679.4600,677.7141,302080200,0.9974,654.1747,680.2775,649.3870
2026-04-17 00:00:00-04:00,677.4100,712.3900,676.5800,710.1400,708.3152,296541000,0.9974,675.6693,710.5595,674.8415
2026-04-24 00:00:00-04:00,708.7800,714.4700,702.2800,713.9400,712.1055,246362700,0.9974,706.9588,712.6341,700.4755
2026-05-01 00:00:00-04:00,713.1700,724.8700,708.3700,720.6500,718.7982,228403200,0.9974,711.3374,723.0073,706.5497
2026-05-08 00:00:00-04:00,720.0700,738.0800,714.9900,737.6200,735.7246,241124400,0.9974,718.2197,736.1834,713.1528
2026-05-15 00:00:00-04:00,736.4500,749.5300,731.8300,739.1700,737.2706,248127900,0.9974,734.5576,747.6041,729.9495
2026-05-22 00:00:00-04:00,739.8300,748.9400,731.5300,745.6400,743.7240,232962000,0.9974,737.9289,747.0155,729.6503
2026-05-29 00:00:00-04:00,750.0100,758.0800,748.2200,756.4800,754.5361,179868200,0.9974,748.0828,756.1321,746.2973
2026-06-05 00:00:00-04:00,755.3600,760.4000,735.5300,737.5500,735.6548,270531700,0.9974,753.4190,758.4461,733.6400
2026-06-12 00:00:00-04:00,743.3600,746.9000,722.5900,741.7500,739.8440,340753900,0.9974,741.4498,744.9808,720.7333
2026-06-19 00:00:00-04:00,751.8500,756.6800,739.2200,746.7400,746.7400,294090400,1.0000,751.8500,756.6800,739.2200
2026-06-26 00:00:00-04:00,747.7000,750.1800,716.5800,728.9900,728.9900,295781600,1.0000,747.7000,750.1800,716.5800
